Date,Angel,Baker Street,Euston,Great Portland Street,Marylebone,Old Street,Paddington,Warren Street,Aldgate,Aldgate East,Bank,Bethnal Green,Liverpool Street,Monument,Moorgate,Tower Gateway,Tower Hill,Whitechapel,Barbican,Chancery Lane,Euston Square,Farringdon,Goodge Street,Holborn,Oxford Circus,Russell Square,St Pauls,Tottenham Court Road,Bayswater,Bond Street,Gloucester Road,Knightsbridge,Lancaster Gate,Marble Arch,Notting Hill Gate,Queensway,Regents Park,South Kensington,Covent Garden,Green Park,High Street Kensington,Hyde Park Corner,Leicester Square,Piccadilly Circus,Sloane Square,St James's Park,Victoria,Westminster,Blackfriars,Cannon Street,Charing Cross,Embankment,Mansion House,Pimlico,Southwark,Temple,Vauxhall,Waterloo,Canary Wharf,London Bridge,Stratford
2022-01-01,5197,7579,13167.0,1101.0,2752.0,5139.0,17043.0,3161.0,1854,4828.0,3693.0,5369.0,15909.0,2674.0,723.0,,,,,2760.0,2882.0,1056.0,7173.0,23295.0,2507.0,2951.0,14553.0,,1583,15402.0,5366.0,11042.0,11785.0,4159.0,3931.0,355.0,9071.0,,8050,12094.0,3198.0,3444.0,1899.0,21328.0,8465.0,,,,3936.0,5535.0,7756.0,2582.0,8421.0,24813.0,,,,,13338,32251.0,28342.0
2022-01-02,5334,8540,17208.0,1225.0,3912.0,5653.0,24949.0,3677.0,5195,4381.0,21317.0,2985.0,7082.0,4997.0,,,,,1207.0,7957.0,2734.0,,,,,,,,1825,6125.0,10678.0,2481.0,13404.0,4202.0,12647.0,,,,9602,13240.0,8224.0,24583.0,19285.0,1883.0,26953.0,,,,5572.0,1868.0,6359.0,9287.0,991.0,1110.0,22.0,9723.0,29074.0,,14817,35434.0,33865.0
2022-01-03,5250,8954,16155.0,1423.0,3469.0,5551.0,23378.0,4611.0,1633,7055.0,2622.0,3502.0,767.0,5958.0,6001.0,,,,1590.0,4053.0,3388.0,1408.0,35861.0,3520.0,17762.0,,,,20010,2288.0,5460.0,568.0,,,,,,,4355,6039.0,22369.0,16671.0,6408.0,6712.0,,,,,939.0,925.0,3376.0,3080.0,1196.0,,,,,,14593,31721.0,38447.0
2022-01-04,7691,12213,14524.0,3288.0,4987.0,9722.0,21510.0,8833.0,3318,5807.0,11226.0,8630.0,27052.0,5031.0,8454.0,872.0,7204.0,10774.0,3543.0,5377.0,5360.0,9884.0,2921.0,11184.0,36717.0,3947.0,5792.0,19005.0,1741,21765.0,7369.0,10128.0,2471.0,6215.0,7442.0,4111.0,1554.0,13838.0,6783,17702.0,5517.0,2416.0,19232.0,16135.0,9298.0,4321.0,33237.0,8529.0,7278.0,2701.0,8649.0,8667.0,1877.0,4809.0,5410.0,2234.0,18611.0,31826.0,20292,45572.0,42597.0
2022-01-05,9191,13761,15633.0,3602.0,5290.0,11039.0,22719.0,9667.0,3559,6305.0,12131.0,10034.0,30472.0,5510.0,9243.0,984.0,8672.0,11402.0,3914.0,6235.0,5638.0,10849.0,3233.0,12223.0,40907.0,4429.0,6113.0,20627.0,1882,23476.0,8405.0,10831.0,2902.0,6764.0,8797.0,4156.0,1702.0,14594.0,8192,19845.0,6166.0,2831.0,21166.0,18064.0,10309.0,5044.0,36405.0,10292.0,8207.0,3168.0,9507.0,10728.0,2146.0,5542.0,5957.0,2594.0,20985.0,34358.0,22025,46797.0,44839.0
2022-01-06,9797,14207,14946.0,3812.0,5357.0,12071.0,23483.0,9768.0,3749,6480.0,12456.0,9412.0,36374.0,5689.0,10542.0,991.0,7931.0,11219.0,4602.0,6106.0,5957.0,11619.0,3502.0,12778.0,41417.0,4634.0,6000.0,20807.0,1994,23526.0,8393.0,10750.0,2568.0,6136.0,8595.0,4005.0,1655.0,15444.0,8664,20548.0,6279.0,2577.0,20348.0,18132.0,11392.0,5324.0,35754.0,9433.0,7817.0,3230.0,9606.0,10121.0,2327.0,5889.0,4897.0,3008.0,21850.0,36320.0,22309,48044.0,47902.0
2022-01-07,10881,14953,17760.0,3784.0,5775.0,13029.0,25590.0,10145.0,3583,7399.0,12086.0,11097.0,33626.0,5521.0,9254.0,1058.0,8787.0,11717.0,4043.0,6167.0,6092.0,10932.0,3354.0,13142.0,44902.0,4737.0,6544.0,23510.0,2076,25738.0,9198.0,11790.0,2866.0,6866.0,9739.0,4733.0,1768.0,16082.0,9482,20968.0,6724.0,2664.0,24871.0,20582.0,11751.0,4918.0,36362.0,9028.0,8073.0,2911.0,10345.0,10906.0,2086.0,6408.0,6261.0,3084.0,23883.0,38421.0,23454,53022.0,48121.0
2022-01-08,10876,12070,20401.0,2052.0,6793.0,10785.0,24440.0,6162.0,3421,5384.0,10089.0,10095.0,32609.0,22.0,5570.0,701.0,5.0,7134.0,2493.0,2010.0,4027.0,6589.0,2694.0,13056.0,47343.0,3725.0,6002.0,27591.0,7,23348.0,15280.0,15191.0,2966.0,6571.0,8715.0,5876.0,922.0,3.0,12885,19678.0,2.0,2372.0,37315.0,26167.0,92.0,12.0,33896.0,6769.0,11957.0,5706.0,5560.0,5504.0,1.0,21933.0,43341.0,,,,21688,55150.0,50956.0
2022-01-09,7111,10446,15824.0,1353.0,4275.0,7194.0,16823.0,4753.0,2091,4602.0,5436.0,8122.0,23427.0,2178.0,4045.0,558.0,3781.0,5661.0,1928.0,1062.0,3188.0,4018.0,1611.0,8933.0,31297.0,2898.0,4230.0,16515.0,2,16607.0,11346.0,11204.0,3302.0,5972.0,7715.0,5165.0,840.0,5.0,9450,15031.0,2362.0,22969.0,16652.0,26.0,22.0,26309.0,6503.0,,2230.0,443.0,7369.0,5907.0,396.0,4283.0,3490.0,874.0,17502.0,29020.0,18291,38816.0,53557.0
2022-01-10,9251,14932,15984.0,4017.0,5377.0,12317.0,23647.0,11489.0,3905,6534.0,14935.0,10139.0,30815.0,5022.0,11290.0,1094.0,7679.0,12592.0,5040.0,7268.0,7554.0,12379.0,3887.0,13591.0,38739.0,5410.0,7108.0,19072.0,1855,22694.0,9069.0,9672.0,2902.0,6352.0,8833.0,4387.0,1980.0,14223.0,6577,20084.0,6206.0,2677.0,16562.0,14421.0,11246.0,5520.0,35837.0,9723.0,6568.0,2876.0,8150.0,8708.0,2457.0,6415.0,6385.0,2974.0,21123.0,33905.0,24040,43955.0,45214.0
2022-01-11,10965,16369,17287.0,4627.0,5836.0,13845.0,24812.0,12301.0,4409,7147.0,17677.0,11219.0,33075.0,6149.0,12954.0,1084.0,8339.0,13044.0,5517.0,8692.0,7988.0,14049.0,4541.0,14969.0,43366.0,5885.0,7903.0,21536.0,1908,24824.0,9846.0,10655.0,3127.0,6863.0,10044.0,4636.0,1803.0,15407.0,6975,23183.0,6662.0,2875.0,18586.0,17446.0,12077.0,6219.0,40454.0,10426.0,7286.0,3486.0,9430.0,10379.0,2803.0,6969.0,7375.0,3343.0,23156.0,38208.0,25659,47531.0,45779.0
2022-01-12,11491,17333,18891.0,4897.0,6669.0,14592.0,26755.0,12820.0,4621,7831.0,19497.0,12008.0,38761.0,6819.0,13010.0,1370.0,9156.0,13308.0,5384.0,8892.0,7891.0,14735.0,4525.0,15952.0,42629.0,5930.0,8348.0,24628.0,2154,27993.0,10667.0,11211.0,3627.0,7311.0,10404.0,5100.0,2228.0,18197.0,8759,25340.0,7288.0,3143.0,22178.0,20583.0,13215.0,6448.0,44972.0,11569.0,7816.0,3647.0,10845.0,12328.0,3062.0,7325.0,7808.0,3530.0,25737.0,43546.0,27036,53411.0,61044.0
2022-01-13,12027,17719,19230.0,4936.0,6490.0,15773.0,27126.0,13448.0,4682,8017.0,19786.0,12038.0,38430.0,7198.0,13813.0,1307.0,9539.0,12882.0,5839.0,8858.0,8697.0,15446.0,4864.0,17016.0,50473.0,6117.0,8428.0,25100.0,2144,27272.0,11182.0,11147.0,3553.0,7545.0,10589.0,4986.0,2066.0,19130.0,9484,25395.0,7415.0,3146.0,22779.0,20718.0,13906.0,6432.0,46130.0,11159.0,8114.0,3789.0,10975.0,12608.0,3284.0,7620.0,8056.0,3955.0,24317.0,43112.0,28252,53805.0,48296.0
2022-01-14,12463,18219,23798.0,4733.0,6940.0,15896.0,30680.0,13241.0,4383,9110.0,17123.0,13048.0,39415.0,6385.0,11863.0,1391.0,9992.0,13018.0,5922.0,7916.0,9052.0,13479.0,3678.0,16179.0,51568.0,6409.0,8065.0,26861.0,2487,27502.0,12016.0,11679.0,3754.0,7894.0,11537.0,5802.0,2236.0,19900.0,10087,24859.0,7583.0,3190.0,26377.0,23235.0,13485.0,5791.0,52154.0,10493.0,8923.0,3676.0,11537.0,13464.0,2631.0,7757.0,8004.0,3736.0,27861.0,45656.0,28110,57904.0,53139.0
2022-01-15,4,14946,23713.0,2917.0,7521.0,2170.0,35988.0,8481.0,3761,11744.0,8938.0,13259.0,42532.0,5823.0,5396.0,1999.0,11417.0,,3863.0,4060.0,7727.0,8431.0,2028.0,15128.0,58814.0,4565.0,6233.0,30571.0,2521,27369.0,10307.0,12742.0,3695.0,7877.0,12422.0,6302.0,1297.0,20529.0,16864,22157.0,7527.0,2442.0,33771.0,32422.0,12268.0,3523.0,57834.0,11795.0,5827.0,2594.0,14685.0,16281.0,1824.0,6553.0,6751.0,2890.0,27542.0,40949.0,27200,50550.0,57938.0
2022-01-16,4925,10211,17947.0,1835.0,2514.0,5535.0,27547.0,5256.0,2499,8366.0,5073.0,9365.0,25150.0,3909.0,3612.0,1253.0,8417.0,,2264.0,1877.0,4814.0,4036.0,1735.0,9464.0,32648.0,3376.0,3939.0,17523.0,1961,16220.0,7256.0,8328.0,3245.0,5612.0,7366.0,4315.0,836.0,16153.0,9548,12954.0,5272.0,1996.0,22995.0,17530.0,7233.0,2167.0,39654.0,7696.0,4643.0,1812.0,8149.0,9898.0,1199.0,4430.0,3414.0,1610.0,14581.0,26346.0,19194,29649.0,55254.0
2022-01-17,7396,17456,18894.0,4617.0,5998.0,9756.0,26499.0,12768.0,4609,8122.0,16856.0,10994.0,35716.0,5891.0,11102.0,1399.0,9447.0,13325.0,6029.0,8306.0,9019.0,14291.0,4127.0,16541.0,43344.0,6359.0,8030.0,21411.0,2143,24279.0,10482.0,10510.0,3479.0,7078.0,9897.0,5019.0,2210.0,15811.0,7798,22322.0,6719.0,3014.0,18529.0,16603.0,12439.0,6234.0,42644.0,11583.0,7739.0,3764.0,10548.0,10452.0,3126.0,6985.0,7267.0,5088.0,23650.0,41656.0,27416,39708.0,48609.0
2022-01-18,8866,18906,19604.0,4960.0,6817.0,11292.0,28629.0,14023.0,5122,8669.0,18005.0,11849.0,39458.0,7276.0,12935.0,1382.0,10092.0,14171.0,6423.0,9600.0,9598.0,16246.0,4894.0,18748.0,49017.0,6648.0,9043.0,24517.0,2269,26358.0,11171.0,11264.0,3791.0,7427.0,10945.0,5121.0,2266.0,17346.0,7711,25932.0,7368.0,3094.0,21583.0,19537.0,13754.0,6855.0,49311.0,12171.0,8866.0,5423.0,11378.0,12031.0,4110.0,7711.0,8255.0,5706.0,26869.0,46597.0,30122,43645.0,50132.0
2022-01-19,9197,19249,20672.0,5322.0,7037.0,11566.0,29519.0,14161.0,5484,9450.0,20425.0,12350.0,42045.0,7558.0,12922.0,1467.0,10669.0,14170.0,6744.0,10216.0,9459.0,17116.0,4816.0,19681.0,51004.0,6528.0,9400.0,26275.0,2326,27886.0,11622.0,12106.0,3897.0,7843.0,11318.0,5455.0,2289.0,19410.0,9633,27029.0,7663.0,3308.0,24894.0,22113.0,14300.0,7154.0,51332.0,12507.0,9140.0,4561.0,13253.0,13737.0,4061.0,9053.0,5521.0,26889.0,50755.0,,30731,44604.0,50788.0
2022-01-20,10185,20298,22716.0,5363.0,7598.0,12591.0,31917.0,14798.0,5949,9880.0,21428.0,12961.0,45023.0,7951.0,14851.0,1532.0,11474.0,14103.0,7089.0,10529.0,10586.0,18477.0,5415.0,21192.0,55330.0,7447.0,10099.0,28108.0,2417,28674.0,12340.0,12242.0,4212.0,8216.0,11817.0,5664.0,2429.0,19703.0,10439,28217.0,8022.0,3371.0,27172.0,23371.0,14866.0,7221.0,55701.0,12243.0,9686.0,4923.0,14425.0,15167.0,4152.0,7933.0,9384.0,6187.0,29640.0,56002.0,32630,48927.0,52317.0
2022-01-21,10187,19922,26505.0,4944.0,7695.0,12326.0,34886.0,14395.0,5338,10268.0,17389.0,13377.0,45381.0,6943.0,11066.0,1534.0,11829.0,13830.0,6412.0,9305.0,10257.0,15315.0,5064.0,19319.0,54707.0,7501.0,8942.0,30568.0,2586,28704.0,12858.0,12902.0,4111.0,8444.0,12275.0,6455.0,2300.0,20729.0,10987,26476.0,8315.0,3211.0,30892.0,25084.0,14561.0,6477.0,54724.0,11401.0,8515.0,4010.0,14399.0,14182.0,3407.0,8117.0,8529.0,5178.0,29472.0,52296.0,31365,47397.0,55724.0
2022-01-22,10077,16961,26726.0,3090.0,8143.0,12069.0,33545.0,9084.0,4639,12867.0,9586.0,14055.0,43747.0,6677.0,6256.0,1698.0,13584.0,,3988.0,4591.0,6773.0,8384.0,3581.0,16745.0,63913.0,5506.0,6711.0,36194.0,2983,27722.0,10998.0,14005.0,4196.0,8998.0,13297.0,6941.0,1508.0,20064.0,15176,22758.0,8289.0,3015.0,48744.0,35216.0,12931.0,4394.0,68916.0,15208.0,6698.0,2771.0,18303.0,18852.0,2144.0,6967.0,7007.0,3073.0,20402.0,46336.0,28175,50293.0,59731.0
2022-01-23,6758,11069,22745.0,1893.0,4476.0,7814.0,26497.0,5793.0,2758,9486.0,5729.0,9900.0,26877.0,4511.0,4181.0,1124.0,9191.0,,2681.0,2340.0,5204.0,2892.0,2022.0,10202.0,32535.0,3848.0,4242.0,20237.0,2296,16603.0,8481.0,9251.0,3194.0,5806.0,8027.0,4758.0,832.0,15794.0,11131,14083.0,5608.0,2056.0,27968.0,19634.0,8041.0,2601.0,50510.0,7506.0,2881.0,1547.0,9770.0,10723.0,1459.0,4955.0,4923.0,1799.0,14612.0,27736.0,16330,33353.0,40298.0
2022-01-24,7951,20094,20219.0,5103.0,6800.0,10540.0,28692.0,13884.0,5423,8884.0,18124.0,11606.0,39304.0,6554.0,12039.0,1477.0,10067.0,13793.0,6018.0,9642.0,9658.0,15365.0,4672.0,17798.0,47086.0,6717.0,8886.0,23281.0,2274,25731.0,11252.0,10640.0,3526.0,7399.0,10169.0,5291.0,2230.0,16832.0,6746,23657.0,7035.0,3022.0,19327.0,17985.0,12836.0,6528.0,46004.0,11893.0,8225.0,4284.0,11160.0,10685.0,3681.0,7342.0,8668.0,5474.0,24726.0,45615.0,31180,41032.0,49284.0
2022-01-25,9039,22534,21875.0,6140.0,7648.0,12150.0,31397.0,15783.0,6093,9745.0,23148.0,12682.0,45223.0,8066.0,14554.0,1597.0,11140.0,14638.0,6819.0,11557.0,11097.0,19234.0,5663.0,21307.0,55130.0,5358.0,10603.0,26559.0,2392,28348.0,11939.0,11628.0,4175.0,8066.0,11402.0,5628.0,2362.0,18332.0,8695,28043.0,8013.0,3280.0,22827.0,21300.0,14395.0,7810.0,53258.0,13304.0,10074.0,5142.0,13257.0,13039.0,4697.0,8163.0,9930.0,6621.0,27512.0,53981.0,35634,45827.0,51176.0
2022-01-26,9656,22095,22720.0,5936.0,8041.0,12984.0,32967.0,16021.0,6580,10357.0,23795.0,13410.0,48161.0,8733.0,15140.0,1650.0,12088.0,14712.0,7036.0,11955.0,10594.0,20172.0,5464.0,21139.0,57414.0,7214.0,10866.0,29129.0,2537,29646.0,12149.0,12074.0,4282.0,8536.0,12129.0,5929.0,2330.0,20096.0,9954,30036.0,8144.0,3298.0,26651.0,24012.0,15438.0,8146.0,56345.0,14416.0,14417.0,14716.0,8350.0,6081.0,29076.0,56945.0,,,,,37511,49151.0,52827.0
2022-01-27,10423,23679,24426.0,6623.0,8580.0,14098.0,35500.0,16315.0,6963,11193.0,24970.0,13647.0,51477.0,9682.0,16572.0,1605.0,13040.0,14538.0,7791.0,12144.0,11587.0,21740.0,6180.0,23493.0,59252.0,7530.0,11549.0,30080.0,2621,30748.0,13002.0,12630.0,4655.0,8837.0,12384.0,6135.0,2458.0,20914.0,10975,30422.0,8416.0,3458.0,27489.0,24077.0,15403.0,8126.0,59890.0,13952.0,11452.0,5878.0,15954.0,5188.0,8559.0,10952.0,7054.0,60399.0,,,39450,51361.0,53869.0
2022-01-28,10705,23072,29228.0,5756.0,8691.0,13071.0,38861.0,15384.0,6073,11328.0,18896.0,14397.0,50709.0,7765.0,12241.0,1682.0,13176.0,14516.0,6958.0,9768.0,11200.0,16774.0,5420.0,20642.0,59555.0,8041.0,9761.0,33261.0,3103,30488.0,13737.0,13106.0,4672.0,9212.0,13051.0,7041.0,2400.0,21483.0,12144,28566.0,8461.0,3418.0,33508.0,27821.0,15374.0,7040.0,61175.0,13237.0,9580.0,4557.0,15689.0,3658.0,9982.0,31210.0,,,,,35424,52247.0,59065.0
2022-01-29,9809,19320,30921.0,3480.0,8473.0,11297.0,44466.0,10004.0,4592,10692.0,9770.0,13568.0,46408.0,6789.0,6272.0,1676.0,14605.0,9527.0,4033.0,4760.0,7967.0,10622.0,3832.0,18134.0,67293.0,8.0,7397.0,45029.0,3129,31914.0,9660.0,5254.0,10381.0,14972.0,7983.0,1473.0,24334.0,,30950,9030.0,40022.0,30963.0,14191.0,4120.0,49838.0,14088.0,,,10247.0,2683.0,21283.0,21094.0,2206.0,6887.0,7601.0,3546.0,31872.0,60038.0,31313,60751.0,63924.0
2022-01-30,6108,12575,24053.0,2232.0,1822.0,7051.0,35157.0,6308.0,3210,8306.0,5750.0,9300.0,28367.0,4571.0,4065.0,1239.0,10037.0,6474.0,2658.0,1875.0,6367.0,5285.0,2299.0,11169.0,38857.0,12.0,4553.0,25018.0,2300,18945.0,6806.0,2.0,4161.0,7301.0,9087.0,5719.0,1003.0,18116.0,19834,6268.0,28238.0,17412.0,8571.0,2971.0,33772.0,10190.0,,,5905.0,2010.0,11694.0,12032.0,1403.0,4792.0,4899.0,2194.0,18365.0,33280.0,20872,40204.0,42673.0
2022-01-31,8908,22579,22634.0,5632.0,7447.0,11447.0,33177.0,14630.0,5845,10016.0,22252.0,11986.0,44474.0,7772.0,13610.0,1566.0,11399.0,14697.0,7173.0,10674.0,10272.0,18364.0,4982.0,19593.0,50015.0,7120.0,10218.0,25747.0,2626,27340.0,11938.0,11024.0,4082.0,8282.0,10935.0,6152.0,2451.0,17893.0,7969,25411.0,7973.0,3151.0,24835.0,20591.0,14119.0,7514.0,50602.0,13604.0,10004.0,4937.0,12679.0,12545.0,4139.0,7893.0,9605.0,5918.0,25960.0,51550.0,36451,44641.0,53488.0
2022-02-01,10270,25313,24045.0,6804.0,8880.0,13657.0,34171.0,16987.0,7199,11262.0,29314.0,13310.0,52346.0,9515.0,17590.0,1894.0,13020.0,15499.0,8368.0,12838.0,11797.0,23354.0,6070.0,22746.0,58689.0,7391.0,12165.0,30050.0,2636,30518.0,12678.0,10499.0,4566.0,9067.0,12327.0,6398.0,2571.0,19347.0,7869,8888.0,3390.0,27898.0,24449.0,15676.0,9034.0,58649.0,15298.0,,11926.0,6215.0,14838.0,16052.0,5576.0,8699.0,11564.0,7064.0,30252.0,63602.0,43712,52258.0,56547.0
2022-02-02,10218,24722,25355.0,6732.0,9214.0,14055.0,37794.0,16798.0,7589,11406.0,30861.0,14005.0,55141.0,9945.0,18135.0,1838.0,13442.0,15434.0,8464.0,12960.0,11928.0,24338.0,5779.0,24078.0,60793.0,7336.0,12476.0,31128.0,2651,31421.0,13154.0,12263.0,5047.0,9312.0,12713.0,6372.0,2538.0,20889.0,32081,3536.0,15559.0,,,,,,,,12251.0,6489.0,15617.0,16142.0,5776.0,8726.0,11838.0,6908.0,31546.0,65095.0,44620,53771.0,55796.0
2022-02-03,11236,27240,26730.0,7272.0,9641.0,15334.0,40320.0,17625.0,8057,12319.0,33024.0,60694.0,10818.0,19883.0,1972.0,,,,9343.0,14032.0,12863.0,26339.0,6399.0,26211.0,8089.0,13176.0,33041.0,,2604,32159.0,13757.0,12722.0,5138.0,9858.0,12847.0,6732.0,2786.0,21509.0,11751,32960.0,9500.0,29553.0,26476.0,16491.0,9557.0,65367.0,,,13114.0,6828.0,16320.0,17629.0,6071.0,9447.0,12683.0,7851.0,32007.0,70535.0,46728,56937.0,57327.0
2022-02-04,11295,23785,30399.0,6043.0,9515.0,14626.0,42684.0,16172.0,12035,14652.0,13790.0,15658.0,,,,,,,60769.0,,,,,,,,,,3410,30991.0,14468.0,13717.0,4680.0,9171.0,12976.0,7133.0,2483.0,23433.0,12510,29681.0,9123.0,3647.0,35275.0,29498.0,15472.0,7919.0,64103.0,13565.0,10740.0,5135.0,16963.0,16547.0,4104.0,9076.0,10556.0,6835.0,32302.0,63320.0,37443,54364.0,61036.0
2022-02-05,9587,19180,30234.0,3015.0,10140.0,12161.0,42437.0,9759.0,3568,3586.0,13547.0,53012.0,8467.0,7177.0,1928.0,14906.0,10456.0,,3904.0,4999.0,6823.0,9752.0,4037.0,18212.0,64662.0,6421.0,9870.0,40838.0,3977,30190.0,13884.0,15772.0,4934.0,9776.0,14940.0,7835.0,1660.0,24407.0,19684,25153.0,9616.0,3495.0,53318.0,40328.0,14928.0,5042.0,85616.0,15310.0,8677.0,3255.0,16183.0,22233.0,2768.0,7262.0,7901.0,788.0,24432.0,56121.0,32867,50748.0,66110.0
2022-02-06,6564,12354,21554.0,1839.0,5935.0,7739.0,30417.0,5743.0,2204,8914.0,1737.0,9796.0,28871.0,5512.0,4304.0,1302.0,9949.0,6641.0,2826.0,1377.0,5160.0,4779.0,2161.0,11443.0,35572.0,4364.0,6005.0,20898.0,2819,17825.0,9691.0,9822.0,3784.0,6231.0,8135.0,5534.0,942.0,17501.0,11645,15286.0,6266.0,2085.0,29964.0,22443.0,8695.0,3137.0,45013.0,8993.0,4684.0,961.0,10441.0,11759.0,1715.0,4916.0,5425.0,2124.0,14292.0,30357.0,21571,26743.0,41401.0
2022-02-07,9114,23309,24710.0,5816.0,8213.0,11656.0,31489.0,15072.0,6363,10206.0,23996.0,12298.0,46922.0,7699.0,14975.0,1865.0,12344.0,15172.0,7921.0,11008.0,11191.0,19128.0,5289.0,20098.0,50770.0,7060.0,10855.0,26468.0,2557,28360.0,12174.0,11096.0,4061.0,8748.0,11343.0,5950.0,2488.0,18415.0,8199,27273.0,8238.0,3276.0,21894.0,20206.0,14606.0,8133.0,53329.0,14507.0,10425.0,5468.0,13523.0,12971.0,4672.0,8216.0,10235.0,6386.0,27356.0,55909.0,38464,47108.0,55113.0
2022-02-08,11106,26283,28037.0,6967.0,9557.0,14069.0,40421.0,17648.0,8029,11682.0,33913.0,13777.0,56994.0,10461.0,19445.0,2130.0,14273.0,15691.0,8713.0,14244.0,13027.0,25374.0,6259.0,24827.0,59907.0,8033.0,13197.0,31266.0,2571,32127.0,13442.0,12462.0,5315.0,9541.0,12775.0,6431.0,2672.0,20309.0,9578,32875.0,9328.0,3477.0,25197.0,24168.0,15756.0,9552.0,62785.0,16236.0,12934.0,6664.0,15573.0,15920.0,6032.0,8969.0,12410.0,7793.0,30866.0,69767.0,47010,56084.0,72654.0
2022-02-09,11813,26117,29051.0,7112.0,9806.0,14739.0,41996.0,18459.0,8232,12282.0,34804.0,14012.0,61042.0,10967.0,19809.0,2141.0,14693.0,15664.0,8905.0,14209.0,13158.0,25777.0,6330.0,26147.0,61738.0,8078.0,13838.0,33650.0,13747,12904.0,9838.0,13364.0,6668.0,22685.0,,,,,12107,33555.0,9551.0,3655.0,29450.0,27800.0,16713.0,10395.0,66802.0,16979.0,13362.0,7086.0,16845.0,17627.0,6492.0,9254.0,12706.0,7328.0,33446.0,71844.0,47931,57068.0,58710.0
2022-02-10,12526,27102,29474.0,7685.0,9925.0,15819.0,42730.0,18583.0,8990,13768.0,37461.0,14983.0,66340.0,12334.0,21185.0,2458.0,16340.0,15859.0,9667.0,15591.0,13730.0,27721.0,6535.0,28201.0,60414.0,8608.0,14617.0,36219.0,2587,36539.0,5903.0,2825.0,,,,,,,12578,35048.0,9601.0,3727.0,30560.0,29012.0,16837.0,10486.0,72280.0,16257.0,14674.0,7531.0,17776.0,18274.0,6711.0,8458.0,13437.0,8403.0,27010.0,78218.0,49271,60969.0,59952.0
2022-02-11,11588,25232,33410.0,6168.0,9388.0,14035.0,43885.0,16215.0,6919,12631.0,23746.0,15169.0,58372.0,8828.0,13910.0,2233.0,15658.0,15638.0,7769.0,11287.0,12463.0,19383.0,5927.0,24048.0,63031.0,8610.0,12035.0,37095.0,3188,32417.0,14824.0,14414.0,5339.0,10767.0,13765.0,7714.0,2526.0,25056.0,13319,30706.0,9688.0,3795.0,36344.0,30424.0,15915.0,7766.0,67433.0,13946.0,11112.0,5258.0,17467.0,17630.0,4420.0,9259.0,11012.0,6804.0,32491.0,67334.0,39593,57658.0,64401.0
2022-02-12,10446,17895,35485.0,10613.0,13140.0,34769.0,12132.0,,3,13036.0,13034.0,15484.0,44640.0,7972.0,5587.0,2062.0,19533.0,9545.0,5081.0,4434.0,3999.0,20902.0,67342.0,6533.0,10426.0,44796.0,,,4,33857.0,13897.0,17242.0,7426.0,11027.0,18633.0,11178.0,2621.0,23776.0,20881,26482.0,9532.0,3742.0,56293.0,42394.0,13883.0,4976.0,81257.0,17617.0,9911.0,3039.0,20272.0,22103.0,3076.0,7461.0,8801.0,4237.0,27419.0,65916.0,32103,51573.0,70837.0
2022-02-13,6889,11745,28994.0,7918.0,8452.0,27471.0,7797.0,,10257,7972.0,10264.0,31470.0,5527.0,3678.0,1196.0,13925.0,6333.0,,3273.0,2454.0,2771.0,14524.0,39744.0,6245.0,7421.0,25721.0,,,21438,10700.0,12660.0,5264.0,8156.0,9871.0,8347.0,1433.0,21670.0,,15283,16914.0,6518.0,2219.0,36959.0,28489.0,8457.0,3721.0,54598.0,12545.0,7270.0,2055.0,16329.0,13848.0,2158.0,5722.0,6860.0,2909.0,19578.0,42435.0,20331,31703.0,48170.0
2022-02-14,9325,24753,27071.0,5705.0,8470.0,12301.0,38066.0,14432.0,6814,12182.0,26462.0,12368.0,53640.0,10084.0,14042.0,2175.0,17675.0,14315.0,7639.0,11293.0,9954.0,18792.0,5639.0,23291.0,61089.0,7700.0,12106.0,36039.0,3040,35995.0,14375.0,15689.0,5159.0,10330.0,11962.0,7947.0,2482.0,25504.0,14972,30029.0,9677.0,4242.0,38436.0,32148.0,15138.0,7938.0,59854.0,18113.0,11775.0,5538.0,17579.0,17587.0,4938.0,8085.0,11384.0,6132.0,28233.0,64151.0,41521,54494.0,65734.0
2022-02-15,10303,27062,29683.0,6907.0,9921.0,14578.0,41412.0,16619.0,8390,12786.0,33725.0,13336.0,60195.0,11453.0,18827.0,2222.0,18662.0,14810.0,9302.0,13980.0,11282.0,24375.0,6556.0,26292.0,64293.0,8194.0,13764.0,35892.0,3253,34125.0,14925.0,15031.0,5716.0,10059.0,12387.0,7422.0,2624.0,27359.0,14307,32321.0,10114.0,3839.0,34629.0,30789.0,15123.0,9537.0,67795.0,18043.0,13931.0,6983.0,17930.0,18331.0,6076.0,9107.0,12669.0,7155.0,30601.0,71888.0,44521,59579.0,61792.0
2022-02-16,10308,26804,31958.0,6681.0,10134.0,14668.0,44260.0,16994.0,8539,12868.0,35600.0,13857.0,64560.0,12048.0,18925.0,2257.0,18755.0,15129.0,8692.0,14865.0,11962.0,25213.0,6405.0,26869.0,68828.0,7933.0,14412.0,39081.0,3154,35532.0,15617.0,15410.0,5807.0,10618.0,12861.0,7970.0,2732.0,28753.0,16342,34422.0,10408.0,4305.0,40285.0,33493.0,15867.0,9766.0,71473.0,18440.0,15109.0,7004.0,20130.0,21033.0,6376.0,8902.0,13242.0,7461.0,31766.0,75956.0,44898,60718.0,63416.0
2022-02-17,10871,28019,34542.0,7533.0,9596.0,15921.0,49399.0,17782.0,8770,14091.0,36898.0,14374.0,69117.0,13395.0,19496.0,2411.0,20776.0,15096.0,9268.0,15087.0,12948.0,25437.0,6316.0,28853.0,69637.0,8175.0,14938.0,41699.0,3317,38015.0,16642.0,16765.0,6308.0,11241.0,13751.0,8540.0,2720.0,28712.0,17899,35961.0,10883.0,5105.0,42317.0,35850.0,16395.0,10386.0,76777.0,20570.0,14360.0,7418.0,21084.0,22400.0,6690.0,9400.0,13788.0,7995.0,32953.0,81777.0,47761,66370.0,65429.0
2022-02-18,7947,16821,11948.0,2307.0,4278.0,10022.0,19812.0,11696.0,4159,9682.0,19793.0,12461.0,41596.0,7479.0,8465.0,1556.0,13459.0,10973.0,4235.0,8690.0,5663.0,7056.0,3990.0,17315.0,42851.0,6266.0,9454.0,27822.0,2216,23933.0,12536.0,12929.0,4698.0,8499.0,11178.0,7243.0,1915.0,16904.0,10286,24129.0,6127.0,3437.0,26800.0,22983.0,10166.0,5526.0,50462.0,12467.0,7810.0,4619.0,11149.0,12794.0,3096.0,7045.0,8366.0,4568.0,20230.0,40271.0,27317,45465.0,46815.0
2022-02-19,10296,18676,34500.0,2890.0,9589.0,11240.0,39322.0,9673.0,4881,11226.0,10317.0,13214.0,37941.0,6995.0,5948.0,1625.0,18085.0,9545.0,3821.0,4864.0,7734.0,8599.0,2578.0,19380.0,60012.0,6786.0,8212.0,40426.0,3425,29471.0,13985.0,15887.0,6137.0,9710.0,14165.0,8185.0,1250.0,23211.0,20801,23361.0,8737.0,2997.0,50307.0,37169.0,12457.0,4407.0,66642.0,14726.0,6951.0,3418.0,18603.0,19749.0,2589.0,7711.0,8852.0,3807.0,19207.0,41028.0,28002,52471.0,81257.0
2022-02-20,5985,12865,24105.0,1964.0,6565.0,7024.0,25915.0,5914.0,3156,9338.0,5966.0,8563.0,23106.0,5272.0,3442.0,1404.0,12338.0,6619.0,2917.0,2361.0,5524.0,4868.0,2056.0,12405.0,35362.0,5145.0,4944.0,22843.0,3123,18566.0,11092.0,11127.0,3980.0,6677.0,8614.0,5927.0,765.0,19512.0,13797,15753.0,6624.0,2133.0,33022.0,23996.0,7967.0,3530.0,46743.0,10932.0,5184.0,3808.0,9626.0,14065.0,1812.0,5255.0,5793.0,2655.0,14639.0,32292.0,19711,31851.0,41924.0
2022-02-21,8991,24004,27037.0,5477.0,8901.0,11949.0,34920.0,14637.0,6488,11310.0,22574.0,12951.0,46358.0,9246.0,14018.0,1996.0,15703.0,14897.0,7363.0,11320.0,10654.0,16018.0,4753.0,21241.0,56345.0,7450.0,11417.0,29807.0,3215,28511.0,14499.0,14008.0,4757.0,9501.0,12204.0,6920.0,2307.0,23315.0,11307,28803.0,9395.0,3899.0,28277.0,25786.0,14483.0,9195.0,64022.0,18392.0,,,,,,,,,,,36465,44127.0,53353.0
2022-02-22,10290,29438,31717.0,7545.0,11621.0,15270.0,49249.0,18508.0,8837,13672.0,38111.0,14026.0,63494.0,13003.0,20831.0,2511.0,19039.0,16257.0,9251.0,15331.0,13701.0,25743.0,6688.0,26441.0,70806.0,8378.0,14933.0,36497.0,3762,35666.0,16429.0,16283.0,6325.0,11307.0,14243.0,7754.0,2943.0,26569.0,14061,37270.0,11021.0,4547.0,33546.0,32242.0,17113.0,11800.0,76527.0,22212.0,14320.0,7618.0,18598.0,20403.0,7295.0,10005.0,14127.0,6832.0,31820.0,77778.0,48972,56460.0,59675.0
2022-02-23,11177,30078,34988.0,7940.0,12340.0,16708.0,52545.0,19485.0,9811,14181.0,39678.0,14766.0,68109.0,13514.0,21690.0,2564.0,20143.0,16353.0,9715.0,15446.0,14808.0,27406.0,7014.0,29379.0,74343.0,9410.0,15701.0,39723.0,4015,37254.0,17472.0,16710.0,6893.0,12143.0,15573.0,8437.0,3050.0,29729.0,16053,39877.0,11698.0,4687.0,39737.0,36164.0,17695.0,12488.0,81663.0,23648.0,14825.0,7829.0,21958.0,21951.0,7233.0,10336.0,14830.0,7045.0,33429.0,84094.0,50797,60256.0,61278.0
2022-02-24,12964,31183,37482.0,8303.0,13281.0,18115.0,55653.0,20028.0,9972,15460.0,42150.0,15555.0,74358.0,13230.0,23189.0,2596.0,21585.0,16562.0,10759.0,16779.0,15079.0,29540.0,7601.0,30816.0,78737.0,10320.0,16668.0,41530.0,3983,38316.0,18253.0,17915.0,7215.0,12218.0,15695.0,9027.0,3098.0,31241.0,17442,39108.0,11881.0,4595.0,41842.0,38377.0,18581.0,13069.0,87466.0,24619.0,16022.0,8066.0,23290.0,22496.0,7670.0,11521.0,15655.0,7833.0,36139.0,91695.0,52691,64701.0,62546.0
2022-02-25,12147,29860,39135.0,6875.0,12121.0,15360.0,54111.0,17470.0,7869,14743.0,29049.0,16388.0,64775.0,10992.0,15456.0,2460.0,20795.0,16278.0,8734.0,12039.0,13838.0,21004.0,6362.0,26150.0,72541.0,10038.0,13416.0,45171.0,4425,37907.0,17978.0,19315.0,7017.0,12503.0,16170.0,9534.0,3104.0,29921.0,18208,36746.0,11154.0,5168.0,45579.0,40031.0,17820.0,10967.0,82026.0,25289.0,12465.0,5678.0,22447.0,23774.0,5482.0,9554.0,13517.0,6706.0,33944.0,78887.0,43026,61046.0,68093.0
2022-02-26,10227,22991,39033.0,3866.0,10712.0,13406.0,49883.0,11065.0,5941,14550.0,11465.0,14358.0,56141.0,8699.0,7051.0,2341.0,20894.0,10596.0,4868.0,5541.0,9357.0,10666.0,4514.0,21128.0,68351.0,7910.0,9710.0,48266.0,4347,37611.0,15207.0,20217.0,7238.0,12398.0,19168.0,10546.0,2126.0,28144.0,19873,31763.0,10513.0,4654.0,62947.0,43594.0,15254.0,6740.0,76066.0,26158.0,8449.0,3198.0,24287.0,25709.0,3181.0,8109.0,9269.0,4469.0,34234.0,78938.0,35807,61081.0,70748.0
2022-02-27,6378,21190,29426.0,3134.0,8293.0,8411.0,40008.0,6907.0,4453,10772.0,6865.0,10251.0,33616.0,5615.0,4244.0,1597.0,14809.0,6952.0,2973.0,2738.0,9160.0,5898.0,2581.0,12948.0,40094.0,6160.0,6028.0,24672.0,3357,22193.0,11144.0,13143.0,6029.0,8714.0,10808.0,7673.0,1303.0,20450.0,13966,20366.0,6627.0,3875.0,35607.0,27636.0,9290.0,4587.0,52929.0,16560.0,5004.0,1954.0,17400.0,15858.0,2071.0,5777.0,6353.0,2517.0,21039.0,48357.0,24059,38537.0,64039.0
2022-02-28,8675,25465,28071.0,6161.0,9424.0,12543.0,43820.0,15895.0,7531,11702.0,29342.0,12742.0,53048.0,9350.0,16075.0,2021.0,15242.0,15561.0,7445.0,12329.0,11623.0,20251.0,5447.0,22732.0,56370.0,8027.0,12087.0,31355.0,3339,31613.0,14366.0,13706.0,5318.0,10099.0,12935.0,7722.0,2667.0,21561.0,11133,29606.0,9140.0,3863.0,26450.0,25823.0,15550.0,9985.0,65243.0,17879.0,11632.0,5947.0,16229.0,15678.0,5498.0,8856.0,11650.0,6251.0,28366.0,64569.0,42901,49167.0,60627.0
2022-03-01,79,4,2.0,,,,,,4038,2.0,40.0,8119.0,3.0,5974.0,,,,,1.0,14261.0,1.0,12.0,8.0,,,,,,1,,289.0,,,,,,,,2,97.0,922.0,1.0,3.0,2.0,4.0,,,,2.0,70.0,,,,,,,,,1,16.0,49748.0
2022-03-02,8949,24666,31318.0,6212.0,10370.0,14132.0,39358.0,18581.0,7604,11241.0,38020.0,12826.0,60549.0,9934.0,18739.0,4069.0,13966.0,13760.0,7462.0,15112.0,11197.0,24744.0,6017.0,27151.0,63211.0,7329.0,14650.0,35274.0,2360,32590.0,13151.0,13388.0,3603.0,11858.0,13750.0,8135.0,2504.0,21196.0,11344,34245.0,7783.0,3554.0,29908.0,27992.0,13386.0,9080.0,69866.0,17349.0,10848.0,5480.0,17102.0,17090.0,5556.0,9366.0,11359.0,5861.0,29552.0,67311.0,37670,45535.0,65790.0
2022-03-03,3,21,5.0,15.0,,,,,2,2616.0,1.0,3.0,8152.0,3.0,4835.0,,,,13538.0,1.0,2.0,1.0,7.0,,,,,,1,,2.0,,,,,,,,56,607.0,3.0,108.0,1.0,2.0,,,,,1.0,,76.0,,,,,,,,3,48330.0,
2022-03-04,11754,24589,34883.0,5703.0,10465.0,14071.0,45142.0,17030.0,6712,13144.0,27169.0,14308.0,58507.0,8741.0,14012.0,2572.0,15244.0,14540.0,7594.0,12076.0,11764.0,19376.0,5915.0,25474.0,68203.0,9295.0,12401.0,40893.0,3066,33558.0,15173.0,15311.0,5813.0,11272.0,14571.0,8512.0,2509.0,23698.0,32718,3658.0,8580.0,74816.0,,,,,,,9825.0,4597.0,18432.0,17454.0,4539.0,9605.0,10900.0,6571.0,32611.0,66232.0,35262,48227.0,69221.0
2022-03-05,13688,20883,34936.0,3836.0,10682.0,12903.0,50123.0,10444.0,5658,14943.0,9439.0,11514.0,71329.0,7957.0,7854.0,1635.0,19376.0,10773.0,5319.0,4797.0,9125.0,10857.0,4227.0,19550.0,65154.0,7965.0,7970.0,43422.0,4089,36441.0,14748.0,18883.0,5307.0,11129.0,16738.0,8658.0,1626.0,26563.0,16602,10124.0,62931.0,47359.0,14736.0,18965.0,,,,,8802.0,3347.0,22317.0,24929.0,3071.0,7738.0,9337.0,4639.0,25019.0,60461.0,32833,56750.0,75061.0
2022-03-06,7753,14926,25776.0,2368.0,6315.0,8416.0,36335.0,6601.0,3670,10565.0,5420.0,7719.0,39260.0,5455.0,4494.0,1441.0,13706.0,7115.0,3872.0,2329.0,6742.0,6201.0,2505.0,11846.0,40178.0,5749.0,4807.0,22935.0,3490,18488.0,11082.0,12309.0,4431.0,7856.0,10343.0,6663.0,1095.0,19505.0,12045,18286.0,7514.0,2895.0,36743.0,25871.0,9418.0,4374.0,41961.0,15256.0,7871.0,3058.0,14472.0,14680.0,2176.0,5396.0,6120.0,2581.0,19063.0,37153.0,22722,34965.0,48293.0
2022-03-07,9018,25495,29428.0,6463.0,9448.0,12379.0,42777.0,16785.0,9139,9575.0,29168.0,12763.0,55968.0,8947.0,16711.0,2576.0,15651.0,16894.0,7850.0,12475.0,12965.0,20996.0,5782.0,23674.0,55296.0,8960.0,11983.0,31018.0,3077,31505.0,14067.0,13421.0,5282.0,10235.0,12647.0,7366.0,2624.0,21076.0,10216,30045.0,9176.0,3791.0,26660.0,25402.0,14686.0,9988.0,65926.0,18276.0,11342.0,5842.0,15438.0,14996.0,5304.0,9048.0,11568.0,6724.0,28920.0,63379.0,42908,47562.0,61146.0
2022-03-08,10721,28510,31729.0,8036.0,10706.0,15565.0,46924.0,19635.0,11853,11023.0,41839.0,14075.0,66284.0,12089.0,22602.0,3381.0,18691.0,17516.0,9585.0,15814.0,14774.0,27698.0,7118.0,29648.0,67237.0,9248.0,15231.0,36029.0,3178,35099.0,14916.0,14062.0,6164.0,11065.0,13872.0,7641.0,3019.0,22187.0,11914,36164.0,10137.0,4287.0,30390.0,29135.0,16657.0,12004.0,75465.0,20696.0,14166.0,7545.0,18042.0,18992.0,7155.0,10129.0,13825.0,8415.0,31998.0,78702.0,51746,56557.0,65445.0
2022-03-09,11472,28110,31065.0,8153.0,10272.0,15778.0,48922.0,19332.0,11986,11526.0,41896.0,14742.0,70495.0,12195.0,22554.0,3258.0,18206.0,17331.0,10098.0,13463.0,16378.0,28590.0,7204.0,30777.0,57806.0,8965.0,15854.0,39253.0,3325,38990.0,15530.0,14589.0,6381.0,11182.0,14172.0,7897.0,3118.0,25007.0,12876,37463.0,10727.0,4376.0,33499.0,32061.0,17223.0,12565.0,78469.0,20756.0,14518.0,8156.0,18814.0,20294.0,6953.0,9855.0,14288.0,7865.0,31756.0,81041.0,52036,57955.0,64391.0
2022-03-10,11677,28761,34546.0,8534.0,11046.0,17245.0,51284.0,19683.0,12620,11605.0,42870.0,14806.0,74708.0,13075.0,24195.0,16756.0,,,10253.0,16320.0,15860.0,30100.0,7080.0,29911.0,15473.0,38859.0,,,3612,37828.0,16917.0,14939.0,6424.0,11355.0,14366.0,8059.0,3111.0,25690.0,14111,37303.0,11005.0,4599.0,34280.0,32742.0,18486.0,12353.0,81603.0,20519.0,15184.0,8069.0,19521.0,21657.0,7243.0,10377.0,14935.0,8911.0,33478.0,85306.0,52567,60127.0,65098.0
2022-03-11,11726,26587,37540.0,6750.0,10797.0,14580.0,50503.0,17770.0,3066,18233.0,,,,,,,,,68240.0,10435.0,,,,,,,,,4202,35058.0,17296.0,16672.0,6185.0,11265.0,14741.0,8685.0,2765.0,26546.0,15552,33492.0,10619.0,4164.0,39971.0,35396.0,17875.0,10169.0,79297.0,17873.0,11546.0,5878.0,19245.0,19661.0,4893.0,9808.0,12729.0,7476.0,32377.0,73765.0,41543,55778.0,68294.0
2022-03-12,11294,21787,37430.0,4328.0,5750.0,12868.0,60924.0,11218.0,7932,11962.0,9970.0,15062.0,50696.0,8963.0,7270.0,5109.0,25813.0,11856.0,5985.0,3966.0,9554.0,12158.0,4474.0,19833.0,63986.0,8446.0,8745.0,43365.0,5145,38051.0,14582.0,17562.0,6345.0,10623.0,17779.0,8331.0,2046.0,24120.0,20349,28471.0,10732.0,3950.0,56595.0,44751.0,15133.0,6258.0,71044.0,19780.0,8956.0,3776.0,19978.0,24346.0,3531.0,7680.0,9065.0,4293.0,32459.0,72292.0,37213,59421.0,74414.0
2022-03-13,7614,14691,29192.0,2380.0,3558.0,7939.0,50318.0,6911.0,5596,9375.0,6220.0,10199.0,32456.0,5561.0,3967.0,3404.0,16850.0,7903.0,3903.0,2495.0,7015.0,4247.0,2440.0,13552.0,41229.0,6703.0,5642.0,25220.0,3718,21619.0,11331.0,12231.0,5361.0,9019.0,10382.0,6931.0,1148.0,20613.0,13205,19781.0,7402.0,4300.0,35300.0,27600.0,10246.0,4979.0,61283.0,15464.0,3808.0,2267.0,16403.0,16176.0,2462.0,6005.0,6681.0,2732.0,20671.0,40795.0,25905,38993.0,64221.0
2022-03-14,9250,25452,28435.0,6510.0,8980.0,12121.0,41280.0,16901.0,9246,10820.0,29520.0,12815.0,54123.0,9684.0,16627.0,2920.0,16893.0,16474.0,8467.0,11965.0,12776.0,20905.0,5525.0,24368.0,54442.0,9163.0,12662.0,31374.0,3596,31326.0,15187.0,13877.0,5465.0,10437.0,12801.0,7587.0,2652.0,21130.0,9073,30108.0,9389.0,4056.0,27987.0,26051.0,14919.0,10408.0,66077.0,19315.0,11468.0,5768.0,15646.0,15992.0,5385.0,8909.0,11450.0,6856.0,28441.0,63212.0,43383,48945.0,60970.0
2022-03-15,11411,28194,30994.0,7730.0,10439.0,15080.0,48508.0,19183.0,9887,13041.0,41576.0,14135.0,65246.0,12538.0,22218.0,4001.0,19699.0,16947.0,10145.0,15146.0,14907.0,27144.0,6779.0,28342.0,62930.0,9530.0,15117.0,35394.0,3415,34472.0,15628.0,14204.0,6085.0,11311.0,14063.0,7743.0,2989.0,22613.0,11214,35080.0,10523.0,4408.0,29571.0,28681.0,16518.0,12017.0,76062.0,20700.0,14358.0,7584.0,17469.0,19027.0,7086.0,9816.0,13240.0,8094.0,30491.0,78137.0,48379,54444.0,64345.0
2022-03-16,12647,28168,36769.0,8510.0,11271.0,16445.0,52284.0,19444.0,10162,13927.0,42368.0,14870.0,69256.0,13950.0,23263.0,3502.0,18954.0,16003.0,10496.0,16399.0,15949.0,28386.0,7850.0,30676.0,55313.0,10852.0,15657.0,41291.0,3710,37123.0,16331.0,15287.0,6454.0,11675.0,14204.0,8221.0,3343.0,28040.0,14215,36704.0,11173.0,4280.0,35638.0,33482.0,16897.0,12981.0,81414.0,20010.0,14785.0,8002.0,19633.0,19847.0,7494.0,10369.0,13525.0,8301.0,33790.0,85679.0,45341,53292.0,62991.0
2022-03-17,11981,29293,34353.0,8522.0,11085.0,17529.0,53236.0,19848.0,10121,15010.0,42494.0,15299.0,74410.0,12942.0,22856.0,2982.0,20449.0,16421.0,10391.0,16381.0,14935.0,29492.0,7289.0,31508.0,64818.0,10747.0,16520.0,43024.0,3845,39689.0,16528.0,15557.0,7355.0,12185.0,15261.0,8777.0,3296.0,25848.0,14377,37163.0,11559.0,4796.0,38516.0,35588.0,17708.0,12769.0,82603.0,21523.0,15068.0,8038.0,20090.0,22748.0,6924.0,10524.0,14967.0,8849.0,33284.0,86524.0,52580,63038.0,82918.0
2022-03-18,11027,27097,35679.0,7271.0,10087.0,14614.0,51828.0,17217.0,8020,14609.0,27173.0,15418.0,64319.0,10020.0,14717.0,2459.0,19328.0,15982.0,8007.0,11443.0,13527.0,20057.0,6146.0,25856.0,58506.0,10356.0,12911.0,41649.0,4282,37664.0,16662.0,16694.0,5432.0,12882.0,15590.0,9399.0,3019.0,26987.0,14994,34481.0,11018.0,5265.0,41431.0,36945.0,17109.0,10375.0,78962.0,20768.0,11405.0,5677.0,19946.0,22158.0,4843.0,9476.0,12119.0,6918.0,31842.0,71790.0,41120,55589.0,67943.0
2022-03-19,11518,23350,37766.0,4519.0,9980.0,13111.0,49780.0,10378.0,6251,15452.0,10062.0,16111.0,49705.0,9336.0,7481.0,5224.0,25610.0,11690.0,4962.0,2440.0,9621.0,11360.0,4535.0,22031.0,67571.0,8653.0,9904.0,46567.0,4797,36953.0,15522.0,20425.0,6921.0,13659.0,18679.0,10286.0,2399.0,25721.0,18127,29780.0,11621.0,5728.0,58947.0,46284.0,15055.0,7268.0,75229.0,22871.0,21844.0,25982.0,68478.0,,,,,,,,37448,61233.0,73154.0
2022-03-20,6728,15447,27082.0,2585.0,6622.0,7901.0,39672.0,7190.0,4434,11185.0,6202.0,10867.0,34107.0,6044.0,3811.0,3839.0,17594.0,8046.0,3739.0,331.0,7114.0,6400.0,2540.0,14399.0,39813.0,6581.0,6214.0,23782.0,3767,20642.0,11392.0,13108.0,5412.0,8899.0,11039.0,7151.0,1359.0,20067.0,13519,18698.0,7833.0,3666.0,33003.0,25100.0,9314.0,4785.0,55034.0,14169.0,6355.0,1094.0,13671.0,14770.0,2512.0,5574.0,6570.0,2578.0,20449.0,40837.0,25867,33999.0,48207.0
2022-03-21,9498,24894,29107.0,6661.0,8743.0,12146.0,43125.0,15480.0,7568,11348.0,28994.0,12576.0,53079.0,9455.0,16190.0,2742.0,16553.0,15458.0,8352.0,11921.0,11971.0,20530.0,5301.0,23066.0,49697.0,7737.0,12227.0,31367.0,3295,,,,,,,,,,9656,29852.0,9580.0,4273.0,25840.0,25426.0,14753.0,10053.0,64835.0,18447.0,11215.0,5916.0,5642.0,8434.0,11251.0,7024.0,27618.0,,,,41216,48918.0,60332.0
2022-03-22,11992,28714,31875.0,8076.0,10087.0,14903.0,48504.0,17964.0,9455,13090.0,38853.0,14309.0,64056.0,12089.0,21703.0,3602.0,19012.0,16549.0,10131.0,15206.0,14042.0,27954.0,6396.0,27785.0,63410.0,8775.0,15173.0,34810.0,34969,15738.0,14416.0,6740.0,11707.0,14041.0,8206.0,3088.0,23435.0,,12287,36090.0,11138.0,4915.0,30049.0,28612.0,16712.0,11961.0,74770.0,21227.0,14112.0,7453.0,17466.0,19843.0,7186.0,9485.0,13525.0,8149.0,31371.0,77641.0,49820,58780.0,64854.0
2022-03-23,11777,29083,34011.0,7962.0,10567.0,15573.0,51524.0,18918.0,9735,13991.0,41920.0,15371.0,69008.0,13299.0,22485.0,4332.0,19783.0,16621.0,9990.0,15315.0,14456.0,28170.0,6608.0,29465.0,67895.0,9172.0,16015.0,37361.0,3708,36473.0,16488.0,15127.0,7041.0,12674.0,14772.0,9108.0,3155.0,25091.0,13675,37390.0,11345.0,5041.0,34344.0,31511.0,17734.0,12656.0,78933.0,22222.0,14595.0,7737.0,18905.0,21578.0,7460.0,9595.0,14126.0,8309.0,32700.0,83586.0,50646,57681.0,65364.0
2022-03-24,12018,30598,34888.0,8668.0,11322.0,17391.0,52900.0,19138.0,10685,14409.0,41659.0,14906.0,73826.0,13384.0,23017.0,3984.0,20411.0,16423.0,10706.0,16227.0,14451.0,29639.0,7006.0,31177.0,72291.0,9682.0,16611.0,39791.0,3810,37302.0,16899.0,15760.0,7448.0,12682.0,14935.0,9181.0,3326.0,25355.0,14815,37916.0,11544.0,5159.0,36201.0,33316.0,17968.0,12500.0,82949.0,21421.0,15595.0,8127.0,19934.0,22739.0,7580.0,10002.0,14882.0,8953.0,34286.0,87274.0,52949,62292.0,66881.0
2022-03-25,11863,27930,36835.0,5988.0,10463.0,14874.0,51971.0,17290.0,10801,7557.0,31135.0,16185.0,67359.0,9554.0,15757.0,3732.0,15664.0,14842.0,8179.0,11386.0,12043.0,19736.0,5978.0,26987.0,62434.0,10143.0,15532.0,43982.0,3715,38060.0,20961.0,18860.0,7813.0,13442.0,16618.0,10046.0,3549.0,20036.0,16447,35953.0,10558.0,5832.0,41163.0,36663.0,12882.0,7357.0,79526.0,21085.0,9571.0,4416.0,19279.0,20018.0,2752.0,9567.0,12829.0,5051.0,33738.0,78151.0,42074,61071.0,72212.0
2022-03-26,11353,28058,38199.0,4073.0,11340.0,13451.0,41901.0,11647.0,10453,5791.0,17750.0,16985.0,55538.0,6056.0,6732.0,4231.0,14686.0,9969.0,4328.0,5046.0,7530.0,10530.0,4301.0,22613.0,65660.0,8609.0,12331.0,46795.0,41550,17350.0,27441.0,10752.0,16457.0,20692.0,13535.0,3046.0,10.0,,22203,37818.0,8557.0,59293.0,47753.0,11403.0,3337.0,60660.0,23849.0,,7647.0,1696.0,24736.0,20647.0,2068.0,7966.0,10033.0,1823.0,37230.0,79417.0,39882,85057.0,78563.0
2022-03-27,6538,15634,27532.0,2460.0,7114.0,7702.0,36895.0,6412.0,4796,9495.0,6734.0,10515.0,32856.0,4919.0,3872.0,2759.0,14037.0,7068.0,4088.0,1965.0,5766.0,6650.0,2279.0,12655.0,37409.0,6493.0,6074.0,23602.0,1136,21166.0,12607.0,13554.0,6282.0,8971.0,9950.0,8290.0,1289.0,10908.0,13672,20726.0,2968.0,3979.0,32722.0,25155.0,8109.0,3492.0,39491.0,13951.0,7117.0,1451.0,12310.0,11417.0,1800.0,5512.0,6222.0,1867.0,22842.0,42647.0,25016,48379.0,44796.0
2022-03-28,9060,25078,29560.0,6290.0,9188.0,11949.0,44032.0,14679.0,7794,11577.0,28543.0,12411.0,53615.0,9030.0,16184.0,2174.0,15943.0,15544.0,8015.0,11381.0,11457.0,19928.0,5005.0,22264.0,54994.0,7626.0,12227.0,30833.0,3157,31080.0,13951.0,14075.0,5755.0,10580.0,12711.0,7894.0,2676.0,19224.0,10256,29972.0,8993.0,4327.0,26762.0,25613.0,14549.0,9312.0,65595.0,18792.0,11314.0,5508.0,15251.0,15707.0,5153.0,8449.0,11031.0,6021.0,27499.0,63532.0,40359,48416.0,60151.0
2022-03-29,11189,29720,31958.0,8170.0,11882.0,15052.0,49652.0,17550.0,9813,13361.0,38697.0,14088.0,65568.0,11303.0,22244.0,2184.0,17174.0,16909.0,9684.0,15003.0,13788.0,27606.0,6440.0,27277.0,63463.0,8489.0,14664.0,36276.0,3331,36019.0,14660.0,14575.0,6351.0,11256.0,13607.0,7925.0,3089.0,21274.0,12234,34691.0,10271.0,4163.0,30092.0,29439.0,15561.0,11459.0,76884.0,20845.0,13664.0,7390.0,18050.0,19273.0,7018.0,9763.0,13334.0,7451.0,31443.0,81153.0,50031,59640.0,64380.0
2022-03-30,10799,26877,33187.0,7722.0,10659.0,15405.0,50670.0,17753.0,9512,13959.0,39484.0,14436.0,67432.0,12348.0,21397.0,3283.0,17583.0,16266.0,9208.0,15642.0,13486.0,27698.0,6563.0,28182.0,69300.0,8312.0,15470.0,37998.0,3447,35822.0,15711.0,14764.0,6299.0,11278.0,14014.0,8304.0,2957.0,26248.0,13412,35865.0,10769.0,4446.0,34082.0,32334.0,16650.0,11875.0,79984.0,20114.0,14379.0,7404.0,18710.0,19873.0,7394.0,9786.0,13970.0,7606.0,32651.0,79856.0,45862,58497.0,64213.0
2022-03-31,11607,27832,35680.0,8307.0,11323.0,17205.0,52545.0,18388.0,9896,15023.0,42481.0,14940.0,75303.0,12807.0,23002.0,2511.0,18417.0,16417.0,9625.0,16923.0,13748.0,30102.0,6907.0,29275.0,74105.0,9127.0,15831.0,40900.0,3306,36985.0,15603.0,14838.0,6567.0,11524.0,14262.0,8305.0,2846.0,24192.0,15090,35594.0,10884.0,4138.0,36552.0,33239.0,16955.0,12192.0,84257.0,19486.0,15186.0,7769.0,19979.0,20811.0,7479.0,10306.0,14467.0,7955.0,34532.0,84851.0,49334,59873.0,65879.0
2022-04-01,11302,25836,35695.0,6428.0,9852.0,14415.0,50337.0,15660.0,8163,14587.0,26792.0,15286.0,64267.0,9583.0,14948.0,2423.0,17603.0,16026.0,7888.0,11670.0,11858.0,19887.0,5658.0,24623.0,68275.0,9037.0,12326.0,41067.0,3795,34500.0,15433.0,16035.0,6317.0,11892.0,14411.0,8815.0,2705.0,24662.0,15082,32817.0,10202.0,4508.0,40261.0,34412.0,15959.0,9522.0,78910.0,18023.0,11121.0,5476.0,19055.0,18702.0,5043.0,9361.0,12118.0,6291.0,32493.0,73084.0,40025,57283.0,69375.0
2022-04-02,11026,19284,34952.0,3672.0,9126.0,12846.0,46940.0,9505.0,5387,14147.0,10883.0,14581.0,55405.0,7917.0,7182.0,2250.0,19052.0,10051.0,4339.0,5023.0,8409.0,10151.0,4134.0,19464.0,68176.0,8125.0,8260.0,44313.0,4040,32979.0,14338.0,18609.0,6223.0,11347.0,17288.0,9005.0,1615.0,24185.0,21060,27156.0,10005.0,3950.0,54118.0,42674.0,15148.0,5587.0,75689.0,19775.0,8656.0,3773.0,19773.0,22144.0,3184.0,7483.0,8818.0,3758.0,27659.0,64115.0,30902,57434.0,65721.0
2022-04-03,6824,16738,30100.0,2627.0,7011.0,8729.0,37878.0,6478.0,4698,11210.0,8588.0,10766.0,41675.0,8002.0,5437.0,2163.0,16169.0,6997.0,3380.0,3186.0,7172.0,5962.0,2480.0,14449.0,42156.0,6752.0,7106.0,26314.0,4712,20378.0,11086.0,12182.0,5981.0,8551.0,10808.0,5185.0,1252.0,18253.0,14360,20885.0,7655.0,3301.0,36842.0,29663.0,9944.0,6398.0,60852.0,20889.0,7918.0,9906.0,14506.0,21215.0,5350.0,5741.0,6467.0,4431.0,21725.0,50117.0,22888,47015.0,66526.0
2022-04-04,8733,23536,30520.0,5997.0,9087.0,12237.0,43735.0,14715.0,7949,12003.0,28482.0,11733.0,53991.0,9329.0,16311.0,2494.0,17548.0,14065.0,7435.0,12183.0,11188.0,19772.0,5056.0,22342.0,59082.0,8163.0,12337.0,32800.0,3612,30549.0,14408.0,14861.0,5396.0,9999.0,11934.0,7592.0,2321.0,23211.0,12429,29413.0,9408.0,4002.0,29705.0,27874.0,13498.0,9149.0,70742.0,18392.0,15228.0,6080.0,16257.0,16304.0,5721.0,7797.0,11695.0,5430.0,28107.0,66040.0,39348,50128.0,58087.0
2022-04-05,10843,26950,31725.0,7399.0,10234.0,14812.0,47844.0,17203.0,9205,13303.0,38520.0,13082.0,64468.0,12211.0,21789.0,2698.0,19331.0,15074.0,8923.0,13768.0,12705.0,26826.0,6328.0,26826.0,69121.0,8732.0,15026.0,37814.0,3666,34542.0,15141.0,15372.0,6455.0,10918.0,13424.0,8144.0,2701.0,25344.0,21755,,,,,,,,,,14274.0,7361.0,18414.0,20396.0,7340.0,8556.0,12812.0,6495.0,31260.0,76986.0,48289,55132.0,62574.0
2022-04-06,11437,26420,35296.0,7293.0,11830.0,15672.0,50874.0,17487.0,9435,14027.0,35756.0,13869.0,70207.0,13128.0,21223.0,2600.0,20061.0,15017.0,9341.0,14779.0,13628.0,27835.0,7037.0,29003.0,70696.0,9567.0,15719.0,41079.0,3998,36425.0,16058.0,16150.0,6289.0,11324.0,13689.0,8666.0,2813.0,27567.0,15871,36575.0,11199.0,4770.0,39017.0,35484.0,16184.0,11872.0,82907.0,,15155.0,8775.0,20529.0,21326.0,7798.0,9087.0,13937.0,7175.0,31075.0,78418.0,48467,58872.0,62127.0
2022-04-07,11788,28052,35005.0,7728.0,11574.0,17382.0,53078.0,17637.0,10241,14884.0,41194.0,15108.0,75731.0,13228.0,21965.0,2833.0,20683.0,15219.0,9679.0,13996.0,13691.0,29488.0,6896.0,29858.0,74555.0,9404.0,16157.0,41793.0,3935,37146.0,16367.0,16557.0,7138.0,11397.0,14149.0,8859.0,2917.0,26835.0,16447,34831.0,11493.0,4712.0,39524.0,35472.0,16447.0,11655.0,85155.0,21092.0,15203.0,7649.0,20707.0,22263.0,7287.0,9334.0,14265.0,7120.0,33143.0,87695.0,50530,62556.0,80817.0
2022-04-08,10923,25817,35140.0,5956.0,9146.0,13962.0,50237.0,15060.0,8465,12932.0,26399.0,14292.0,64130.0,9709.0,14393.0,2454.0,19548.0,14790.0,7219.0,11090.0,11423.0,19694.0,5620.0,22962.0,68063.0,9332.0,12099.0,41247.0,4000,34544.0,16421.0,16426.0,6321.0,11381.0,14201.0,9222.0,2642.0,25722.0,15922,32864.0,10311.0,4532.0,42497.0,36527.0,15654.0,9393.0,79563.0,20353.0,10937.0,5420.0,19590.0,20381.0,4615.0,8165.0,11182.0,5408.0,31174.0,72410.0,39419,55381.0,64971.0
2022-04-09,4013,22888,36135.0,3714.0,9997.0,11364.0,51411.0,9904.0,5119,13428.0,10455.0,12824.0,58197.0,9449.0,6699.0,4754.0,21160.0,10859.0,3951.0,5076.0,8367.0,10963.0,4301.0,18746.0,70129.0,8359.0,9683.0,44611.0,3875,36708.0,14375.0,18724.0,7306.0,13384.0,18566.0,9926.0,2110.0,22427.0,21983,29959.0,9881.0,5935.0,58936.0,46945.0,14510.0,6247.0,58999.0,23337.0,13325.0,3664.0,22779.0,24363.0,2958.0,6812.0,8332.0,4248.0,30387.0,72809.0,40213,75203.0,69026.0
2022-04-10,7469,16320,27938.0,2798.0,5877.0,7675.0,38239.0,6552.0,4545,10955.0,9542.0,36567.0,16.0,4468.0,4125.0,19228.0,7754.0,,3298.0,2460.0,7424.0,6477.0,2518.0,12235.0,40457.0,6642.0,7581.0,24590.0,3592,21101.0,12503.0,13619.0,5550.0,9656.0,10847.0,7386.0,1390.0,24015.0,14293,20579.0,7200.0,4203.0,35728.0,27624.0,9585.0,5788.0,45933.0,18857.0,9345.0,6104.0,13590.0,15639.0,2970.0,6234.0,5828.0,2748.0,23505.0,41340.0,26100,47890.0,45234.0
2022-04-11,8738,26530,30984.0,5954.0,9457.0,12539.0,47897.0,14690.0,7257,12884.0,27648.0,11866.0,56295.0,10930.0,15762.0,2860.0,22386.0,14939.0,6998.0,11448.0,11071.0,20099.0,5143.0,21560.0,63889.0,8723.0,13094.0,35355.0,4209,33804.0,16414.0,17815.0,6405.0,12051.0,12860.0,8435.0,2867.0,25935.0,14959,32508.0,10429.0,5434.0,36529.0,33795.0,14512.0,10544.0,75397.0,23445.0,12452.0,6188.0,18183.0,19579.0,5729.0,7673.0,11410.0,5530.0,26373.0,64829.0,41637,51459.0,61196.0
2022-04-12,10567,29428,32818.0,7068.0,10932.0,15314.0,51379.0,17340.0,8609,14470.0,38860.0,13433.0,65920.0,13373.0,20448.0,4819.0,24101.0,15632.0,8345.0,14523.0,12546.0,26243.0,6114.0,26423.0,75755.0,9787.0,16030.0,41130.0,4259,37734.0,17410.0,18787.0,7143.0,12526.0,14062.0,9407.0,3182.0,27450.0,16955,38411.0,11606.0,5186.0,41741.0,39060.0,16433.0,12060.0,82494.0,26062.0,14952.0,7534.0,21245.0,23036.0,7336.0,8808.0,14007.0,6518.0,31253.0,82029.0,49095,60255.0,64113.0
2022-04-13,10564,29313,33955.0,7243.0,11290.0,15552.0,52830.0,16596.0,8505,14476.0,38181.0,13963.0,69019.0,13157.0,20040.0,4799.0,23694.0,15343.0,8001.0,14302.0,12029.0,26753.0,6175.0,27983.0,63416.0,9552.0,15967.0,45517.0,4693,42205.0,17742.0,19040.0,7548.0,13201.0,14772.0,9837.0,3390.0,27067.0,18689,40184.0,11927.0,5706.0,45792.0,42080.0,16578.0,12306.0,86088.0,26477.0,14980.0,7237.0,7354.0,13767.0,6773.0,84424.0,,,,,48211,61692.0,65164.0
2022-04-14,10714,29668,36052.0,6783.0,11207.0,15500.0,52485.0,16173.0,8136,15144.0,34427.0,14292.0,70756.0,12921.0,18271.0,4261.0,25442.0,15599.0,8295.0,13035.0,11662.0,24982.0,5785.0,25914.0,77120.0,9705.0,15511.0,43561.0,4705,38367.0,17425.0,19525.0,7446.0,13654.0,14832.0,9929.0,3228.0,26229.0,19638,36507.0,11864.0,6357.0,46912.0,40767.0,16278.0,10886.0,87743.0,25658.0,22713.0,25514.0,8622.0,33139.0,,,,,,,45135,64320.0,67648.0
2022-04-15,24814,6465,3511.0,9415.0,1852.0,49476.0,8855.0,,7737,11192.0,42618.0,8721.0,24373.0,,,,,,2986.0,5912.0,14524.0,58390.0,7228.0,29472.0,,,,,5895,28879.0,14074.0,18821.0,5255.0,10632.0,12563.0,6866.0,2424.0,22984.0,18486,29727.0,9971.0,6650.0,38691.0,42006.0,11503.0,6883.0,48363.0,25210.0,13360.0,2889.0,19688.0,20741.0,3488.0,5689.0,8455.0,3333.0,23308.0,58224.0,32245,63292.0,64605.0
2022-04-16,27047,6668,3958.0,10398.0,1723.0,51422.0,8836.0,,11805,4799.0,3345.0,4979.0,,,,,,,3440.0,8972.0,2054.0,7453.0,,,,,,,4619,32635.0,13906.0,20089.0,8446.0,16499.0,17034.0,9887.0,2416.0,21429.0,20287,29787.0,9489.0,6900.0,42010.0,46865.0,11901.0,6507.0,50362.0,26285.0,11632.0,2408.0,20598.0,20616.0,3193.0,5666.0,8348.0,3125.0,22508.0,64077.0,31419,68295.0,69241.0
2022-04-17,4061,23694,3740.0,2975.0,9315.0,5472.0,41682.0,5632.0,9628,6236.0,9289.0,31125.0,6167.0,3956.0,2755.0,19232.0,3527.0,,2252.0,1780.0,3299.0,7095.0,1800.0,11326.0,26304.0,5667.0,6209.0,20373.0,3795,15487.0,10309.0,10137.0,6049.0,10778.0,9338.0,7756.0,1734.0,18017.0,12848,20000.0,6303.0,5389.0,30824.0,26128.0,6406.0,5661.0,34698.0,21280.0,6565.0,1828.0,14716.0,13415.0,2273.0,4361.0,6084.0,2016.0,15627.0,50629.0,23636,62085.0,55193.0
2022-04-18,4489,18558,3580.0,2523.0,10642.0,5013.0,54432.0,5989.0,8779,4939.0,7810.0,28585.0,5725.0,4000.0,2378.0,16230.0,4022.0,,2492.0,1842.0,3553.0,5551.0,2062.0,10222.0,39257.0,5054.0,4659.0,20644.0,4088,21584.0,10422.0,14701.0,3885.0,7587.0,8250.0,5028.0,1488.0,17042.0,11157,18275.0,6933.0,4159.0,30396.0,27066.0,7931.0,4659.0,34333.0,16190.0,7655.0,1787.0,12783.0,12414.0,2379.0,4177.0,5721.0,1795.0,12181.0,46576.0,21634,47986.0,52722.0
2022-04-19,9591,25458,35639.0,6142.0,10894.0,13351.0,50882.0,15531.0,7909,11305.0,33427.0,12736.0,58495.0,10961.0,18213.0,2577.0,19720.0,15362.0,7158.0,12899.0,12301.0,22846.0,5401.0,22822.0,64502.0,8223.0,13425.0,32934.0,4073,33031.0,14941.0,16323.0,5862.0,11087.0,12895.0,7536.0,2814.0,26660.0,13392,32688.0,10151.0,4451.0,33268.0,31786.0,14781.0,10766.0,74358.0,21812.0,13083.0,6519.0,17774.0,18774.0,6193.0,8401.0,12161.0,5586.0,29040.0,72091.0,43424,51992.0,61387.0
2022-04-20,11771,29269,35681.0,7314.0,12270.0,15457.0,50719.0,17982.0,8432,13988.0,40353.0,14225.0,69022.0,13019.0,20961.0,2959.0,22881.0,15814.0,8261.0,15047.0,13146.0,26554.0,6179.0,25928.0,76174.0,9121.0,15352.0,38564.0,4329,41647.0,16032.0,16316.0,7344.0,23816.0,15092.0,8879.0,3452.0,28306.0,14533,47615.0,11763.0,2042.0,39091.0,37457.0,18210.0,13504.0,86750.0,25622.0,15191.0,7687.0,20756.0,23732.0,7624.0,9471.0,14118.0,6274.0,32507.0,85151.0,49844,60171.0,63655.0
2022-04-21,12209,29925,34812.0,7650.0,12228.0,17302.0,55367.0,18760.0,9342,15070.0,42264.0,14428.0,74967.0,13760.0,23442.0,3482.0,24805.0,15705.0,8442.0,14989.0,13286.0,29427.0,6632.0,28679.0,73976.0,9813.0,17354.0,40638.0,4558,38757.0,17330.0,17798.0,7349.0,13352.0,15729.0,9521.0,3555.0,27843.0,16589,40295.0,12520.0,5918.0,40425.0,39695.0,19114.0,13501.0,88318.0,25751.0,16423.0,8987.0,21884.0,24946.0,8304.0,10147.0,15429.0,7398.0,34382.0,88895.0,53202,63791.0,64420.0
2022-04-22,11155,26538,34780.0,6026.0,10987.0,14286.0,50713.0,16399.0,5469,14664.0,29653.0,15190.0,62334.0,10635.0,15569.0,2688.0,22143.0,15500.0,7356.0,11227.0,11352.0,19537.0,5612.0,23854.0,71891.0,10301.0,12982.0,39297.0,4731,35991.0,17207.0,19602.0,6993.0,12120.0,16001.0,9659.0,3036.0,28948.0,16891,36014.0,11280.0,5026.0,42108.0,39880.0,18087.0,10911.0,82918.0,22760.0,12180.0,5929.0,20078.0,21521.0,5522.0,9538.0,12160.0,5878.0,32613.0,73780.0,40645,57222.0,63725.0
2022-04-23,26899,35709,4864.0,10676.0,2479.0,47761.0,11558.0,,5994,13400.0,11250.0,14207.0,59277.0,8372.0,6921.0,2446.0,20153.0,11227.0,5271.0,4814.0,12475.0,12313.0,2700.0,20290.0,70121.0,9513.0,9279.0,38914.0,5041,36967.0,15832.0,19756.0,6870.0,11922.0,18662.0,10208.0,2143.0,24286.0,22483,31049.0,10037.0,4904.0,45925.0,46877.0,15382.0,6688.0,81665.0,22009.0,8355.0,3138.0,21421.0,23574.0,3350.0,7405.0,9311.0,4601.0,32875.0,57304.0,31100,58670.0,68514.0
2022-04-24,6696,16719,27349.0,2644.0,6220.0,6816.0,37341.0,6723.0,6306,6796.0,6301.0,10306.0,34978.0,5464.0,4805.0,2167.0,16337.0,6660.0,3195.0,2383.0,6314.0,3470.0,2028.0,12490.0,37169.0,6441.0,5777.0,21874.0,3998,21052.0,13051.0,12922.0,5961.0,9368.0,11281.0,7413.0,1635.0,22124.0,13041,19897.0,7505.0,4642.0,30664.0,25420.0,9256.0,4889.0,62037.0,16348.0,3721.0,2343.0,12867.0,13957.0,2237.0,5309.0,6069.0,2363.0,16243.0,35504.0,22836,37766.0,48299.0
2022-04-25,8612,25182,30276.0,6083.0,9678.0,12223.0,47199.0,15813.0,8204,11253.0,33123.0,12652.0,55630.0,11128.0,17294.0,3045.0,17940.0,15571.0,7126.0,12526.0,11351.0,20991.0,5312.0,22529.0,60381.0,8563.0,13082.0,31199.0,3729,31083.0,14607.0,15335.0,5824.0,10446.0,13374.0,7578.0,2790.0,22191.0,10726,31793.0,9589.0,4277.0,26632.0,29674.0,14907.0,11131.0,70944.0,21692.0,12947.0,6268.0,16699.0,16854.0,6386.0,9180.0,11758.0,5744.0,28075.0,70267.0,37315,45758.0,62316.0
2022-04-26,10463,29143,35022.0,7800.0,11460.0,15776.0,55106.0,19241.0,8778,13581.0,44612.0,14092.0,69008.0,13913.0,23829.0,3299.0,19979.0,16907.0,9376.0,16803.0,14008.0,27936.0,6447.0,27298.0,71048.0,9397.0,16394.0,36550.0,4039,37259.0,15827.0,15383.0,7371.0,11681.0,15080.0,8118.0,3388.0,23036.0,12312,38931.0,11353.0,4878.0,30861.0,32787.0,18190.0,13227.0,82068.0,23783.0,16177.0,8210.0,19288.0,20934.0,8509.0,10540.0,14891.0,7516.0,34051.0,84756.0,54028,59921.0,66143.0
2022-04-27,10941,29055,37289.0,7772.0,11974.0,16748.0,57059.0,20053.0,9050,14297.0,46425.0,14499.0,73889.0,13701.0,24512.0,4059.0,21853.0,16873.0,9675.0,17165.0,14908.0,28954.0,7236.0,29304.0,65973.0,10100.0,17431.0,41065.0,4274,40413.0,16855.0,16214.0,7206.0,12195.0,15383.0,8674.0,3390.0,26039.0,14434,40502.0,11610.0,4619.0,34727.0,35984.0,18621.0,13964.0,88011.0,24405.0,16111.0,8606.0,21256.0,21998.0,8596.0,10692.0,15302.0,7909.0,34491.0,90139.0,55289,62682.0,65267.0
2022-04-28,12041,30698,38810.0,7861.0,13056.0,18336.0,56820.0,19951.0,9643,14345.0,48436.0,15490.0,79815.0,14238.0,25641.0,3279.0,22890.0,16843.0,9771.0,18085.0,15085.0,32308.0,7284.0,30426.0,77095.0,10213.0,18261.0,41670.0,38916,17403.0,16246.0,8210.0,12678.0,9084.0,3428.0,,,,14770,40677.0,11923.0,5012.0,35979.0,36341.0,18426.0,13859.0,88595.0,23155.0,16388.0,8486.0,21695.0,22715.0,8704.0,10848.0,15792.0,8065.0,37219.0,94544.0,56875,66955.0,86733.0
2022-04-29,11434,27522,36429.0,6090.0,10982.0,14683.0,54330.0,16925.0,7429,14175.0,28581.0,15283.0,64613.0,10501.0,15616.0,2818.0,20824.0,17188.0,7278.0,12408.0,12238.0,20968.0,5484.0,24507.0,71559.0,10112.0,13529.0,41235.0,4693,6804.0,12217.0,15629.0,26457.0,,,,,,12966,35028.0,11409.0,4798.0,42243.0,37680.0,17892.0,11037.0,84535.0,20833.0,12373.0,5999.0,21184.0,20817.0,5163.0,9936.0,12778.0,6148.0,33590.0,75924.0,42381,58868.0,70116.0
2022-04-30,9479,25857,6648.0,4192.0,13193.0,11000.0,49468.0,10086.0,13140,10902.0,15009.0,54649.0,8070.0,6085.0,5914.0,26285.0,7283.0,,4233.0,4746.0,5506.0,11091.0,3553.0,18436.0,67866.0,8055.0,9691.0,40803.0,3927,36154.0,14680.0,19447.0,17213.0,9829.0,2367.0,21434.0,,,21458,30419.0,9193.0,5831.0,52847.0,43788.0,13516.0,6054.0,57835.0,23088.0,12110.0,3031.0,20993.0,21181.0,3397.0,7538.0,9121.0,3620.0,34987.0,79420.0,38018,76437.0,77694.0
2022-05-01,3215,18549,4954.0,2570.0,10334.0,7837.0,39786.0,6951.0,10445,11605.0,43292.0,9.0,4002.0,4447.0,20783.0,4952.0,,,2746.0,2844.0,3942.0,7140.0,2596.0,14139.0,44092.0,7024.0,8956.0,28338.0,3655,23788.0,12346.0,14143.0,6171.0,9089.0,11219.0,7891.0,1235.0,22388.0,16059,21717.0,7101.0,3760.0,38817.0,30011.0,8304.0,5051.0,44651.0,19432.0,8209.0,5047.0,14137.0,13620.0,2861.0,5867.0,6912.0,2226.0,26605.0,50785.0,28652,56627.0,74972.0
2022-05-02,4836,20972,4490.0,2704.0,10367.0,6100.0,40859.0,6985.0,9539,6363.0,10021.0,33883.0,5159.0,3731.0,4487.0,18813.0,5188.0,,3260.0,2960.0,3632.0,6617.0,2377.0,12414.0,42694.0,5946.0,7036.0,25400.0,3609,24993.0,11792.0,14884.0,5303.0,8914.0,9473.0,7482.0,1744.0,20176.0,13571,27984.0,7109.0,4367.0,33177.0,28438.0,8497.0,5293.0,37297.0,17458.0,9009.0,2083.0,13940.0,13107.0,2471.0,5017.0,6618.0,2449.0,20689.0,51135.0,27181,52701.0,56563.0
2022-05-03,9708,28781,35350.0,7517.0,10999.0,14484.0,53402.0,18361.0,8914,12229.0,39911.0,13504.0,65085.0,11993.0,22061.0,3771.0,19894.0,15531.0,8610.0,15000.0,14337.0,26738.0,6509.0,26259.0,68181.0,9355.0,14849.0,37452.0,3929,36259.0,15747.0,15785.0,6786.0,11611.0,14251.0,8241.0,2923.0,25074.0,12410,36735.0,10478.0,4679.0,32505.0,30996.0,16997.0,12517.0,80184.0,21575.0,13777.0,7349.0,18644.0,18839.0,7353.0,9843.0,13849.0,6911.0,31559.0,81513.0,51823,58347.0,65097.0
2022-05-04,11771,28609,34605.0,8274.0,12014.0,16718.0,56950.0,19624.0,9947,14807.0,45497.0,14741.0,74394.0,13924.0,24675.0,3845.0,21424.0,16414.0,10142.0,17501.0,14873.0,30539.0,7498.0,29661.0,73469.0,10299.0,17344.0,41046.0,4277,38849.0,17400.0,17231.0,7259.0,12192.0,15084.0,8860.0,3332.0,28508.0,15037,40416.0,11727.0,5218.0,35710.0,36635.0,18926.0,14912.0,86131.0,23393.0,16429.0,8385.0,21481.0,21684.0,8604.0,10627.0,15401.0,7700.0,33865.0,88885.0,55710,63069.0,65776.0
2022-05-05,11798,30802,35942.0,8495.0,12072.0,18354.0,58049.0,20259.0,10561,15334.0,47450.0,15189.0,79251.0,13837.0,25927.0,4182.0,23256.0,16680.0,10287.0,17518.0,15160.0,32739.0,7237.0,30977.0,77522.0,10377.0,17858.0,42886.0,4424,40276.0,18164.0,17947.0,7990.0,13080.0,16076.0,9585.0,3294.0,27465.0,15144,40849.0,11565.0,38704.0,37082.0,18952.0,14174.0,89157.0,24012.0,,16561.0,8612.0,22306.0,22891.0,8734.0,10608.0,15537.0,7665.0,37441.0,93904.0,58376,66817.0,70721.0
2022-05-06,11291,27290,34271.0,6954.0,10336.0,14947.0,53661.0,17291.0,7684,13772.0,28795.0,15534.0,65046.0,9364.0,16434.0,3251.0,20838.0,16003.0,8038.0,12165.0,12429.0,21349.0,5946.0,24720.0,70750.0,10512.0,13404.0,42395.0,4668,36370.0,17326.0,17967.0,7404.0,12835.0,16239.0,10023.0,3003.0,27230.0,6515,,,,,,,,,,11962.0,6409.0,20233.0,21297.0,5550.0,9516.0,12750.0,6166.0,34416.0,75895.0,44173,59989.0,69564.0
2022-05-07,9921,22862,35441.0,4135.0,9773.0,11454.0,51261.0,10416.0,12972,11776.0,15705.0,56861.0,8001.0,7444.0,3931.0,24813.0,6041.0,,4300.0,5307.0,8068.0,10837.0,3962.0,19587.0,69906.0,8863.0,9102.0,44988.0,4937,33104.0,14975.0,20060.0,7148.0,12545.0,18912.0,9827.0,2185.0,24453.0,20297,27646.0,10110.0,5807.0,55416.0,44172.0,14952.0,7144.0,81654.0,21019.0,8916.0,3338.0,24316.0,23043.0,3111.0,7489.0,8776.0,3663.0,24407.0,64654.0,31940,54693.0,80994.0
2022-05-08,8452,18244,29656.0,3178.0,6527.0,8599.0,43415.0,7432.0,9960,7210.0,12594.0,38288.0,5997.0,5164.0,3176.0,18421.0,3581.0,,3276.0,2659.0,6681.0,6104.0,2159.0,13200.0,40228.0,7345.0,6498.0,25258.0,4416,21742.0,11188.0,13967.0,6739.0,10514.0,12150.0,8132.0,1771.0,17324.0,13647,20945.0,7569.0,6440.0,32893.0,26157.0,9381.0,5733.0,60836.0,17291.0,5194.0,1925.0,12940.0,13341.0,2430.0,5096.0,6470.0,2204.0,19689.0,41262.0,24655,37224.0,56480.0
2022-05-09,9227,25566,29843.0,6700.0,9391.0,12763.0,48221.0,16367.0,8152,11493.0,32367.0,13022.0,57678.0,9945.0,18234.0,3482.0,17833.0,15863.0,8097.0,12692.0,12351.0,22236.0,5323.0,23002.0,59315.0,9047.0,13301.0,32810.0,3947,33029.0,15312.0,15093.0,6291.0,11317.0,13447.0,7979.0,2829.0,22663.0,10786,32964.0,9889.0,5527.0,27677.0,27505.0,15630.0,10848.0,72704.0,18815.0,12394.0,6323.0,16862.0,18087.0,6300.0,9150.0,12420.0,5909.0,29358.0,70061.0,45799,50802.0,62290.0
2022-05-10,11242,29140,34495.0,8266.0,11710.0,15891.0,51150.0,19566.0,10055,13932.0,45049.0,14800.0,72488.0,13240.0,25099.0,4095.0,19884.0,17140.0,10088.0,17132.0,14493.0,30212.0,6791.0,28999.0,72211.0,9661.0,16932.0,38780.0,4120,38210.0,16421.0,16192.0,7282.0,12492.0,14785.0,8530.0,3124.0,24566.0,12516,39466.0,11381.0,5147.0,32100.0,32216.0,18128.0,14666.0,84773.0,24433.0,16211.0,20383.0,21486.0,8141.0,15051.0,7481.0,34477.0,87115.0,,,56476,61228.0,67402.0
2022-05-11,12362,29037,38470.0,8533.0,12792.0,16838.0,55563.0,20748.0,11061,14947.0,50439.0,15255.0,77127.0,15844.0,25438.0,5609.0,23274.0,16760.0,10435.0,17855.0,16018.0,31909.0,7477.0,31040.0,73214.0,10805.0,17915.0,41783.0,4306,39744.0,17051.0,17066.0,7497.0,13041.0,15385.0,8815.0,3385.0,27698.0,15344,41220.0,12335.0,5439.0,35843.0,36208.0,18988.0,15715.0,91213.0,24844.0,16995.0,9022.0,8645.0,11072.0,8759.0,,,,,,52452,61844.0,66490.0
2022-05-12,12399,31536,39232.0,8806.0,12455.0,17863.0,59574.0,20535.0,12243,15216.0,49458.0,15716.0,82451.0,14462.0,26059.0,4527.0,22546.0,16925.0,9904.0,18354.0,15138.0,32918.0,7181.0,32086.0,77851.0,10403.0,18470.0,42848.0,4147,40754.0,17900.0,17082.0,8325.0,13279.0,15872.0,9361.0,3548.0,25706.0,15495,41444.0,12085.0,5190.0,37902.0,35987.0,19452.0,14753.0,93516.0,24844.0,8468.0,22342.0,23407.0,10946.0,16218.0,38356.0,95952.0,,,,59312,67032.0,70671.0
2022-05-13,11034,28519,36027.0,6706.0,10620.0,14196.0,53786.0,17482.0,7970,14295.0,28872.0,15761.0,65719.0,10378.0,15957.0,3379.0,21018.0,16119.0,7862.0,12031.0,13229.0,21889.0,4902.0,25694.0,71277.0,10786.0,13242.0,41976.0,4702,36493.0,17535.0,17313.0,7236.0,13067.0,16137.0,9721.0,3105.0,26094.0,15986,36536.0,11929.0,5477.0,39421.0,36814.0,18378.0,11539.0,84413.0,22409.0,12890.0,6177.0,20890.0,22541.0,5462.0,9910.0,12315.0,6483.0,35619.0,77463.0,44598,60352.0,69800.0
2022-05-14,5,32029,33466.0,5766.0,10431.0,1441.0,61080.0,11876.0,6419,13807.0,12045.0,14980.0,57472.0,8635.0,7058.0,2831.0,23348.0,11520.0,5568.0,3522.0,12560.0,13093.0,2506.0,20550.0,70625.0,8766.0,9946.0,41444.0,5114,37249.0,14699.0,18877.0,8341.0,15825.0,18898.0,10703.0,3006.0,22971.0,21026,32860.0,11444.0,7652.0,42883.0,45205.0,16076.0,8352.0,85654.0,26953.0,10063.0,3450.0,23219.0,26927.0,3626.0,7686.0,9867.0,5316.0,30249.0,64952.0,35841,63001.0,74643.0
2022-05-15,16253,29257,2837.0,7452.0,850.0,52584.0,7364.0,,4360,10807.0,6688.0,10276.0,38885.0,5757.0,4403.0,1729.0,15428.0,7460.0,4409.0,2658.0,8701.0,6849.0,1550.0,13437.0,42654.0,6914.0,5888.0,23759.0,4320,20812.0,11377.0,12934.0,5562.0,8501.0,10718.0,7013.0,1138.0,21190.0,14151,17236.0,7661.0,3215.0,25507.0,26618.0,9692.0,5466.0,64492.0,15702.0,7744.0,1929.0,13293.0,13773.0,2234.0,5629.0,6659.0,3240.0,22906.0,39633.0,22660,36233.0,66831.0
2022-05-16,10818,25813,32817.0,6717.0,9820.0,16057.0,50237.0,16617.0,7945,12227.0,34258.0,13607.0,56787.0,11188.0,19889.0,2889.0,18364.0,16216.0,7854.0,12804.0,12502.0,22363.0,4857.0,23239.0,60495.0,9653.0,13305.0,33066.0,4142,33935.0,15991.0,15856.0,6397.0,11338.0,13683.0,8098.0,2769.0,23651.0,11875,34560.0,10839.0,6806.0,27661.0,28396.0,16586.0,12232.0,75144.0,23028.0,12435.0,6002.0,15761.0,17298.0,5563.0,7645.0,12150.0,6013.0,29889.0,65887.0,44926,59734.0,62168.0
2022-05-17,14285,31349,37038.0,8526.0,11753.0,21216.0,57635.0,20208.0,9844,15090.0,50225.0,15173.0,71735.0,14382.0,27670.0,4303.0,21352.0,18103.0,9677.0,18441.0,14367.0,31036.0,6098.0,24419.0,71079.0,10822.0,17165.0,39552.0,4636,38579.0,17160.0,16559.0,8829.0,13096.0,16216.0,7226.0,3495.0,24763.0,14210,40800.0,12503.0,5738.0,32118.0,33058.0,17946.0,14259.0,85109.0,26478.0,15175.0,7501.0,18969.0,22562.0,7448.0,8275.0,14486.0,7676.0,34927.0,78620.0,53535,70218.0,67922.0
2022-05-18,15196,31936,38354.0,8495.0,12445.0,22526.0,59220.0,20053.0,10092,14463.0,49259.0,15701.0,75339.0,14284.0,27533.0,4252.0,20449.0,16852.0,9446.0,17083.0,15255.0,31691.0,6728.0,29642.0,74818.0,10354.0,16771.0,40938.0,4635,39908.0,17540.0,16776.0,8249.0,13262.0,15856.0,9050.0,3411.0,26488.0,14421,41364.0,12653.0,6069.0,35092.0,36596.0,19178.0,15066.0,87659.0,26730.0,15665.0,7591.0,20113.0,23131.0,7454.0,10381.0,14931.0,7619.0,34906.0,83329.0,56981,75039.0,68252.0
2022-05-19,15293,31526,39573.0,9178.0,12336.0,24497.0,62454.0,20422.0,15102,51174.0,15922.0,80244.0,14954.0,28882.0,4241.0,17017.0,,,9522.0,17452.0,15066.0,34377.0,6724.0,30511.0,77908.0,17422.0,42143.0,,4640,40620.0,18366.0,17152.0,8625.0,13315.0,16254.0,9425.0,3525.0,26928.0,15119,42982.0,12834.0,5551.0,37763.0,37517.0,19601.0,15119.0,94095.0,25908.0,17448.0,8429.0,20879.0,25036.0,7828.0,11096.0,15653.0,8214.0,37049.0,86899.0,57856,82366.0,69523.0
2022-05-20,14457,27623,39331.0,6878.0,10961.0,20447.0,56264.0,17133.0,7731,14347.0,2784.0,20308.0,,,,,,,11887.0,,,,,,,,,,5037,37017.0,18232.0,18574.0,7095.0,12719.0,16052.0,9835.0,2916.0,28974.0,15315,37329.0,12516.0,6821.0,42897.0,38391.0,17724.0,12366.0,85703.0,22876.0,12010.0,5389.0,23524.0,21699.0,4915.0,10412.0,12642.0,6533.0,34130.0,70637.0,42158,70581.0,69109.0
2022-05-21,13499,30452,35761.0,4778.0,9206.0,17471.0,54503.0,10956.0,12704,13504.0,16779.0,57208.0,8181.0,8984.0,24239.0,6948.0,,,4181.0,5527.0,9240.0,11975.0,3706.0,20896.0,71019.0,9664.0,9868.0,45722.0,4960,37527.0,14940.0,19918.0,7945.0,14082.0,19464.0,10664.0,2691.0,22185.0,18261,32718.0,11288.0,5820.0,56981.0,45820.0,14955.0,8706.0,58806.0,27520.0,11428.0,2525.0,24767.0,22744.0,2957.0,8062.0,9415.0,3626.0,32949.0,74815.0,34348,92483.0,79732.0
2022-05-22,9302,21578,30477.0,3186.0,7121.0,11222.0,47668.0,7286.0,9967,8718.0,13730.0,41303.0,5918.0,5910.0,2481.0,16812.0,4523.0,,3229.0,2642.0,7597.0,7516.0,2174.0,13519.0,38217.0,7640.0,6425.0,24471.0,4340,22320.0,11641.0,13255.0,7177.0,10773.0,12200.0,8848.0,1874.0,16629.0,13846,22864.0,8299.0,5308.0,32453.0,26474.0,10046.0,6464.0,49067.0,18878.0,8267.0,4487.0,11656.0,15621.0,2184.0,5844.0,6162.0,2257.0,25532.0,50472.0,25148,80126.0,59953.0
2022-05-23,11646,25372,33670.0,6777.0,9772.0,17271.0,50988.0,16590.0,8374,12403.0,34124.0,13701.0,58262.0,10792.0,20889.0,2830.0,18300.0,16063.0,7464.0,12829.0,12328.0,23293.0,5387.0,23214.0,61550.0,9617.0,13273.0,34060.0,4386,34771.0,16646.0,16310.0,6584.0,11283.0,13748.0,8120.0,2905.0,25627.0,11477,33483.0,10477.0,4527.0,29037.0,30102.0,19357.0,12105.0,71846.0,22991.0,12892.0,5777.0,16343.0,17744.0,5514.0,9568.0,12521.0,5891.0,29886.0,64401.0,44452,60973.0,63092.0
2022-05-24,14973,29675,38341.0,8184.0,12588.0,22031.0,57166.0,20069.0,12181,10481.0,50042.0,15310.0,93619.0,13940.0,30207.0,2879.0,19750.0,21607.0,9183.0,16318.0,13914.0,52164.0,6751.0,28501.0,70593.0,11110.0,17248.0,69621.0,3805,40034.0,19241.0,18271.0,6633.0,12918.0,16116.0,8948.0,3639.0,24456.0,13431,36097.0,11021.0,5444.0,31992.0,35132.0,27650.0,14445.0,90651.0,27439.0,14934.0,6589.0,19164.0,21110.0,6645.0,11042.0,14103.0,5869.0,35205.0,82317.0,51391,72408.0,68795.0
2022-05-25,16265,30793,39511.0,8608.0,12466.0,23285.0,55547.0,20483.0,10614,14380.0,48867.0,15376.0,92763.0,15552.0,29721.0,2727.0,18284.0,20465.0,9274.0,16358.0,14888.0,49439.0,7013.0,29570.0,67964.0,11017.0,16666.0,67139.0,4745,41931.0,18515.0,18939.0,6308.0,13140.0,16409.0,8994.0,3567.0,28362.0,14647,42286.0,12973.0,6143.0,36652.0,37989.0,33026.0,15881.0,91848.0,26871.0,16578.0,7507.0,19988.0,23452.0,7392.0,10731.0,15029.0,7692.0,33787.0,84572.0,52782,77356.0,67901.0
2022-05-26,16386,33283,41282.0,8855.0,13168.0,26184.0,57381.0,20626.0,10736,15852.0,50641.0,15902.0,98745.0,15446.0,30878.0,2965.0,23551.0,20505.0,8775.0,16844.0,14879.0,51306.0,6916.0,31065.0,78751.0,11649.0,17826.0,69636.0,4941,41229.0,19741.0,19021.0,6798.0,14004.0,16998.0,9533.0,3718.0,28130.0,15976,42878.0,13024.0,5638.0,39244.0,40384.0,37464.0,16137.0,98975.0,27710.0,17420.0,7634.0,21871.0,25973.0,7663.0,11126.0,15871.0,8314.0,36819.0,89356.0,54474,81419.0,70352.0
2022-05-27,14638,30700,40958.0,7095.0,11112.0,20530.0,53564.0,17611.0,7634,14712.0,29617.0,15835.0,80680.0,10871.0,20081.0,3001.0,24337.0,20210.0,6547.0,11123.0,12172.0,33299.0,5725.0,24740.0,73138.0,11810.0,14066.0,66397.0,5674,39107.0,20232.0,21349.0,6830.0,14979.0,17694.0,10996.0,3332.0,30804.0,16709,39212.0,12391.0,6567.0,43278.0,40675.0,39735.0,13462.0,90942.0,27371.0,13282.0,5124.0,20815.0,24716.0,5518.0,10550.0,12868.0,6647.0,36122.0,76388.0,42274,77216.0,73824.0
2022-05-28,14170,27358,40138.0,4561.0,10925.0,17686.0,53168.0,11756.0,5507,13744.0,11922.0,14481.0,76166.0,8176.0,10262.0,2675.0,24666.0,15206.0,4284.0,4520.0,10054.0,22699.0,2372.0,20317.0,70336.0,9069.0,9072.0,73542.0,38161,17010.0,23253.0,6778.0,14155.0,19183.0,9976.0,2469.0,28186.0,,17147,33666.0,11137.0,5878.0,60321.0,47200.0,33122.0,10599.0,83872.0,27615.0,9543.0,2849.0,21132.0,25069.0,3336.0,7810.0,9657.0,4436.0,31192.0,74669.0,33965,77682.0,79469.0
2022-05-29,9509,22682,31754.0,3335.0,8243.0,12480.0,49971.0,7926.0,6167,10842.0,9548.0,10572.0,45765.0,7792.0,7349.0,3468.0,22860.0,9399.0,3816.0,3384.0,8264.0,9490.0,2555.0,19016.0,49444.0,8975.0,8348.0,33881.0,4620,25981.0,14855.0,16646.0,6769.0,10642.0,11315.0,8539.0,1880.0,23105.0,9411,25827.0,8342.0,6489.0,47777.0,37313.0,13481.0,7524.0,62988.0,22867.0,7192.0,2289.0,18404.0,17981.0,3327.0,6603.0,5970.0,3740.0,23292.0,55586.0,26484,60121.0,62061.0
2022-05-30,11203,26002,33909.0,5923.0,10677.0,17805.0,43798.0,16043.0,10707,9225.0,32428.0,12803.0,71790.0,10471.0,20215.0,2625.0,22106.0,17640.0,6457.0,11851.0,10915.0,30633.0,5531.0,23467.0,65588.0,10454.0,13906.0,57982.0,4286,37420.0,18761.0,19850.0,4933.0,12076.0,13620.0,8907.0,2951.0,29193.0,15100,34961.0,11067.0,4950.0,37619.0,35170.0,15658.0,11474.0,75054.0,25131.0,11284.0,4766.0,18825.0,17703.0,4816.0,9023.0,11762.0,5100.0,28453.0,67082.0,39662,62100.0,74165.0
2022-05-31,13060,29804,35303.0,7245.0,12017.0,20987.0,47973.0,18892.0,11695,11163.0,39697.0,13731.0,85425.0,13362.0,26457.0,2835.0,24670.0,18148.0,8103.0,8900.0,12561.0,40532.0,6468.0,22726.0,73440.0,11047.0,11270.0,68046.0,5007,31695.0,19880.0,19893.0,4903.0,10702.0,14397.0,7744.0,3415.0,30868.0,18247,42378.0,12422.0,5430.0,41963.0,41263.0,17042.0,13435.0,86375.0,26700.0,13573.0,6559.0,21701.0,21440.0,7003.0,9727.0,13641.0,6682.0,33430.0,80600.0,46793,72886.0,77403.0
2022-06-01,14229,31239,39764.0,7510.0,13320.0,21365.0,52111.0,19616.0,9711,13418.0,36157.0,15234.0,86784.0,12520.0,22664.0,2791.0,25039.0,19674.0,7699.0,12849.0,13772.0,37324.0,7.0,26815.0,76784.0,10216.0,14262.0,71392.0,4767,41314.0,17391.0,19251.0,5801.0,13690.0,15445.0,10159.0,3433.0,35130.0,18143,42948.0,12410.0,5971.0,46341.0,42558.0,18375.0,13502.0,92928.0,28344.0,12870.0,5794.0,23494.0,24527.0,5756.0,9660.0,13413.0,6286.0,33354.0,83356.0,45727,77970.0,76483.0
2022-06-02,12468,28886,36286.0,4117.0,10451.0,13588.0,48718.0,10760.0,5006,11889.0,8984.0,10550.0,61844.0,8504.0,8761.0,2709.0,29639.0,14589.0,4160.0,2498.0,8215.0,17375.0,917.0,17068.0,62269.0,9049.0,6145.0,68448.0,6781,39880.0,13544.0,25632.0,4860.0,14453.0,11897.0,6644.0,2497.0,29775.0,21679,36523.0,10533.0,10115.0,58687.0,60241.0,16570.0,9353.0,96743.0,27283.0,10447.0,2777.0,32686.0,38001.0,3729.0,7012.0,8022.0,5895.0,27452.0,78602.0,31283,67206.0,67607.0
2022-06-03,13008,27250,32764.0,3796.0,8704.0,13364.0,47678.0,8865.0,5154,11953.0,9855.0,10018.0,58417.0,8231.0,8517.0,2552.0,27474.0,14164.0,3735.0,2470.0,8001.0,17101.0,2814.0,14948.0,56248.0,8378.0,9471.0,56543.0,6584,31492.0,12162.0,18709.0,1889.0,11539.0,12363.0,7026.0,2257.0,27805.0,19962,36484.0,10234.0,6592.0,48468.0,43662.0,13484.0,10695.0,72042.0,28760.0,11737.0,2821.0,21512.0,24663.0,4479.0,6498.0,7667.0,3871.0,24586.0,66058.0,29049,67333.0,65137.0
2022-06-04,12541,24766,33821.0,3767.0,9102.0,13560.0,50067.0,8655.0,4987,12309.0,9143.0,11677.0,58974.0,7203.0,7549.0,2227.0,24402.0,12310.0,2843.0,2674.0,7875.0,15728.0,2772.0,19784.0,58614.0,3368.0,8390.0,61421.0,5257,30753.0,11706.0,19116.0,1872.0,14052.0,16034.0,9370.0,2160.0,26441.0,19404,40010.0,9604.0,4859.0,53515.0,50164.0,15015.0,8978.0,75113.0,31902.0,9125.0,2528.0,10041.0,29732.0,2153.0,6619.0,7781.0,1299.0,24739.0,65111.0,27283,63595.0,65561.0
2022-06-05,7082,16930,30865.0,2361.0,7350.0,8891.0,41911.0,6422.0,3733,9689.0,5975.0,8663.0,41630.0,5108.0,5538.0,1624.0,17021.0,8385.0,2729.0,1330.0,7174.0,9548.0,832.0,14546.0,37602.0,2333.0,5296.0,36837.0,4303,20492.0,9510.0,14795.0,3801.0,11076.0,9334.0,6845.0,1157.0,21644.0,13350,30471.0,37117.0,35692.0,8645.0,12775.0,62581.0,,,,6353.0,17652.0,23495.0,2199.0,5725.0,5851.0,18176.0,,,,20153,40614.0,51826.0
2022-06-06,13126,8,4229.0,7874.0,1.0,,,,5011,63087.0,4500.0,14301.0,5380.0,18142.0,,,,,11322.0,30217.0,9.0,31.0,3.0,43764.0,,,,,1,,10.0,,,,,,,,3698,12.0,1.0,16.0,,,,,,,1.0,,28.0,,,,,,,,8,3.0,56329.0
2022-06-07,13326,27029,31246.0,7474.0,10359.0,18675.0,45244.0,17324.0,8337,12056.0,39322.0,11715.0,79894.0,11867.0,26734.0,2917.0,17916.0,18196.0,7460.0,12858.0,12429.0,38267.0,5568.0,24938.0,63872.0,9068.0,13507.0,55946.0,3895,14180.0,14938.0,5099.0,11259.0,6819.0,25920.0,,,,11761,36592.0,10676.0,4598.0,30269.0,15913.0,12539.0,74827.0,24282.0,,12973.0,6007.0,15642.0,20302.0,6091.0,8470.0,11836.0,3250.0,28073.0,67462.0,42087,61596.0,68370.0
2022-06-08,14316,30129,36726.0,8299.0,12213.0,21864.0,50517.0,21017.0,9529,13205.0,46313.0,14408.0,83576.0,13503.0,29584.0,2960.0,20924.0,19469.0,8628.0,14643.0,13968.0,41290.0,1333.0,28254.0,69662.0,10195.0,15642.0,62730.0,4941,38630.0,15822.0,16309.0,6067.0,12825.0,16274.0,8478.0,3370.0,28170.0,14194,41099.0,11799.0,5424.0,34069.0,35080.0,18123.0,14467.0,83924.0,26457.0,14761.0,6765.0,19014.0,23484.0,6794.0,10389.0,13639.0,3731.0,35062.0,82111.0,50856,74758.0,67498.0
2022-06-09,15245,34641,38278.0,8658.0,12848.0,24686.0,54732.0,21604.0,12182,12184.0,48931.0,12896.0,96479.0,13944.0,31422.0,3179.0,21855.0,20626.0,8558.0,14745.0,13911.0,44201.0,1662.0,29406.0,73619.0,10932.0,16447.0,66617.0,4687,39820.0,16580.0,17856.0,3594.0,13875.0,15850.0,9038.0,3515.0,29568.0,15238,42531.0,12438.0,5510.0,36565.0,37171.0,17785.0,14368.0,90404.0,27724.0,14478.0,6808.0,20970.0,23929.0,6854.0,10648.0,14925.0,4211.0,35755.0,89205.0,52705,78585.0,74083.0
2022-06-10,14772,29716,36645.0,6960.0,10490.0,21096.0,50522.0,17739.0,7747,13311.0,29481.0,15445.0,76271.0,10265.0,20912.0,2679.0,21806.0,18686.0,7197.0,10070.0,11804.0,30834.0,1356.0,24478.0,67531.0,10912.0,12989.0,62852.0,5178,35686.0,16077.0,17818.0,4728.0,13766.0,16784.0,9975.0,3250.0,30036.0,15146,36752.0,11601.0,5802.0,38313.0,37437.0,17987.0,11775.0,82027.0,23381.0,12382.0,6434.0,18696.0,23270.0,2393.0,9733.0,11129.0,1360.0,32921.0,72487.0,39545,71676.0,69770.0
2022-06-11,8759,25087,34906.0,4704.0,6732.0,18305.0,63092.0,11698.0,12451,13852.0,17442.0,56704.0,7596.0,9782.0,3667.0,26059.0,7077.0,,4180.0,4604.0,7539.0,12915.0,22419.0,68446.0,4413.0,9841.0,49929.0,,5326,35615.0,12649.0,19816.0,2819.0,14982.0,19054.0,10729.0,2934.0,27857.0,20957,32552.0,10998.0,7006.0,51837.0,44687.0,15445.0,8169.0,76203.0,26206.0,8763.0,3599.0,20681.0,22756.0,892.0,7290.0,9381.0,840.0,26539.0,69517.0,36664,76629.0,83705.0
2022-06-12,5574,19003,29575.0,2912.0,5559.0,11619.0,53753.0,6919.0,9741,8355.0,12630.0,40833.0,5487.0,7068.0,2853.0,18279.0,4364.0,,2967.0,197.0,6663.0,4128.0,1342.0,17392.0,39824.0,97.0,7054.0,27287.0,4857,22620.0,10185.0,13529.0,11.0,11992.0,12112.0,8512.0,1840.0,22062.0,13972,21777.0,8514.0,4631.0,31422.0,27141.0,9458.0,6267.0,67583.0,19673.0,4361.0,2433.0,12739.0,13292.0,3162.0,7036.0,2077.0,19981.0,50498.0,,26001,57325.0,70060.0
2022-06-13,12451,29046,36533.0,6954.0,9428.0,18452.0,46312.0,18031.0,9100,10778.0,34553.0,13142.0,67935.0,10731.0,22347.0,2693.0,20195.0,18089.0,6676.0,11637.0,11900.0,31080.0,955.0,23181.0,60299.0,9076.0,13738.0,53027.0,4801,35195.0,14605.0,18429.0,3523.0,12839.0,15835.0,8544.0,2862.0,25171.0,12100,36396.0,10691.0,2815.0,30454.0,31052.0,16684.0,12338.0,75859.0,26479.0,12403.0,7011.0,15615.0,17697.0,1675.0,9400.0,12453.0,5367.0,29558.0,68635.0,42197,62649.0,66504.0
2022-06-14,12733,32255,37987.0,8802.0,11594.0,22473.0,52103.0,21551.0,9921,13816.0,46683.0,14343.0,83417.0,13693.0,29838.0,3007.0,22526.0,19706.0,8043.0,15444.0,14138.0,40203.0,1182.0,27497.0,70411.0,10739.0,16578.0,63202.0,4931,39471.0,16215.0,18496.0,4187.0,13908.0,17228.0,9232.0,3466.0,29612.0,13372,41623.0,12897.0,3343.0,32854.0,33993.0,19253.0,15240.0,87375.0,29868.0,15845.0,9812.0,18150.0,21902.0,2157.0,10375.0,14667.0,6831.0,33637.0,84947.0,52184,75406.0,70043.0
2022-06-15,15160,34392,40926.0,9383.0,11480.0,23276.0,53254.0,20298.0,10196,14182.0,45931.0,14936.0,87576.0,14721.0,30525.0,3449.0,23100.0,19255.0,8400.0,15835.0,14895.0,42672.0,4469.0,28910.0,71536.0,11065.0,16622.0,65044.0,5512,38422.0,16529.0,18702.0,6393.0,14140.0,16204.0,9856.0,4327.0,30449.0,15017,43664.0,12859.0,3463.0,34736.0,36630.0,20981.0,13228.0,92178.0,29980.0,16619.0,8175.0,19192.0,24878.0,5953.0,10456.0,14130.0,7105.0,33870.0,84381.0,50030,79679.0,70617.0
2022-06-16,16191,38176,41757.0,10018.0,12436.0,25011.0,56723.0,22617.0,10421,14865.0,48008.0,15496.0,93938.0,14793.0,31880.0,3270.0,24933.0,19582.0,8732.0,15823.0,14612.0,43659.0,1181.0,28854.0,74823.0,11789.0,16336.0,67986.0,5361,40276.0,17475.0,19733.0,4856.0,14926.0,16719.0,10317.0,5576.0,31205.0,15434,43560.0,12860.0,6264.0,36668.0,37378.0,21211.0,15089.0,95490.0,29075.0,16228.0,8519.0,20809.0,25402.0,5545.0,11689.0,15148.0,6531.0,36952.0,94465.0,53681,83895.0,72253.0
2022-06-17,6013,35265,37439.0,8406.0,11367.0,21081.0,52980.0,18938.0,7876,14224.0,28992.0,15305.0,75421.0,10199.0,19974.0,2968.0,25131.0,20062.0,7033.0,10388.0,12586.0,30371.0,1151.0,23474.0,65449.0,11464.0,12410.0,62746.0,5639,36380.0,16922.0,20704.0,3127.0,15819.0,16578.0,10892.0,4986.0,32543.0,15552,40438.0,12218.0,7458.0,37484.0,36857.0,19239.0,12453.0,86337.0,27689.0,12225.0,5461.0,19463.0,22429.0,4020.0,9832.0,11760.0,5545.0,35584.0,78336.0,41432,78308.0,73732.0
2022-06-18,13587,32141,36242.0,5926.0,12514.0,17413.0,54344.0,12587.0,6589,13576.0,11947.0,14553.0,67924.0,8028.0,10575.0,2434.0,26005.0,14510.0,4140.0,4515.0,9065.0,18257.0,20047.0,71224.0,10161.0,8599.0,69499.0,,5677,37163.0,14028.0,21828.0,89.0,15048.0,18609.0,10440.0,4483.0,33587.0,22723,31838.0,11483.0,4935.0,53621.0,49485.0,15376.0,9406.0,87709.0,29673.0,10537.0,3533.0,23274.0,24902.0,1836.0,8360.0,9658.0,475.0,31500.0,89306.0,33524,80731.0,86562.0
2022-06-19,26027,26415,3783.0,10076.0,11599.0,51896.0,7743.0,,5419,10325.0,7349.0,10633.0,40840.0,5581.0,6105.0,2159.0,19802.0,7237.0,3510.0,2814.0,7349.0,7433.0,13883.0,43539.0,8214.0,6550.0,30398.0,,5019,23828.0,10996.0,14239.0,3138.0,10049.0,12067.0,8825.0,2684.0,28070.0,15580,21793.0,8886.0,4289.0,34786.0,29782.0,10895.0,5813.0,64728.0,18197.0,7671.0,1532.0,15256.0,15628.0,1439.0,6120.0,7501.0,1314.0,22718.0,54947.0,25987,51535.0,54464.0
2022-06-20,11318,28333,32989.0,7181.0,9522.0,18331.0,45843.0,17975.0,8616,12615.0,34608.0,13081.0,70558.0,11259.0,23893.0,2739.0,21421.0,18638.0,7344.0,12626.0,12036.0,31439.0,926.0,23737.0,63605.0,9878.0,13834.0,55351.0,4887,35729.0,15071.0,17858.0,3461.0,12955.0,15039.0,8957.0,3184.0,27518.0,12729,37556.0,10930.0,5784.0,31129.0,32358.0,17155.0,12355.0,77128.0,26525.0,12696.0,6070.0,16416.0,18604.0,4505.0,9586.0,12004.0,5953.0,29329.0,69794.0,43704,64556.0,65912.0
2022-06-21,13,4,2.0,6.0,2.0,,,,9,6.0,19711.0,3280.0,1248.0,8907.0,7556.0,,,,6035.0,1.0,15.0,14738.0,,,,,,,1,,,,,,,,,,12,2.0,3.0,,4.0,,,,,,27.0,,,,,,,,,,11,31749.0,
2022-06-22,11108,22816,20020.0,5517.0,4593.0,15710.0,31373.0,14739.0,6216,8491.0,26206.0,10829.0,61425.0,8696.0,19076.0,3599.0,15973.0,16530.0,5259.0,9427.0,8046.0,25817.0,3923.0,20696.0,53797.0,6755.0,10961.0,51956.0,3219,30924.0,12370.0,15702.0,3756.0,11300.0,13168.0,8120.0,2542.0,24864.0,11166,33182.0,9366.0,4804.0,28705.0,27888.0,13839.0,8437.0,64515.0,20693.0,7500.0,4143.0,12773.0,16231.0,3600.0,7694.0,8858.0,4081.0,22915.0,45707.0,29915,52489.0,61606.0
2022-06-23,10149,21825,8758.0,4692.0,2732.0,13690.0,18505.0,11811.0,4984,9215.0,11150.0,35382.0,3008.0,12738.0,,,,,41806.0,7788.0,40049.0,,,,,,,,3452,26908.0,12349.0,13898.0,4238.0,9783.0,11690.0,7427.0,1823.0,22690.0,10311,27455.0,8302.0,4148.0,25662.0,23481.0,13436.0,7843.0,41646.0,17817.0,6266.0,2626.0,7944.0,13468.0,3291.0,6973.0,7319.0,4426.0,14234.0,26073.0,28576,44187.0,52208.0
2022-06-24,13707,27632,29352.0,6110.0,5778.0,18032.0,42034.0,15066.0,6989,25224.0,14834.0,68715.0,8795.0,17201.0,17128.0,,,,6225.0,9071.0,10325.0,24467.0,4528.0,23288.0,66956.0,10810.0,12204.0,59646.0,4787,41135.0,16184.0,21814.0,6107.0,18160.0,16639.0,9279.0,2754.0,31685.0,16230,40574.0,11138.0,9824.0,38826.0,37360.0,18250.0,10105.0,84498.0,23322.0,8545.0,4395.0,15971.0,18704.0,3384.0,9061.0,10866.0,4921.0,28387.0,62175.0,36736,70083.0,95655.0
2022-06-25,12300,23372,11159.0,4166.0,2764.0,14813.0,24904.0,8802.0,12963,9878.0,6981.0,7800.0,2.0,20398.0,11419.0,,,,3923.0,3930.0,5957.0,10643.0,2796.0,16991.0,8162.0,,,,4533,36839.0,11796.0,20529.0,6350.0,17281.0,16662.0,8980.0,1623.0,24923.0,17669,33422.0,8938.0,10596.0,45446.0,37871.0,13558.0,6561.0,48462.0,23264.0,4532.0,1432.0,14556.0,20148.0,2663.0,6505.0,8601.0,3818.0,14410.0,38103.0,35890,66081.0,94745.0
2022-06-26,8270,19999,21787.0,3462.0,6185.0,11071.0,46024.0,6988.0,4787,11983.0,7534.0,10980.0,37825.0,5962.0,6483.0,1.0,19171.0,7500.0,3226.0,1924.0,5418.0,6217.0,2264.0,13682.0,42623.0,8202.0,6868.0,28511.0,4417,26389.0,10951.0,16109.0,6823.0,14346.0,11747.0,7938.0,1836.0,23560.0,14671,27252.0,7987.0,9646.0,35725.0,30034.0,10121.0,5940.0,61300.0,20876.0,5884.0,2044.0,14149.0,16482.0,2399.0,5539.0,6811.0,2373.0,17090.0,41446.0,32541,51623.0,81843.0
2022-06-27,12117,27964,35594.0,6949.0,10849.0,18384.0,51503.0,16171.0,8436,12929.0,35486.0,12680.0,72483.0,11371.0,24710.0,2546.0,22331.0,18582.0,7435.0,12465.0,12275.0,31846.0,5102.0,24499.0,65784.0,10642.0,14463.0,55583.0,5332,37964.0,15570.0,19292.0,5164.0,13453.0,14729.0,8703.0,3037.0,29727.0,13766,36286.0,11616.0,5418.0,32560.0,33932.0,17998.0,12932.0,81032.0,26932.0,13034.0,5811.0,16839.0,18545.0,6043.0,9421.0,12283.0,5500.0,29358.0,68167.0,42930,64213.0,67315.0
2022-06-28,14759,32658,39131.0,8814.0,12742.0,23434.0,54008.0,19356.0,10432,14781.0,47618.0,14725.0,89315.0,14207.0,32118.0,2988.0,24404.0,20055.0,8620.0,16985.0,14099.0,43421.0,5982.0,29640.0,78270.0,10995.0,17206.0,65086.0,5621,43184.0,16706.0,19425.0,5967.0,15096.0,17023.0,9014.0,3515.0,32582.0,15492,41198.0,13048.0,6497.0,36762.0,38138.0,20993.0,15581.0,92327.0,31068.0,16669.0,7442.0,18896.0,22933.0,7696.0,10630.0,14369.0,7933.0,34995.0,84869.0,52923,78333.0,71813.0
2022-06-29,15342,33411,42961.0,8873.0,14566.0,23920.0,57813.0,19426.0,10504,15600.0,48592.0,15337.0,95456.0,15495.0,31959.0,2782.0,24557.0,19906.0,8806.0,16470.0,15777.0,44676.0,6431.0,29892.0,78855.0,11793.0,17478.0,68976.0,5835,43445.0,17412.0,20972.0,6452.0,15667.0,17289.0,10017.0,3528.0,39494.0,16433,44497.0,13740.0,6450.0,39746.0,40008.0,22320.0,15761.0,97547.0,29928.0,16572.0,7755.0,20771.0,24799.0,7488.0,10969.0,15221.0,7621.0,36429.0,92172.0,54183,83549.0,72208.0
2022-06-30,17441,35262,47082.0,9375.0,14268.0,26946.0,60271.0,19867.0,11303,16339.0,49389.0,15606.0,101460.0,15495.0,33215.0,2947.0,26602.0,19897.0,9340.0,16294.0,16260.0,47158.0,6664.0,31691.0,84023.0,12645.0,17587.0,72924.0,5921,45126.0,18374.0,21671.0,6550.0,15750.0,17751.0,10279.0,3671.0,39070.0,18764,44433.0,14029.0,6636.0,43145.0,42908.0,22973.0,16014.0,102852.0,29575.0,16612.0,7874.0,22482.0,26407.0,8218.0,11062.0,15632.0,8325.0,36776.0,96553.0,53642,87927.0,74630.0
2022-07-01,15794,35976,49172.0,7323.0,13030.0,21067.0,60109.0,17138.0,9533,14686.0,30874.0,15837.0,89945.0,10956.0,20516.0,2779.0,25744.0,19801.0,7072.0,11084.0,14754.0,32911.0,4864.0,25416.0,79372.0,12738.0,13505.0,68080.0,6210,48625.0,17547.0,25172.0,6465.0,16274.0,18241.0,9581.0,3076.0,35107.0,18894,44832.0,13456.0,11356.0,44288.0,43393.0,20782.0,12116.0,98008.0,26766.0,12425.0,5306.0,4904.0,10452.0,12801.0,5938.0,39597.0,86873.0,,,43334,86068.0,78021.0
2022-07-02,15195,29016,47668.0,4953.0,11872.0,17730.0,57604.0,13437.0,5696,14557.0,13783.0,16848.0,67734.0,8377.0,10403.0,2615.0,28312.0,15363.0,4667.0,4933.0,9938.0,18588.0,4240.0,27056.0,98490.0,11386.0,9926.0,121572.0,6535,51855.0,14569.0,27446.0,8380.0,23004.0,21298.0,9131.0,2675.0,31856.0,24445,33120.0,12728.0,21964.0,49951.0,28435.0,18603.0,12211.0,103375.0,38521.0,39853.0,44082.0,,,,,,,,,35090,82981.0,80768.0
2022-07-03,10009,20402,36803.0,3148.0,7451.0,11294.0,55127.0,7569.0,4089,11930.0,8949.0,11359.0,39921.0,5877.0,6667.0,2687.0,21113.0,7898.0,3043.0,2591.0,7651.0,7505.0,2415.0,14075.0,47200.0,8802.0,7120.0,30215.0,4807,28986.0,11522.0,18350.0,8222.0,17029.0,12668.0,8399.0,1758.0,26589.0,14889,29685.0,9038.0,11055.0,35086.0,30148.0,11962.0,6179.0,65233.0,20599.0,6361.0,2274.0,13340.0,16301.0,2814.0,5914.0,7018.0,1999.0,23073.0,47934.0,25863,55543.0,56434.0
2022-07-04,11765,27870,36222.0,7094.0,10834.0,18547.0,47148.0,16469.0,8225,13917.0,34437.0,13864.0,69556.0,11039.0,22834.0,2510.0,23192.0,17236.0,6911.0,11701.0,12765.0,31992.0,5156.0,23632.0,66301.0,10307.0,13487.0,55457.0,5331,37858.0,15522.0,17661.0,5449.0,13644.0,15317.0,8593.0,3050.0,29143.0,14177,37244.0,12033.0,6959.0,33413.0,33859.0,19448.0,13110.0,78125.0,28638.0,13177.0,5582.0,17050.0,19681.0,5815.0,9539.0,12017.0,5749.0,29556.0,69126.0,42333,65202.0,65343.0
2022-07-05,13732,32347,38436.0,8600.0,12474.0,20449.0,50647.0,19303.0,9968,14698.0,46402.0,14779.0,84593.0,14853.0,30533.0,2945.0,24726.0,19964.0,8120.0,15102.0,14132.0,41669.0,6107.0,28125.0,73359.0,11021.0,16508.0,63431.0,5480,41807.0,16108.0,19241.0,5968.0,14616.0,16512.0,8889.0,3425.0,33507.0,15444,43005.0,13142.0,7989.0,36225.0,38155.0,22195.0,15292.0,89201.0,31986.0,15783.0,7339.0,19827.0,23475.0,7424.0,10529.0,14121.0,7388.0,34016.0,83020.0,50203,75983.0,69966.0
2022-07-06,15377,33029,40748.0,8533.0,13757.0,24181.0,54171.0,19695.0,10262,15674.0,47496.0,14918.0,88967.0,15130.0,31364.0,3034.0,25689.0,19442.0,8315.0,15729.0,14911.0,40497.0,6740.0,29318.0,77347.0,11759.0,16466.0,62699.0,5908,42112.0,16673.0,20275.0,7050.0,15828.0,17282.0,9607.0,3654.0,33047.0,46225,9109.0,39323.0,24542.0,16081.0,104262.0,33355.0,,,,16651.0,7702.0,21660.0,25466.0,7809.0,11021.0,14929.0,7689.0,37883.0,89121.0,51187,87162.0,70566.0
2022-07-07,17727,33580,43804.0,8663.0,12866.0,25479.0,54775.0,19415.0,10013,16160.0,48847.0,15240.0,92826.0,14710.0,31438.0,2941.0,25933.0,19813.0,7942.0,15138.0,14618.0,44733.0,6256.0,30886.0,78623.0,12423.0,16550.0,68740.0,5809,42754.0,17567.0,20144.0,6544.0,16752.0,17589.0,9857.0,3705.0,34553.0,18254,13985.0,41499.0,,,,,,,,16727.0,7607.0,22713.0,26535.0,7879.0,11084.0,14896.0,8510.0,37101.0,90978.0,51773,84637.0,73041.0
2022-07-08,15170,30308,41657.0,6860.0,11082.0,20014.0,51005.0,16402.0,7530,14507.0,28881.0,14905.0,78841.0,10091.0,19282.0,2670.0,24772.0,19171.0,6389.0,10664.0,12590.0,30554.0,5192.0,24198.0,70983.0,12163.0,12567.0,63715.0,5778,40613.0,16272.0,6583.0,19354.0,17025.0,9699.0,3353.0,32768.0,,16491,42663.0,13083.0,15752.0,42603.0,39135.0,21239.0,11684.0,88735.0,25618.0,11617.0,5268.0,20022.0,23367.0,5070.0,9898.0,11670.0,5958.0,35078.0,76314.0,39498,75466.0,72774.0
2022-07-09,28299,42510,4193.0,16604.0,18372.0,50950.0,11709.0,,4581,14325.0,11782.0,13437.0,67001.0,9525.0,10091.0,1.0,28716.0,14819.0,4148.0,4205.0,7851.0,18773.0,2188.0,19283.0,72351.0,9911.0,9171.0,76564.0,5962,24992.0,13041.0,18180.0,6827.0,19665.0,18150.0,9056.0,3385.0,30119.0,19694,29454.0,11886.0,15364.0,53908.0,45023.0,17053.0,9182.0,83073.0,21117.0,11124.0,3839.0,22482.0,26585.0,3642.0,7452.0,6040.0,4432.0,28617.0,71607.0,34546,66545.0,74239.0
2022-07-10,20401,35000,2851.0,11560.0,12387.0,53786.0,7546.0,,3467,12617.0,8049.0,10416.0,37542.0,7500.0,6364.0,3.0,22548.0,8164.0,2789.0,2014.0,6495.0,8269.0,2290.0,14051.0,44625.0,8406.0,6594.0,27616.0,5039,16007.0,10631.0,12998.0,6758.0,15934.0,11255.0,7630.0,2359.0,24631.0,14060,22294.0,8810.0,15036.0,35731.0,31702.0,12073.0,7648.0,60105.0,17354.0,10212.0,5150.0,18301.0,20596.0,2797.0,5803.0,3270.0,3028.0,22957.0,52613.0,32459,53128.0,57178.0
2022-07-11,10832,26687,33715.0,6884.0,10187.0,17796.0,43003.0,15685.0,8416,12778.0,32078.0,12594.0,70300.0,11103.0,22920.0,2620.0,22207.0,17419.0,6630.0,10974.0,12263.0,32094.0,4918.0,22656.0,62662.0,10201.0,12391.0,55226.0,5248,35423.0,14473.0,19208.0,5589.0,12857.0,13719.0,8542.0,3098.0,28414.0,13837,35743.0,11399.0,6852.0,32488.0,32126.0,17668.0,12311.0,76754.0,27448.0,11534.0,5762.0,17749.0,20243.0,5624.0,8878.0,11637.0,6434.0,28706.0,66487.0,40930,64502.0,66621.0
2022-07-12,12895,30684,37510.0,7952.0,11575.0,21638.0,48225.0,18445.0,9596,14697.0,42760.0,13621.0,83716.0,13643.0,29467.0,2929.0,23894.0,19012.0,8255.0,13949.0,14035.0,41627.0,6052.0,27630.0,72018.0,11124.0,15127.0,63876.0,5289,38692.0,15191.0,20593.0,5602.0,13594.0,14954.0,8852.0,3285.0,30795.0,14465,38041.0,12427.0,6598.0,34577.0,37710.0,19149.0,14306.0,86569.0,30102.0,15184.0,6653.0,19474.0,23024.0,6939.0,9924.0,13890.0,7577.0,36202.0,78662.0,48166,74979.0,68323.0
2022-07-13,5183,31281,38032.0,8538.0,11852.0,23245.0,49437.0,18554.0,10108,14692.0,43958.0,14423.0,85841.0,13971.0,29489.0,2849.0,24855.0,19367.0,8177.0,14192.0,14468.0,42821.0,5990.0,28035.0,72511.0,11142.0,15391.0,66642.0,5536,39382.0,15198.0,21231.0,5920.0,13798.0,15646.0,9341.0,3385.0,30504.0,15434,42354.0,12947.0,6476.0,37220.0,39091.0,19925.0,15102.0,90874.0,32021.0,15392.0,7178.0,20347.0,24641.0,7404.0,10140.0,13970.0,7942.0,33043.0,82724.0,49470,77893.0,70805.0
2022-07-14,13992,37041,39571.0,8507.0,12623.0,24618.0,51777.0,18818.0,10126,15272.0,44568.0,14861.0,92030.0,14593.0,30090.0,3179.0,26606.0,19070.0,8683.0,14952.0,14548.0,44756.0,6368.0,29929.0,77072.0,11429.0,15911.0,70043.0,5605,40112.0,15915.0,21094.0,6071.0,14697.0,16640.0,10168.0,3407.0,31410.0,16900,42224.0,13164.0,6763.0,39064.0,39389.0,19866.0,15131.0,94346.0,29867.0,15845.0,7214.0,21637.0,26082.0,7265.0,10313.0,14379.0,8223.0,33526.0,89065.0,50050,83040.0,71535.0
2022-07-15,11092,30163,40216.0,7093.0,10967.0,19767.0,49265.0,17321.0,7743,14049.0,28346.0,14862.0,76894.0,10298.0,19230.0,2793.0,25000.0,19176.0,6342.0,10067.0,13836.0,30339.0,5527.0,24206.0,69940.0,11457.0,12607.0,64782.0,5781,37043.0,15113.0,6039.0,14163.0,16133.0,3118.0,31990.0,,,16951,37538.0,12105.0,6652.0,40834.0,37589.0,18501.0,11061.0,87200.0,26831.0,11239.0,5283.0,19659.0,22929.0,4089.0,9166.0,11833.0,6137.0,33708.0,72856.0,39794,74972.0,73818.0
2022-07-16,8028,26174,35555.0,4588.0,9496.0,16812.0,48222.0,11275.0,15332,1.0,18738.0,12442.0,75442.0,8.0,11369.0,2748.0,2.0,13486.0,3835.0,3616.0,9015.0,21042.0,3158.0,17802.0,61067.0,9655.0,10147.0,67682.0,22673,9547.0,,,,,,,,,19420,33646.0,8569.0,4732.0,48767.0,40109.0,12451.0,5614.0,55001.0,26314.0,1.0,20801.0,19172.0,6891.0,10019.0,29548.0,73367.0,,,,34113,99959.0,89684.0
2022-07-17,8534,18982,30118.0,2967.0,6081.0,10776.0,46551.0,6769.0,13113,12751.0,9959.0,38457.0,3.0,6470.0,2396.0,1.0,4894.0,,2969.0,2503.0,6253.0,8726.0,1894.0,12616.0,35907.0,7275.0,6831.0,25825.0,3038,20796.0,8503.0,15090.0,4208.0,10372.0,9685.0,8096.0,1481.0,20532.0,13163,22545.0,5768.0,3514.0,29874.0,24928.0,7882.0,3882.0,39131.0,17652.0,12636.0,11064.0,5334.0,7149.0,22147.0,48272.0,,,,,26374,75042.0,61391.0
2022-07-18,5823,21558,20595.0,4526.0,5613.0,13394.0,32151.0,13035.0,7794,4055.0,23879.0,9128.0,54632.0,8517.0,17195.0,2387.0,16029.0,14922.0,4623.0,6981.0,6979.0,24932.0,3591.0,16896.0,43480.0,8142.0,9430.0,45524.0,4130,26249.0,11150.0,15181.0,2537.0,9538.0,10312.0,6839.0,1762.0,22772.0,9099,21812.0,8062.0,5114.0,23407.0,23758.0,11405.0,7617.0,63282.0,19548.0,8974.0,3939.0,12221.0,14301.0,4324.0,6513.0,9014.0,4282.0,21143.0,47979.0,31795,48466.0,54780.0
2022-07-19,6431,21711,15584.0,4409.0,5667.0,12989.0,29419.0,13405.0,5881,7147.0,25115.0,8487.0,53183.0,9222.0,16055.0,2369.0,16650.0,14466.0,4331.0,7145.0,6783.0,22852.0,3542.0,16923.0,38185.0,7492.0,8678.0,45917.0,4289,25563.0,10338.0,13179.0,1133.0,9130.0,9819.0,6357.0,2008.0,22401.0,7435,27219.0,7986.0,3765.0,22076.0,22767.0,11287.0,7713.0,60271.0,18734.0,10267.0,4649.0,11891.0,14260.0,4694.0,6253.0,8519.0,4578.0,19201.0,44765.0,30718,49472.0,51817.0
2022-07-20,9882,30103,34653.0,7794.0,12640.0,21429.0,49774.0,18479.0,8950,13331.0,42231.0,13398.0,86553.0,13673.0,25193.0,2853.0,22993.0,19077.0,7733.0,12869.0,13017.0,37755.0,6085.0,27361.0,70272.0,10441.0,14212.0,66316.0,5358,38559.0,13405.0,17979.0,5168.0,12745.0,14120.0,8187.0,3112.0,29354.0,14515,39180.0,11633.0,5256.0,35836.0,37013.0,17517.0,12884.0,95158.0,27796.0,14040.0,7248.0,20441.0,23865.0,6945.0,8871.0,13374.0,7465.0,30785.0,80630.0,46502,78174.0,68999.0
2022-07-21,13873,31756,37522.0,8601.0,12543.0,24756.0,53685.0,18977.0,10106,14529.0,45137.0,14204.0,90093.0,14505.0,30003.0,2939.0,24494.0,18797.0,8468.0,12939.0,13726.0,44361.0,5508.0,28972.0,74894.0,10510.0,14872.0,68899.0,5225,39828.0,14477.0,19133.0,5613.0,12824.0,14935.0,8439.0,3318.0,30833.0,17175,41309.0,11742.0,5665.0,39862.0,39136.0,18727.0,14169.0,93838.0,27890.0,14891.0,7227.0,20996.0,24562.0,7377.0,9427.0,14913.0,7757.0,33246.0,88540.0,51713,83201.0,70179.0
2022-07-22,12859,28583,36974.0,6514.0,10768.0,19684.0,46323.0,16210.0,7730,13523.0,28930.0,14139.0,75900.0,10363.0,18899.0,2683.0,23154.0,18696.0,6251.0,9396.0,11651.0,30646.0,4612.0,24779.0,69231.0,10773.0,12199.0,65279.0,5167,35865.0,13929.0,19633.0,3432.0,13119.0,14932.0,9005.0,2978.0,32388.0,16590,35327.0,11127.0,6204.0,43131.0,37636.0,18050.0,10437.0,83061.0,23532.0,11205.0,4770.0,19760.0,22431.0,4583.0,8786.0,11106.0,6071.0,31162.0,73139.0,38084,70956.0,70723.0
2022-07-23,12030,24350,34549.0,4322.0,9512.0,16079.0,45789.0,9915.0,5233,12480.0,11362.0,13951.0,54521.0,8064.0,9609.0,2401.0,24837.0,13699.0,3996.0,3300.0,7554.0,18505.0,2458.0,17502.0,63460.0,8923.0,8474.0,64018.0,4571,33605.0,11424.0,21605.0,3682.0,14001.0,17437.0,9687.0,2361.0,28017.0,19122,31868.0,10143.0,6999.0,51872.0,41788.0,15654.0,7788.0,74708.0,26200.0,8839.0,2862.0,19431.0,23676.0,3111.0,6760.0,7763.0,3780.0,23844.0,68044.0,34585,76731.0,75417.0
2022-07-24,3348,19395,29851.0,3012.0,7075.0,11146.0,49024.0,7342.0,7089,8327.0,7898.0,10042.0,28953.0,6291.0,5201.0,2693.0,20562.0,6762.0,3040.0,298.0,6526.0,7645.0,1083.0,13327.0,39828.0,7576.0,6421.0,27242.0,4012,20998.0,9277.0,15978.0,5759.0,9935.0,10403.0,7510.0,1827.0,22731.0,13637,21799.0,7798.0,6508.0,33831.0,28435.0,10001.0,5770.0,63122.0,19466.0,8695.0,2041.0,13397.0,15427.0,2405.0,5222.0,6097.0,2183.0,19279.0,44426.0,25167,47328.0,57196.0
2022-07-25,11010,26787,34171.0,6537.0,10523.0,18020.0,43526.0,15414.0,8504,12272.0,32933.0,11966.0,70051.0,11233.0,22291.0,2002.0,23288.0,17694.0,6593.0,10934.0,11710.0,31393.0,4765.0,22300.0,64418.0,10034.0,12569.0,56847.0,4191,36334.0,13499.0,19247.0,4539.0,12093.0,13165.0,8087.0,2862.0,30950.0,13837,34683.0,10792.0,5918.0,34771.0,34385.0,15505.0,11541.0,75500.0,25718.0,12441.0,5460.0,17553.0,19745.0,5381.0,8361.0,11703.0,5474.0,25741.0,69401.0,40452,65879.0,66074.0
2022-07-26,13382,31267,40332.0,7871.0,12427.0,23435.0,49702.0,18456.0,10148,14541.0,45542.0,13966.0,89766.0,14797.0,29630.0,2861.0,26170.0,18826.0,8257.0,14538.0,14183.0,41115.0,6469.0,28331.0,77075.0,11012.0,15933.0,67817.0,4383,41523.0,14124.0,20428.0,3435.0,14275.0,15114.0,9045.0,3265.0,34778.0,15832,40459.0,12110.0,5831.0,39961.0,40627.0,17509.0,13968.0,87903.0,29176.0,15816.0,6962.0,21609.0,7091.0,9583.0,14482.0,7431.0,30023.0,84887.0,,49584,81305.0,71342.0
2022-07-27,13069,23444,11435.0,5930.0,3585.0,19311.0,23772.0,14711.0,6466,12138.0,29102.0,14523.0,48377.0,11562.0,19036.0,2761.0,18138.0,15048.0,6249.0,11061.0,8181.0,20738.0,4789.0,23383.0,56611.0,9694.0,12593.0,53077.0,4470,32886.0,12641.0,17642.0,5010.0,12124.0,13529.0,9011.0,2160.0,28603.0,14339,33148.0,9454.0,5192.0,35272.0,33018.0,14370.0,9260.0,53409.0,23843.0,8504.0,3442.0,12605.0,17425.0,5012.0,7865.0,10233.0,5628.0,15859.0,38318.0,37907,63277.0,63143.0
2022-07-28,14864,30534,34432.0,8475.0,9569.0,24864.0,45620.0,18470.0,9583,14812.0,44111.0,86969.0,15081.0,28198.0,25825.0,18345.0,,,8403.0,14718.0,13407.0,39462.0,6072.0,29022.0,76824.0,15396.0,70039.0,,5092,40717.0,14685.0,20726.0,5586.0,14257.0,15275.0,9416.0,3317.0,33600.0,18084,41413.0,11957.0,6895.0,43658.0,41856.0,17832.0,13314.0,90840.0,28482.0,25287.0,,,,,,,,,,49157,82020.0,73013.0
2022-07-29,13240,31032,42196.0,6586.0,9209.0,19901.0,49016.0,16535.0,13807,14953.0,2630.0,,,,,,,,11669.0,,,,,,,,,,5297,38666.0,14399.0,21147.0,6021.0,13970.0,15721.0,9987.0,3004.0,35990.0,17681,38642.0,11808.0,6963.0,46701.0,41472.0,17209.0,10809.0,86806.0,27105.0,12263.0,4971.0,20663.0,23802.0,4744.0,9004.0,12064.0,5817.0,30969.0,76907.0,40262,80432.0,78927.0
2022-07-30,16066,23710,20521.0,3971.0,8442.0,18958.0,37287.0,9894.0,5835,14083.0,17983.0,49235.0,8307.0,9744.0,3540.0,24279.0,7918.0,,4564.0,415.0,7157.0,10855.0,3478.0,21600.0,64022.0,9042.0,9800.0,47753.0,4916,33317.0,11435.0,19233.0,6865.0,12896.0,16761.0,10040.0,2137.0,26500.0,17946,32626.0,9050.0,5798.0,55067.0,40870.0,14624.0,6572.0,69775.0,24529.0,11536.0,1350.0,15943.0,24807.0,3182.0,6818.0,8663.0,2624.0,24145.0,67797.0,36476,71085.0,73609.0
2022-07-31,8702,22519,30835.0,3476.0,7321.0,11397.0,48352.0,6946.0,5056,10810.0,7274.0,8013.0,41094.0,5636.0,6862.0,2413.0,18810.0,7703.0,3575.0,1722.0,8685.0,7432.0,2319.0,12810.0,38869.0,7592.0,4855.0,24974.0,5315,21880.0,9485.0,14129.0,4355.0,7578.0,9816.0,5701.0,1523.0,24830.0,2969,21808.0,7544.0,4668.0,41175.0,29557.0,10687.0,5450.0,58293.0,19508.0,6548.0,1897.0,15378.0,16987.0,2593.0,5240.0,7403.0,2559.0,19550.0,50321.0,25723,55628.0,55564.0
2022-08-01,10716,26235,33142.0,6546.0,9776.0,17289.0,44093.0,15428.0,8006,12250.0,31502.0,11728.0,68095.0,10395.0,21133.0,2575.0,23065.0,17176.0,6508.0,10372.0,11561.0,30617.0,4723.0,21366.0,63383.0,9524.0,12088.0,55264.0,4954,34678.0,13076.0,18778.0,4725.0,12087.0,12553.0,7915.0,2756.0,31353.0,14087,33712.0,10280.0,5884.0,37087.0,34290.0,14530.0,11125.0,74676.0,25314.0,12011.0,5184.0,18567.0,20326.0,5362.0,8285.0,11558.0,5087.0,27229.0,68538.0,39522,63432.0,66902.0
2022-08-02,13008,29907,34183.0,7852.0,11147.0,21456.0,46336.0,18068.0,10110,14254.0,41204.0,12847.0,81786.0,13750.0,27950.0,6773.0,29656.0,18719.0,7419.0,13556.0,13448.0,40294.0,5861.0,25842.0,72623.0,10450.0,14700.0,64841.0,4961,37601.0,13712.0,19183.0,5306.0,13117.0,14387.0,8753.0,2922.0,34676.0,16171,37856.0,11667.0,5722.0,38703.0,38045.0,16609.0,13143.0,84857.0,27493.0,15442.0,6558.0,19036.0,23026.0,6958.0,9052.0,13776.0,6626.0,30016.0,78556.0,48628,75483.0,68468.0
2022-08-03,13915,30215,38382.0,7892.0,10985.0,22303.0,47298.0,18033.0,10154,14553.0,43913.0,13534.0,84724.0,14239.0,27285.0,3018.0,26090.0,18577.0,7194.0,13500.0,13354.0,41279.0,5499.0,26873.0,73677.0,10562.0,14869.0,68149.0,5066,38392.0,13892.0,19472.0,5582.0,13489.0,14467.0,9541.0,3156.0,35027.0,16762,39031.0,12269.0,6154.0,40735.0,39899.0,17106.0,13151.0,86675.0,28584.0,14792.0,6485.0,20760.0,25362.0,6749.0,8938.0,14076.0,6617.0,31560.0,83303.0,48252,77185.0,68383.0
2022-08-04,14549,31074,38384.0,8075.0,11919.0,21908.0,48187.0,18116.0,11758,12803.0,50760.0,14255.0,93630.0,15066.0,13871.0,3266.0,27264.0,18922.0,8941.0,14220.0,13128.0,46077.0,5924.0,28200.0,73992.0,10800.0,16249.0,71938.0,5316,39787.0,13992.0,19280.0,5758.0,13504.0,15183.0,9283.0,3372.0,33619.0,17937,39659.0,12328.0,6609.0,42566.0,41209.0,17331.0,13021.0,92690.0,27093.0,14324.0,6541.0,21411.0,24334.0,7034.0,8999.0,14361.0,7117.0,34310.0,84578.0,48241,82431.0,71667.0
2022-08-05,13826,28852,38408.0,5915.0,10371.0,19107.0,46889.0,14876.0,11007,8273.0,28445.0,15307.0,78643.0,10249.0,18034.0,3066.0,26262.0,16361.0,5564.0,9818.0,10743.0,29813.0,4975.0,23146.0,68402.0,10695.0,12243.0,66792.0,5160,34851.0,13435.0,19262.0,5389.0,13316.0,15430.0,9827.0,2935.0,33451.0,17115,35289.0,11511.0,6348.0,45016.0,40384.0,15827.0,9815.0,84767.0,24620.0,10488.0,4218.0,20004.0,21457.0,4241.0,8531.0,10797.0,4887.0,30724.0,72065.0,36335,73019.0,79779.0
2022-08-06,13181,25970,39471.0,4407.0,9457.0,17620.0,48390.0,9531.0,6283,11747.0,12984.0,14441.0,73877.0,7892.0,9745.0,2808.0,25667.0,11100.0,3428.0,4034.0,8392.0,18428.0,3415.0,18822.0,63490.0,9014.0,8978.0,65357.0,4596,32829.0,10966.0,20374.0,6541.0,13482.0,18187.0,10210.0,2597.0,29685.0,20394,9660.0,6719.0,54032.0,43867.0,85628.0,,,,,9112.0,2711.0,20807.0,23609.0,3028.0,6771.0,9184.0,3756.0,28702.0,73001.0,33663,84929.0,74643.0
2022-08-07,9055,19336,32097.0,3299.0,7334.0,12165.0,53059.0,6435.0,4740,11266.0,8596.0,10797.0,38946.0,6762.0,6287.0,2959.0,21897.0,5847.0,2796.0,2282.0,7417.0,7741.0,2213.0,13644.0,38717.0,5706.0,6588.0,27429.0,4243,20939.0,9081.0,14582.0,6933.0,10256.0,10531.0,8097.0,1825.0,24465.0,22580,7198.0,5677.0,32991.0,27034.0,9764.0,5869.0,53581.0,21428.0,,9972.0,2705.0,13993.0,16945.0,2573.0,5190.0,6810.0,2421.0,20816.0,46782.0,26520,63735.0,70697.0
2022-08-08,10047,29632,35543.0,5782.0,9988.0,16863.0,49785.0,15084.0,9248,10895.0,30637.0,11661.0,67746.0,10734.0,20108.0,2800.0,23305.0,17132.0,5420.0,10036.0,10971.0,30702.0,4863.0,20649.0,58150.0,9145.0,11931.0,56903.0,4652,34877.0,12344.0,18637.0,5534.0,12752.0,13730.0,8635.0,2985.0,30438.0,13583,32832.0,14772.0,10651.0,26649.0,,,,,,11577.0,4902.0,17175.0,19210.0,5152.0,6717.0,11492.0,4944.0,22996.0,68303.0,39035,64052.0,64100.0
2022-08-09,12939,31108,36109.0,7724.0,11082.0,20887.0,45254.0,17348.0,9720,13963.0,41192.0,12878.0,82590.0,13829.0,27112.0,2734.0,25150.0,18462.0,6998.0,12830.0,12515.0,38709.0,6073.0,25391.0,71078.0,9772.0,14754.0,66161.0,5032,38930.0,13059.0,19815.0,5463.0,14823.0,14415.0,8675.0,3227.0,33574.0,15005,38810.0,11767.0,6248.0,38079.0,39125.0,16420.0,12879.0,84971.0,30479.0,14471.0,6316.0,20649.0,24063.0,6665.0,8185.0,13294.0,6506.0,26499.0,80453.0,45804,76328.0,67547.0
2022-08-10,13766,30537,37281.0,8045.0,11212.0,21469.0,46262.0,17713.0,9855,14341.0,42326.0,13515.0,84742.0,14244.0,27490.0,2986.0,26328.0,18417.0,7277.0,12669.0,13168.0,40276.0,5984.0,25869.0,71534.0,9977.0,14342.0,66680.0,5313,36171.0,13802.0,20357.0,5481.0,13485.0,14405.0,7874.0,3309.0,35123.0,17252,38865.0,12015.0,6022.0,41498.0,40213.0,16842.0,13390.0,86807.0,29664.0,15127.0,6539.0,20261.0,25390.0,6909.0,8940.0,13828.0,6794.0,30347.0,80750.0,46852,77646.0,68006.0
2022-08-11,12615,30927,36778.0,7790.0,11449.0,23348.0,46786.0,17517.0,10829,13056.0,41294.0,14002.0,86455.0,14201.0,28316.0,3106.0,25960.0,17970.0,7342.0,12554.0,12790.0,40890.0,5814.0,26596.0,70887.0,10166.0,14515.0,68331.0,5220,36980.0,13963.0,20116.0,5663.0,13042.0,14479.0,7996.0,2999.0,33076.0,17481,37545.0,11517.0,6557.0,40378.0,37563.0,16414.0,12416.0,88742.0,28203.0,14525.0,6445.0,20135.0,24702.0,6855.0,8756.0,13911.0,6875.0,32658.0,81912.0,47598,81382.0,70811.0
2022-08-12,9184,27971,37091.0,6271.0,10189.0,17733.0,44847.0,13742.0,8170,12140.0,25272.0,12393.0,70619.0,9998.0,17107.0,2409.0,23576.0,16702.0,5539.0,8515.0,12035.0,28770.0,4721.0,20304.0,58166.0,9814.0,11199.0,63066.0,4823,34997.0,13120.0,19108.0,4998.0,12215.0,13370.0,8766.0,2699.0,32192.0,16579,34606.0,10413.0,6405.0,42481.0,38368.0,15530.0,9952.0,77854.0,26539.0,10710.0,4323.0,17953.0,22296.0,4570.0,7296.0,11136.0,5387.0,26086.0,68928.0,37338,70894.0,61602.0
2022-08-13,5396,25494,5476.0,4331.0,9500.0,18296.0,30482.0,8384.0,12317,11115.0,16163.0,55143.0,7321.0,9356.0,3166.0,25287.0,7895.0,,3489.0,3321.0,5755.0,17577.0,3010.0,16451.0,50432.0,8986.0,8921.0,59000.0,5208,29428.0,10741.0,19092.0,5720.0,12225.0,16417.0,8803.0,2003.0,26470.0,19279,27644.0,9724.0,6482.0,46919.0,40063.0,11931.0,6130.0,64824.0,24747.0,11086.0,1323.0,13542.0,21098.0,2805.0,6003.0,9327.0,3357.0,21320.0,63928.0,34352,68886.0,72261.0
2022-08-14,2,18911,24923.0,2759.0,7105.0,10993.0,45717.0,6431.0,10301,8216.0,10263.0,36694.0,5912.0,5457.0,2731.0,21209.0,3601.0,,2901.0,1706.0,6182.0,7707.0,2132.0,12703.0,34445.0,7845.0,6514.0,25230.0,4894,19479.0,9455.0,14369.0,5897.0,9286.0,10676.0,7516.0,1360.0,24249.0,14351,21495.0,8254.0,5508.0,33275.0,27549.0,8983.0,5727.0,70444.0,20937.0,7221.0,965.0,10027.0,16533.0,2431.0,4924.0,6753.0,2378.0,20015.0,46102.0,25789,50092.0,61821.0
2022-08-15,9669,25237,31214.0,6294.0,9745.0,16724.0,43562.0,14385.0,8210,11538.0,30340.0,11414.0,66256.0,11030.0,20656.0,2473.0,23252.0,17239.0,5828.0,9917.0,10888.0,30044.0,4604.0,19680.0,59150.0,9616.0,11591.0,54096.0,5123,33218.0,12184.0,18747.0,4633.0,11515.0,12486.0,7691.0,2649.0,29613.0,12398,31849.0,10339.0,5937.0,35511.0,34170.0,14199.0,10983.0,78105.0,26638.0,12269.0,5089.0,15890.0,20159.0,5368.0,7711.0,11558.0,5183.0,24501.0,69199.0,39073,61575.0,62146.0
2022-08-16,13308,31541,35763.0,8264.0,12981.0,22117.0,43401.0,17368.0,10830,13854.0,43395.0,12925.0,85033.0,14544.0,28576.0,2731.0,25528.0,18487.0,7713.0,13746.0,13892.0,41419.0,6109.0,26502.0,72679.0,10546.0,15160.0,64910.0,5150,38390.0,13706.0,19861.0,5013.0,12446.0,14106.0,8306.0,2975.0,34577.0,15982,37852.0,11692.0,5348.0,39586.0,39763.0,16818.0,13132.0,91626.0,29213.0,17445.0,6740.0,20216.0,22807.0,7110.0,9086.0,14913.0,6736.0,29120.0,83821.0,46846,78804.0,67168.0
2022-08-17,4742,35197,39347.0,8280.0,14273.0,24087.0,44549.0,18293.0,11803,15125.0,48090.0,12944.0,91143.0,17491.0,29506.0,3138.0,29220.0,18732.0,7970.0,12123.0,14578.0,43947.0,6871.0,28079.0,73833.0,11180.0,15529.0,71014.0,5513,39662.0,15660.0,21169.0,5172.0,12824.0,14610.0,8823.0,3141.0,36747.0,17709,38638.0,12499.0,5530.0,43454.0,43039.0,16972.0,14589.0,95279.0,28654.0,16014.0,9285.0,20591.0,23247.0,7314.0,9917.0,13564.0,7122.0,31721.0,91213.0,46574,78996.0,68981.0
2022-08-18,10798,27234,10782.0,5869.0,3762.0,16443.0,24593.0,12976.0,6935,12520.0,27562.0,12397.0,41859.0,11214.0,18569.0,3029.0,19104.0,14830.0,5405.0,9064.0,7599.0,20433.0,4318.0,21975.0,50390.0,9265.0,9196.0,53313.0,4535,31650.0,11847.0,16866.0,4897.0,10210.0,12828.0,7787.0,1977.0,27148.0,15014,31239.0,9230.0,5906.0,35877.0,32655.0,13904.0,8979.0,52350.0,23206.0,8016.0,3190.0,12499.0,18249.0,5077.0,7502.0,8611.0,5203.0,16056.0,37542.0,36435,63513.0,69339.0
2022-08-19,24,3,1.0,4.0,,,,,5,45288.0,3934.0,7906.0,5037.0,11782.0,,,,,17386.0,3.0,36853.0,,,,,,,,1,,,,,,,,,,19,20.0,13.0,4.0,3.0,,,,,,1.0,,47.0,,,,,,,,43637,,
2022-08-20,10705,19768,10860.0,3610.0,2858.0,13240.0,19508.0,7279.0,2706,10901.0,5589.0,11073.0,41173.0,7927.0,10399.0,6364.0,21065.0,11564.0,2620.0,2722.0,5523.0,11431.0,1836.0,14977.0,46431.0,6569.0,7414.0,56022.0,3773,25443.0,9366.0,15636.0,5517.0,10214.0,15344.0,7969.0,1547.0,21950.0,15359,23941.0,8221.0,4832.0,42336.0,34533.0,10267.0,5115.0,52355.0,18628.0,4638.0,1460.0,12238.0,18313.0,3029.0,5291.0,5324.0,3045.0,13107.0,34038.0,25687,52285.0,60971.0
2022-08-21,7991,19752,24644.0,3270.0,4009.0,9967.0,38650.0,6280.0,5512,9881.0,4166.0,9836.0,35237.0,6006.0,7032.0,5236.0,21514.0,7914.0,2732.0,2082.0,7133.0,8284.0,2119.0,12549.0,37589.0,7088.0,6220.0,26801.0,4261,21194.0,9016.0,14768.0,6396.0,9086.0,10077.0,7624.0,1585.0,24093.0,14471,23501.0,7664.0,1329.0,34785.0,28491.0,8853.0,5556.0,65107.0,19788.0,7778.0,1134.0,10626.0,17986.0,2650.0,5116.0,6703.0,574.0,16190.0,45341.0,30569,52162.0,67115.0
2022-08-22,10801,25567,27487.0,6499.0,9736.0,17028.0,41597.0,14594.0,8064,11876.0,31240.0,11225.0,67892.0,10987.0,20839.0,2586.0,21849.0,17714.0,6102.0,10039.0,11457.0,29753.0,5016.0,21285.0,53634.0,9060.0,11974.0,57620.0,4686,35754.0,12485.0,18321.0,4510.0,11550.0,12574.0,7647.0,2860.0,32258.0,13921,32693.0,10575.0,5513.0,35596.0,34393.0,13578.0,10815.0,74020.0,24205.0,11994.0,5055.0,16928.0,18900.0,5400.0,7471.0,11132.0,4940.0,25004.0,65542.0,37461,63588.0,62999.0
2022-08-23,13229,29583,35001.0,7828.0,11561.0,21703.0,45474.0,16935.0,9543,12992.0,42263.0,12986.0,80611.0,13490.0,28084.0,2918.0,24156.0,18902.0,7429.0,12747.0,12976.0,39602.0,5715.0,25137.0,64856.0,9439.0,14235.0,65191.0,4508,37762.0,12804.0,18210.0,4902.0,12482.0,13753.0,7997.0,32386.0,,14930,36046.0,11584.0,5410.0,38483.0,37335.0,15397.0,12733.0,83244.0,27456.0,8881.0,31854.0,,,,,,,,,45610,74525.0,68196.0
2022-08-24,13701,33530,34602.0,7716.0,12219.0,22038.0,48640.0,17055.0,9443,13278.0,38900.0,11565.0,89933.0,13815.0,28013.0,2856.0,24938.0,19237.0,7703.0,10692.0,12930.0,41448.0,5556.0,24699.0,69042.0,9057.0,12178.0,65907.0,5814,3829.0,6315.0,3212.0,35324.0,,,,,,16139,37195.0,12072.0,5860.0,40780.0,37431.0,15329.0,12619.0,86990.0,28400.0,14783.0,6664.0,20421.0,24543.0,6819.0,13485.0,6841.0,82288.0,,,46279,75809.0,68234.0
2022-08-25,14166,27572,34910.0,7428.0,12621.0,23420.0,40194.0,16803.0,9219,14048.0,41440.0,16637.0,86266.0,13027.0,26787.0,2454.0,23034.0,18008.0,7822.0,12732.0,11953.0,40894.0,5835.0,26579.0,68782.0,9436.0,13478.0,65079.0,34828,13166.0,18388.0,11439.0,12994.0,2754.0,,,,,16178,33923.0,11262.0,5266.0,39515.0,36757.0,14627.0,11365.0,91047.0,22834.0,14338.0,6738.0,19168.0,21484.0,6198.0,9364.0,13580.0,6079.0,30094.0,81714.0,45978,78017.0,66224.0
2022-08-26,13254,26292,34463.0,6074.0,10281.0,18272.0,43715.0,14423.0,7281,12792.0,26016.0,15345.0,73005.0,9683.0,17000.0,2562.0,24029.0,18258.0,5834.0,6177.0,10535.0,28699.0,4652.0,22628.0,65895.0,9551.0,11841.0,64522.0,4644,35321.0,13276.0,18443.0,5257.0,12466.0,13509.0,8708.0,2612.0,35648.0,16263,34325.0,10932.0,6363.0,44430.0,39264.0,14506.0,9570.0,81526.0,25104.0,11111.0,4464.0,19504.0,21699.0,4366.0,8678.0,10866.0,5115.0,28238.0,67798.0,36421,71746.0,71192.0
2022-08-27,10975,27733,34570.0,1794.0,10368.0,13868.0,49055.0,9080.0,5102,11219.0,11103.0,18257.0,64737.0,6937.0,8110.0,2435.0,23549.0,13743.0,3890.0,2605.0,7822.0,16791.0,3024.0,18213.0,59893.0,8494.0,8521.0,67064.0,4811,31876.0,11257.0,19543.0,6129.0,12931.0,16889.0,9364.0,2318.0,30294.0,20543,27581.0,9892.0,6381.0,54623.0,43569.0,12101.0,6337.0,100114.0,24647.0,9802.0,1503.0,15959.0,24942.0,3052.0,4091.0,7841.0,3987.0,26394.0,71268.0,30946,66300.0,71695.0
2022-08-28,8623,19587,26789.0,2945.0,7596.0,10798.0,64834.0,6542.0,4386,10241.0,8100.0,13955.0,46195.0,5408.0,5666.0,2709.0,17865.0,8741.0,2700.0,2502.0,7789.0,8330.0,2140.0,13525.0,40983.0,6907.0,6651.0,29299.0,14796,21854.0,9572.0,13484.0,14374.0,11001.0,11252.0,11172.0,1648.0,26292.0,14464,20579.0,13566.0,5139.0,36522.0,28996.0,8113.0,4941.0,80421.0,20723.0,7857.0,1183.0,10909.0,17712.0,2287.0,5280.0,6306.0,2733.0,19479.0,47705.0,26816,48287.0,55170.0
2022-08-29,7463,18155,27343.0,3087.0,7285.0,9083.0,57956.0,7269.0,3246,8678.0,7322.0,10036.0,45250.0,5319.0,5804.0,1734.0,14779.0,11315.0,2900.0,2367.0,7617.0,12576.0,2014.0,11430.0,37459.0,5692.0,6443.0,46692.0,14387,20552.0,9605.0,14362.0,11094.0,11244.0,13082.0,8714.0,1731.0,25319.0,11794,19668.0,12491.0,4461.0,33454.0,28358.0,8382.0,4526.0,72188.0,16669.0,7548.0,1428.0,9120.0,14640.0,2199.0,5044.0,5816.0,2122.0,16436.0,49184.0,22468,41118.0,59640.0
2022-08-30,11658,30156,33521.0,6932.0,11162.0,19521.0,45293.0,16447.0,8408,12001.0,38147.0,12623.0,75007.0,12092.0,24924.0,2518.0,20648.0,18657.0,6530.0,11715.0,12118.0,34654.0,5332.0,22965.0,66255.0,8604.0,12237.0,59338.0,4531,34455.0,12647.0,16389.0,4563.0,11252.0,13818.0,7941.0,2986.0,32204.0,13770,33801.0,11130.0,5084.0,35373.0,33649.0,14402.0,10653.0,81602.0,23551.0,12824.0,5760.0,17386.0,20420.0,5670.0,8082.0,11449.0,5711.0,25352.0,75657.0,40662,67322.0,64968.0
2022-08-31,13305,28436,35658.0,7362.0,12382.0,21520.0,45293.0,17571.0,10303,12305.0,43665.0,13459.0,83990.0,13097.0,29046.0,2784.0,20943.0,19431.0,7787.0,13204.0,12434.0,39355.0,5749.0,26703.0,71055.0,9107.0,14076.0,65858.0,3879,37872.0,13314.0,17648.0,4877.0,11970.0,13971.0,7851.0,3052.0,34804.0,16170,37243.0,11845.0,5216.0,39204.0,36122.0,15565.0,11703.0,85379.0,25093.0,13394.0,6268.0,19348.0,22485.0,6208.0,8941.0,13449.0,5484.0,30922.0,83090.0,46944,74664.0,86229.0
2022-09-01,13859,28352,35347.0,8366.0,12176.0,23554.0,45770.0,17855.0,9599,13885.0,44839.0,13643.0,86977.0,13266.0,29129.0,2809.0,21136.0,18927.0,8146.0,13706.0,12478.0,41798.0,5815.0,26978.0,73704.0,14399.0,,,4122,37774.0,13508.0,17482.0,4917.0,12006.0,14162.0,8173.0,3088.0,32920.0,16680,37769.0,11657.0,5536.0,38354.0,36278.0,16043.0,12324.0,87517.0,23679.0,14209.0,6631.0,19097.0,22724.0,6588.0,9461.0,13512.0,6405.0,31262.0,84155.0,48345,75437.0,69718.0
2022-09-02,13425,26333,34328.0,6458.0,9787.0,18924.0,45684.0,14804.0,14515,,,,,,,,,,9369.0,60595.0,,,,,,,,,4484,35086.0,13991.0,17258.0,5091.0,11325.0,14757.0,8729.0,2744.0,34046.0,15322,35583.0,11232.0,5405.0,42498.0,36318.0,15559.0,9755.0,79988.0,22680.0,10988.0,4771.0,18088.0,21231.0,4671.0,9207.0,10659.0,5185.0,29451.0,71080.0,38340,69179.0,69397.0
2022-09-03,13171,28409,32044.0,4035.0,11372.0,15185.0,54534.0,8947.0,5437,11649.0,11490.0,67579.0,7279.0,9908.0,2212.0,20265.0,13641.0,,4491.0,4246.0,8703.0,18491.0,3240.0,18099.0,65065.0,7697.0,7978.0,67947.0,4348,32443.0,11426.0,16728.0,5520.0,11718.0,16185.0,9004.0,1760.0,28293.0,18417,28082.0,10152.0,4590.0,53288.0,41017.0,13318.0,6029.0,94185.0,21643.0,9796.0,2020.0,14034.0,24745.0,2813.0,7127.0,7583.0,3612.0,27655.0,76052.0,32407,66154.0,77153.0
2022-09-04,9206,16111,24721.0,2913.0,6065.0,9612.0,54793.0,6345.0,4120,9957.0,7778.0,10199.0,34256.0,5217.0,5392.0,3293.0,15389.0,8291.0,3225.0,298.0,6290.0,8100.0,2011.0,13398.0,40263.0,6219.0,5904.0,27733.0,3915,20360.0,8931.0,11437.0,5693.0,8895.0,9491.0,6857.0,1313.0,22870.0,12723,19355.0,7663.0,4070.0,30394.0,24430.0,8514.0,5000.0,68960.0,16014.0,6816.0,874.0,10910.0,15312.0,2045.0,5358.0,5726.0,2051.0,16952.0,42496.0,28156,42975.0,52255.0
2022-09-05,11557,24539,30811.0,6676.0,9323.0,17166.0,41102.0,15292.0,7891,11238.0,33286.0,12026.0,66996.0,10051.0,22883.0,2505.0,17257.0,18239.0,5998.0,11117.0,11261.0,32034.0,4916.0,21582.0,58879.0,8259.0,11582.0,51781.0,4139,32842.0,13274.0,15298.0,4262.0,10328.0,13075.0,7167.0,2767.0,27673.0,10939,32816.0,10456.0,4825.0,27956.0,27195.0,14926.0,11123.0,71973.0,22517.0,11666.0,5420.0,14363.0,16923.0,5431.0,8446.0,10800.0,5356.0,25882.0,62581.0,39455,58579.0,61655.0
2022-09-06,15033,28452,33752.0,8724.0,11587.0,23135.0,45342.0,18810.0,9968,13520.0,48002.0,13581.0,86301.0,13846.0,32415.0,2641.0,19208.0,19978.0,7706.0,14893.0,13427.0,42973.0,6459.0,28268.0,70375.0,9536.0,15596.0,62649.0,4153,37480.0,14169.0,16014.0,4747.0,11714.0,14820.0,7536.0,3182.0,30585.0,13111,37911.0,11914.0,4729.0,31097.0,33765.0,18199.0,14479.0,82009.0,25512.0,15846.0,7166.0,17483.0,19517.0,7329.0,10137.0,13239.0,6893.0,29213.0,78252.0,48322,71315.0,65223.0
2022-09-07,15534,27980,37515.0,8725.0,8518.0,23703.0,47510.0,19499.0,10445,14055.0,48659.0,14586.0,91194.0,13991.0,31302.0,2813.0,20170.0,19938.0,8220.0,14412.0,14326.0,44378.0,6740.0,28836.0,73476.0,10257.0,16083.0,66303.0,4447,38740.0,15183.0,16351.0,5154.0,12269.0,15411.0,8207.0,3079.0,32260.0,36047,18409.0,28367.0,,,,,,,,15972.0,7249.0,19363.0,21590.0,7599.0,10558.0,14783.0,7186.0,33927.0,83371.0,46662,75500.0,67151.0
2022-09-08,17459,30160,38311.0,8708.0,13374.0,26323.0,50184.0,19321.0,10918,15111.0,50807.0,14763.0,96569.0,15479.0,34176.0,2729.0,21372.0,19212.0,8626.0,10891.0,13408.0,47714.0,7177.0,32653.0,74707.0,11417.0,17246.0,69195.0,4926,39058.0,15420.0,16776.0,5259.0,12645.0,16095.0,8760.0,3257.0,32858.0,15358,53006.0,12764.0,6890.0,38850.0,17566.0,98114.0,,,,16868.0,7703.0,21091.0,21730.0,7799.0,11345.0,14570.0,7669.0,36914.0,87955.0,51757,83299.0,78575.0
2022-09-09,14954,27225,34557.0,6606.0,10764.0,19812.0,45332.0,16180.0,7420,13369.0,29773.0,15060.0,76009.0,10619.0,20001.0,2474.0,20217.0,18957.0,5902.0,9797.0,11171.0,31303.0,4678.0,25470.0,66077.0,10734.0,14049.0,65166.0,5106,31803.0,15599.0,18288.0,5156.0,12496.0,16188.0,8796.0,2784.0,30530.0,14963,58314.0,11956.0,9311.0,42207.0,41826.0,17178.0,17820.0,90781.0,27578.0,12489.0,5192.0,20627.0,20711.0,5956.0,9858.0,11472.0,5566.0,31087.0,66752.0,38663,69975.0,65900.0
2022-09-10,13528,22326,34254.0,3833.0,9091.0,16995.0,48244.0,9770.0,4851,12579.0,12852.0,13867.0,66567.0,7805.0,9817.0,2560.0,23098.0,14522.0,3474.0,4580.0,7028.0,17532.0,3699.0,19734.0,68007.0,8993.0,8858.0,72497.0,5310,37167.0,12645.0,18504.0,5765.0,12633.0,17492.0,9134.0,1859.0,26290.0,19486,46187.0,10184.0,9246.0,59516.0,54095.0,14095.0,15012.0,89663.0,31204.0,8040.0,3158.0,24705.0,25694.0,3356.0,7525.0,8453.0,3679.0,30302.0,62751.0,31963,74430.0,71495.0
2022-09-11,9374,17143,29528.0,2749.0,7009.0,10770.0,49104.0,6966.0,4293,9358.0,8030.0,10318.0,36940.0,5862.0,6440.0,3085.0,18329.0,8435.0,3029.0,2716.0,5959.0,4151.0,2353.0,14259.0,46382.0,7258.0,6503.0,29876.0,4453,27128.0,9589.0,11500.0,6016.0,10172.0,10810.0,7856.0,1435.0,20415.0,13267,11175.0,8115.0,13250.0,37885.0,44573.0,10072.0,13112.0,71181.0,26089.0,4557.0,910.0,17845.0,17706.0,2562.0,5739.0,6287.0,2763.0,24330.0,41951.0,24513,55491.0,52504.0
2022-09-12,14013,27926,29575.0,8091.0,10101.0,18297.0,43502.0,14897.0,8392,12292.0,33846.0,12971.0,78831.0,11457.0,25668.0,2829.0,18987.0,19858.0,7013.0,10903.0,15885.0,35223.0,6029.0,24045.0,51772.0,9169.0,12284.0,59976.0,4709,41899.0,14234.0,15332.0,4908.0,11987.0,13984.0,7853.0,3072.0,26785.0,11609,12844.0,11292.0,11454.0,30889.0,46541.0,17114.0,16016.0,79823.0,24710.0,13325.0,6231.0,16980.0,19046.0,6089.0,8071.0,11757.0,5983.0,25089.0,69044.0,42584,64220.0,63083.0
2022-09-13,16020,30980,36985.0,8807.0,12724.0,24955.0,49159.0,19569.0,10436,14606.0,49554.0,14560.0,91337.0,15014.0,33099.0,3090.0,20879.0,20437.0,8635.0,16392.0,13992.0,45193.0,7234.0,30467.0,77235.0,10645.0,16429.0,67632.0,4963,45615.0,15796.0,17490.0,5541.0,14383.0,15652.0,8291.0,3273.0,31076.0,14560,16299.0,13029.0,13459.0,36277.0,54385.0,18543.0,18683.0,94520.0,24519.0,16487.0,7835.0,21855.0,21786.0,7928.0,10871.0,14690.0,7726.0,33000.0,81662.0,51788,76904.0,67229.0
2022-09-14,16032,31923,38709.0,9292.0,13260.0,25202.0,53331.0,19880.0,10662,14980.0,49129.0,14915.0,95801.0,15481.0,32959.0,3364.0,22441.0,20880.0,8384.0,15648.0,14892.0,46146.0,6905.0,31400.0,81566.0,10592.0,16228.0,72655.0,5170,48107.0,16431.0,18584.0,5831.0,17286.0,16343.0,9023.0,3431.0,31457.0,15164,15433.0,13156.0,17703.0,41856.0,59244.0,20206.0,16581.0,111417.0,34343.0,17137.0,8106.0,25310.0,33748.0,7997.0,12760.0,14812.0,8040.0,35319.0,92722.0,52198,80983.0,68085.0
2022-09-15,16566,30542,34228.0,8510.0,11427.0,24982.0,48280.0,18645.0,9846,14594.0,45902.0,15167.0,87682.0,14022.0,30498.0,3394.0,21333.0,20526.0,7578.0,14929.0,12401.0,43208.0,6274.0,30273.0,78378.0,10484.0,15054.0,70097.0,4992,45990.0,16266.0,18535.0,5431.0,14414.0,16261.0,9171.0,3162.0,30503.0,15282,14883.0,12778.0,12795.0,38781.0,54678.0,20013.0,16016.0,96027.0,43855.0,15210.0,6792.0,22095.0,24909.0,7053.0,12340.0,14082.0,7339.0,33590.0,85823.0,48910,78953.0,66630.0
2022-09-16,15392,30553,41236.0,7123.0,12189.0,21151.0,51215.0,16500.0,8151,13278.0,31891.0,16125.0,80402.0,10539.0,21199.0,2707.0,22174.0,20707.0,6730.0,10586.0,11913.0,32396.0,5809.0,27800.0,76742.0,10849.0,13191.0,71103.0,5372,44950.0,16542.0,21176.0,5971.0,15038.0,17193.0,9672.0,3233.0,31367.0,17744,18041.0,12774.0,14803.0,47650.0,59905.0,19390.0,15641.0,98181.0,55438.0,12097.0,5277.0,25551.0,5151.0,12790.0,12913.0,6162.0,34150.0,81757.0,,41269,78314.0,72084.0
2022-09-17,14272,25642,38720.0,4194.0,10622.0,17578.0,49131.0,10215.0,5477,13387.0,12883.0,15062.0,69704.0,8061.0,9245.0,2709.0,22576.0,15571.0,3564.0,4512.0,7459.0,18172.0,3737.0,21910.0,76144.0,9525.0,9047.0,74514.0,5143,43739.0,13606.0,23805.0,6350.0,15549.0,18079.0,10002.0,2201.0,33326.0,21602,16679.0,11426.0,16990.0,63961.0,66665.0,15882.0,18879.0,96671.0,46192.0,29423.0,37493.0,,,,,,,,,32736,78993.0,78288.0
2022-09-18,10308,21404,29809.0,3068.0,7630.0,12231.0,42092.0,7580.0,4521,11293.0,8089.0,11133.0,49967.0,6313.0,6947.0,2201.0,18288.0,11468.0,3293.0,2723.0,6504.0,11354.0,3026.0,16297.0,52988.0,8800.0,6890.0,47642.0,5070,32834.0,11530.0,23674.0,5382.0,15110.0,12481.0,8143.0,1493.0,30376.0,16843,11063.0,10847.0,19352.0,46150.0,53407.0,16613.0,20433.0,82031.0,44755.0,7464.0,2066.0,22049.0,2557.0,8181.0,7122.0,3387.0,23959.0,56523.0,,24970,54754.0,58074.0
2022-09-19,5664,15769,21743.0,2423.0,6636.0,7423.0,26554.0,5560.0,3291,6720.0,5832.0,6730.0,28412.0,3660.0,3903.0,1631.0,10699.0,9087.0,1899.0,1886.0,4717.0,8239.0,1652.0,8196.0,26433.0,5523.0,3547.0,22294.0,4100,33773.0,10339.0,15315.0,1460.0,10854.0,9139.0,8821.0,1162.0,16131.0,5174,23120.0,8608.0,273.0,23144.0,35140.0,8115.0,6781.0,56961.0,12162.0,4542.0,1309.0,11153.0,20175.0,1453.0,8332.0,4866.0,1844.0,17810.0,37701.0,13932,28579.0,26334.0
2022-09-20,17126,34297,39057.0,9245.0,14006.0,24642.0,36125.0,20421.0,10495,14942.0,47884.0,14696.0,87451.0,14372.0,31491.0,2797.0,20917.0,21988.0,8608.0,16357.0,15335.0,44313.0,7149.0,32255.0,63680.0,10817.0,15648.0,68157.0,4867,44488.0,15802.0,18143.0,4968.0,14124.0,15546.0,8563.0,3527.0,30862.0,13600,45046.0,12800.0,5867.0,33129.0,37486.0,18591.0,15464.0,87702.0,23990.0,15712.0,7174.0,18568.0,20998.0,7261.0,10915.0,14683.0,8877.0,34049.0,87533.0,51571,78687.0,71300.0
2022-09-21,17066,34376,40028.0,9208.0,13310.0,25534.0,46489.0,20740.0,11403,15458.0,51901.0,15522.0,94101.0,15161.0,34282.0,2845.0,21980.0,22295.0,9174.0,17191.0,15586.0,46369.0,7327.0,33514.0,78273.0,11004.0,16711.0,70747.0,5332,42590.0,16465.0,17993.0,5358.0,13942.0,16279.0,9186.0,3417.0,33269.0,15164,46545.0,13525.0,5919.0,36885.0,38093.0,19543.0,16393.0,92408.0,26776.0,16278.0,7668.0,20456.0,23235.0,7748.0,11289.0,15533.0,9047.0,35048.0,87534.0,54314,81966.0,71986.0
2022-09-22,18292,36909,40313.0,10086.0,13369.0,28130.0,53456.0,21598.0,11847,16549.0,54385.0,15908.0,103864.0,17832.0,35928.0,3284.0,23625.0,22227.0,9653.0,17441.0,15853.0,51559.0,7197.0,35404.0,81721.0,12164.0,17585.0,75485.0,5348,44372.0,17106.0,18866.0,5933.0,14845.0,16937.0,9613.0,3489.0,36431.0,17028,47427.0,14616.0,6284.0,38564.0,40650.0,20681.0,16854.0,98111.0,29383.0,17841.0,8111.0,21234.0,25445.0,8244.0,11653.0,14585.0,10211.0,36805.0,93817.0,55419,88932.0,70707.0
2022-09-23,16344,32280,39013.0,7643.0,11767.0,21697.0,52085.0,17499.0,9159,15465.0,32625.0,16065.0,82248.0,12357.0,22822.0,2556.0,21223.0,21321.0,7808.0,11903.0,13455.0,34866.0,6044.0,28359.0,74414.0,12330.0,13041.0,71741.0,5635,40445.0,16936.0,19883.0,6106.0,13880.0,16919.0,9892.0,3092.0,37771.0,16579,40386.0,13704.0,5711.0,43960.0,40999.0,19151.0,12950.0,90432.0,26074.0,12003.0,5579.0,20035.0,22029.0,5547.0,10923.0,11574.0,7606.0,33952.0,78099.0,44089,79328.0,73161.0
2022-09-24,18459,28094,37972.0,4924.0,11518.0,19013.0,49763.0,11527.0,6261,13867.0,14585.0,15519.0,70823.0,9233.0,10644.0,2731.0,24878.0,15775.0,4432.0,5459.0,9327.0,20487.0,4219.0,21966.0,76873.0,10176.0,10109.0,80656.0,5190,40487.0,13947.0,23357.0,6270.0,14804.0,20016.0,10395.0,2287.0,36180.0,22654,38283.0,12747.0,6961.0,64861.0,52671.0,16607.0,8344.0,64182.0,27792.0,13122.0,3172.0,23646.0,24771.0,3248.0,8983.0,10238.0,3966.0,33480.0,76350.0,35297,105484.0,81008.0
2022-09-25,10341,18645,29661.0,3241.0,6205.0,12475.0,49977.0,8045.0,4442,12060.0,9125.0,10907.0,41398.0,6972.0,7088.0,2078.0,16384.0,8839.0,3980.0,2898.0,7517.0,8741.0,2929.0,15062.0,46175.0,8400.0,7167.0,32000.0,4213,26182.0,11090.0,15986.0,6310.0,12986.0,12102.0,8392.0,1650.0,27982.0,15945,26421.0,9486.0,5711.0,38062.0,30953.0,9958.0,6038.0,45330.0,19547.0,7700.0,1994.0,14024.0,13834.0,2156.0,6437.0,7065.0,2312.0,23766.0,45545.0,26698,73532.0,60303.0
2022-09-26,14093,33556,35126.0,8232.0,11300.0,20712.0,45282.0,19271.0,9941,14448.0,35944.0,13701.0,76920.0,11189.0,26190.0,2425.0,19109.0,21560.0,8268.0,12747.0,16748.0,37107.0,6620.0,28254.0,66721.0,11561.0,13327.0,57821.0,5079,36901.0,15040.0,17643.0,4665.0,12228.0,14344.0,8354.0,2923.0,29646.0,13250,36427.0,11910.0,5008.0,30158.0,31821.0,16618.0,12719.0,79178.0,22905.0,12638.0,5868.0,16670.0,17118.0,5999.0,10268.0,12773.0,9770.0,30476.0,73127.0,44493,69916.0,68778.0
2022-09-27,16879,34131,38610.0,9707.0,12741.0,25464.0,49013.0,22514.0,10928,16200.0,49937.0,14853.0,92161.0,15176.0,33539.0,2772.0,20506.0,22854.0,9275.0,17250.0,17512.0,46734.0,7853.0,34747.0,78344.0,12179.0,16609.0,68318.0,5085,41573.0,16415.0,18172.0,5629.0,13442.0,15905.0,8615.0,3234.0,32255.0,14132,40639.0,13521.0,5169.0,33395.0,36325.0,18846.0,15369.0,89644.0,24485.0,15911.0,7667.0,18800.0,21153.0,7829.0,11540.0,14911.0,11587.0,34065.0,85206.0,52219,79887.0,73129.0
2022-09-28,17784,34726,42274.0,9811.0,13236.0,27092.0,51747.0,23009.0,11408,17276.0,53739.0,15905.0,97949.0,15967.0,34703.0,3170.0,21642.0,22931.0,9768.0,17568.0,18590.0,50461.0,7949.0,35069.0,82149.0,12614.0,17228.0,75784.0,5306,43347.0,16651.0,18282.0,5600.0,13778.0,16449.0,9243.0,3451.0,32455.0,16327,43044.0,14357.0,5803.0,37512.0,38788.0,19903.0,15660.0,93284.0,26382.0,16417.0,8212.0,20456.0,23226.0,8083.0,11743.0,15493.0,10869.0,35258.0,91702.0,55236,84482.0,75318.0
2022-09-29,20367,36453,42823.0,10564.0,13776.0,29900.0,54112.0,23314.0,13569,15947.0,56459.0,16300.0,105326.0,15777.0,36535.0,3470.0,23585.0,22871.0,9984.0,18508.0,18149.0,53106.0,8172.0,37684.0,85266.0,12860.0,18241.0,78724.0,5262,44911.0,17553.0,18950.0,6180.0,14536.0,17041.0,9479.0,3433.0,34078.0,16916,44290.0,14476.0,5800.0,39499.0,40091.0,21832.0,16051.0,100046.0,26301.0,17268.0,8527.0,21718.0,24696.0,8227.0,12229.0,16605.0,12014.0,36968.0,97258.0,57026,90576.0,76070.0
2022-09-30,18905,33515,44401.0,8396.0,12962.0,23933.0,54232.0,20380.0,9365,16689.0,34453.0,16913.0,88647.0,12199.0,23891.0,3257.0,22654.0,21729.0,7593.0,13383.0,15627.0,36939.0,7785.0,32795.0,80459.0,14084.0,14259.0,75797.0,5635,43294.0,17406.0,21421.0,6242.0,14710.0,17005.0,9976.0,3345.0,38486.0,18928,40157.0,13969.0,5910.0,47975.0,44069.0,20605.0,13176.0,95228.0,24851.0,12621.0,5596.0,22421.0,20977.0,5428.0,11415.0,13961.0,10193.0,35719.0,83190.0,44196,84518.0,77849.0
2022-10-01,19747,24010,7776.0,4524.0,2086.0,21043.0,33564.0,11682.0,6464,15681.0,17218.0,20352.0,46513.0,10617.0,9694.0,4544.0,23159.0,11872.0,4291.0,5759.0,6670.0,13067.0,4287.0,22728.0,74083.0,10120.0,9702.0,73735.0,38699,20215.0,14915.0,20164.0,10978.0,,,,,,20355,34081.0,11930.0,5605.0,60789.0,48297.0,17307.0,9058.0,60349.0,30418.0,6337.0,1736.0,20188.0,26139.0,3521.0,8799.0,9784.0,5038.0,20470.0,49779.0,39487,70888.0,96941.0
2022-10-02,12093,20241,29231.0,3448.0,7788.0,12688.0,59768.0,9026.0,7031,13343.0,12113.0,11722.0,44273.0,13377.0,7197.0,6568.0,29976.0,10503.0,3542.0,498.0,8431.0,8774.0,3058.0,18811.0,49714.0,8834.0,7386.0,34677.0,4648,25067.0,11453.0,13763.0,7376.0,10603.0,12587.0,8814.0,1519.0,25680.0,15896,30077.0,9284.0,4436.0,46479.0,39725.0,11795.0,12821.0,67430.0,33410.0,8971.0,5697.0,26586.0,28590.0,4008.0,7362.0,7781.0,6680.0,22617.0,51329.0,57109,65463.0,59494.0
2022-10-03,15998,32310,37044.0,8223.0,11013.0,21172.0,45970.0,20875.0,9740,15701.0,38189.0,14368.0,78203.0,11951.0,25958.0,2673.0,21886.0,22386.0,8081.0,13109.0,18255.0,38853.0,7471.0,29972.0,70723.0,13431.0,14407.0,61246.0,5164,16704.0,4887.0,3175.0,32785.0,,,,,,13707,36821.0,12752.0,5397.0,32426.0,34398.0,17752.0,13571.0,82964.0,25335.0,13803.0,6217.0,17923.0,19878.0,6300.0,10583.0,13320.0,10270.0,30889.0,72823.0,46303,70948.0,70117.0
2022-10-04,19114,36942,42306.0,10877.0,11616.0,26009.0,50221.0,24287.0,11984,17050.0,53503.0,15522.0,96749.0,15539.0,35198.0,2926.0,21938.0,23233.0,10178.0,16928.0,20890.0,50742.0,9109.0,35559.0,64831.0,14142.0,16975.0,74647.0,5021,45875.0,17790.0,18023.0,5418.0,14164.0,16333.0,9642.0,3323.0,36325.0,14400,42107.0,13836.0,5648.0,34135.0,36814.0,19185.0,16327.0,92214.0,26789.0,16731.0,7922.0,19145.0,22036.0,7801.0,11555.0,15445.0,11885.0,35421.0,87696.0,53120,82849.0,73639.0
2022-10-05,17030,25224,8602.0,7509.0,3498.0,24091.0,28994.0,18549.0,8091,14879.0,37305.0,18621.0,62552.0,12687.0,24459.0,2741.0,18271.0,19197.0,7751.0,12122.0,11509.0,32192.0,6421.0,29413.0,63877.0,12054.0,13304.0,60967.0,5084,35017.0,16183.0,17269.0,4620.0,12633.0,15662.0,8931.0,2767.0,32373.0,14135,35684.0,12373.0,5318.0,33333.0,34205.0,18393.0,12218.0,65590.0,21383.0,16072.0,4211.0,13525.0,17976.0,6179.0,10078.0,10377.0,9147.0,27853.0,64890.0,45411,62805.0,61841.0
2022-10-06,21273,37835,42314.0,10500.0,14018.0,30479.0,45021.0,25007.0,12098,17926.0,56375.0,16578.0,99815.0,16782.0,36621.0,3150.0,24791.0,23736.0,10653.0,17944.0,19228.0,52908.0,9365.0,38916.0,87631.0,14639.0,18345.0,79942.0,5387,45829.0,18664.0,19467.0,5846.0,14528.0,17741.0,9919.0,3733.0,36575.0,17097,44949.0,14530.0,5920.0,41506.0,40047.0,20725.0,16013.0,100312.0,27975.0,17542.0,8106.0,22303.0,26348.0,8516.0,12371.0,16248.0,12734.0,38185.0,97307.0,57290,92477.0,75755.0
2022-10-07,22964,35678,44620.0,8416.0,12994.0,25382.0,47243.0,20969.0,19519,2163.0,,,,,,,,,,,,,,,,,,,5863,42517.0,18524.0,21183.0,6715.0,15185.0,18381.0,10622.0,3163.0,40826.0,18446,42255.0,13762.0,6158.0,50353.0,43110.0,20339.0,13684.0,97776.0,27623.0,12685.0,5866.0,22205.0,24575.0,5907.0,11652.0,13150.0,10380.0,36148.0,87387.0,49971,89067.0,80679.0
2022-10-08,19109,25869,14763.0,4537.0,4196.0,20920.0,29972.0,11831.0,6869,13818.0,17568.0,51459.0,9397.0,9787.0,21839.0,13262.0,,,4257.0,5818.0,6444.0,11506.0,4258.0,24734.0,73412.0,10847.0,10821.0,75949.0,4623,39753.0,14959.0,24261.0,7281.0,15742.0,21257.0,11996.0,2317.0,36421.0,19809,35677.0,10343.0,6830.0,64904.0,53065.0,15726.0,7934.0,58817.0,31170.0,5286.0,1476.0,19199.0,24345.0,3391.0,8891.0,9778.0,4145.0,20559.0,51065.0,37655,82910.0,77958.0
2022-10-09,12755,21074,28525.0,3566.0,8750.0,14192.0,49296.0,8812.0,4941,11876.0,9986.0,13191.0,47916.0,6369.0,6543.0,2441.0,18102.0,9042.0,3428.0,2476.0,6937.0,7983.0,2945.0,17699.0,51723.0,9433.0,7628.0,34485.0,4452,26747.0,12519.0,24872.0,7920.0,12503.0,12667.0,9448.0,1879.0,30304.0,16306,28529.0,9384.0,7700.0,44301.0,37076.0,10971.0,6461.0,21741.0,,6837.0,1017.0,18326.0,18978.0,2529.0,7313.0,5782.0,2805.0,26881.0,56564.0,30390,50930.0,77133.0
2022-10-10,16363,32938,36996.0,8646.0,11364.0,22842.0,48021.0,21034.0,10256,16505.0,39342.0,14870.0,79528.0,12816.0,27040.0,2997.0,22897.0,22684.0,8796.0,12695.0,17683.0,39348.0,8028.0,31517.0,70262.0,14552.0,14140.0,63626.0,5468,38569.0,17449.0,19202.0,5754.0,13589.0,15756.0,9433.0,3433.0,35957.0,14364,5539.0,34133.0,83450.0,,,,,,,14659.0,6329.0,19061.0,21166.0,6294.0,11096.0,13208.0,10693.0,31087.0,78221.0,46254,73243.0,70109.0
2022-10-11,19582,36617,41512.0,10761.0,12892.0,27198.0,51909.0,24456.0,12254,18161.0,53631.0,16073.0,96636.0,15846.0,36807.0,3063.0,23496.0,23841.0,10664.0,17870.0,20112.0,51269.0,9141.0,36590.0,81508.0,14790.0,17753.0,74849.0,5218,44056.0,18162.0,19834.0,6475.0,14399.0,17216.0,9587.0,3958.0,38564.0,45130,14173.0,40195.0,20953.0,16606.0,94546.0,28943.0,,,,17402.0,8069.0,20340.0,24893.0,8207.0,12640.0,15556.0,12604.0,36282.0,91461.0,56590,85438.0,75584.0
2022-10-12,19017,36466,44470.0,11464.0,13771.0,27822.0,53772.0,25436.0,12385,18014.0,55746.0,16936.0,102742.0,16333.0,36592.0,2987.0,22767.0,23379.0,10809.0,18113.0,19636.0,52052.0,9006.0,37254.0,83902.0,14585.0,17975.0,77021.0,5550,43898.0,18052.0,19843.0,6154.0,14492.0,17230.0,10058.0,6176.0,37850.0,17020,46355.0,14680.0,6138.0,39596.0,42736.0,21830.0,16850.0,98539.0,30494.0,17470.0,7858.0,22727.0,26363.0,7948.0,12135.0,16375.0,11501.0,37875.0,96514.0,55878,87532.0,74128.0
2022-10-13,20589,37620,44076.0,11361.0,13812.0,30023.0,54283.0,26060.0,12101,18797.0,56921.0,17382.0,106249.0,17072.0,36855.0,3317.0,23839.0,23279.0,10115.0,18771.0,19289.0,55267.0,8810.0,38636.0,81141.0,15192.0,18714.0,82083.0,5419,46273.0,18251.0,19504.0,6576.0,14618.0,17836.0,10001.0,5628.0,38901.0,17031,45880.0,14173.0,5822.0,40477.0,43302.0,21143.0,16255.0,99030.0,28098.0,17987.0,8102.0,22132.0,8599.0,12706.0,16637.0,12953.0,38315.0,99003.0,,56320,91255.0,87274.0
2022-10-14,19437,33486,42434.0,8883.0,11898.0,24836.0,50848.0,21016.0,9215,17536.0,33887.0,17846.0,86915.0,11564.0,23603.0,2699.0,22374.0,22849.0,8848.0,13102.0,16727.0,37628.0,7951.0,32581.0,79587.0,14746.0,14034.0,79681.0,5408,42438.0,18249.0,20617.0,6383.0,14531.0,18243.0,10314.0,5458.0,38808.0,17828,41745.0,13402.0,5934.0,48806.0,44633.0,20879.0,12560.0,93068.0,26812.0,12776.0,24387.0,83922.0,,,,,,,,45550,84201.0,75725.0
2022-10-15,18701,28680,41490.0,6533.0,10364.0,21895.0,66468.0,12613.0,6670,16973.0,17686.0,18696.0,73266.0,9929.0,12869.0,1669.0,24424.0,14610.0,6431.0,6509.0,10350.0,16726.0,5041.0,25545.0,84051.0,11547.0,12991.0,66829.0,5493,44470.0,14470.0,23803.0,7852.0,14723.0,21769.0,11282.0,4822.0,38095.0,24679,36034.0,13065.0,6029.0,69982.0,56959.0,19729.0,8483.0,64758.0,28083.0,4325.0,23756.0,27289.0,4114.0,9352.0,10503.0,4978.0,35088.0,,,44030,109425.0,79616.0
2022-10-16,11775,19997,29405.0,4700.0,7759.0,13586.0,51356.0,7896.0,4753,12438.0,8739.0,12160.0,42963.0,6712.0,7338.0,1244.0,17543.0,9990.0,3834.0,2573.0,7483.0,8842.0,2846.0,15891.0,47400.0,8413.0,7124.0,32901.0,4618,26828.0,11034.0,15952.0,6156.0,10499.0,12215.0,8477.0,3888.0,29514.0,15548,23704.0,9997.0,4792.0,38964.0,32196.0,12038.0,6684.0,43805.0,20836.0,8754.0,2302.0,14723.0,16572.0,2505.0,6731.0,6901.0,3258.0,24516.0,48296.0,29089,70300.0,52711.0
2022-10-17,16248,31346,38118.0,8255.0,11165.0,21056.0,46680.0,20372.0,9585,15562.0,36813.0,14399.0,77527.0,11893.0,26644.0,2453.0,21137.0,22243.0,8430.0,13069.0,17668.0,38165.0,7268.0,30013.0,64744.0,13277.0,13314.0,61982.0,4960,38819.0,16000.0,18072.0,5318.0,12732.0,15074.0,8954.0,3148.0,36757.0,14576,36689.0,12285.0,5365.0,32338.0,34828.0,17653.0,13058.0,80913.0,26189.0,13907.0,6666.0,17717.0,20044.0,5192.0,10020.0,13098.0,10293.0,28486.0,73378.0,45175,70926.0,69798.0
2022-10-18,18779,36042,42160.0,10464.0,13099.0,26538.0,50991.0,23769.0,11715,17945.0,50806.0,15996.0,95665.0,16177.0,35166.0,2921.0,23856.0,23793.0,9912.0,17438.0,20211.0,49659.0,8875.0,35632.0,76582.0,14435.0,16861.0,74142.0,5196,43833.0,17619.0,19532.0,6125.0,14384.0,16752.0,9408.0,3465.0,39549.0,15842,41479.0,14135.0,6111.0,36748.0,39769.0,19775.0,15484.0,93878.0,29461.0,16937.0,7619.0,20991.0,24255.0,8257.0,11243.0,15529.0,12098.0,35237.0,89520.0,54260,86232.0,75340.0
2022-10-19,18037,34617,44053.0,10163.0,13443.0,27798.0,53871.0,24430.0,11710,17698.0,50194.0,16658.0,99404.0,16575.0,35630.0,2955.0,23692.0,23330.0,9708.0,17529.0,20016.0,51202.0,8855.0,35834.0,77908.0,14733.0,17474.0,77810.0,5406,44933.0,17603.0,19793.0,6031.0,14560.0,16679.0,9992.0,3509.0,39914.0,17199,44111.0,14663.0,5728.0,40935.0,42053.0,20494.0,15342.0,92726.0,29043.0,16819.0,8110.0,21789.0,24571.0,8159.0,11273.0,16328.0,11439.0,36497.0,93618.0,54866,87841.0,72994.0
2022-10-20,20843,36358,48624.0,11095.0,14489.0,30645.0,56692.0,24936.0,12353,18606.0,53781.0,16838.0,106481.0,16905.0,37146.0,3115.0,24421.0,22769.0,10504.0,18265.0,20829.0,56913.0,9278.0,36941.0,85222.0,15569.0,17173.0,80258.0,5695,43557.0,17783.0,19541.0,5788.0,14397.0,16799.0,9842.0,3437.0,41360.0,17532,44421.0,14045.0,5740.0,42595.0,35020.0,20735.0,15368.0,98819.0,28080.0,17926.0,8669.0,22490.0,25192.0,7989.0,12253.0,16633.0,12360.0,38665.0,100063.0,55810,91035.0,75057.0
2022-10-21,18975,31750,43794.0,7824.0,12153.0,24149.0,50950.0,20407.0,8807,16772.0,32427.0,17165.0,84719.0,11483.0,22992.0,2583.0,22111.0,22490.0,8291.0,12657.0,17181.0,37143.0,7609.0,31497.0,76087.0,14492.0,13260.0,76351.0,5602,40255.0,17220.0,20869.0,5673.0,13811.0,17190.0,10043.0,2992.0,42808.0,18431,39044.0,13320.0,5694.0,48865.0,43114.0,19293.0,11500.0,89971.0,24860.0,12541.0,5334.0,21839.0,22455.0,5004.0,10496.0,12750.0,9740.0,35116.0,80219.0,42404,80440.0,77195.0
2022-10-22,18686,27122,26661.0,4649.0,11899.0,21160.0,53668.0,11750.0,5908,15102.0,14343.0,17553.0,76337.0,9282.0,12177.0,2560.0,24078.0,16769.0,5103.0,5675.0,8495.0,21370.0,4947.0,24103.0,74993.0,10722.0,9462.0,84937.0,5518,40883.0,14862.0,23492.0,6361.0,14653.0,20517.0,10660.0,2137.0,38042.0,18846,33853.0,13352.0,5943.0,68557.0,53877.0,18507.0,8156.0,84743.0,30823.0,9440.0,2973.0,23090.0,28148.0,3586.0,8414.0,8798.0,4753.0,31111.0,79569.0,37106,84907.0,76009.0
2022-10-23,10385,18181,28572.0,3146.0,8733.0,12677.0,51672.0,7580.0,4336,11621.0,8402.0,11269.0,43623.0,6337.0,7042.0,2324.0,18090.0,9405.0,4109.0,3099.0,7064.0,4935.0,2883.0,16123.0,47503.0,8680.0,6728.0,33779.0,4802,24176.0,11283.0,16357.0,5621.0,10072.0,10869.0,7752.0,1332.0,32415.0,9995,21804.0,9399.0,3936.0,41295.0,27567.0,10709.0,5773.0,63991.0,19472.0,4939.0,1734.0,15668.0,15024.0,2466.0,6141.0,7042.0,2848.0,21394.0,44843.0,25349,57561.0,50835.0
2022-10-24,14452,31564,34717.0,7433.0,11657.0,21321.0,46109.0,19852.0,9953,14986.0,35424.0,14181.0,80132.0,12987.0,25011.0,2865.0,25344.0,22273.0,8243.0,12810.0,16341.0,37333.0,7245.0,28919.0,73389.0,13391.0,13947.0,65525.0,5159,48219.0,16036.0,20747.0,5485.0,14044.0,14955.0,9524.0,3000.0,40788.0,17380,38121.0,12135.0,5706.0,41029.0,40178.0,16547.0,11967.0,82330.0,31240.0,13802.0,5502.0,19459.0,21846.0,5745.0,9279.0,12691.0,9658.0,29455.0,76745.0,43614,74907.0,88143.0
2022-10-25,17735,35919,40148.0,9491.0,12694.0,26233.0,51055.0,22938.0,11351,17310.0,48694.0,15441.0,95325.0,16458.0,34484.0,3381.0,27850.0,23308.0,10124.0,16453.0,19417.0,48688.0,8517.0,34119.0,82577.0,14098.0,16917.0,76174.0,5583,53152.0,17501.0,21203.0,5920.0,14874.0,16819.0,10010.0,3510.0,42083.0,17608,44309.0,13592.0,6257.0,44253.0,44273.0,19101.0,14762.0,94550.0,35170.0,17125.0,7588.0,22686.0,25867.0,7827.0,10828.0,14936.0,10915.0,34641.0,90326.0,52237,88247.0,77429.0
2022-10-26,17424,35649,41212.0,9226.0,14449.0,27405.0,52975.0,22999.0,11349,17959.0,49206.0,16204.0,102762.0,16295.0,33906.0,3169.0,28432.0,22663.0,9224.0,16362.0,18123.0,49488.0,8411.0,36357.0,87921.0,14974.0,17177.0,80325.0,5739,54868.0,17673.0,23072.0,5922.0,15185.0,17122.0,10611.0,3539.0,46792.0,21547,46344.0,14581.0,6915.0,49917.0,49347.0,19408.0,15042.0,101278.0,34512.0,17796.0,7382.0,24959.0,28587.0,7837.0,10936.0,15697.0,10039.0,36471.0,97801.0,52978,90499.0,79046.0
2022-10-27,19096,38625,41641.0,10006.0,14781.0,29978.0,55917.0,23512.0,12321,18157.0,52845.0,16838.0,106960.0,18511.0,34723.0,3363.0,30463.0,22895.0,10285.0,17170.0,18819.0,54258.0,9263.0,38805.0,91969.0,15874.0,17912.0,84535.0,6003,53694.0,18891.0,23767.0,6161.0,15149.0,17385.0,10652.0,3803.0,46869.0,21919,46083.0,14653.0,7100.0,51163.0,49641.0,19535.0,15242.0,107255.0,33265.0,18601.0,8003.0,25778.0,30644.0,8617.0,11394.0,15820.0,11058.0,36828.0,103187.0,55146,95993.0,88340.0
2022-10-28,18466,34616,41428.0,7683.0,13241.0,25201.0,54680.0,20411.0,9107,17950.0,33772.0,17020.0,91782.0,12825.0,22136.0,3133.0,28441.0,23479.0,8337.0,12334.0,16415.0,36533.0,7585.0,32821.0,84565.0,15133.0,14565.0,83162.0,6076,50793.0,18849.0,24083.0,6429.0,15300.0,18517.0,11069.0,3308.0,46632.0,20544,42581.0,14148.0,6751.0,58084.0,51338.0,18820.0,11785.0,97797.0,31074.0,13784.0,5616.0,24277.0,27871.0,5422.0,10631.0,13297.0,9593.0,35274.0,88625.0,44582,90498.0,81922.0
2022-10-29,18250,28373,37936.0,3820.0,11948.0,22496.0,66658.0,12334.0,14946,2.0,18577.0,21772.0,77695.0,10752.0,12791.0,5576.0,30711.0,8375.0,5620.0,6770.0,9312.0,15968.0,4942.0,25504.0,83786.0,11290.0,11396.0,66428.0,5512,43059.0,15127.0,25665.0,9017.0,14995.0,22520.0,11954.0,2465.0,36766.0,23896,37053.0,13350.0,6841.0,70205.0,58368.0,16454.0,9134.0,61750.0,32602.0,13554.0,3327.0,28907.0,27054.0,3384.0,9290.0,4205.0,4558.0,26362.0,97234.0,41851,118465.0,91542.0
2022-10-30,12381,22455,29257.0,3548.0,8686.0,14351.0,53529.0,7713.0,13105,10394.0,12590.0,47461.0,6767.0,8147.0,3424.0,20396.0,4779.0,,3815.0,2708.0,8961.0,9124.0,2916.0,14680.0,46778.0,9231.0,5885.0,30879.0,5521,26421.0,11456.0,16530.0,5634.0,8493.0,12934.0,7545.0,1534.0,29699.0,16606,22594.0,10489.0,4127.0,40177.0,34848.0,10383.0,5451.0,46695.0,19065.0,8305.0,1841.0,14119.0,13301.0,1482.0,6464.0,7297.0,2372.0,18484.0,59111.0,27654,70558.0,59695.0
2022-10-31,15909,32578,35967.0,8160.0,11032.0,22499.0,47248.0,20790.0,10348,15286.0,38334.0,14338.0,77393.0,13258.0,26858.0,2854.0,23243.0,21787.0,8483.0,13401.0,17057.0,39053.0,7770.0,27800.0,69248.0,13911.0,14036.0,58741.0,5487,43271.0,16790.0,20749.0,5412.0,12976.0,17240.0,9148.0,3173.0,37332.0,13838,37420.0,13597.0,5884.0,35954.0,40913.0,18140.0,13487.0,79023.0,28275.0,14661.0,6206.0,17367.0,19177.0,6321.0,10178.0,11426.0,7218.0,30642.0,75150.0,45603,73814.0,70427.0
2022-11-01,19280,36839,41411.0,10013.0,13527.0,27750.0,51955.0,24198.0,12601,17537.0,53122.0,15829.0,97216.0,16445.0,37647.0,4219.0,26537.0,23378.0,10733.0,18134.0,20293.0,53037.0,9212.0,34894.0,76224.0,14657.0,16933.0,70389.0,5791,49606.0,17959.0,20585.0,5410.0,13675.0,17458.0,9215.0,3591.0,41943.0,16032,42994.0,14190.0,5497.0,37259.0,41978.0,19884.0,16181.0,93725.0,30717.0,18340.0,8096.0,20792.0,23147.0,8038.0,11966.0,16286.0,8827.0,35928.0,91268.0,56606,85737.0,72996.0
2022-11-02,19646,35716,43596.0,9998.0,14080.0,29015.0,54646.0,23943.0,12380,17879.0,54165.0,16602.0,102617.0,17846.0,38553.0,3111.0,25453.0,23473.0,11260.0,18417.0,19785.0,53668.0,9472.0,36013.0,85975.0,14748.0,17868.0,75508.0,5810,54042.0,18533.0,20896.0,5696.0,14837.0,18336.0,9782.0,3645.0,40788.0,18437,45783.0,14820.0,6232.0,43489.0,48157.0,21417.0,17234.0,99718.0,32506.0,18260.0,8680.0,22637.0,25219.0,8699.0,11707.0,16800.0,9500.0,36572.0,95473.0,55544,89362.0,73755.0
2022-11-03,21036,36381,39281.0,9256.0,13124.0,29778.0,38854.0,23922.0,11724,17537.0,52060.0,16641.0,98335.0,16146.0,36583.0,3155.0,23211.0,22293.0,10171.0,17156.0,17760.0,54226.0,8921.0,34603.0,82057.0,14915.0,17132.0,73350.0,5581,50866.0,18255.0,21184.0,6133.0,14358.0,18117.0,10122.0,3338.0,40376.0,17551,43911.0,13848.0,5813.0,40674.0,43522.0,19928.0,15085.0,96887.0,27665.0,17049.0,7735.0,20569.0,22741.0,7312.0,11921.0,16019.0,8395.0,37359.0,93034.0,53376,89378.0,73927.0
2022-11-04,19779,33575,33856.0,8013.0,12851.0,25212.0,50172.0,20130.0,9353,16469.0,34316.0,17376.0,90903.0,11708.0,24017.0,2722.0,23554.0,23043.0,8306.0,12409.0,15599.0,39349.0,7804.0,29903.0,81268.0,15303.0,13824.0,75400.0,5863,51394.0,18149.0,22327.0,6150.0,14134.0,19162.0,10286.0,38958.0,,18472,41992.0,14164.0,6490.0,50494.0,48338.0,20552.0,12424.0,89621.0,28042.0,13266.0,5407.0,21636.0,24091.0,5665.0,10608.0,12931.0,6936.0,32280.0,82988.0,43998,84525.0,77572.0
2022-11-05,12458,22114,18715.0,3708.0,4950.0,20242.0,27512.0,10837.0,5048,14791.0,13803.0,15945.0,46685.0,8008.0,9970.0,2067.0,17832.0,13850.0,4012.0,5279.0,6564.0,12772.0,4498.0,21781.0,69869.0,10566.0,8773.0,68442.0,3399,41418.0,12943.0,22062.0,5288.0,13012.0,18334.0,10464.0,1699.0,34739.0,20575,29790.0,8476.0,4492.0,56532.0,47585.0,19122.0,6521.0,60449.0,24216.0,5425.0,1332.0,18261.0,22424.0,2843.0,9102.0,9246.0,4295.0,20781.0,48400.0,32576,76431.0,72019.0
2022-11-06,10339,16596,28433.0,2553.0,7812.0,12200.0,35079.0,7317.0,3998,10298.0,7611.0,11078.0,44052.0,5461.0,7336.0,1476.0,14043.0,11320.0,2938.0,2563.0,5867.0,12750.0,2713.0,13840.0,43923.0,8696.0,5638.0,43271.0,4329,28620.0,10646.0,14965.0,4109.0,8885.0,11101.0,7177.0,999.0,29051.0,13464,18695.0,8448.0,3325.0,33694.0,28076.0,11881.0,4677.0,58602.0,15349.0,5400.0,1833.0,12763.0,13626.0,2060.0,6189.0,3228.0,2530.0,22033.0,53105.0,22582,50197.0,69808.0
2022-11-07,14194,23736,19173.0,6987.0,6125.0,18949.0,23847.0,16350.0,7524,12649.0,29453.0,13633.0,64248.0,10626.0,23357.0,3421.0,16260.0,21417.0,7293.0,11326.0,9243.0,32830.0,5586.0,25970.0,56370.0,10524.0,12233.0,56738.0,4519,42262.0,15086.0,17307.0,4482.0,11596.0,14539.0,8596.0,2434.0,30777.0,11544,32960.0,10699.0,4583.0,27875.0,29704.0,16538.0,10874.0,65385.0,21732.0,10529.0,3926.0,12110.0,15017.0,5637.0,9520.0,11239.0,9010.0,22101.0,49662.0,40911,72131.0,64895.0
2022-11-08,18454,32402,33567.0,9967.0,10521.0,27409.0,39225.0,22236.0,11091,16659.0,55967.0,15868.0,95963.0,16191.0,38271.0,4069.0,20805.0,24611.0,10205.0,18471.0,14314.0,57893.0,8413.0,35794.0,77641.0,12155.0,1825.0,75957.0,4644,54527.0,17161.0,18965.0,5055.0,13723.0,16590.0,8843.0,3335.0,36895.0,14652,42304.0,14010.0,5503.0,34102.0,36436.0,20168.0,16059.0,90890.0,27740.0,16450.0,8145.0,19414.0,22060.0,8842.0,11801.0,15869.0,11955.0,82671.0,,53667,82702.0,74289.0
2022-11-09,19915,30400,28691.0,8755.0,11737.0,26272.0,36695.0,20740.0,9943,15814.0,47692.0,16235.0,88359.0,15180.0,35081.0,3307.0,19170.0,23949.0,8605.0,15450.0,12193.0,51637.0,7474.0,32197.0,76604.0,11302.0,13869.0,74629.0,4622,53122.0,16511.0,18451.0,5047.0,13071.0,16711.0,9164.0,3301.0,33315.0,15115,42604.0,13272.0,20309.0,14262.0,86980.0,25220.0,,,,33434.0,,,,,,,,,,52685,81015.0,83048.0
2022-11-10,18,5,,,,,,,1,,53942.0,4060.0,7570.0,5856.0,,,,,1.0,46944.0,1.0,47025.0,,,,,,,1,38434.0,1.0,,,,,,,,13,47.0,2.0,4.0,1.0,,,,,,5.0,1.0,2.0,5.0,,,,,,,1,58123.0,
2022-11-11,20303,31208,43870.0,7040.0,12360.0,23822.0,41303.0,19453.0,7863,14645.0,35758.0,15683.0,89357.0,12326.0,26140.0,19636.0,26391.0,,6900.0,11849.0,13126.0,6946.0,29207.0,11705.0,9494.0,,,,57530,16228.0,2884.0,,,,,,,,16851,5483.0,51701.0,46194.0,18984.0,11524.0,87294.0,26928.0,,,12649.0,5079.0,20608.0,23667.0,5325.0,10477.0,11439.0,9333.0,33330.0,79137.0,39972,80207.0,84378.0
2022-11-12,23511,27781,44554.0,4809.0,13304.0,22972.0,46110.0,12849.0,15418,17148.0,2599.0,28921.0,17596.0,,,,,,6081.0,6553.0,24295.0,5319.0,26964.0,92614.0,11391.0,13647.0,90000.0,,5261,29072.0,6216.0,15027.0,21950.0,10756.0,38601.0,,,,17252,38075.0,13245.0,6306.0,74961.0,62023.0,19230.0,9107.0,99874.0,30253.0,13295.0,4053.0,28166.0,33410.0,5630.0,9347.0,10842.0,6678.0,36816.0,97368.0,39031,83763.0,101010.0
2022-11-13,12372,18534,31039.0,3140.0,8385.0,13445.0,35857.0,8357.0,4555,11415.0,8380.0,11685.0,48852.0,6140.0,8014.0,1759.0,17884.0,12128.0,2931.0,2441.0,6959.0,14833.0,3022.0,15855.0,52206.0,8755.0,6353.0,50711.0,4578,34047.0,10994.0,18122.0,4500.0,9992.0,12853.0,7882.0,1570.0,27315.0,14670,23820.0,9180.0,4653.0,43049.0,34399.0,11991.0,7446.0,69499.0,23498.0,7664.0,1896.0,17447.0,19979.0,2488.0,6509.0,7184.0,3261.0,22179.0,46284.0,24990,48765.0,55558.0
2022-11-14,15905,30684,38971.0,8656.0,11700.0,22126.0,38289.0,20967.0,10076,14603.0,37775.0,14401.0,77406.0,11900.0,30771.0,2609.0,18986.0,24156.0,8216.0,12931.0,16792.0,46903.0,7473.0,29511.0,66400.0,12591.0,12995.0,65889.0,4808,48745.0,15595.0,19408.0,4714.0,12098.0,15316.0,8075.0,2999.0,34344.0,13942,37949.0,12404.0,5254.0,32446.0,33414.0,18477.0,13250.0,81512.0,24798.0,13605.0,6052.0,17047.0,19474.0,6169.0,10464.0,13048.0,9822.0,31256.0,75351.0,45992,70455.0,72353.0
2022-11-15,12909,34236,44001.0,10599.0,14197.0,29442.0,43356.0,24350.0,12069,17440.0,54003.0,15872.0,96725.0,16380.0,41295.0,2831.0,20623.0,25065.0,10530.0,17389.0,19540.0,62735.0,9758.0,36008.0,74548.0,13777.0,16236.0,77425.0,5014,56110.0,16645.0,19735.0,4883.0,12798.0,16161.0,8689.0,3660.0,37088.0,14843,43051.0,13530.0,5531.0,35515.0,37144.0,20182.0,16657.0,94053.0,27862.0,17760.0,8186.0,20048.0,22851.0,8064.0,12090.0,16477.0,12405.0,34374.0,95993.0,54575,86331.0,76687.0
2022-11-16,20338,33629,46221.0,9974.0,15311.0,30060.0,45061.0,24865.0,12801,18356.0,56537.0,16862.0,102379.0,17161.0,41017.0,2987.0,23484.0,25465.0,9800.0,18555.0,18713.0,64304.0,10156.0,37665.0,82887.0,14123.0,16914.0,83439.0,5266,58540.0,17359.0,21433.0,4950.0,14524.0,17252.0,9424.0,3582.0,36919.0,18405,44936.0,14738.0,6063.0,41414.0,42834.0,21640.0,16617.0,96922.0,27811.0,17833.0,8492.0,22821.0,24267.0,8312.0,12093.0,16998.0,12107.0,37395.0,98072.0,54966,89557.0,77981.0
2022-11-17,22136,36174,47736.0,10481.0,15563.0,31957.0,45851.0,25000.0,12775,18128.0,59051.0,17789.0,109417.0,18276.0,41781.0,3364.0,26139.0,25091.0,10341.0,18773.0,19293.0,67064.0,9240.0,36631.0,87031.0,14372.0,17432.0,87815.0,5364,60280.0,18018.0,21606.0,5630.0,15618.0,17866.0,9428.0,3569.0,39428.0,17321,45886.0,14926.0,6445.0,43563.0,43496.0,22316.0,16334.0,103602.0,27955.0,18331.0,8591.0,23932.0,26580.0,8400.0,12844.0,16811.0,13337.0,38703.0,103996.0,56361,95855.0,78979.0
2022-11-18,19623,33102,47243.0,7743.0,13350.0,25360.0,43887.0,21162.0,9467,16640.0,34743.0,18079.0,87407.0,12573.0,26858.0,3236.0,28093.0,25210.0,8080.0,12101.0,16321.0,47021.0,7940.0,32100.0,82664.0,14575.0,13840.0,85963.0,5618,58442.0,18355.0,25861.0,5825.0,22129.0,18697.0,9945.0,3049.0,40175.0,20898,43954.0,14007.0,14697.0,54335.0,48686.0,21442.0,12345.0,95755.0,26148.0,12769.0,5443.0,21666.0,24446.0,5279.0,11435.0,10104.0,9817.0,34311.0,89640.0,45260,88347.0,80349.0
2022-11-19,19251,27983,40803.0,4909.0,14421.0,22410.0,45550.0,13098.0,8716,15009.0,17707.0,17614.0,64764.0,12299.0,11935.0,3805.0,29961.0,16692.0,5560.0,6375.0,8603.0,20583.0,4740.0,29419.0,99899.0,11934.0,10603.0,85522.0,5676,61847.0,15852.0,34612.0,6969.0,26683.0,22157.0,10714.0,2208.0,37490.0,23280,42919.0,12887.0,21618.0,75797.0,68700.0,21492.0,7535.0,88770.0,28324.0,9914.0,3037.0,30235.0,32706.0,3317.0,8949.0,10171.0,4015.0,34538.0,92508.0,38902,93301.0,85600.0
2022-11-20,11057,18454,26688.0,3204.0,8335.0,13578.0,38131.0,8148.0,7250,5847.0,8950.0,11921.0,42302.0,6902.0,7176.0,1568.0,18558.0,11560.0,3149.0,2520.0,6170.0,11436.0,3137.0,16772.0,54434.0,9268.0,7083.0,43871.0,4812,34904.0,11444.0,22262.0,5012.0,18834.0,13018.0,8092.0,1354.0,29517.0,19426,25519.0,9284.0,14242.0,43469.0,36508.0,12438.0,6041.0,53535.0,19702.0,9527.0,1711.0,16578.0,18614.0,2390.0,3413.0,7397.0,1198.0,21555.0,44212.0,25240,68376.0,56813.0
2022-11-21,14167,29947,38904.0,8089.0,12261.0,22435.0,40153.0,20832.0,9502,14366.0,37794.0,14150.0,75054.0,12669.0,28949.0,2293.0,17270.0,22432.0,8055.0,13183.0,15926.0,42793.0,7791.0,29821.0,67551.0,13451.0,13210.0,60386.0,4984,46779.0,16142.0,21954.0,2296.0,16900.0,14950.0,9079.0,3012.0,36441.0,14711,36899.0,12249.0,8983.0,32704.0,33747.0,18209.0,12696.0,80962.0,23500.0,14200.0,6207.0,17378.0,17477.0,5985.0,10201.0,4414.0,9873.0,30866.0,78371.0,43007,71414.0,69237.0
2022-11-22,18409,34449,43248.0,10196.0,14273.0,27652.0,42304.0,24449.0,11976,16800.0,54158.0,15550.0,93232.0,16805.0,40285.0,3046.0,22737.0,25074.0,9916.0,13362.0,18669.0,60073.0,9411.0,35934.0,82372.0,14022.0,16094.0,77126.0,5170,58037.0,17260.0,22284.0,3370.0,17588.0,17154.0,9136.0,3504.0,36299.0,16388,46508.0,14028.0,10914.0,37704.0,39767.0,21549.0,16411.0,93937.0,29422.0,17550.0,7990.0,21237.0,24737.0,8149.0,12770.0,4564.0,12124.0,35129.0,100492.0,54278,86723.0,77509.0
2022-11-23,20391,33730,45547.0,10165.0,15166.0,28778.0,44789.0,24187.0,14766,11290.0,55371.0,16548.0,99291.0,17013.0,40294.0,3038.0,22527.0,25587.0,9382.0,14193.0,18243.0,60702.0,9163.0,38271.0,67350.0,14134.0,17007.0,86466.0,5368,63942.0,17682.0,22751.0,4474.0,19079.0,17545.0,9625.0,3828.0,37091.0,17887,47305.0,15119.0,10161.0,41633.0,45309.0,21133.0,16464.0,100802.0,28602.0,17599.0,8335.0,22531.0,25498.0,7966.0,9691.0,10939.0,11372.0,29439.0,102379.0,53838,90152.0,75897.0
2022-11-24,19494,36277,45560.0,10206.0,15929.0,31347.0,46097.0,23930.0,13220,16182.0,58645.0,17065.0,104740.0,17799.0,40333.0,2941.0,24560.0,25106.0,9507.0,14433.0,17284.0,64058.0,9227.0,39531.0,91589.0,13977.0,19230.0,85823.0,5488,62035.0,18457.0,25521.0,5383.0,20181.0,18108.0,9858.0,3650.0,39410.0,19833,48115.0,15213.0,11110.0,43728.0,46111.0,22319.0,16758.0,103940.0,27539.0,19422.0,11914.0,22936.0,26486.0,1739.0,12586.0,14447.0,11904.0,36410.0,100962.0,51973,94938.0,79956.0
2022-11-25,19603,32712,44038.0,8319.0,13825.0,25324.0,46042.0,23690.0,10560,13919.0,34895.0,17813.0,88416.0,12484.0,25868.0,2536.0,24253.0,25629.0,7755.0,9656.0,15743.0,46759.0,8110.0,32650.0,91468.0,14519.0,13883.0,90750.0,5796,71345.0,18209.0,31779.0,5823.0,23592.0,19167.0,10627.0,3500.0,41154.0,23368,49498.0,15004.0,10100.0,56137.0,55413.0,22765.0,13077.0,95606.0,27346.0,13823.0,5904.0,22930.0,25544.0,4937.0,12254.0,8747.0,8743.0,31843.0,91934.0,44180,92413.0,91089.0
2022-11-26,16579,25733,11443.0,4685.0,2863.0,19568.0,26380.0,13154.0,8570,7980.0,13621.0,16437.0,56984.0,9834.0,10111.0,4956.0,27579.0,19265.0,4357.0,3307.0,5654.0,27938.0,5658.0,25174.0,89753.0,12585.0,11429.0,109028.0,4657,59582.0,15127.0,36818.0,6063.0,12183.0,21691.0,10408.0,2366.0,34609.0,13524,48461.0,10514.0,19956.0,77302.0,61583.0,18600.0,7466.0,52700.0,28122.0,18863.0,1931.0,25302.0,31179.0,3936.0,9270.0,1954.0,3967.0,33902.0,98175.0,45731,98163.0,85559.0
2022-11-27,10928,18072,26986.0,3506.0,8290.0,13110.0,33664.0,8192.0,6176,9189.0,11327.0,41531.0,4.0,7969.0,3106.0,19444.0,13203.0,,3053.0,1846.0,6964.0,17238.0,3183.0,16088.0,51421.0,9409.0,8262.0,54524.0,4437,45104.0,11525.0,24213.0,1431.0,19512.0,12477.0,8251.0,1621.0,29307.0,17909,26571.0,8946.0,17164.0,43273.0,37843.0,13200.0,5639.0,43801.0,17603.0,9078.0,4870.0,15627.0,17374.0,2995.0,6746.0,2067.0,3264.0,20671.0,50725.0,28127,69916.0,61610.0
2022-11-28,15606,30806,37866.0,7959.0,12145.0,21993.0,36844.0,20911.0,10839,14311.0,38242.0,14239.0,75837.0,12333.0,28811.0,2598.0,20811.0,23147.0,7777.0,12638.0,15821.0,46548.0,7595.0,30121.0,71767.0,13025.0,13266.0,67798.0,4910,54199.0,15892.0,23605.0,4561.0,18320.0,15810.0,8521.0,3135.0,33864.0,16362,39543.0,12249.0,11509.0,36044.0,37709.0,19065.0,13450.0,81478.0,27780.0,13410.0,5982.0,19474.0,20479.0,5786.0,10558.0,12255.0,9898.0,30462.0,77618.0,44963,73195.0,75624.0
2022-11-29,20079,34044,41689.0,11156.0,12415.0,28424.0,41867.0,25758.0,11866,17170.0,49593.0,14942.0,95764.0,16011.0,40063.0,2881.0,21793.0,25027.0,9386.0,14962.0,18464.0,63067.0,9683.0,33521.0,58583.0,13963.0,14327.0,84518.0,5056,64477.0,16552.0,22792.0,4593.0,16393.0,16875.0,8686.0,3166.0,35047.0,16428,47258.0,13409.0,10265.0,37570.0,39871.0,21263.0,15811.0,93531.0,27136.0,16869.0,8416.0,20475.0,23485.0,8430.0,12130.0,15492.0,12276.0,35128.0,92226.0,53219,87185.0,76890.0
2022-11-30,19364,33464,45869.0,9814.0,14589.0,29127.0,43333.0,24390.0,12042,16832.0,53494.0,16303.0,97834.0,16552.0,39496.0,3056.0,21685.0,25340.0,9760.0,17957.0,17078.0,62625.0,8950.0,32464.0,78560.0,11572.0,17235.0,88592.0,4593,66456.0,17387.0,21054.0,5314.0,19108.0,17342.0,9781.0,3539.0,36646.0,14407,52411.0,13258.0,7614.0,43212.0,42056.0,22805.0,16075.0,99029.0,27540.0,17565.0,7964.0,23029.0,27599.0,8122.0,11460.0,16297.0,9479.0,35730.0,96283.0,55072,88949.0,77333.0
2022-12-01,20043,36588,48595.0,10571.0,15671.0,32309.0,46916.0,25334.0,12773,18370.0,57785.0,17056.0,107096.0,18091.0,41714.0,2964.0,24918.0,25474.0,10285.0,17720.0,19513.0,66595.0,10047.0,40627.0,88296.0,15543.0,17516.0,92425.0,5332,68324.0,18372.0,25239.0,5832.0,21928.0,18690.0,9933.0,3775.0,37562.0,19404,53501.0,14878.0,10439.0,48531.0,47042.0,23900.0,16760.0,107724.0,29975.0,18256.0,8304.0,26415.0,29106.0,8464.0,12684.0,17135.0,12770.0,38410.0,106762.0,58093,99524.0,80691.0
2022-12-02,19876,34054,48809.0,8311.0,14075.0,26894.0,45534.0,21545.0,10171,17672.0,37348.0,18284.0,92266.0,12427.0,27168.0,2887.0,24412.0,24909.0,7985.0,12954.0,16236.0,48454.0,8540.0,34793.0,89249.0,16297.0,14466.0,94351.0,5774,68837.0,18947.0,34432.0,6090.0,25477.0,19712.0,10626.0,3268.0,40123.0,25195,51328.0,14629.0,19764.0,62894.0,57214.0,23319.0,13041.0,101080.0,27415.0,13656.0,5863.0,26267.0,28136.0,5976.0,12882.0,13724.0,10652.0,36535.0,93547.0,44977,94735.0,83415.0
2022-12-03,18903,29338,49004.0,5988.0,14010.0,22623.0,47564.0,14930.0,7250,16200.0,17263.0,16903.0,75242.0,10274.0,14464.0,2411.0,27052.0,18521.0,4860.0,4557.0,10628.0,27915.0,6932.0,32928.0,84537.0,13444.0,11962.0,115356.0,6298,83485.0,15894.0,46594.0,6051.0,25453.0,24452.0,10553.0,3008.0,39548.0,18442,54876.0,14082.0,23594.0,79023.0,54036.0,21736.0,8946.0,98757.0,31485.0,10240.0,3815.0,39918.0,36774.0,4005.0,9938.0,11683.0,6246.0,28446.0,92674.0,41518,105039.0,87566.0
2022-12-04,12891,18784,33197.0,3302.0,8749.0,15626.0,40726.0,8478.0,5176,12844.0,10088.0,11816.0,42188.0,7194.0,8575.0,1596.0,19660.0,12626.0,3467.0,2541.0,7638.0,14941.0,3400.0,17505.0,58684.0,10014.0,7425.0,57009.0,5449,45774.0,12304.0,30461.0,4451.0,22443.0,13846.0,7747.0,1493.0,27853.0,21526,30422.0,9803.0,22587.0,48608.0,42837.0,13407.0,6440.0,60642.0,20481.0,9870.0,3676.0,18564.0,20795.0,2772.0,7106.0,7984.0,4136.0,18681.0,47506.0,27999,66810.0,56842.0
2022-12-05,16892,31353,39106.0,8130.0,12279.0,22841.0,38580.0,21115.0,9979,11381.0,39968.0,15113.0,77490.0,13096.0,30554.0,2539.0,22071.0,23928.0,8322.0,13164.0,15634.0,49265.0,8132.0,29822.0,74603.0,14142.0,13794.0,72735.0,5217,57934.0,16960.0,28629.0,4500.0,20498.0,17033.0,8739.0,3021.0,36181.0,18503,42597.0,12831.0,15664.0,39282.0,41434.0,20030.0,13527.0,86250.0,27113.0,,,,,,,,,,,42588,75281.0,73763.0
2022-12-06,21374,35629,45247.0,10233.0,14470.0,29658.0,44895.0,25005.0,11844,17320.0,57860.0,16443.0,99419.0,17993.0,40635.0,3173.0,25149.0,26005.0,10064.0,17694.0,18861.0,63976.0,9769.0,37615.0,87018.0,15423.0,18259.0,87321.0,5494,66318.0,18361.0,27687.0,5245.0,22089.0,18754.0,9548.0,3573.0,39417.0,19970,51459.0,14405.0,14835.0,44323.0,48615.0,23407.0,16847.0,99552.0,31137.0,18101.0,8477.0,25421.0,27722.0,8430.0,12579.0,16328.0,12734.0,36701.0,99038.0,53585,92200.0,79681.0
2022-12-07,22079,36000,43501.0,10080.0,16060.0,31030.0,47556.0,25226.0,12491,18283.0,60629.0,17734.0,106582.0,18190.0,41189.0,3241.0,25043.0,25538.0,9825.0,17630.0,19667.0,65076.0,9784.0,39532.0,91606.0,15799.0,18248.0,92779.0,5948,68337.0,18905.0,29505.0,6070.0,23139.0,19428.0,10469.0,4064.0,39496.0,22276,52175.0,15349.0,15726.0,48510.0,50941.0,24111.0,17737.0,106030.0,31252.0,18767.0,8481.0,26666.0,29797.0,9002.0,12548.0,16892.0,12227.0,38429.0,106581.0,56030,96217.0,81353.0
2022-12-08,17647,37775,50609.0,10546.0,16659.0,34271.0,49414.0,25932.0,12279,19305.0,61634.0,17752.0,114253.0,18451.0,41842.0,3504.0,27919.0,25664.0,10309.0,17015.0,19365.0,68685.0,9817.0,42612.0,94646.0,17233.0,20335.0,97629.0,5899,70486.0,19820.0,31417.0,5665.0,24212.0,20458.0,10580.0,3524.0,42949.0,24533,55600.0,15256.0,18219.0,53830.0,55155.0,24342.0,17763.0,113565.0,31754.0,19834.0,9004.0,28117.0,30990.0,9264.0,13449.0,17692.0,13095.0,39795.0,111728.0,57737,104009.0,82557.0
2022-12-09,16277,33892,49503.0,7945.0,14715.0,27224.0,46531.0,19915.0,9438,17814.0,40837.0,18196.0,93310.0,13900.0,27227.0,2780.0,26567.0,24894.0,7504.0,13197.0,16600.0,48649.0,7956.0,36248.0,93655.0,17167.0,15157.0,96283.0,6231,69054.0,19635.0,37991.0,6274.0,27313.0,21007.0,11558.0,3438.0,42779.0,26384,57640.0,15081.0,14488.0,63871.0,60056.0,22996.0,13880.0,105746.0,31143.0,13834.0,6153.0,29060.0,29791.0,6188.0,12616.0,15373.0,10818.0,32318.0,97056.0,44313,98269.0,80034.0
2022-12-10,19351,27974,44978.0,5926.0,13193.0,22143.0,45995.0,15957.0,10283,5835.0,18647.0,17949.0,82105.0,11018.0,13047.0,2312.0,27043.0,19993.0,4215.0,4461.0,10127.0,28860.0,3344.0,34526.0,83319.0,13301.0,10950.0,126548.0,5436,83652.0,17613.0,46068.0,6545.0,27444.0,25224.0,11550.0,2894.0,37065.0,52466,12925.0,33040.0,20045.0,96317.0,32701.0,,,,,9717.0,3271.0,48256.0,34212.0,3685.0,9413.0,11223.0,6314.0,30879.0,95327.0,38818,91386.0,82372.0
2022-12-11,15431,18827,31071.0,2857.0,8266.0,14207.0,34849.0,8900.0,7228,5166.0,9827.0,11272.0,50267.0,6545.0,8292.0,1497.0,18861.0,13224.0,2273.0,2886.0,6171.0,14517.0,3399.0,18644.0,61228.0,9924.0,6897.0,60937.0,4743,52566.0,12152.0,31536.0,4747.0,20370.0,14416.0,8424.0,1355.0,30110.0,17786,32997.0,9608.0,21819.0,54446.0,45992.0,13476.0,6241.0,66091.0,20935.0,5270.0,1358.0,19587.0,20029.0,2469.0,6664.0,8272.0,3002.0,21479.0,53697.0,26813,65267.0,59071.0
2022-12-12,12235,25829,31385.0,6549.0,11286.0,17423.0,36885.0,17738.0,14001,33539.0,10682.0,73117.0,11481.0,23645.0,2067.0,20093.0,23505.0,,6129.0,7729.0,12880.0,41406.0,4100.0,23262.0,64645.0,11769.0,9975.0,67827.0,4732,53886.0,14918.0,25698.0,4291.0,16650.0,14460.0,7713.0,2335.0,31933.0,16270,14828.0,35089.0,10741.0,,,,,,,11395.0,4559.0,14696.0,17362.0,5375.0,9076.0,1768.0,6807.0,27087.0,77704.0,38745,61952.0,66934.0
2022-12-13,16156,22927,12600.0,7001.0,4388.0,20525.0,25883.0,17477.0,11761,28957.0,12857.0,,,,,,,,7173.0,9923.0,22620.0,61593.0,11249.0,10386.0,,,,,3920,44885.0,14707.0,21676.0,2704.0,14403.0,14590.0,7606.0,2190.0,32387.0,14934,37236.0,11247.0,11071.0,33315.0,33827.0,18129.0,9627.0,53760.0,20713.0,9734.0,4569.0,12921.0,16803.0,5861.0,9115.0,8890.0,7736.0,18557.0,38246.0,37485,64423.0,65930.0
2022-12-14,12893,22858,13499.0,6891.0,4540.0,23635.0,24816.0,18320.0,6762,53221.0,12282.0,22813.0,2319.0,13407.0,19005.0,,,,9983.0,27570.0,5339.0,58599.0,,,,,,,4249,46704.0,14648.0,21803.0,3803.0,16750.0,15154.0,7591.0,2363.0,30808.0,15518,38500.0,11403.0,11797.0,38016.0,35754.0,19293.0,10727.0,56264.0,21841.0,9348.0,4031.0,13765.0,17889.0,5503.0,9495.0,9550.0,7579.0,19131.0,40660.0,38873,68595.0,66776.0
2022-12-15,19576,28088,27808.0,8612.0,7440.0,26781.0,36765.0,22134.0,9134,16162.0,46045.0,16166.0,86147.0,15552.0,32559.0,2526.0,19603.0,23255.0,8334.0,14360.0,13738.0,51954.0,6988.0,32151.0,83743.0,12623.0,15363.0,83033.0,4560,63229.0,16379.0,25288.0,4499.0,20254.0,17184.0,8581.0,2964.0,34836.0,19385,45528.0,12888.0,14876.0,46514.0,44403.0,21759.0,13652.0,90473.0,24069.0,13691.0,7020.0,21783.0,23390.0,7212.0,10265.0,13380.0,8753.0,32659.0,81207.0,47330,85351.0,76768.0
2022-12-16,17150,23502,15455.0,6146.0,4653.0,21422.0,26278.0,16812.0,6575,12668.0,26865.0,17550.0,56660.0,10553.0,16762.0,2388.0,14905.0,19021.0,6108.0,6511.0,9248.0,23646.0,6311.0,27892.0,73551.0,12193.0,11303.0,68702.0,3924,53330.0,14712.0,26965.0,5294.0,22151.0,16500.0,9713.0,2236.0,32667.0,20217,42472.0,10509.0,17032.0,54100.0,44859.0,18364.0,8344.0,59131.0,19851.0,6612.0,2580.0,16264.0,19250.0,4005.0,8624.0,9354.0,5734.0,19918.0,46411.0,38976,77574.0,76575.0
2022-12-17,14821,20545,13346.0,4038.0,3773.0,18086.0,26282.0,10774.0,7769,4115.0,14669.0,15411.0,47833.0,8341.0,8993.0,2194.0,18446.0,14674.0,3789.0,3492.0,5950.0,13278.0,4819.0,24021.0,74115.0,9805.0,7511.0,75236.0,4158,56504.0,11858.0,27880.0,4867.0,17288.0,17466.0,9006.0,1423.0,27087.0,9914,43143.0,9635.0,17447.0,68136.0,52403.0,16682.0,5506.0,53435.0,21575.0,4212.0,1281.0,21837.0,23620.0,2667.0,6850.0,8430.0,4361.0,17678.0,48664.0,34655,81423.0,74443.0
2022-12-18,11873,14139,20320.0,2933.0,1877.0,12291.0,28873.0,7464.0,8836,2889.0,7693.0,9015.0,39682.0,7497.0,6726.0,1343.0,8352.0,12059.0,2778.0,1225.0,5611.0,14260.0,3285.0,14726.0,50063.0,8740.0,5106.0,48985.0,4455,38596.0,10061.0,25591.0,3391.0,14452.0,10675.0,6442.0,892.0,27810.0,16779,24678.0,8284.0,19329.0,47110.0,38156.0,10562.0,5075.0,59405.0,14144.0,5958.0,1039.0,16510.0,14947.0,2009.0,5296.0,7126.0,2600.0,12534.0,36440.0,22197,45461.0,52156.0
2022-12-19,12364,24567,37912.0,6811.0,7954.0,18813.0,36618.0,16673.0,8713,12575.0,33308.0,13254.0,70732.0,11997.0,24248.0,2107.0,21391.0,20728.0,6349.0,10301.0,11374.0,39935.0,6018.0,23844.0,90514.0,11020.0,12306.0,76922.0,5120,62453.0,14051.0,33496.0,4149.0,21532.0,14591.0,8519.0,2479.0,34944.0,22787,43975.0,12337.0,18787.0,53016.0,49789.0,19089.0,11396.0,85384.0,26151.0,12133.0,5380.0,18797.0,24006.0,5348.0,9347.0,11696.0,6129.0,22765.0,72210.0,37372,71930.0,76312.0
2022-12-20,15648,26591,36631.0,7724.0,8394.0,21026.0,35915.0,18787.0,9357,13690.0,40399.0,14142.0,82110.0,15252.0,27656.0,2260.0,23503.0,21871.0,6477.0,11923.0,11990.0,46029.0,6911.0,26960.0,77903.0,10916.0,13876.0,88520.0,5381,81498.0,14270.0,33801.0,4623.0,23131.0,16417.0,9074.0,2616.0,,21517,49711.0,14009.0,19683.0,59773.0,54731.0,20844.0,12792.0,94060.0,29408.0,14088.0,6654.0,24031.0,29180.0,6445.0,9333.0,12485.0,6874.0,23734.0,79817.0,41690,84132.0,78663.0
2022-12-21,14658,24765,33798.0,6508.0,8120.0,19050.0,34865.0,16282.0,8164,13188.0,33738.0,13731.0,76209.0,12533.0,24385.0,2193.0,22223.0,20833.0,6092.0,10129.0,10751.0,41150.0,5479.0,25686.0,88842.0,10179.0,12614.0,82438.0,35296,,,,,,,,,,20516,45538.0,14057.0,18911.0,59765.0,52430.0,20018.0,10586.0,88677.0,25437.0,11489.0,5534.0,22906.0,26767.0,5286.0,8921.0,11229.0,6250.0,22563.0,72148.0,38763,79752.0,79717.0
2022-12-22,14124,22497,31053.0,5606.0,7455.0,16084.0,31515.0,14634.0,7112,11815.0,27274.0,12544.0,69177.0,10501.0,19328.0,1847.0,20841.0,19457.0,5010.0,8200.0,9491.0,34453.0,5411.0,24584.0,85197.0,9398.0,10840.0,78524.0,4909,69077.0,13037.0,32550.0,3767.0,21975.0,13666.0,8328.0,2031.0,33720.0,14073,40219.0,13130.0,18626.0,60083.0,50558.0,17964.0,8830.0,80267.0,21887.0,9604.0,4323.0,21698.0,24584.0,4263.0,7695.0,9553.0,5170.0,20221.0,64682.0,35234,72431.0,77837.0
2022-12-23,11835,18956,29081.0,4111.0,6187.0,12539.0,29309.0,11497.0,5309,10479.0,16369.0,10184.0,52444.0,7517.0,12481.0,1544.0,17799.0,17623.0,4061.0,4257.0,8133.0,24034.0,4080.0,18131.0,71567.0,8419.0,6950.0,70117.0,5350,64187.0,11770.0,30250.0,2843.0,16858.0,11314.0,5967.0,1514.0,29957.0,21061,34476.0,10705.0,16927.0,51723.0,45117.0,15090.0,6696.0,70404.0,19812.0,7027.0,2988.0,19029.0,20242.0,3241.0,6594.0,7462.0,3750.0,16971.0,52301.0,29573,63668.0,76365.0
2022-12-24,6866,10881,9262.0,1774.0,2112.0,6267.0,13031.0,4736.0,2726,6664.0,5686.0,7648.0,17583.0,4122.0,2967.0,1217.0,10608.0,8753.0,1405.0,1921.0,3387.0,6958.0,1110.0,8907.0,42298.0,4878.0,5728.0,30243.0,2944,31801.0,6778.0,19091.0,2625.0,17212.0,8146.0,5073.0,751.0,9845.0,12438,19493.0,5776.0,14456.0,31873.0,29654.0,7451.0,3094.0,30640.0,14588.0,2779.0,521.0,9119.0,10369.0,1867.0,3597.0,2689.0,1630.0,7220.0,21851.0,20232,31627.0,47297.0
2022-12-25,4,9,,,,,,,4,29.0,8.0,1.0,,,,,,,5.0,,,,,,,,,,2,,,,,,,,,,56,,,,,,,,,,3.0,,,,,,,,,,6,,
2022-12-26,4771,12457,1202.0,1652.0,976.0,4966.0,6740.0,4461.0,2599,6567.0,4549.0,6628.0,8316.0,2847.0,1966.0,564.0,12824.0,5908.0,957.0,1304.0,1631.0,1525.0,9556.0,51527.0,5153.0,5201.0,27061.0,,2738,39376.0,5801.0,27972.0,3178.0,19330.0,6186.0,5926.0,744.0,7251.0,11539,18994.0,4209.0,14813.0,34579.0,37189.0,5037.0,3117.0,19506.0,18700.0,858.0,528.0,7710.0,9294.0,1567.0,2948.0,3774.0,1120.0,5366.0,15667.0,8210,20949.0,51512.0
2022-12-27,7821,16755,5481.0,2346.0,6237.0,7969.0,43840.0,5995.0,3735,8830.0,8214.0,8579.0,12971.0,6831.0,5200.0,786.0,20680.0,8311.0,3237.0,1962.0,2578.0,3142.0,2695.0,16499.0,60616.0,7924.0,6936.0,40597.0,4841,39834.0,9125.0,29214.0,4645.0,20916.0,9092.0,5852.0,1009.0,24279.0,13521,26706.0,7087.0,15182.0,56929.0,45290.0,9549.0,5460.0,37186.0,23447.0,2302.0,1766.0,17931.0,17129.0,2686.0,4289.0,6232.0,2931.0,7830.0,34870.0,10519,57362.0,58272.0
2022-12-28,9639,20662,12853.0,3571.0,6824.0,9920.0,34106.0,9332.0,5199,11209.0,15506.0,9521.0,24864.0,8955.0,10140.0,1607.0,23272.0,13673.0,3640.0,3789.0,5176.0,15767.0,3658.0,20419.0,68278.0,10253.0,9189.0,61205.0,5273,49795.0,11267.0,34562.0,3671.0,21662.0,11455.0,7682.0,1487.0,34193.0,16972,31825.0,10667.0,18374.0,57096.0,49289.0,11982.0,7833.0,50536.0,27861.0,11164.0,2425.0,22001.0,20490.0,3633.0,5637.0,7752.0,3714.0,14088.0,55021.0,25073,74067.0,64656.0
2022-12-29,11826,23329,26691.0,4078.0,7192.0,12753.0,35747.0,10877.0,6102,12063.0,18323.0,11540.0,29519.0,10999.0,11135.0,2349.0,30642.0,15394.0,3994.0,4559.0,8206.0,18897.0,3865.0,25003.0,81430.0,11021.0,11406.0,74881.0,5323,62409.0,12712.0,35378.0,4631.0,23919.0,14942.0,9274.0,1789.0,35715.0,9968,38240.0,12301.0,22182.0,61466.0,56510.0,13797.0,9082.0,51845.0,35481.0,27168.0,6153.0,16570.0,,,,,,,,31837,92323.0,70289.0
2022-12-30,12123,22317,36946.0,3587.0,6614.0,13447.0,37079.0,10779.0,6307,12506.0,16096.0,11778.0,28600.0,9386.0,10600.0,1804.0,24895.0,15742.0,3967.0,4516.0,8152.0,18153.0,4279.0,23707.0,80978.0,9873.0,10199.0,82647.0,5377,55581.0,14970.0,27870.0,4550.0,22208.0,14022.0,9179.0,1494.0,31814.0,16420,47504.0,11549.0,10949.0,26907.0,37158.0,14356.0,8667.0,53382.0,28479.0,12264.0,2532.0,32104.0,3716.0,8302.0,4321.0,61663.0,,,,32758,86679.0,88225.0
2022-12-31,14107,19905,33009.0,3292.0,4827.0,16846.0,34337.0,9768.0,6470,14245.0,16233.0,12974.0,25991.0,12409.0,7332.0,2333.0,28724.0,14549.0,3299.0,6139.0,6874.0,19131.0,4959.0,34551.0,70045.0,12744.0,13569.0,93352.0,5977,44548.0,12179.0,27530.0,4920.0,20746.0,15469.0,9581.0,1428.0,30508.0,13660,41695.0,9885.0,16730.0,43833.0,48602.0,11576.0,11277.0,55309.0,28504.0,16613.0,3872.0,21647.0,24180.0,7858.0,10284.0,9994.0,7092.0,24776.0,79886.0,30036,95538.0,64440.0
