Date,Angel,Baker Street,Euston,Great Portland Street,Marylebone,Old Street,Paddington,Warren Street,Aldgate,Aldgate East,Bank,Bethnal Green,Liverpool Street,Monument,Moorgate,Tower Gateway,Tower Hill,Whitechapel,Barbican,Chancery Lane,Euston Square,Farringdon,Goodge Street,Holborn,Oxford Circus,Russell Square,St Pauls,Tottenham Court Road,Bayswater,Bond Street,Gloucester Road,Knightsbridge,Lancaster Gate,Marble Arch,Notting Hill Gate,Queensway,Regents Park,South Kensington,Covent Garden,Green Park,High Street Kensington,Hyde Park Corner,Leicester Square,Piccadilly Circus,Sloane Square,St James's Park,Victoria,Westminster,Blackfriars,Cannon Street,Charing Cross,Embankment,Mansion House,Pimlico,Southwark,Temple,Vauxhall,Waterloo,Canary Wharf,London Bridge,Stratford
2023-01-01,6994,13010.0,11100.0,1729.0,3018.0,8197.0,21845.0,5200.0,6146.0,3547.0,6169.0,7274.0,13756.0,5549.0,3902.0,1438.0,9364.0,,2009,1111.0,3115.0,9971.0,11574.0,35270.0,5341.0,38594.0,,,3886,28025.0,7770.0,15728.0,3182.0,7832.0,6978.0,869.0,19868.0,,13599.0,31729.0,6007.0,163.0,40711.0,6412.0,30680.0,29264.0,,,6516.0,730.0,16301.0,15965.0,2438.0,2336.0,5735.0,2346.0,11134.0,34314.0,18316,49379.0,33796.0
2023-01-02,7853,16268.0,28921.0,2288.0,4610.0,8950.0,30358.0,6268.0,4115.0,20404.0,,,,,,,,,2625,54627.0,7954.0,49099.0,,,,,,,4410,42210.0,26487.0,3639.0,18848.0,6870.0,,,,,16104.0,23853.0,16519.0,45024.0,5913.0,,,,,,8922.0,42629.0,,,,,,,,,22565,60177.0,54649.0
2023-01-03,12132,20211.0,11965.0,4991.0,3881.0,15792.0,23176.0,14880.0,10515.0,24373.0,11205.0,40594.0,10723.0,17392.0,1952.0,16054.0,15453.0,,5024,8238.0,7168.0,19594.0,4.0,20040.0,9761.0,10251.0,,,10809,9862.0,11701.0,1741.0,29352.0,,,,,,8778.0,33792.0,32431.0,12170.0,7599.0,45997.0,20014.0,,,,2961.0,11165.0,13646.0,4702.0,7181.0,8904.0,4146.0,14191.0,,,32205,57338.0,57622.0
2023-01-04,13155,21368.0,12728.0,5352.0,3956.0,17000.0,22343.0,15021.0,7083.0,8900.0,26953.0,12705.0,42810.0,11253.0,18686.0,1998.0,14591.0,17348.0,5666,9617.0,7538.0,20954.0,2544.0,20997.0,53937.0,8888.0,10793.0,50223.0,3235,37589.0,11406.0,18134.0,3701.0,10145.0,13219.0,7807.0,1850.0,25740.0,14296.0,31427.0,8048.0,4367.0,35762.0,32657.0,13910.0,9078.0,50937.0,22879.0,7723.0,3243.0,12410.0,15976.0,4665.0,8088.0,9578.0,4828.0,15322.0,37983.0,34048,65133.0,57609.0
2023-01-05,13813,21699.0,9094.0,5638.0,2924.0,17652.0,19106.0,15263.0,6442.0,11305.0,29222.0,12373.0,49174.0,11981.0,21498.0,2270.0,15891.0,19454.0,5705,8262.0,6963.0,28150.0,4813.0,22853.0,53837.0,9370.0,11649.0,60569.0,4054,42531.0,12235.0,18816.0,3560.0,10272.0,14308.0,7768.0,2017.0,26860.0,14406.0,30780.0,9766.0,4539.0,37138.0,32972.0,15250.0,9480.0,45646.0,22504.0,9121.0,3623.0,13460.0,17429.0,5570.0,8607.0,10099.0,5662.0,17109.0,41242.0,37588,44109.0,59341.0
2023-01-06,14970,21920.0,13586.0,5133.0,2778.0,17909.0,23453.0,14316.0,5825.0,11474.0,23674.0,14776.0,44466.0,9863.0,15494.0,2205.0,16856.0,17864.0,5145,8813.0,7199.0,19421.0,4588.0,21780.0,55410.0,9719.0,9999.0,56153.0,4195,39360.0,12173.0,19611.0,3139.0,11053.0,15101.0,8851.0,2028.0,27419.0,14961.0,31214.0,9739.0,5030.0,42839.0,35635.0,14747.0,8625.0,51716.0,21555.0,6570.0,2447.0,13536.0,16554.0,4046.0,8140.0,9198.0,4526.0,16115.0,38355.0,33689,63171.0,62821.0
2023-01-07,15904,18106.0,12532.0,2761.0,3373.0,15842.0,17322.0,9153.0,11400.0,16124.0,15128.0,38723.0,9.0,7687.0,1652.0,12.0,11883.0,,3153,4807.0,4562.0,10398.0,3734.0,20221.0,56881.0,8291.0,8868.0,63235.0,1,38359.0,8849.0,21461.0,4258.0,10529.0,16183.0,10695.0,1229.0,25774.0,19876.0,26228.0,4424.0,3943.0,53641.0,40801.0,5.0,42435.0,17372.0,,1.0,15806.0,10227.0,7165.0,8997.0,14598.0,42595.0,,,,28678,63222.0,63803.0
2023-01-08,10696,12597.0,20963.0,1881.0,3166.0,10500.0,17735.0,6417.0,8623.0,10997.0,10657.0,31040.0,2.0,5114.0,1224.0,10583.0,,,2055,2585.0,4294.0,12134.0,2513.0,13652.0,37474.0,6274.0,6697.0,41457.0,1,27054.0,6474.0,15153.0,3391.0,8112.0,9545.0,7770.0,947.0,20493.0,14089.0,18548.0,3494.0,3220.0,32639.0,25519.0,1.0,42148.0,12466.0,,13775.0,6008.0,5585.0,6838.0,15799.0,35914.0,,,,,20453,45335.0,47319.0
2023-01-09,13793,24655.0,31691.0,6993.0,9273.0,20439.0,30981.0,19716.0,8777.0,11577.0,37555.0,12993.0,66351.0,11403.0,29300.0,2191.0,16373.0,22937.0,6895,12445.0,14303.0,44611.0,6893.0,23704.0,57431.0,10258.0,11444.0,58111.0,3726,44992.0,13004.0,15716.0,3396.0,10262.0,13439.0,6997.0,2514.0,27125.0,10234.0,32340.0,10378.0,4101.0,27797.0,26737.0,16179.0,11684.0,75255.0,21345.0,12188.0,5913.0,14199.0,16073.0,5445.0,9758.0,11423.0,6164.0,27470.0,66122.0,43077,65167.0,65419.0
2023-01-10,18552,29030.0,38506.0,8905.0,12613.0,26099.0,36693.0,23667.0,10978.0,13366.0,52231.0,14349.0,85235.0,15548.0,40260.0,2655.0,18262.0,24202.0,8605,16082.0,17368.0,58829.0,8442.0,30330.0,65575.0,12166.0,14868.0,69253.0,4317,50551.0,14212.0,16938.0,3490.0,11466.0,14770.0,7459.0,3096.0,32227.0,12399.0,37764.0,12084.0,4531.0,32597.0,32553.0,18267.0,15462.0,87608.0,23767.0,17013.0,7944.0,18452.0,21575.0,7752.0,11818.0,15101.0,6671.0,32592.0,86226.0,49189,78604.0,66934.0
2023-01-11,19369,29310.0,42035.0,9133.0,12246.0,26666.0,37063.0,23773.0,11227.0,15019.0,53529.0,15207.0,88916.0,16163.0,39683.0,2679.0,19185.0,24895.0,9134,16764.0,17129.0,59490.0,8689.0,29667.0,69910.0,12085.0,15410.0,73470.0,4491,53614.0,14431.0,17633.0,3976.0,11823.0,15554.0,7995.0,3238.0,32331.0,14886.0,39889.0,12753.0,4715.0,36434.0,35057.0,19058.0,15445.0,88306.0,25202.0,16250.0,7933.0,20133.0,21973.0,7674.0,11164.0,15760.0,8326.0,33656.0,86643.0,52529,81013.0,69416.0
2023-01-12,19779,32138.0,40670.0,10197.0,12850.0,29974.0,65309.0,24984.0,12016.0,16569.0,60946.0,16418.0,90593.0,17311.0,37211.0,4931.0,21764.0,20174.0,12131,18756.0,18882.0,46164.0,9322.0,35005.0,82233.0,13294.0,18184.0,53975.0,5042,45256.0,15667.0,18034.0,7058.0,12651.0,16610.0,8429.0,3382.0,35692.0,16209.0,41871.0,12697.0,4903.0,39682.0,37861.0,19637.0,15855.0,94467.0,24896.0,18515.0,9342.0,21174.0,24390.0,8549.0,12049.0,16267.0,9205.0,34372.0,93814.0,64430,90262.0,71905.0
2023-01-13,17984,28276.0,35983.0,7421.0,10622.0,22899.0,36067.0,20170.0,8286.0,14668.0,33301.0,16217.0,69176.0,11379.0,24418.0,2422.0,19834.0,23222.0,7227,11570.0,14530.0,40385.0,7286.0,26666.0,68006.0,12488.0,12159.0,72674.0,5310,48998.0,15758.0,19342.0,4751.0,12136.0,17188.0,9046.0,2982.0,36357.0,15883.0,36924.0,12690.0,4938.0,46593.0,38654.0,19416.0,12129.0,83436.0,23522.0,12078.0,5321.0,20151.0,21769.0,5270.0,10697.0,12020.0,6717.0,31016.0,75429.0,42850,78652.0,73998.0
2023-01-14,19629,21725.0,38092.0,2413.0,11014.0,19344.0,30201.0,12515.0,3540.0,8770.0,14839.0,15149.0,57507.0,6872.0,11316.0,1892.0,15174.0,17355.0,2494,5138.0,4472.0,22637.0,5012.0,21611.0,70174.0,9911.0,9134.0,83717.0,3524,48643.0,12261.0,24459.0,4723.0,11364.0,18691.0,10180.0,2048.0,37495.0,22180.0,30407.0,9808.0,4479.0,64587.0,48371.0,12691.0,5384.0,55894.0,21398.0,9366.0,1944.0,22764.0,18859.0,2351.0,8969.0,9487.0,3359.0,31203.0,67280.0,30978,89728.0,83623.0
2023-01-15,13441,15886.0,24676.0,2672.0,1885.0,12583.0,29962.0,7806.0,4131.0,8794.0,8434.0,10664.0,41425.0,5651.0,7120.0,1573.0,14329.0,12086.0,2641,2484.0,5400.0,14953.0,2923.0,13536.0,41984.0,7316.0,5903.0,46904.0,3989,30504.0,9685.0,15888.0,4080.0,8777.0,11898.0,7025.0,1106.0,27613.0,15005.0,19598.0,8842.0,2983.0,37266.0,27540.0,10494.0,5120.0,44355.0,15952.0,8051.0,1406.0,13130.0,13226.0,2017.0,6290.0,6612.0,1973.0,25334.0,39381.0,22900,60154.0,58191.0
2023-01-16,15071,27142.0,33804.0,7554.0,10593.0,21632.0,34382.0,20557.0,9068.0,13274.0,39113.0,13760.0,65600.0,12572.0,31303.0,2221.0,17775.0,23096.0,7925,13438.0,15581.0,46343.0,7757.0,27896.0,59254.0,12071.0,12997.0,59794.0,4318,45307.0,14606.0,16770.0,3669.0,10926.0,14512.0,7588.0,2914.0,31932.0,11652.0,33936.0,11751.0,4007.0,30227.0,29949.0,17297.0,13099.0,73473.0,24087.0,14431.0,6169.0,16588.0,17978.0,5987.0,10562.0,12448.0,9716.0,29113.0,66324.0,44704,70029.0,68963.0
2023-01-17,19386,30141.0,38699.0,9165.0,13345.0,27768.0,40269.0,24428.0,14296.0,9168.0,55368.0,15381.0,84274.0,16574.0,41782.0,2836.0,20124.0,25359.0,9691,16850.0,18444.0,61314.0,9234.0,32902.0,69588.0,12204.0,15591.0,72873.0,4703,51129.0,15498.0,16787.0,4136.0,12114.0,15993.0,7958.0,3158.0,34654.0,13221.0,39209.0,12574.0,4578.0,34177.0,32715.0,19255.0,16060.0,86094.0,25303.0,17182.0,8062.0,19708.0,21904.0,7956.0,11792.0,14223.0,11316.0,35148.0,80063.0,48769,79262.0,70364.0
2023-01-18,19566,30835.0,40027.0,9457.0,13115.0,28479.0,40316.0,24077.0,13338.0,12479.0,55097.0,15893.0,87585.0,16275.0,41703.0,2748.0,19905.0,25363.0,8712,16870.0,17264.0,63061.0,8977.0,33434.0,71790.0,12316.0,16734.0,76197.0,4955,53058.0,15915.0,18310.0,4430.0,12248.0,16307.0,8485.0,3375.0,34941.0,14801.0,42589.0,12969.0,4784.0,37006.0,36212.0,20198.0,16329.0,90084.0,27595.0,17248.0,8198.0,21185.0,23331.0,7998.0,11593.0,15653.0,10904.0,34585.0,83567.0,56089,85285.0,71982.0
2023-01-19,20808,32397.0,41578.0,9851.0,13802.0,31678.0,41834.0,26210.0,11456.0,16798.0,59539.0,16071.0,98656.0,17790.0,42756.0,2938.0,21485.0,24742.0,7708,18076.0,17954.0,66292.0,9782.0,36682.0,73261.0,12898.0,17608.0,83210.0,4981,55878.0,16846.0,18995.0,4661.0,12895.0,16943.0,8849.0,3476.0,37514.0,15802.0,43126.0,13389.0,5040.0,40183.0,38250.0,20533.0,16120.0,94307.0,26117.0,17810.0,8584.0,23338.0,24647.0,8519.0,12293.0,16237.0,12030.0,36440.0,88297.0,59476,91263.0,74359.0
2023-01-20,19287,28867.0,38445.0,7526.0,11414.0,24637.0,39235.0,21136.0,8994.0,14959.0,34777.0,16357.0,76567.0,11280.0,25614.0,2449.0,19508.0,24345.0,7072,12023.0,14634.0,43683.0,7692.0,29665.0,68866.0,13378.0,12736.0,78757.0,5414,49410.0,16670.0,20303.0,4771.0,12624.0,17364.0,9499.0,2959.0,38619.0,16180.0,38380.0,13453.0,4947.0,47750.0,40742.0,20225.0,11961.0,84500.0,22228.0,12278.0,5340.0,20655.0,21006.0,5181.0,10959.0,12472.0,8894.0,32855.0,69376.0,49039,79516.0,72071.0
2023-01-21,19178,25102.0,32537.0,5116.0,10870.0,20571.0,38731.0,11700.0,5668.0,13832.0,14494.0,15904.0,58259.0,8558.0,11259.0,2362.0,20436.0,18088.0,4576,5263.0,8216.0,27611.0,5087.0,22332.0,70987.0,10215.0,9176.0,91177.0,5359,49979.0,13818.0,24664.0,5646.0,13121.0,20885.0,10652.0,1828.0,38992.0,21636.0,32353.0,13172.0,5073.0,68926.0,53616.0,17856.0,6981.0,59257.0,24120.0,12551.0,2654.0,23115.0,23659.0,3254.0,8854.0,10167.0,4144.0,22740.0,74346.0,53495,98841.0,95755.0
2023-01-22,13906,17584.0,25299.0,2887.0,7660.0,12852.0,34592.0,8234.0,7692.0,3904.0,8746.0,10653.0,37282.0,5834.0,6870.0,1695.0,15185.0,13116.0,2773,2595.0,6109.0,15961.0,3234.0,16500.0,44132.0,7056.0,5913.0,63641.0,4668,30093.0,10062.0,4414.0,4270.0,9780.0,12575.0,8252.0,1390.0,28524.0,6984.0,27491.0,9418.0,1528.0,42674.0,33680.0,11356.0,5302.0,44265.0,17479.0,7935.0,1349.0,21984.0,18734.0,2005.0,6492.0,6758.0,1946.0,16235.0,42348.0,34464,60283.0,53288.0
2023-01-23,14663,30823.0,35347.0,4635.0,11220.0,22052.0,33176.0,24779.0,5631.0,8551.0,47904.0,14011.0,75008.0,10869.0,30453.0,2539.0,12907.0,24638.0,4191,14369.0,8933.0,46103.0,7680.0,29391.0,62067.0,11779.0,16040.0,66974.0,3430,45438.0,14703.0,17639.0,4467.0,12086.0,17080.0,9215.0,3939.0,28972.0,11595.0,32254.0,7493.0,5277.0,29591.0,30968.0,11543.0,8130.0,81168.0,26069.0,7884.0,3562.0,15975.0,17556.0,2479.0,10242.0,12732.0,5202.0,31239.0,75424.0,50932,72815.0,69727.0
2023-01-24,17629,33207.0,41621.0,9668.0,12408.0,27913.0,38777.0,25089.0,12074.0,14864.0,55996.0,15251.0,90062.0,16111.0,40904.0,2869.0,19485.0,25116.0,8663,17209.0,18471.0,61127.0,9311.0,34913.0,72909.0,12791.0,15915.0,76045.0,4537,53632.0,15805.0,17778.0,4521.0,12544.0,16206.0,8370.0,3219.0,34750.0,13900.0,40750.0,12887.0,4772.0,35166.0,34618.0,19366.0,16127.0,86763.0,26679.0,16845.0,8057.0,19133.0,21200.0,7658.0,11722.0,15409.0,11745.0,35175.0,87982.0,61138,84136.0,73144.0
2023-01-25,20231,31948.0,43943.0,9869.0,13332.0,29296.0,39935.0,25600.0,11816.0,16592.0,58566.0,16502.0,95052.0,17063.0,41455.0,2745.0,20322.0,25207.0,9666,18070.0,18222.0,62706.0,9951.0,35507.0,76358.0,13814.0,17234.0,80090.0,5126,54847.0,15841.0,19059.0,4450.0,12962.0,16724.0,8938.0,3347.0,38458.0,15318.0,43123.0,13543.0,5079.0,38999.0,38370.0,20089.0,16876.0,93658.0,27246.0,17665.0,8702.0,21057.0,22131.0,8195.0,12383.0,16460.0,11372.0,35712.0,91402.0,59505,85170.0,72190.0
2023-01-26,20086,35475.0,44357.0,10715.0,14106.0,32033.0,41597.0,26651.0,12462.0,17587.0,60901.0,16601.0,101723.0,17972.0,42702.0,3031.0,21972.0,25450.0,9603,18438.0,18872.0,66683.0,10251.0,38472.0,73918.0,13504.0,17607.0,86733.0,4874,57567.0,16927.0,19307.0,4770.0,13355.0,17035.0,9210.0,3329.0,39012.0,16625.0,44230.0,13838.0,5094.0,41357.0,40719.0,20413.0,16603.0,97701.0,27531.0,18583.0,8752.0,22727.0,24980.0,8789.0,12697.0,16965.0,13396.0,36901.0,97747.0,64825,91658.0,74019.0
2023-01-27,17485,30381.0,40833.0,7603.0,12059.0,24830.0,38932.0,21599.0,13494.0,5435.0,35426.0,16496.0,80855.0,12215.0,25341.0,2533.0,20778.0,26772.0,7344,10717.0,14930.0,46074.0,7931.0,30842.0,73442.0,12892.0,11127.0,84306.0,6796,51979.0,17066.0,20532.0,4907.0,11492.0,15771.0,8700.0,2982.0,40137.0,17396.0,40580.0,14026.0,5461.0,49633.0,42871.0,19147.0,11889.0,88791.0,23823.0,13171.0,5785.0,21226.0,22279.0,5761.0,11180.0,13113.0,10113.0,33979.0,79509.0,56970,81940.0,75001.0
2023-01-28,17710,26078.0,40149.0,3581.0,16367.0,21867.0,38287.0,12958.0,1041.0,16216.0,2510.0,23298.0,,,,,,,74624,98229.0,,,,,,,,,5372,48478.0,14055.0,25635.0,5163.0,12629.0,22050.0,10111.0,2078.0,41264.0,21567.0,13750.0,4928.0,67182.0,53008.0,,,,,,14298.0,2909.0,24293.0,25836.0,3273.0,8917.0,9061.0,4715.0,23335.0,81086.0,54082,95516.0,79155.0
2023-01-29,11192,16711.0,27967.0,2214.0,10080.0,13305.0,29018.0,7606.0,10556.0,8346.0,11224.0,37632.0,6196.0,7266.0,1319.0,15035.0,12730.0,,2730,2299.0,5266.0,14707.0,3124.0,13966.0,42242.0,8019.0,6143.0,49038.0,4429,27987.0,10178.0,15833.0,4005.0,8964.0,12421.0,7327.0,1334.0,29602.0,19512.0,9314.0,3511.0,29765.0,10722.0,5277.0,42083.0,16705.0,,,8241.0,1315.0,13149.0,13790.0,2196.0,6322.0,6287.0,2545.0,16860.0,45557.0,23420,59476.0,52625.0
2023-01-30,15746,30097.0,35921.0,8042.0,10829.0,21813.0,32299.0,20934.0,9005.0,13534.0,40263.0,70817.0,12689.0,30652.0,23650.0,,,,7625,12933.0,15547.0,49520.0,7784.0,27860.0,11627.0,12667.0,,,4340,45790.0,14729.0,17568.0,4038.0,10992.0,14803.0,7730.0,2930.0,31378.0,11507.0,34840.0,31121.0,17921.0,12549.0,75650.0,24470.0,,,,13850.0,6371.0,17013.0,18131.0,5977.0,10129.0,12347.0,10086.0,30002.0,70649.0,45834,68104.0,69063.0
2023-01-31,19030,34681.0,40899.0,9960.0,12577.0,28554.0,37409.0,25201.0,11734.0,15558.0,55951.0,15819.0,92582.0,16787.0,41339.0,2814.0,19644.0,25706.0,9328,17354.0,18200.0,63618.0,9237.0,34813.0,72678.0,12628.0,16163.0,76464.0,4143,52918.0,15439.0,17540.0,4181.0,12196.0,15707.0,7681.0,3165.0,33603.0,12986.0,40323.0,12464.0,4852.0,34240.0,33784.0,19899.0,16348.0,89114.0,26130.0,17294.0,8269.0,19227.0,21816.0,8223.0,12003.0,15627.0,12054.0,35199.0,89468.0,56903,83231.0,74218.0
2023-02-01,14350,23325.0,11155.0,7200.0,3687.0,20542.0,18690.0,18869.0,7351.0,12060.0,37677.0,14740.0,59550.0,12570.0,24963.0,2445.0,14938.0,23193.0,6763,12734.0,9072.0,36810.0,6543.0,26483.0,57682.0,9793.0,12308.0,67553.0,4040,46000.0,14026.0,16902.0,3686.0,11353.0,14780.0,7552.0,2601.0,32420.0,13123.0,35263.0,11449.0,3703.0,37395.0,31522.0,17868.0,10810.0,45907.0,23968.0,19351.0,9768.0,8082.0,28204.0,59067.0,,,,,,44665,47675.0,62192.0
2023-02-02,19167,30640.0,34301.0,10035.0,11943.0,28781.0,36754.0,25174.0,10549.0,16277.0,52183.0,16015.0,90569.0,16165.0,37719.0,2601.0,19377.0,25585.0,9011,16173.0,16938.0,61408.0,8883.0,34992.0,71326.0,12225.0,15855.0,81678.0,4510,53605.0,16450.0,17746.0,4272.0,12174.0,16271.0,8375.0,3199.0,35893.0,14717.0,41086.0,13469.0,4516.0,38170.0,36253.0,19513.0,14730.0,86302.0,23911.0,15923.0,7671.0,20053.0,22929.0,7786.0,11778.0,15088.0,12096.0,35337.0,84523.0,51786,82460.0,71953.0
2023-02-03,17178,25510.0,12409.0,6387.0,3823.0,19979.0,22367.0,18234.0,6841.0,13772.0,29197.0,16245.0,60479.0,10535.0,19179.0,2400.0,17507.0,23946.0,6660,10537.0,9755.0,32710.0,6543.0,27090.0,57739.0,11975.0,11506.0,75347.0,46693,4650.0,2447.0,,,,,,,,14311.0,36087.0,12816.0,4564.0,43755.0,36067.0,18018.0,10572.0,49930.0,22348.0,8225.0,3036.0,14827.0,4683.0,10424.0,,,,,,42945,50117.0,68824.0
2023-02-04,18643,21552.0,41484.0,3577.0,2888.0,23675.0,64202.0,12255.0,4763.0,15789.0,16585.0,17968.0,53805.0,9534.0,10253.0,2438.0,24094.0,11655.0,4675,6980.0,8370.0,15616.0,5401.0,25464.0,77424.0,8946.0,10420.0,66702.0,5360,16215.0,20928.0,7994.0,13676.0,21245.0,10094.0,36617.0,,,18814.0,33915.0,14226.0,4171.0,66622.0,50921.0,16480.0,6865.0,84554.0,24169.0,9988.0,3503.0,23235.0,26109.0,3364.0,8455.0,9417.0,4503.0,33673.0,80633.0,39441,95149.0,81639.0
2023-02-05,12522,15869.0,30184.0,2571.0,1742.0,15668.0,47828.0,8528.0,3430.0,12943.0,10605.0,13433.0,31451.0,7212.0,7156.0,2274.0,17944.0,8659.0,3334,3422.0,5842.0,7575.0,3095.0,15970.0,44743.0,7209.0,7219.0,35667.0,4333,24342.0,13036.0,13874.0,9899.0,12517.0,8062.0,1463.0,27884.0,,13754.0,22767.0,9541.0,3519.0,39908.0,29787.0,10500.0,5649.0,60353.0,20263.0,6773.0,1979.0,16996.0,18893.0,2684.0,6346.0,6567.0,3341.0,18297.0,40336.0,27469,51847.0,56240.0
2023-02-06,15843,30757.0,36627.0,8173.0,10615.0,22045.0,33898.0,21171.0,9140.0,13889.0,39923.0,13854.0,71973.0,12533.0,31111.0,3036.0,18851.0,24514.0,7928,13038.0,15537.0,49681.0,7775.0,27986.0,60345.0,12150.0,13199.0,62379.0,4536,46371.0,15312.0,17271.0,4200.0,11280.0,14838.0,8012.0,2926.0,32219.0,11306.0,35438.0,11512.0,4581.0,30306.0,30561.0,17591.0,13199.0,77132.0,24995.0,13981.0,6152.0,16222.0,18473.0,6200.0,9931.0,12596.0,10128.0,30461.0,71256.0,46594,71129.0,70425.0
2023-02-07,21251,33991.0,42807.0,10200.0,13179.0,28164.0,38468.0,24903.0,11190.0,16596.0,56299.0,15395.0,92285.0,17095.0,41342.0,5031.0,21115.0,25771.0,9094,17213.0,18442.0,63352.0,9357.0,35156.0,70364.0,12991.0,16239.0,78054.0,4632,53455.0,15958.0,17264.0,4905.0,12460.0,16104.0,8306.0,3284.0,34409.0,13317.0,41314.0,13096.0,4772.0,34574.0,35321.0,20136.0,16468.0,90596.0,26616.0,17403.0,8090.0,19541.0,22076.0,8138.0,11808.0,15844.0,12319.0,35078.0,89481.0,54492,83045.0,73654.0
2023-02-08,21322,33009.0,44491.0,10260.0,13451.0,28753.0,40098.0,25087.0,11764.0,17285.0,55612.0,16098.0,94915.0,16812.0,41009.0,5220.0,20328.0,26048.0,9379,17559.0,18258.0,65115.0,9124.0,35702.0,73066.0,13182.0,16858.0,82172.0,4811,54570.0,16550.0,17550.0,4569.0,12866.0,16445.0,8477.0,3492.0,36626.0,14481.0,42749.0,14427.0,5102.0,37546.0,36794.0,20170.0,16856.0,89706.0,26584.0,16463.0,8423.0,21280.0,23653.0,7951.0,11839.0,16096.0,11336.0,36337.0,91304.0,54289,86368.0,73234.0
2023-02-09,21734,34463.0,43153.0,10821.0,13408.0,31223.0,43178.0,25158.0,12074.0,18127.0,59353.0,16295.0,101840.0,17989.0,42383.0,4194.0,22229.0,25630.0,9652,17588.0,17788.0,68342.0,9087.0,36142.0,76069.0,12179.0,17337.0,85010.0,4739,54515.0,16917.0,17789.0,4829.0,12363.0,16452.0,8494.0,3584.0,38176.0,14538.0,43155.0,13186.0,4997.0,39457.0,37988.0,20450.0,16245.0,95702.0,25267.0,18314.0,8562.0,22311.0,24725.0,8282.0,12156.0,16068.0,11551.0,36626.0,94902.0,64703,88790.0,75279.0
2023-02-10,18615,31420.0,41518.0,7818.0,11691.0,24121.0,39009.0,20540.0,8668.0,16002.0,35914.0,16789.0,78763.0,12125.0,25214.0,4734.0,21271.0,24800.0,7339,11671.0,14487.0,46361.0,7403.0,29259.0,69948.0,12202.0,12486.0,80732.0,5114,49669.0,16639.0,19326.0,4628.0,12777.0,16696.0,8712.0,3114.0,40138.0,15173.0,37881.0,13172.0,4958.0,46795.0,39843.0,19152.0,11677.0,87977.0,21871.0,12656.0,5441.0,20436.0,23151.0,5256.0,10820.0,11603.0,9226.0,34408.0,78118.0,40544,78120.0,73342.0
2023-02-11,20601,25565.0,40097.0,4224.0,11324.0,22542.0,35511.0,11871.0,5973.0,15071.0,15622.0,17572.0,61070.0,9017.0,11202.0,2060.0,22966.0,17857.0,3832,5296.0,9515.0,24821.0,4977.0,23675.0,69932.0,10374.0,8891.0,85560.0,5025,47006.0,13288.0,23365.0,5481.0,12800.0,19792.0,9469.0,1840.0,36329.0,21953.0,31822.0,12446.0,4358.0,67916.0,51753.0,15518.0,6922.0,78552.0,23090.0,9862.0,3048.0,22454.0,26303.0,3175.0,8451.0,9159.0,4821.0,31431.0,78641.0,34974,86168.0,99864.0
2023-02-12,11888,17864.0,31306.0,2990.0,7479.0,14480.0,30692.0,7859.0,4556.0,12533.0,9084.0,11558.0,40225.0,6713.0,7297.0,2.0,18201.0,13167.0,3099,338.0,7347.0,14699.0,2738.0,16339.0,42177.0,8497.0,6520.0,48992.0,4578,30967.0,10651.0,15913.0,4281.0,9896.0,11835.0,7235.0,1288.0,32092.0,14561.0,21455.0,9370.0,3580.0,42152.0,31242.0,9726.0,5566.0,54383.0,19305.0,6172.0,5846.0,11336.0,18035.0,2531.0,6347.0,6631.0,3425.0,27825.0,54907.0,29117,59857.0,53977.0
2023-02-13,14570,31822.0,36064.0,7725.0,11090.0,21551.0,35772.0,18907.0,8747.0,15079.0,37343.0,13860.0,75005.0,13767.0,28613.0,2695.0,23154.0,24058.0,7260,12314.0,13512.0,47905.0,6389.0,29337.0,71241.0,10953.0,13642.0,72037.0,5042,52576.0,20050.0,22556.0,5013.0,13055.0,14925.0,8833.0,3036.0,29517.0,16307.0,36641.0,12725.0,5592.0,42009.0,37325.0,16754.0,12281.0,82392.0,28201.0,14495.0,5925.0,17996.0,22278.0,6089.0,9556.0,12127.0,10046.0,30122.0,74286.0,44612,75632.0,75270.0
2023-02-14,19142,35700.0,40249.0,9274.0,13042.0,27182.0,41153.0,22066.0,10885.0,17554.0,49874.0,15877.0,92834.0,17199.0,36581.0,3340.0,26266.0,24576.0,8486,14975.0,14942.0,58049.0,8328.0,33562.0,79851.0,11702.0,16383.0,87600.0,5650,61297.0,33357.0,25183.0,387.0,16216.0,17530.0,10867.0,3386.0,15237.0,19570.0,43303.0,14677.0,6264.0,52614.0,45564.0,20962.0,14490.0,94784.0,29825.0,17588.0,8139.0,22659.0,27775.0,8051.0,11150.0,14601.0,10778.0,33938.0,91356.0,54784,91514.0,82992.0
2023-02-15,19054,35549.0,44484.0,8824.0,13708.0,27830.0,42490.0,22359.0,11187.0,17008.0,50898.0,15872.0,93925.0,17024.0,37837.0,2955.0,26144.0,24982.0,8739,15528.0,15785.0,59766.0,7760.0,34374.0,76648.0,12502.0,16525.0,86999.0,5465,58184.0,21072.0,22981.0,5044.0,14321.0,16953.0,10051.0,3443.0,34395.0,20065.0,43874.0,14090.0,5641.0,49610.0,44739.0,19657.0,15527.0,99253.0,30391.0,17347.0,7515.0,23917.0,27661.0,7510.0,10642.0,14946.0,10458.0,35417.0,94559.0,51856,90064.0,76055.0
2023-02-16,19285,36738.0,43601.0,9644.0,14138.0,29405.0,43552.0,22879.0,11308.0,18078.0,53631.0,15792.0,99866.0,17926.0,37822.0,2929.0,26283.0,25010.0,8851,16221.0,15894.0,64105.0,7321.0,36125.0,83550.0,11837.0,16813.0,89282.0,5471,58820.0,22115.0,23152.0,4892.0,14371.0,16348.0,9806.0,3389.0,36745.0,19505.0,43168.0,14076.0,5588.0,50187.0,44187.0,20467.0,15162.0,99261.0,28242.0,17825.0,7838.0,23767.0,28084.0,7982.0,11192.0,15277.0,11308.0,34699.0,96663.0,52236,91349.0,76656.0
2023-02-17,17191,31901.0,42561.0,7144.0,12385.0,23725.0,41039.0,18921.0,8306.0,16673.0,33376.0,16403.0,81034.0,12976.0,23727.0,2901.0,25661.0,24364.0,6768,11262.0,14006.0,45933.0,6145.0,30235.0,74607.0,11962.0,13621.0,86258.0,5616,52283.0,20852.0,23223.0,3326.0,14235.0,17588.0,10166.0,3051.0,36312.0,20017.0,39210.0,13907.0,5770.0,57139.0,45738.0,18915.0,11248.0,89978.0,26272.0,13302.0,5224.0,22893.0,27333.0,5275.0,9882.0,11378.0,8291.0,32088.0,80826.0,37694,79716.0,76698.0
2023-02-18,16355,24193.0,40369.0,4564.0,10330.0,20235.0,39071.0,11948.0,6293.0,14908.0,17868.0,16107.0,67166.0,15563.0,10444.0,3913.0,26880.0,18165.0,4344,5433.0,9874.0,27450.0,2833.0,24182.0,71512.0,9961.0,10575.0,91924.0,5360,44572.0,19696.0,23732.0,5113.0,13404.0,20965.0,9164.0,1788.0,32111.0,19943.0,26906.0,13835.0,5151.0,67306.0,47228.0,16794.0,7757.0,64307.0,20234.0,15614.0,3976.0,22934.0,28696.0,3552.0,8101.0,5186.0,31395.0,65079.0,,73446,79674.0,
2023-02-19,11785,17734.0,32910.0,3534.0,7334.0,12607.0,30577.0,8180.0,7343.0,6382.0,10176.0,11899.0,49502.0,10286.0,6924.0,2963.0,20580.0,13631.0,3223,2829.0,8007.0,14993.0,679.0,13818.0,40000.0,7311.0,7216.0,49389.0,4483,26780.0,11323.0,12220.0,4966.0,10206.0,12451.0,7238.0,1576.0,28512.0,12251.0,18324.0,9720.0,3574.0,35067.0,27883.0,11179.0,5965.0,45167.0,15571.0,10264.0,1248.0,14239.0,18370.0,2692.0,6085.0,4.0,3187.0,18277.0,40664.0,4,47283.0,49245.0
2023-02-20,15377,31451.0,39524.0,7905.0,11212.0,21994.0,34922.0,20761.0,9099.0,13877.0,39963.0,13899.0,72020.0,13493.0,30099.0,2497.0,20669.0,24416.0,7519,12470.0,16249.0,48701.0,7158.0,27628.0,60208.0,12773.0,13417.0,65087.0,4816,47340.0,15600.0,18161.0,4441.0,11407.0,15255.0,8054.0,2861.0,33728.0,12765.0,36071.0,11879.0,4871.0,34101.0,33523.0,17766.0,13577.0,78999.0,25983.0,14215.0,6201.0,16679.0,19222.0,6402.0,10217.0,12249.0,7588.0,29525.0,71456.0,38113,69351.0,68509.0
2023-02-21,19062,36835.0,44067.0,9942.0,11893.0,27904.0,40649.0,24445.0,11502.0,16782.0,57045.0,15298.0,92391.0,17766.0,41734.0,3059.0,23546.0,26221.0,9595,16814.0,18249.0,64252.0,8603.0,33572.0,72498.0,13481.0,17031.0,78081.0,5535,53726.0,16915.0,19239.0,4917.0,13075.0,17167.0,8522.0,3281.0,36716.0,14622.0,42452.0,13570.0,5524.0,38648.0,38679.0,20316.0,16866.0,92724.0,30085.0,18362.0,8160.0,20321.0,24137.0,8494.0,11757.0,15699.0,9551.0,35200.0,90676.0,52981,82553.0,71587.0
2023-02-22,19200,34534.0,48657.0,9870.0,14316.0,28974.0,42090.0,24605.0,11806.0,17248.0,57529.0,16523.0,95878.0,18244.0,40923.0,2992.0,23801.0,25653.0,9207,17056.0,18295.0,64954.0,9215.0,34958.0,75704.0,14072.0,17542.0,84229.0,6088,54893.0,17653.0,20427.0,5192.0,13624.0,17354.0,9214.0,3506.0,39435.0,16652.0,45041.0,14133.0,5383.0,41799.0,42165.0,20815.0,17207.0,97732.0,30341.0,19045.0,8508.0,22279.0,25092.0,8505.0,11966.0,16422.0,9353.0,36344.0,98293.0,53417,86068.0,70698.0
2023-02-23,20375,37643.0,50346.0,10264.0,14935.0,31755.0,43804.0,25590.0,12276.0,18815.0,61553.0,16469.0,102878.0,19385.0,42779.0,2715.0,26737.0,26226.0,9742,18287.0,19087.0,68733.0,9528.0,36925.0,82559.0,15101.0,18712.0,88881.0,6044,57444.0,18802.0,21414.0,5287.0,14089.0,18308.0,9544.0,3693.0,40622.0,18147.0,45516.0,14465.0,5892.0,45521.0,45101.0,22084.0,18303.0,102307.0,30996.0,19816.0,8529.0,24616.0,26501.0,9128.0,12356.0,16411.0,10047.0,36599.0,99247.0,57613,92089.0,73754.0
2023-02-24,19752,33179.0,47490.0,7746.0,12444.0,24618.0,41583.0,21041.0,9051.0,17278.0,35999.0,17175.0,80868.0,13111.0,25654.0,2678.0,24700.0,25716.0,7726,12157.0,16229.0,47424.0,7974.0,30856.0,74117.0,15204.0,14449.0,85024.0,6714,52019.0,19919.0,22862.0,5885.0,14176.0,22049.0,11149.0,3230.0,42469.0,18947.0,41954.0,14591.0,6192.0,52313.0,46723.0,21798.0,13485.0,94004.0,27679.0,13856.0,5601.0,22553.0,24777.0,5803.0,11341.0,13538.0,7711.0,34286.0,79847.0,41531,84238.0,73903.0
2023-02-25,18313,27838.0,41890.0,4642.0,11782.0,21793.0,37595.0,13787.0,6247.0,17319.0,16578.0,16099.0,60831.0,9512.0,10774.0,2080.0,25258.0,18283.0,4230,5532.0,9850.0,27733.0,3568.0,25885.0,74093.0,11752.0,10587.0,93305.0,1,49581.0,16158.0,26873.0,6746.0,13348.0,22051.0,11996.0,2260.0,33862.0,22242.0,35842.0,5947.0,68497.0,58457.0,16673.0,7254.0,83464.0,28514.0,,8665.0,2706.0,31694.0,25478.0,3364.0,8928.0,10318.0,4644.0,35240.0,86528.0,35256,90772.0,98600.0
2023-02-26,11548,24500.0,33550.0,3534.0,8681.0,13999.0,32240.0,8887.0,4983.0,12556.0,9567.0,11377.0,43982.0,5882.0,6954.0,1388.0,15792.0,12429.0,2977,2777.0,9932.0,15935.0,3192.0,15864.0,41900.0,9483.0,6982.0,47741.0,1,29293.0,10117.0,15754.0,5920.0,9662.0,13745.0,7281.0,1506.0,30734.0,14561.0,24096.0,1.0,4085.0,41531.0,31535.0,9507.0,5109.0,58427.0,18410.0,5810.0,1331.0,16728.0,13087.0,2254.0,6819.0,7271.0,2450.0,26634.0,50143.0,23809,56662.0,53834.0
2023-02-27,15919,30791.0,36579.0,7721.0,10963.0,22310.0,34645.0,21918.0,,,,,,,,,,,7791,,,,,,,,,,4537,46703.0,16132.0,19001.0,4633.0,11845.0,15455.0,8620.0,2840.0,33238.0,12692.0,32431.0,,,,,,,,,14211.0,6196.0,17357.0,18360.0,6333.0,10362.0,13155.0,9538.0,30809.0,72119.0,43865,70342.0,68191.0
2023-02-28,19557,34554.0,42593.0,9767.0,14725.0,27879.0,37200.0,25579.0,11550.0,16705.0,58743.0,15557.0,90930.0,16326.0,41065.0,2866.0,21727.0,26142.0,9307,17333.0,18389.0,63054.0,35602.0,70962.0,13853.0,16406.0,76917.0,,4920,52276.0,16536.0,18481.0,4716.0,12749.0,16757.0,8297.0,3442.0,35309.0,43244.0,13212.0,5279.0,37356.0,20192.0,16363.0,91420.0,27927.0,,,18155.0,9063.0,19819.0,22791.0,8465.0,12082.0,15232.0,12239.0,35576.0,91505.0,52787,83660.0,73388.0
2023-03-01,18728,33091.0,43840.0,9445.0,13164.0,28272.0,40230.0,24360.0,11324.0,16877.0,56772.0,16534.0,94076.0,15972.0,41119.0,2952.0,20076.0,26064.0,8955,17047.0,17661.0,63323.0,8914.0,36017.0,72171.0,13335.0,16607.0,80936.0,5128,54366.0,16927.0,18979.0,5015.0,13114.0,17047.0,8851.0,3574.0,36940.0,15691.0,44561.0,14357.0,5412.0,40273.0,39944.0,20150.0,17095.0,95367.0,28666.0,17286.0,8089.0,21424.0,24940.0,8163.0,11681.0,15167.0,11228.0,36727.0,93871.0,52326,83922.0,73144.0
2023-03-02,18896,34942.0,44456.0,10175.0,13650.0,30040.0,41050.0,24669.0,11700.0,18171.0,59209.0,15979.0,98256.0,16897.0,40627.0,2959.0,23585.0,25722.0,9235,17113.0,18660.0,66481.0,9449.0,36975.0,76706.0,14343.0,17319.0,85287.0,5366,55845.0,17476.0,19679.0,5443.0,13478.0,17317.0,9095.0,3691.0,39522.0,16786.0,43193.0,14165.0,5718.0,42027.0,41272.0,21466.0,15721.0,97075.0,27483.0,18129.0,7995.0,22377.0,25272.0,8536.0,11600.0,15431.0,12659.0,35794.0,95530.0,53591,90211.0,75875.0
2023-03-03,18844,31062.0,41233.0,7816.0,11744.0,24261.0,38966.0,21083.0,8572.0,16210.0,35601.0,17393.0,79193.0,11287.0,25137.0,2494.0,21598.0,25541.0,7234,11965.0,15231.0,47027.0,7697.0,31099.0,68950.0,14299.0,13228.0,82648.0,5768,49950.0,18295.0,20643.0,5383.0,13358.0,18388.0,9370.0,3222.0,40216.0,16864.0,39578.0,13591.0,5420.0,48772.0,42907.0,20282.0,12524.0,89146.0,24810.0,12527.0,5307.0,20613.0,21998.0,5806.0,10923.0,11816.0,9809.0,34462.0,77909.0,41513,80155.0,74605.0
2023-03-04,21288,26492.0,41029.0,4704.0,13178.0,20242.0,44213.0,12451.0,6066.0,15845.0,15840.0,15903.0,63307.0,10767.0,11183.0,1992.0,26361.0,19138.0,4483,5693.0,9390.0,26878.0,5427.0,24745.0,74884.0,11059.0,10210.0,90766.0,5457,48757.0,15668.0,23266.0,5518.0,13718.0,22108.0,9658.0,2272.0,40101.0,22219.0,32792.0,13296.0,5523.0,69826.0,54876.0,17762.0,7987.0,95923.0,26515.0,24097.0,28823.0,30836.0,82846.0,,,,,,,32819,76558.0,82731.0
2023-03-05,11084,17439.0,29081.0,2929.0,7004.0,13318.0,35681.0,7792.0,5057.0,11941.0,8932.0,10920.0,36928.0,6639.0,7561.0,1770.0,16659.0,12701.0,3194,2790.0,6781.0,15745.0,2835.0,14703.0,41793.0,8440.0,6523.0,48115.0,4635,27946.0,10630.0,15044.0,4330.0,8702.0,12572.0,7079.0,1431.0,29658.0,14693.0,19367.0,9668.0,3104.0,36309.0,29002.0,11115.0,5762.0,70133.0,17088.0,7565.0,1974.0,13433.0,15765.0,2744.0,5893.0,6526.0,3060.0,17169.0,38353.0,22496,44683.0,56075.0
2023-03-06,13869,30441.0,36846.0,8113.0,11415.0,21744.0,35638.0,20352.0,9688.0,14113.0,41461.0,13971.0,73286.0,12031.0,31122.0,2412.0,19671.0,25032.0,7929,13667.0,16015.0,49041.0,8127.0,29649.0,60135.0,13038.0,13893.0,65416.0,5047,45206.0,16149.0,18151.0,4095.0,11781.0,15192.0,8117.0,3115.0,33675.0,12799.0,34884.0,12101.0,4612.0,32248.0,31800.0,18065.0,13974.0,79470.0,25423.0,15491.0,6153.0,6451.0,10216.0,13274.0,10369.0,,,,,44914,71331.0,68436.0
2023-03-07,17707,33959.0,41873.0,10121.0,13247.0,28129.0,42309.0,25058.0,11909.0,16989.0,57868.0,15581.0,92367.0,16500.0,40720.0,2909.0,22626.0,26596.0,9163,17594.0,18288.0,62340.0,9264.0,34927.0,73083.0,14428.0,16404.0,77112.0,5332,52587.0,17402.0,18182.0,4548.0,12833.0,16683.0,8372.0,3374.0,36543.0,14021.0,41767.0,13856.0,5018.0,35452.0,36803.0,20211.0,16947.0,91898.0,28614.0,17831.0,8412.0,19902.0,22799.0,8565.0,11824.0,15445.0,11975.0,35203.0,90562.0,53328,84488.0,73642.0
2023-03-08,18123,32135.0,43266.0,9814.0,14254.0,27898.0,42490.0,24251.0,11423.0,17481.0,57179.0,16144.0,99177.0,16583.0,39563.0,2653.0,24058.0,25076.0,9285,17886.0,18378.0,60600.0,9431.0,36725.0,68506.0,15297.0,17299.0,79282.0,5526,52953.0,17606.0,19347.0,4797.0,13227.0,16401.0,9032.0,3669.0,39412.0,16054.0,42945.0,14178.0,4512.0,38821.0,40238.0,20539.0,17732.0,98220.0,29056.0,16857.0,8445.0,21644.0,22285.0,8361.0,12053.0,15351.0,11432.0,36963.0,93644.0,49820,85414.0,70936.0
2023-03-09,19374,34376.0,43350.0,10429.0,13845.0,30638.0,43444.0,25513.0,11805.0,18556.0,60639.0,16398.0,99305.0,16921.0,41366.0,3072.0,23344.0,25767.0,9602,17637.0,18093.0,65998.0,9463.0,36815.0,75633.0,13581.0,17260.0,84572.0,5365,53698.0,17852.0,16594.0,4960.0,13328.0,17309.0,8850.0,3502.0,38201.0,12717.0,43565.0,13899.0,4733.0,40533.0,38387.0,20905.0,16868.0,96352.0,27770.0,18833.0,8305.0,23035.0,25060.0,8469.0,12407.0,16206.0,12643.0,36693.0,97749.0,52282,88366.0,72299.0
2023-03-10,19156,30320.0,42936.0,7867.0,11737.0,23961.0,40977.0,20974.0,8526.0,17310.0,37767.0,17304.0,79687.0,11520.0,25638.0,2754.0,22386.0,25009.0,7694,11951.0,15065.0,46348.0,7712.0,30503.0,68938.0,14738.0,13300.0,81764.0,49317,18007.0,5679.0,3076.0,40664.0,,,,,,16232.0,39428.0,13870.0,5089.0,48925.0,42077.0,20533.0,12705.0,92114.0,26102.0,13312.0,5361.0,21279.0,22411.0,5524.0,10818.0,12674.0,9678.0,33941.0,80214.0,37237,84212.0,74928.0
2023-03-11,18485,25809.0,43396.0,4122.0,11320.0,21221.0,50412.0,14068.0,7210.0,16414.0,18083.0,17407.0,56572.0,9650.0,10980.0,2899.0,24867.0,14897.0,5259,7063.0,8659.0,17210.0,5619.0,28602.0,79499.0,12035.0,11480.0,70745.0,6700,24024.0,9278.0,14604.0,28682.0,11338.0,,,,,9120.0,33250.0,13725.0,5068.0,76466.0,54087.0,18455.0,7272.0,85861.0,26298.0,10093.0,3337.0,25839.0,27210.0,3838.0,8426.0,10184.0,5232.0,34183.0,84403.0,37944,87620.0,81047.0
2023-03-12,11104,18285.0,32278.0,2683.0,7461.0,13857.0,35994.0,8807.0,4991.0,12608.0,11527.0,12114.0,34822.0,6571.0,7598.0,2169.0,18958.0,10513.0,3765,3486.0,6292.0,5127.0,3234.0,16337.0,45041.0,8991.0,7935.0,35293.0,5505,25102.0,11898.0,15255.0,9835.0,16146.0,8158.0,1546.0,29757.0,,15109.0,22364.0,9666.0,4418.0,40015.0,33686.0,12291.0,5981.0,64927.0,20739.0,5876.0,2301.0,16093.0,18006.0,2426.0,6029.0,5920.0,3562.0,18948.0,45479.0,26243,58010.0,69305.0
2023-03-13,16374,29628.0,38303.0,7975.0,9587.0,22390.0,36616.0,21285.0,9491.0,15062.0,43505.0,15037.0,71712.0,12519.0,31364.0,2444.0,20877.0,24390.0,7704,13486.0,15454.0,48721.0,7695.0,29788.0,61709.0,13102.0,14149.0,63336.0,5390,45780.0,16839.0,18609.0,4850.0,11889.0,15475.0,8312.0,2973.0,35024.0,12634.0,37345.0,12403.0,4871.0,32094.0,32398.0,18716.0,15460.0,81716.0,29426.0,14828.0,6456.0,17960.0,19944.0,6555.0,10443.0,12741.0,10140.0,30683.0,77231.0,46740,73451.0,69358.0
2023-03-14,21302,35853.0,40964.0,10519.0,13925.0,28661.0,41002.0,25840.0,12264.0,17966.0,62450.0,16374.0,96730.0,17151.0,43145.0,3093.0,24260.0,26763.0,9581,18110.0,19788.0,66068.0,9473.0,35901.0,74737.0,14030.0,17178.0,80099.0,5318,54823.0,17358.0,19295.0,5246.0,13286.0,17157.0,8540.0,3487.0,36278.0,13467.0,42628.0,13808.0,5270.0,37561.0,37987.0,20833.0,17752.0,95597.0,29955.0,18397.0,8491.0,21411.0,23806.0,8544.0,12356.0,15848.0,11994.0,36455.0,96292.0,56176,90199.0,76157.0
2023-03-15,16,2.0,3.0,1.0,3.0,,,,1.0,4.0,50367.0,5813.0,9056.0,7115.0,24156.0,,,,44532,2.0,46145.0,,,,,,,,41430,4.0,1.0,,,,,,,,13.0,1.0,2.0,,1.0,,,,,,1.0,97.0,,,,,,,,,1,60716.0,
2023-03-16,15354,23694.0,16516.0,6645.0,4312.0,19080.0,21314.0,18020.0,6465.0,11852.0,35493.0,12695.0,59533.0,12554.0,24624.0,3370.0,15633.0,23563.0,6592,10796.0,9359.0,37887.0,6122.0,26517.0,54273.0,9434.0,12682.0,67552.0,3878,45269.0,14538.0,16124.0,4549.0,11129.0,14669.0,7550.0,2291.0,31442.0,12839.0,33265.0,10378.0,4176.0,33716.0,30723.0,16088.0,10197.0,61985.0,23295.0,10346.0,3797.0,13387.0,19591.0,5584.0,8635.0,8849.0,7986.0,17864.0,45388.0,33200,65927.0,80543.0
2023-03-17,18816,29871.0,37034.0,7801.0,10352.0,24663.0,39169.0,20155.0,8518.0,16609.0,36714.0,17421.0,78547.0,11809.0,25116.0,2507.0,22932.0,25731.0,7525,11867.0,13486.0,45782.0,7441.0,30331.0,69107.0,13592.0,13154.0,85247.0,5820,50758.0,18516.0,22253.0,5848.0,13277.0,18060.0,9940.0,3128.0,41507.0,17206.0,41442.0,14100.0,2607.0,52773.0,45606.0,21118.0,13599.0,87756.0,27845.0,12559.0,5074.0,20751.0,23158.0,5606.0,10837.0,12364.0,8716.0,32695.0,73029.0,41257,78417.0,73918.0
2023-03-18,16917,21938.0,22569.0,3868.0,4131.0,21194.0,26175.0,11692.0,6448.0,11932.0,17328.0,16453.0,56185.0,9290.0,11209.0,2625.0,21995.0,15898.0,4384,5518.0,6150.0,18934.0,4705.0,23192.0,62662.0,11113.0,9621.0,82911.0,4917,45530.0,14466.0,23303.0,6055.0,13496.0,21365.0,10037.0,1826.0,34492.0,21389.0,31892.0,11985.0,5978.0,62109.0,49902.0,15962.0,7039.0,54229.0,27001.0,5519.0,1162.0,18788.0,22462.0,3579.0,7946.0,9045.0,4306.0,19026.0,48125.0,33220,99089.0,76471.0
2023-03-19,12141,18572.0,31224.0,3014.0,7090.0,14733.0,35372.0,8610.0,4647.0,11531.0,10641.0,11800.0,41672.0,6911.0,8312.0,1834.0,17208.0,12100.0,3174,390.0,7588.0,14729.0,2877.0,15615.0,41520.0,9389.0,7171.0,48711.0,4858,30451.0,11445.0,16782.0,4706.0,9323.0,13003.0,7665.0,1342.0,28153.0,14859.0,22721.0,9604.0,4120.0,38707.0,30495.0,11658.0,6029.0,62677.0,19157.0,4705.0,835.0,14122.0,15230.0,2831.0,5919.0,7009.0,2562.0,22527.0,42041.0,23817,63618.0,53612.0
2023-03-20,15488,30174.0,39748.0,8416.0,11788.0,21881.0,36610.0,20916.0,9359.0,14488.0,43853.0,13997.0,75634.0,12754.0,31742.0,2835.0,20682.0,25471.0,7948,13094.0,14793.0,51302.0,7384.0,28968.0,60523.0,12197.0,13692.0,67020.0,5007,47529.0,16553.0,18645.0,4327.0,11916.0,15386.0,8383.0,3174.0,36098.0,12839.0,35940.0,12368.0,4774.0,32447.0,32352.0,17907.0,14571.0,81619.0,25762.0,14408.0,6264.0,17145.0,19528.0,6575.0,9939.0,12070.0,8989.0,30619.0,74542.0,42810,71026.0,68790.0
2023-03-21,18756,34734.0,44561.0,10278.0,13404.0,27801.0,39825.0,24490.0,11957.0,17078.0,60565.0,15820.0,93936.0,17039.0,42516.0,3346.0,22796.0,27827.0,9208,17052.0,17794.0,66683.0,8571.0,33703.0,71422.0,12228.0,17336.0,79262.0,5085,54763.0,16755.0,18189.0,4656.0,12876.0,16831.0,8547.0,3330.0,36371.0,13721.0,41796.0,13785.0,5220.0,36756.0,36296.0,20691.0,17384.0,91519.0,28783.0,18182.0,8735.0,19468.0,23758.0,8434.0,11335.0,14874.0,10920.0,35354.0,92857.0,51180,89019.0,74134.0
2023-03-22,18505,34152.0,45986.0,9995.0,13733.0,28279.0,41699.0,24076.0,12215.0,17084.0,60950.0,16204.0,96317.0,16797.0,41773.0,3281.0,23157.0,27304.0,8802,17655.0,17146.0,64957.0,8878.0,35729.0,73199.0,12734.0,17030.0,82037.0,5220,55019.0,17122.0,18549.0,4986.0,13137.0,17127.0,9156.0,3519.0,38252.0,15298.0,43944.0,14148.0,5346.0,39923.0,39134.0,21334.0,17529.0,94119.0,29205.0,17947.0,9300.0,21982.0,25883.0,8137.0,11606.0,15473.0,11485.0,36578.0,97370.0,52989,88306.0,73354.0
2023-03-23,22248,35560.0,46688.0,11056.0,14031.0,31545.0,43442.0,25449.0,12790.0,18876.0,63614.0,15812.0,103127.0,16430.0,43730.0,3142.0,24163.0,25172.0,10225,18660.0,18168.0,66520.0,9914.0,38528.0,77452.0,14399.0,18440.0,84266.0,5037,54948.0,17946.0,19213.0,5037.0,13446.0,17610.0,8834.0,3657.0,39512.0,16940.0,43428.0,14239.0,5477.0,41928.0,40784.0,21665.0,17192.0,99969.0,28330.0,18551.0,9702.0,24624.0,27501.0,8871.0,11619.0,16308.0,13164.0,36718.0,99580.0,54437,100120.0,75079.0
2023-03-24,20427,30986.0,44414.0,7906.0,11871.0,23677.0,40476.0,20960.0,9010.0,16878.0,36268.0,15891.0,79688.0,12113.0,25837.0,2476.0,23136.0,24794.0,7873,11855.0,14904.0,47923.0,8210.0,30725.0,69271.0,14949.0,13833.0,80994.0,5851,49879.0,17497.0,20496.0,5016.0,12895.0,17412.0,9113.0,3265.0,41267.0,17793.0,39272.0,13627.0,5570.0,49730.0,42893.0,20647.0,13317.0,91449.0,26441.0,13387.0,6618.0,21956.0,22887.0,5651.0,11200.0,11703.0,10105.0,34172.0,81186.0,40892,88171.0,72848.0
2023-03-25,20620,28463.0,39713.0,5132.0,11437.0,20723.0,50131.0,12767.0,6774.0,15613.0,12564.0,62358.0,11273.0,14792.0,2949.0,26685.0,22917.0,,5886,14.0,9888.0,34713.0,5346.0,17587.0,68524.0,11481.0,85832.0,,10046,55201.0,14518.0,22775.0,17746.0,51.0,2439.0,37480.0,,,22733.0,33844.0,13451.0,6168.0,68929.0,54149.0,17823.0,8758.0,84795.0,28408.0,10609.0,3854.0,24200.0,28362.0,5575.0,7809.0,8524.0,6489.0,31999.0,72935.0,27864,83505.0,90315.0
2023-03-26,11481,20502.0,30398.0,3388.0,9052.0,12323.0,39909.0,7782.0,4718.0,11326.0,6672.0,36154.0,6449.0,8633.0,1546.0,16625.0,14734.0,,3554,8467.0,19922.0,2820.0,10702.0,36441.0,9322.0,43117.0,,,8096,30681.0,10625.0,14681.0,9275.0,55.0,1156.0,29601.0,,,14339.0,19928.0,9009.0,3835.0,38400.0,30389.0,10646.0,5867.0,49732.0,17726.0,8985.0,2705.0,14335.0,15369.0,3566.0,5830.0,6846.0,3435.0,19731.0,45540.0,22363,50616.0,54373.0
2023-03-27,14924,31011.0,37372.0,8192.0,10685.0,20876.0,36310.0,19493.0,9619.0,14373.0,41587.0,13179.0,76092.0,12698.0,31073.0,2635.0,22833.0,23911.0,7943,12823.0,13452.0,49827.0,6557.0,27897.0,60308.0,10919.0,13146.0,64538.0,5381,46994.0,15028.0,17915.0,4387.0,11210.0,15286.0,7887.0,3202.0,31807.0,12806.0,37150.0,12350.0,34142.0,34057.0,17657.0,14373.0,78354.0,,,14126.0,6308.0,18148.0,20829.0,6437.0,9605.0,12052.0,9965.0,29782.0,72182.0,43354,69894.0,66415.0
2023-03-28,19041,34418.0,43744.0,10284.0,13665.0,28123.0,42407.0,23946.0,17216.0,58115.0,42550.0,,,,,,,,10078,17795.0,15858.0,65343.0,16595.0,,,,,,5232,54180.0,15826.0,18720.0,4393.0,12355.0,15956.0,8210.0,3598.0,36096.0,4862.0,17209.0,29516.0,,,,,,,,17933.0,8077.0,21293.0,22942.0,8336.0,11423.0,15734.0,11881.0,34852.0,93333.0,51143,85234.0,71297.0
2023-03-29,19047,33175.0,45176.0,9672.0,14941.0,28453.0,38882.0,23019.0,12098.0,15447.0,92960.0,16036.0,3515.0,23484.0,25191.0,,,,8663,35322.0,73031.0,12460.0,79254.0,,,,,,5277,52472.0,15745.0,18242.0,4692.0,12246.0,16122.0,8510.0,3437.0,38170.0,15995.0,43092.0,13788.0,5744.0,41253.0,39787.0,19755.0,93195.0,27816.0,,17306.0,8230.0,22667.0,25016.0,8274.0,11229.0,15059.0,11487.0,35671.0,94855.0,51042,83995.0,69783.0
2023-03-30,19241,31687.0,33589.0,9535.0,11853.0,27835.0,36483.0,21923.0,10484.0,16621.0,52373.0,15198.0,88211.0,15118.0,38113.0,3658.0,22643.0,25376.0,9236,15585.0,12961.0,62256.0,7686.0,32482.0,70027.0,11162.0,15282.0,80763.0,5189,52268.0,15987.0,17848.0,4712.0,12046.0,16260.0,8504.0,3300.0,33623.0,15080.0,40737.0,12994.0,5047.0,39886.0,38032.0,19534.0,14574.0,87000.0,24854.0,16144.0,7800.0,20892.0,24547.0,7829.0,10638.0,13972.0,11736.0,33085.0,83814.0,47164,81765.0,69238.0
2023-03-31,18133,28704.0,38903.0,7555.0,11842.0,23385.0,40418.0,19782.0,8599.0,16591.0,35399.0,16371.0,79395.0,10779.0,25349.0,2888.0,21230.0,24756.0,7551,11966.0,12281.0,47212.0,6894.0,30262.0,67110.0,12880.0,13009.0,80941.0,5637,48345.0,16090.0,20189.0,4440.0,11907.0,15859.0,8738.0,2957.0,40096.0,17675.0,36737.0,13670.0,5123.0,47143.0,41938.0,18465.0,11864.0,86931.0,21828.0,13355.0,5367.0,21636.0,21986.0,5377.0,9990.0,12925.0,9238.0,33522.0,77732.0,37707,79911.0,74154.0
2023-04-01,18895,24833.0,38911.0,4051.0,10107.0,19941.0,37699.0,10871.0,5450.0,15185.0,14539.0,15193.0,60464.0,8337.0,11517.0,2233.0,22220.0,18142.0,4630,4753.0,7683.0,25083.0,4400.0,22019.0,68516.0,10699.0,9301.0,84482.0,5144,46773.0,14431.0,21436.0,5092.0,12526.0,19817.0,8634.0,1789.0,32853.0,21879.0,30820.0,12643.0,4822.0,65438.0,50185.0,17043.0,7563.0,78882.0,23777.0,8306.0,3350.0,22032.0,24470.0,3461.0,7658.0,9132.0,4740.0,28349.0,69039.0,33362,80954.0,77980.0
2023-04-02,12781,24204.0,29544.0,3576.0,9230.0,14068.0,34977.0,8010.0,4994.0,13128.0,12173.0,11558.0,47087.0,9617.0,8637.0,2293.0,23580.0,13787.0,3470,3721.0,7312.0,16668.0,2972.0,15608.0,42457.0,9385.0,9190.0,51858.0,4899,31099.0,11311.0,15368.0,4945.0,10560.0,12768.0,7563.0,1642.0,28852.0,16019.0,26344.0,9799.0,5138.0,44471.0,37034.0,12008.0,9128.0,63237.0,32888.0,8839.0,4610.0,22514.0,25994.0,8573.0,5943.0,7407.0,5559.0,23045.0,56612.0,26289,59534.0,72998.0
2023-04-03,14217,32847.0,32617.0,7887.0,12319.0,21067.0,38763.0,18837.0,8992.0,15354.0,39627.0,12954.0,73853.0,13073.0,28685.0,2650.0,27518.0,23773.0,6980,11920.0,11543.0,46261.0,6406.0,25615.0,68669.0,11387.0,14112.0,71064.0,5366,50527.0,15795.0,21213.0,4890.0,13240.0,15586.0,8843.0,3264.0,37197.0,15881.0,38231.0,13238.0,6367.0,44143.0,40413.0,17166.0,13733.0,82223.0,30451.0,13059.0,5991.0,20294.0,23341.0,6800.0,8476.0,12428.0,7138.0,29561.0,70384.0,39611,74032.0,66659.0
2023-04-04,18658,36997.0,42307.0,9518.0,14965.0,26355.0,42624.0,21995.0,11453.0,17666.0,54208.0,14776.0,90032.0,17240.0,37974.0,3526.0,30880.0,25924.0,7967,16033.0,15007.0,59824.0,7716.0,31285.0,78816.0,11682.0,17348.0,84124.0,6070,56462.0,16904.0,21007.0,5552.0,14541.0,17647.0,9411.0,3626.0,39477.0,15367.0,43400.0,14616.0,6749.0,47715.0,43808.0,20023.0,16424.0,94315.0,34402.0,18344.0,7885.0,22589.0,28293.0,8566.0,10300.0,14810.0,9067.0,34071.0,,52882,90151.0,73921.0
2023-04-05,18647,35173.0,42103.0,8985.0,15271.0,26147.0,41036.0,21044.0,11053.0,17660.0,53438.0,15161.0,92278.0,16248.0,35978.0,3213.0,29645.0,25402.0,8272,15433.0,14269.0,59668.0,7658.0,31883.0,78432.0,12443.0,16945.0,85035.0,6156,56155.0,17384.0,23148.0,5124.0,14144.0,17072.0,9850.0,3538.0,40485.0,20140.0,44925.0,15009.0,6585.0,50631.0,46582.0,20073.0,16889.0,95843.0,31754.0,10006.0,93898.0,,,,,,,,,49650,89828.0,87934.0
2023-04-06,18675,37074.0,45594.0,8567.0,16319.0,27315.0,42468.0,19175.0,10328.0,18345.0,46155.0,15252.0,91934.0,15340.0,31423.0,3096.0,29446.0,25473.0,7687,13340.0,13740.0,57641.0,6698.0,29229.0,78310.0,11277.0,16334.0,83609.0,6083,55057.0,18318.0,25080.0,5016.0,13532.0,16435.0,9753.0,3336.0,39047.0,20327.0,39767.0,15051.0,6346.0,51645.0,47889.0,18963.0,13755.0,99365.0,31528.0,16256.0,6479.0,24939.0,26256.0,7465.0,13711.0,7740.0,33270.0,91067.0,,44894,91549.0,77747.0
2023-04-07,12681,30176.0,6066.0,4114.0,12743.0,16377.0,57697.0,9530.0,4091.0,14922.0,16846.0,13574.0,55672.0,12227.0,9301.0,5177.0,30315.0,14802.0,3859,4529.0,4515.0,17904.0,3421.0,17562.0,66350.0,8350.0,10643.0,51573.0,5704,30019.0,13577.0,19296.0,7494.0,14140.0,16606.0,10064.0,2842.0,35584.0,15837.0,29753.0,12767.0,6422.0,55064.0,45031.0,14642.0,9320.0,54134.0,29240.0,16525.0,4278.0,23498.0,27275.0,3979.0,6538.0,3942.0,4297.0,26326.0,56593.0,21630,76247.0,66313.0
2023-04-08,13367,26513.0,6360.0,3930.0,14925.0,17345.0,59355.0,9632.0,3903.0,14669.0,17468.0,14069.0,59218.0,10696.0,8571.0,4074.0,29312.0,13125.0,3316,4632.0,4176.0,14612.0,3741.0,20282.0,69100.0,9240.0,11601.0,56284.0,5280,33813.0,13537.0,23799.0,7945.0,14170.0,20827.0,10471.0,2696.0,33478.0,21333.0,30815.0,12584.0,6669.0,65456.0,46845.0,13932.0,8564.0,59648.0,31958.0,16437.0,9203.0,19682.0,30301.0,4212.0,6229.0,7242.0,5064.0,26638.0,70261.0,36125,101114.0,71175.0
2023-04-09,8712,22017.0,4370.0,2994.0,10513.0,12458.0,45979.0,6628.0,3183.0,12286.0,11434.0,9989.0,33073.0,7868.0,5957.0,3830.0,24218.0,9809.0,2764,2583.0,3087.0,8912.0,2337.0,12645.0,27743.0,7428.0,7732.0,29210.0,4760,16113.0,10196.0,10528.0,6930.0,10873.0,11734.0,8933.0,2132.0,25904.0,12263.0,20471.0,8725.0,6377.0,38290.0,30505.0,7765.0,7107.0,40317.0,26331.0,9851.0,4849.0,12347.0,19445.0,3349.0,4992.0,4548.0,3061.0,13857.0,46529.0,26024,68099.0,41820.0
2023-04-10,7976,19726.0,4370.0,2411.0,14497.0,9972.0,58747.0,6825.0,2729.0,10653.0,8484.0,8521.0,33242.0,6375.0,5787.0,2510.0,18620.0,10068.0,2695,2716.0,3259.0,9415.0,2481.0,12658.0,44112.0,7680.0,7524.0,32551.0,4970,22776.0,10716.0,19417.0,5189.0,9375.0,9348.0,6623.0,1313.0,29490.0,13847.0,19331.0,8878.0,3784.0,37447.0,33121.0,9078.0,6510.0,39379.0,18750.0,11192.0,2370.0,13451.0,13657.0,2643.0,5253.0,5915.0,2323.0,11744.0,44832.0,22126,59034.0,53431.0
2023-04-11,16008,32150.0,44849.0,8152.0,14538.0,22790.0,40469.0,18512.0,9189.0,15096.0,45367.0,13461.0,82233.0,14431.0,31713.0,2696.0,27301.0,23338.0,7108,13907.0,12803.0,48638.0,6936.0,25657.0,66160.0,10304.0,15066.0,71842.0,5218,52396.0,15223.0,23086.0,4480.0,12995.0,15183.0,8380.0,3153.0,38122.0,18530.0,38144.0,13756.0,5536.0,45902.0,43848.0,17629.0,14830.0,86019.0,29508.0,16139.0,6706.0,21284.0,21808.0,7270.0,9729.0,13358.0,7270.0,29320.0,81567.0,43082,79312.0,69222.0
2023-04-12,16766,33629.0,41945.0,8449.0,14455.0,25099.0,45307.0,19652.0,10459.0,16285.0,51138.0,14009.0,88528.0,15858.0,34580.0,3049.0,28468.0,23467.0,7607,15052.0,13364.0,53864.0,7163.0,28141.0,76885.0,11095.0,16130.0,77456.0,6112,53354.0,16952.0,23195.0,5038.0,13508.0,16245.0,8938.0,3258.0,37689.0,20092.0,42394.0,15193.0,5690.0,49991.0,46043.0,18995.0,15748.0,92842.0,31707.0,16997.0,7245.0,23683.0,25449.0,7869.0,10227.0,14576.0,8007.0,31877.0,89806.0,49513,85875.0,71324.0
2023-04-13,18228,35758.0,42243.0,9377.0,15058.0,28086.0,42804.0,20873.0,11062.0,17531.0,49204.0,15120.0,92974.0,17193.0,36792.0,3304.0,30458.0,25411.0,7876,15101.0,14087.0,59797.0,7427.0,33716.0,75709.0,11795.0,16848.0,87413.0,5451,58110.0,17725.0,23189.0,5632.0,14412.0,17755.0,10416.0,3727.0,38328.0,21162.0,44915.0,13910.0,4586.0,51397.0,46494.0,20126.0,15539.0,101655.0,33577.0,17740.0,7657.0,23982.0,28095.0,8287.0,10849.0,14730.0,8774.0,26325.0,65545.0,50541,94338.0,73833.0
2023-04-14,17307,31043.0,41741.0,6741.0,13804.0,22387.0,36485.0,17515.0,8351.0,16086.0,34553.0,15183.0,75436.0,11773.0,23209.0,2609.0,25768.0,23290.0,6626,10936.0,11622.0,42741.0,6827.0,28846.0,72509.0,12437.0,12926.0,81927.0,16239,23256.0,13190.0,9982.0,2860.0,41273.0,,,,,19918.0,39065.0,14269.0,5360.0,54588.0,45161.0,19222.0,12223.0,86339.0,26893.0,12790.0,5235.0,22529.0,22848.0,5577.0,11027.0,11776.0,6878.0,32001.0,79127.0,39966,81409.0,72817.0
2023-04-15,17044,35373.0,40680.0,5309.0,19025.0,35893.0,11736.0,,5269.0,14275.0,13341.0,12842.0,62376.0,9123.0,11920.0,2252.0,23598.0,19611.0,4082,2980.0,11015.0,30618.0,4324.0,20304.0,56360.0,10679.0,6677.0,87347.0,7361,55482.0,3564.0,8966.0,18894.0,6693.0,3.0,,,,21503.0,37307.0,12731.0,5237.0,68937.0,28752.0,17438.0,8419.0,61129.0,27889.0,15676.0,3769.0,15494.0,25914.0,4180.0,7948.0,9957.0,3850.0,33083.0,76456.0,32091,99529.0,76851.0
2023-04-16,9861,23501.0,31932.0,2867.0,3.0,12393.0,21948.0,7820.0,1502.0,10985.0,9020.0,10846.0,35720.0,4726.0,7308.0,1724.0,14301.0,13415.0,2191,2275.0,6385.0,16302.0,2466.0,13159.0,33218.0,7683.0,5779.0,46110.0,2882,30582.0,10266.0,13987.0,5279.0,11146.0,27064.0,,,,12097.0,22146.0,7231.0,1862.0,36349.0,19615.0,10796.0,5199.0,36729.0,18454.0,7822.0,1228.0,8653.0,12861.0,1999.0,5800.0,6370.0,2588.0,23141.0,44354.0,24376,62529.0,73295.0
2023-04-17,13732,28490.0,37431.0,7468.0,11698.0,20747.0,33944.0,18541.0,8761.0,12925.0,42010.0,13533.0,72630.0,11641.0,30151.0,2686.0,19863.0,24808.0,6485,12160.0,12876.0,47403.0,6258.0,24758.0,60825.0,10104.0,12972.0,64359.0,4314,46929.0,14226.0,16684.0,4239.0,11220.0,14589.0,7492.0,3024.0,30392.0,12353.0,36184.0,11673.0,5201.0,32256.0,32051.0,16866.0,13476.0,75394.0,26493.0,14086.0,5994.0,18385.0,20527.0,6080.0,9603.0,12039.0,6841.0,29472.0,72726.0,43694,68060.0,67033.0
2023-04-18,18266,33350.0,43200.0,9560.0,14934.0,26975.0,41268.0,22815.0,11227.0,16454.0,58508.0,15345.0,92700.0,16080.0,41584.0,3113.0,23243.0,25973.0,8283,16521.0,15808.0,62774.0,8030.0,30919.0,71498.0,11477.0,16577.0,75590.0,5247,53813.0,15765.0,18106.0,4532.0,12305.0,16690.0,8105.0,3418.0,33514.0,14441.0,42078.0,13621.0,5519.0,36124.0,37810.0,19893.0,17252.0,91303.0,29294.0,18067.0,8396.0,20806.0,23763.0,8465.0,11700.0,15311.0,8805.0,34176.0,89118.0,53180,85052.0,71654.0
2023-04-19,18837,33441.0,45550.0,9516.0,14701.0,27705.0,42266.0,22628.0,11535.0,16572.0,58655.0,15747.0,95450.0,14915.0,41219.0,3417.0,24856.0,26642.0,8978,16891.0,16329.0,63868.0,8075.0,32437.0,74471.0,11955.0,17356.0,83061.0,5639,55401.0,16429.0,19081.0,5104.0,13557.0,17392.0,9205.0,3447.0,33546.0,15722.0,45536.0,14516.0,6183.0,41241.0,40752.0,20709.0,18187.0,95356.0,32184.0,18135.0,8266.0,23105.0,25867.0,8610.0,12024.0,15735.0,9583.0,34458.0,95372.0,54343,88612.0,73078.0
2023-04-20,20283,36759.0,48316.0,10048.0,16079.0,31262.0,45377.0,23837.0,12268.0,19925.0,66501.0,16854.0,108029.0,17621.0,43989.0,3365.0,26735.0,27491.0,9028,18172.0,16955.0,67745.0,8913.0,35529.0,81380.0,13399.0,19366.0,88811.0,5285,67522.0,17649.0,24015.0,6711.0,13432.0,19588.0,10601.0,3980.0,36142.0,18115.0,49268.0,12067.0,10215.0,44413.0,44536.0,23622.0,19450.0,104433.0,32559.0,19686.0,8496.0,25681.0,27017.0,8941.0,12669.0,16931.0,10259.0,36656.0,104952.0,56689,98603.0,91678.0
2023-04-21,20336,34521.0,44772.0,7807.0,13647.0,23599.0,42447.0,19433.0,8660.0,16618.0,38544.0,16404.0,82120.0,11762.0,25697.0,3376.0,24301.0,25668.0,6762,11214.0,12742.0,46548.0,6390.0,28625.0,70900.0,13280.0,13405.0,82636.0,6391,51209.0,16818.0,21746.0,5444.0,14367.0,18151.0,10622.0,3274.0,40188.0,17091.0,42808.0,14281.0,6144.0,50710.0,46455.0,21567.0,14269.0,94023.0,33480.0,13437.0,5441.0,23306.0,24829.0,6079.0,12163.0,12639.0,7336.0,35373.0,83295.0,42825,85242.0,73855.0
2023-04-22,20669,32309.0,45875.0,5450.0,13579.0,21073.0,42838.0,12813.0,6193.0,16571.0,16488.0,15588.0,73048.0,10014.0,13003.0,3858.0,27557.0,18734.0,4385,5005.0,11434.0,26662.0,4265.0,23835.0,65198.0,11298.0,9802.0,93281.0,6589,51827.0,15023.0,25424.0,6085.0,14407.0,23246.0,10803.0,2588.0,35452.0,23404.0,40113.0,13972.0,221.0,69791.0,53895.0,21231.0,12658.0,98703.0,38691.0,7683.0,3500.0,28543.0,31041.0,4039.0,9123.0,10289.0,5849.0,30760.0,83663.0,36645,100114.0,79158.0
2023-04-23,13521,25898.0,38527.0,3730.0,11102.0,13565.0,36195.0,8558.0,9247.0,15322.0,16034.0,11142.0,49731.0,20445.0,9510.0,5853.0,38837.0,15178.0,3545,2915.0,10008.0,16668.0,3452.0,17285.0,43530.0,9495.0,7320.0,54539.0,5398,30927.0,11855.0,16691.0,1511.0,10507.0,13141.0,8422.0,1487.0,29445.0,17207.0,32311.0,9443.0,1403.0,49278.0,44870.0,12202.0,16621.0,83033.0,32677.0,8555.0,8206.0,33183.0,32565.0,4999.0,7638.0,8760.0,8646.0,22491.0,64688.0,59806,82203.0,56773.0
2023-04-24,15005,29999.0,38950.0,8761.0,13221.0,22812.0,38156.0,20405.0,14190.0,2698.0,24719.0,,,,,,,,13737,,,,,,,,,,5899,53229.0,16772.0,22452.0,3966.0,11988.0,16440.0,8692.0,3751.0,36062.0,36678.0,34713.0,,,,,,,,,16131.0,6589.0,20543.0,21416.0,7474.0,11168.0,14287.0,8610.0,31201.0,76562.0,45666,72734.0,68423.0
2023-04-25,18623,35166.0,46124.0,9933.0,15028.0,28319.0,44848.0,23705.0,12381.0,17820.0,62189.0,15742.0,95004.0,42980.0,27458.0,,,,8954,17385.0,17036.0,64213.0,8476.0,34079.0,76741.0,18106.0,82491.0,,5888,56993.0,17491.0,19183.0,4823.0,13908.0,18234.0,9419.0,3727.0,35304.0,13343.0,46779.0,14671.0,6146.0,39502.0,21569.0,18891.0,96014.0,,,19136.0,8770.0,22875.0,26329.0,9266.0,12740.0,16194.0,10560.0,36680.0,92545.0,55652,92565.0,75637.0
2023-04-26,19105,34283.0,47088.0,9958.0,15753.0,29724.0,44663.0,24219.0,12220.0,18011.0,61381.0,16579.0,98928.0,17291.0,42229.0,3303.0,26084.0,27107.0,9251,17693.0,17614.0,67209.0,8585.0,35140.0,77700.0,13780.0,18296.0,84000.0,6191,58002.0,17913.0,21233.0,2444.0,13555.0,18606.0,10223.0,3660.0,38437.0,16356.0,47550.0,15479.0,6318.0,41096.0,42971.0,18655.0,19745.0,102264.0,33471.0,20197.0,8838.0,22611.0,27271.0,9106.0,12341.0,16258.0,10479.0,36658.0,98332.0,55577,93371.0,92454.0
2023-04-27,19196,35316.0,49683.0,10419.0,16411.0,31738.0,44969.0,24494.0,12587.0,19394.0,65106.0,16330.0,110465.0,18484.0,43292.0,3264.0,26873.0,26383.0,9660,19064.0,17332.0,69520.0,9701.0,37378.0,82601.0,15286.0,20189.0,89714.0,6009,59782.0,18998.0,23325.0,1329.0,15622.0,19428.0,10803.0,3767.0,42266.0,18505.0,46475.0,15617.0,6750.0,46093.0,46157.0,22581.0,18334.0,105240.0,29865.0,20054.0,9213.0,24793.0,26560.0,9669.0,12638.0,17175.0,11037.0,37716.0,100878.0,54961,96952.0,79336.0
2023-04-28,17688,33055.0,42284.0,7741.0,13458.0,24111.0,39237.0,19596.0,9063.0,16946.0,37821.0,16907.0,79485.0,12247.0,26159.0,3113.0,25628.0,25570.0,7519,11410.0,13910.0,48025.0,7088.0,27754.0,71552.0,13457.0,14298.0,80989.0,6211,52771.0,18277.0,22340.0,3480.0,14384.0,18790.0,10723.0,3327.0,42290.0,17617.0,41614.0,14964.0,7542.0,50788.0,45133.0,21742.0,13955.0,92173.0,28977.0,14184.0,5546.0,21934.0,25437.0,6214.0,11112.0,13088.0,7763.0,34661.0,80214.0,41829,85970.0,76919.0
2023-04-29,16831,32347.0,36500.0,5837.0,13572.0,21243.0,42278.0,12425.0,6803.0,16667.0,16123.0,1.0,77242.0,11668.0,13587.0,3065.0,30337.0,24030.0,4703,3342.0,11543.0,30573.0,4986.0,21376.0,64184.0,11605.0,9816.0,97598.0,6635,56128.0,14659.0,26336.0,4299.0,15173.0,23142.0,11750.0,3144.0,35421.0,23111.0,37307.0,14723.0,9961.0,71626.0,51112.0,19498.0,10675.0,93270.0,36153.0,11530.0,4247.0,27569.0,33456.0,4938.0,7327.0,9482.0,6371.0,30843.0,85446.0,39794,94441.0,93516.0
2023-04-30,11848,25898.0,6306.0,3924.0,10278.0,15432.0,34321.0,8610.0,5329.0,13769.0,10985.0,7.0,46669.0,9589.0,8802.0,2395.0,24965.0,18098.0,3545,5392.0,20431.0,3092.0,15163.0,45629.0,9535.0,7650.0,58844.0,,5756,35399.0,12271.0,19505.0,4895.0,11229.0,14686.0,9160.0,2143.0,33763.0,17428.0,25798.0,11551.0,7997.0,45296.0,38150.0,13227.0,8569.0,62409.0,27226.0,8502.0,2671.0,17215.0,21207.0,3821.0,6296.0,7530.0,3974.0,23424.0,50746.0,30043,67829.0,62871.0
2023-05-01,10391,21512.0,32114.0,3493.0,8699.0,11954.0,34553.0,8419.0,4551.0,11307.0,9531.0,6.0,38020.0,8472.0,8562.0,1849.0,20576.0,17470.0,3298,1100.0,7925.0,20843.0,2666.0,13576.0,44000.0,8601.0,7285.0,53675.0,5312,35493.0,11443.0,19084.0,2825.0,9521.0,12493.0,7729.0,1747.0,30077.0,14816.0,23055.0,10080.0,7031.0,40295.0,34459.0,12613.0,9304.0,59482.0,22497.0,7948.0,2331.0,15366.0,18446.0,3340.0,6016.0,6809.0,3175.0,18663.0,49033.0,26750,57109.0,61788.0
2023-05-02,16090,33153.0,40811.0,9050.0,13729.0,24881.0,39424.0,21706.0,10712.0,16173.0,51326.0,14290.0,83336.0,15873.0,38095.0,3077.0,24066.0,26155.0,8467,10150.0,15329.0,59553.0,7771.0,33758.0,68976.0,13030.0,16072.0,74350.0,5301,52793.0,17078.0,20838.0,3741.0,13336.0,16880.0,9122.0,3456.0,38666.0,14891.0,42472.0,13574.0,6397.0,39331.0,39574.0,19556.0,17416.0,90544.0,31419.0,16941.0,7395.0,22086.0,24279.0,7814.0,11664.0,14248.0,9306.0,33847.0,88000.0,49323,81078.0,73439.0
2023-05-03,18078,33665.0,42208.0,9422.0,15071.0,26662.0,40272.0,23301.0,11304.0,15953.0,59838.0,14697.0,90596.0,16370.0,40465.0,3235.0,23755.0,27300.0,8234,10373.0,15118.0,65515.0,8275.0,35791.0,71585.0,12364.0,18189.0,79617.0,4710,55899.0,18460.0,20698.0,2179.0,13977.0,18452.0,10384.0,3708.0,37784.0,15137.0,47261.0,11439.0,6942.0,40060.0,39883.0,19475.0,17771.0,95080.0,31322.0,15448.0,6739.0,22965.0,25879.0,5834.0,11940.0,15020.0,7325.0,36245.0,92797.0,51943,86034.0,77019.0
2023-05-04,18343,34313.0,43607.0,9893.0,14626.0,28426.0,40691.0,22946.0,11764.0,17455.0,59703.0,15953.0,95564.0,17361.0,41245.0,3221.0,25382.0,27243.0,8573,10397.0,16040.0,67787.0,8415.0,36802.0,76167.0,12705.0,17570.0,82859.0,5215,58408.0,17476.0,19843.0,2310.0,14922.0,17895.0,9934.0,3598.0,37327.0,15277.0,47913.0,14472.0,6878.0,40181.0,39831.0,21680.0,18433.0,97617.0,30755.0,18282.0,8332.0,23136.0,26834.0,8661.0,12289.0,15042.0,9826.0,36032.0,95561.0,54399,91502.0,75979.0
2023-05-05,16379,30094.0,41581.0,7355.0,13020.0,21106.0,38527.0,19257.0,8594.0,15626.0,34640.0,16105.0,75703.0,12617.0,24616.0,2877.0,23655.0,25040.0,6548,3954.0,13032.0,47811.0,6556.0,31605.0,68658.0,13470.0,13723.0,78746.0,5695,52123.0,17743.0,21784.0,1861.0,14827.0,19496.0,10597.0,3347.0,39708.0,16945.0,49015.0,14228.0,6057.0,48478.0,46922.0,21446.0,21012.0,91527.0,35993.0,12854.0,5465.0,26247.0,5519.0,11103.0,11612.0,7495.0,34582.0,77763.0,,40398,79295.0,75882.0
2023-05-06,13655,21726.0,31850.0,3257.0,10157.0,15799.0,31251.0,9700.0,4559.0,13066.0,11345.0,13021.0,51605.0,7229.0,8861.0,1832.0,18656.0,16330.0,3418,3309.0,6413.0,22911.0,3888.0,19005.0,56237.0,11044.0,7055.0,68949.0,5340,60163.0,13051.0,38989.0,8393.0,15778.0,9117.0,1477.0,37141.0,,19378.0,43897.0,10918.0,3267.0,60834.0,57377.0,19078.0,4758.0,94630.0,20220.0,7891.0,14199.0,33679.0,24826.0,,,,,,,27712,62654.0,68121.0
2023-05-07,12126,20981.0,26111.0,3788.0,7901.0,12715.0,29054.0,7801.0,4087.0,11961.0,10394.0,11738.0,44693.0,8165.0,7953.0,2362.0,20758.0,14339.0,2900,2220.0,6563.0,19191.0,2701.0,14567.0,39783.0,8638.0,6974.0,51715.0,4730,36699.0,11120.0,16729.0,11250.0,14108.0,10255.0,2105.0,26286.0,,13721.0,28520.0,10009.0,7576.0,40186.0,31574.0,12648.0,10786.0,46637.0,31704.0,1921.0,19787.0,2875.0,6370.0,3144.0,2861.0,54159.0,,,,27363,74815.0,76515.0
2023-05-08,8686,16529.0,31184.0,2881.0,7539.0,9826.0,30875.0,7356.0,3246.0,9021.0,8596.0,8926.0,31791.0,4895.0,6732.0,1702.0,15137.0,13505.0,2606,2565.0,7136.0,17169.0,2504.0,12586.0,39734.0,7172.0,5812.0,45824.0,3890,30942.0,9908.0,15676.0,988.0,8693.0,10600.0,6819.0,1178.0,26285.0,9737.0,20381.0,9087.0,4558.0,34958.0,27251.0,11611.0,6267.0,50697.0,17609.0,6210.0,1503.0,12139.0,13914.0,2125.0,5688.0,5353.0,2837.0,16144.0,42436.0,22801,45028.0,55553.0
2023-05-09,16415,31633.0,41685.0,9168.0,13746.0,25642.0,38808.0,22303.0,10921.0,15514.0,54009.0,14699.0,85348.0,14427.0,38042.0,2862.0,21467.0,26357.0,7867,15031.0,15245.0,60082.0,7462.0,31749.0,64810.0,11543.0,15522.0,70532.0,6439,51015.0,15969.0,17904.0,14037.0,17062.0,4010.0,3350.0,34954.0,,12805.0,41043.0,13270.0,6545.0,32756.0,32578.0,20440.0,16169.0,87179.0,28096.0,16282.0,7501.0,18331.0,21756.0,7883.0,11266.0,14393.0,9093.0,34117.0,82832.0,50155,79861.0,71030.0
2023-05-10,18183,32254.0,44677.0,9362.0,15034.0,27337.0,39982.0,23382.0,11086.0,16482.0,57871.0,16784.0,86939.0,15320.0,41275.0,2972.0,22820.0,26568.0,8765,16161.0,15913.0,65028.0,8350.0,32973.0,69262.0,12544.0,17140.0,78559.0,6064,55076.0,16670.0,19260.0,14709.0,17870.0,7082.0,3664.0,34515.0,,14693.0,43687.0,14593.0,6307.0,37260.0,36982.0,21344.0,17680.0,94096.0,29869.0,17286.0,7912.0,21186.0,24473.0,8287.0,11728.0,15517.0,10736.0,35443.0,90569.0,53656,86255.0,73049.0
2023-05-11,18975,34650.0,48744.0,10043.0,15698.0,30149.0,42757.0,23674.0,11930.0,17870.0,63064.0,16218.0,101168.0,16726.0,43194.0,3239.0,25126.0,26158.0,9201,16854.0,16799.0,68897.0,8322.0,36691.0,75651.0,13072.0,18393.0,82860.0,6902,58148.0,17601.0,19679.0,485.0,14824.0,18446.0,6504.0,3601.0,38919.0,16333.0,44441.0,14578.0,6247.0,39035.0,38810.0,21887.0,17413.0,99944.0,30630.0,18441.0,8470.0,22708.0,26527.0,8707.0,12203.0,16081.0,10846.0,37529.0,99262.0,56713,96678.0,92970.0
2023-05-12,16630,27611.0,12758.0,6894.0,4108.0,19944.0,24732.0,17938.0,7151.0,14407.0,33515.0,15237.0,62415.0,9987.0,21366.0,2750.0,20610.0,24936.0,6505,10640.0,8603.0,36150.0,5926.0,26995.0,58906.0,12788.0,12519.0,75175.0,5451,48427.0,16777.0,20235.0,2249.0,13248.0,17739.0,9315.0,2722.0,36606.0,15470.0,36886.0,13374.0,5994.0,40392.0,37429.0,18609.0,12092.0,52608.0,25089.0,9054.0,3241.0,15160.0,19179.0,5246.0,10415.0,10882.0,7753.0,31099.0,64939.0,43354,53726.0,69391.0
2023-05-13,16420,24709.0,23007.0,4956.0,5880.0,19047.0,31164.0,11476.0,5825.0,14205.0,12094.0,53899.0,10119.0,10777.0,2461.0,23475.0,22571.0,,4420,3398.0,6898.0,23412.0,4357.0,18066.0,58759.0,10497.0,7362.0,80426.0,6041,47866.0,13599.0,21274.0,1639.0,11949.0,21247.0,8807.0,2501.0,34012.0,21182.0,31912.0,13373.0,6648.0,54100.0,44929.0,16608.0,8580.0,76967.0,29016.0,13490.0,1696.0,17156.0,25027.0,3937.0,8051.0,9192.0,5860.0,20689.0,53090.0,35149,72037.0,79122.0
2023-05-14,11190,22102.0,29681.0,3760.0,7324.0,13359.0,31616.0,8000.0,4375.0,11367.0,7609.0,42409.0,7681.0,7301.0,2241.0,18119.0,16473.0,,3457,1719.0,7576.0,20043.0,2593.0,12482.0,35848.0,8592.0,5380.0,47866.0,4971,30065.0,10981.0,14641.0,596.0,10005.0,12506.0,8386.0,1916.0,25081.0,13742.0,24116.0,10031.0,6089.0,32851.0,26725.0,11245.0,7244.0,63900.0,22015.0,8657.0,939.0,13590.0,17696.0,2962.0,5884.0,7065.0,4004.0,21022.0,47030.0,24727,49835.0,60269.0
2023-05-15,14976,29131.0,39228.0,7924.0,10483.0,21617.0,36320.0,19811.0,9220.0,14506.0,42916.0,13731.0,73026.0,11692.0,31577.0,2882.0,22145.0,25375.0,7722,12658.0,13763.0,49893.0,6558.0,27309.0,60337.0,11983.0,14013.0,65257.0,5239,48683.0,16482.0,19199.0,627.0,12957.0,16421.0,9239.0,3277.0,34963.0,12921.0,40602.0,12701.0,5997.0,33254.0,33052.0,18138.0,15293.0,82651.0,28919.0,14818.0,6382.0,17993.0,20432.0,6718.0,10225.0,13082.0,7578.0,30557.0,73162.0,44327,69070.0,67831.0
2023-05-16,19361,34422.0,46361.0,9800.0,12640.0,27933.0,47557.0,23972.0,12172.0,16814.0,61118.0,14862.0,95564.0,16237.0,41579.0,3682.0,25560.0,27272.0,9104,17059.0,17031.0,65056.0,8172.0,33765.0,71833.0,13085.0,17971.0,79399.0,5635,55758.0,17482.0,19205.0,15279.0,18126.0,10323.0,3782.0,36909.0,,14813.0,44102.0,14382.0,6287.0,36043.0,36999.0,20796.0,17776.0,98236.0,32668.0,18858.0,8605.0,20926.0,25480.0,8835.0,12172.0,15668.0,9687.0,36366.0,91273.0,56179,87976.0,76012.0
2023-05-17,19549,34326.0,47097.0,10009.0,12856.0,28371.0,43614.0,23187.0,11584.0,17274.0,61291.0,16015.0,96422.0,16499.0,41800.0,3536.0,25126.0,26718.0,9064,16984.0,16925.0,68327.0,8591.0,34472.0,58735.0,13493.0,18033.0,85517.0,5733,62244.0,18929.0,20164.0,15065.0,20350.0,10894.0,3932.0,37472.0,,15940.0,45673.0,15336.0,6232.0,39784.0,41294.0,21037.0,18374.0,96594.0,32423.0,18538.0,8523.0,22044.0,26505.0,8839.0,10895.0,15607.0,10387.0,33339.0,95980.0,54595,88455.0,73159.0
2023-05-18,20750,36880.0,50096.0,10461.0,13191.0,31565.0,45638.0,24576.0,12123.0,18918.0,64512.0,16479.0,103159.0,17572.0,43115.0,3767.0,28422.0,27268.0,9396,17343.0,17340.0,70388.0,8459.0,35895.0,76840.0,14172.0,19513.0,88833.0,6146,60822.0,19266.0,21665.0,16242.0,19588.0,11903.0,3903.0,38944.0,,16841.0,47469.0,15375.0,7011.0,42788.0,43562.0,22549.0,18334.0,102734.0,35111.0,19546.0,8490.0,23747.0,28226.0,9146.0,12253.0,16910.0,10769.0,38290.0,102034.0,58302,97918.0,77787.0
2023-05-19,19327,34550.0,45066.0,7997.0,11517.0,24371.0,40742.0,20368.0,9796.0,16125.0,38238.0,16969.0,79223.0,12598.0,26244.0,3099.0,28010.0,26379.0,7476,11556.0,13853.0,48084.0,7159.0,30194.0,71682.0,14300.0,14987.0,83390.0,6509,54702.0,19168.0,2342.0,3496.0,42076.0,,,,,18809.0,46959.0,15174.0,7558.0,50430.0,45413.0,21908.0,15570.0,92910.0,31737.0,14494.0,5639.0,24188.0,27600.0,6216.0,11026.0,13578.0,7913.0,35445.0,84001.0,44847,88756.0,77083.0
2023-05-20,18203,30650.0,43633.0,5386.0,11749.0,20577.0,41848.0,12622.0,6191.0,16148.0,17293.0,15786.0,68755.0,10368.0,12547.0,2597.0,27845.0,19263.0,4541,4965.0,9191.0,24802.0,4698.0,23118.0,69640.0,11874.0,10752.0,84659.0,24892,16898.0,23583.0,12645.0,,,,,,,22570.0,36531.0,14588.0,8085.0,63476.0,51164.0,19303.0,9559.0,86719.0,31155.0,8642.0,3509.0,22400.0,28844.0,4353.0,8475.0,9828.0,5894.0,36495.0,84773.0,35862,93495.0,81343.0
2023-05-21,10948,21489.0,34412.0,3586.0,7504.0,13024.0,33420.0,8276.0,9282.0,2164.0,10116.0,13006.0,42498.0,6358.0,8361.0,1948.0,19640.0,15270.0,3393,2165.0,7876.0,17795.0,2768.0,15075.0,40307.0,9021.0,7000.0,49128.0,4983,28569.0,11840.0,15793.0,11476.0,13521.0,9680.0,1904.0,25831.0,,13881.0,23201.0,9993.0,5523.0,36292.0,27658.0,12748.0,7146.0,60487.0,21521.0,6777.0,1759.0,14134.0,16338.0,2729.0,6377.0,7131.0,1534.0,23778.0,49216.0,24305,54972.0,79940.0
2023-05-22,14226,29106.0,38688.0,7547.0,11916.0,21709.0,40111.0,19450.0,9489.0,15010.0,43227.0,14038.0,74832.0,12312.0,30490.0,2804.0,22460.0,25214.0,7249,13740.0,50379.0,6449.0,26696.0,61232.0,12033.0,14269.0,64933.0,,5324,48049.0,16899.0,19416.0,13453.0,16026.0,9399.0,3207.0,35165.0,,12990.0,37544.0,13257.0,5659.0,31769.0,32186.0,24113.0,14605.0,81636.0,28435.0,14791.0,6578.0,17055.0,21036.0,6945.0,10356.0,12232.0,7177.0,30611.0,73018.0,43769,68100.0,68987.0
2023-05-23,18825,33427.0,44902.0,9492.0,14693.0,28102.0,42250.0,23745.0,11987.0,16456.0,59057.0,43285.0,27299.0,,,,,,16441,16485.0,,,,,,,,,5504,56334.0,18302.0,20179.0,14295.0,17874.0,9979.0,3568.0,37371.0,,,,,,,,,,,,18662.0,8637.0,20051.0,25100.0,8801.0,12064.0,15387.0,9337.0,35441.0,89936.0,54087,86694.0,72694.0
2023-05-24,19721,34284.0,47019.0,9727.0,15552.0,28171.0,43862.0,23512.0,16000.0,95906.0,15844.0,3265.0,24839.0,,,,,,9672,11521.0,73242.0,8205.0,35159.0,72470.0,14016.0,17918.0,80781.0,,5705,56753.0,17919.0,20300.0,15065.0,18267.0,10917.0,3728.0,36306.0,,15550.0,46418.0,15601.0,6951.0,37512.0,36541.0,39105.0,17898.0,95736.0,31213.0,18022.0,8194.0,21340.0,26184.0,8719.0,12810.0,15372.0,9177.0,36294.0,92727.0,53429,86464.0,73089.0
2023-05-25,20323,37853.0,49257.0,10069.0,16111.0,31195.0,46138.0,23708.0,13388.0,16708.0,60729.0,16492.0,102919.0,16196.0,42094.0,2964.0,24962.0,26518.0,9214,16867.0,16489.0,74199.0,8334.0,34474.0,75656.0,13849.0,17938.0,85439.0,6091,59660.0,18776.0,21395.0,14593.0,18594.0,10869.0,3776.0,39253.0,,16386.0,45690.0,15578.0,6540.0,40180.0,38680.0,40665.0,17146.0,104927.0,29075.0,18427.0,8458.0,22885.0,27488.0,8499.0,12090.0,16011.0,9719.0,37635.0,100809.0,54783,95715.0,75985.0
2023-05-26,17254,31083.0,46124.0,7456.0,13496.0,22978.0,42759.0,18999.0,8257.0,15191.0,34048.0,16868.0,78028.0,10835.0,24581.0,2853.0,23710.0,25832.0,6861,10625.0,13377.0,47576.0,6643.0,27509.0,65569.0,13098.0,13337.0,79030.0,6330,52527.0,18622.0,22492.0,15454.0,18594.0,10916.0,3397.0,40165.0,,17295.0,39120.0,15449.0,6931.0,47155.0,39435.0,42007.0,13177.0,92368.0,27623.0,13164.0,5196.0,20518.0,24712.0,5515.0,10814.0,12350.0,6822.0,37324.0,80843.0,43026,86246.0,79396.0
2023-05-27,14967,32408.0,45864.0,5204.0,12878.0,19312.0,46481.0,11087.0,5979.0,14970.0,15114.0,15760.0,66605.0,8689.0,11434.0,2899.0,27706.0,19655.0,3938,3685.0,11354.0,32958.0,4269.0,21666.0,63109.0,10717.0,10005.0,84205.0,6105,49238.0,14903.0,25297.0,15559.0,21574.0,12219.0,2922.0,34397.0,,21455.0,34586.0,15229.0,8025.0,59622.0,46079.0,30874.0,8922.0,88895.0,31080.0,11442.0,3036.0,21939.0,27721.0,4053.0,7624.0,564.0,4757.0,34504.0,87652.0,35925,87486.0,82163.0
2023-05-28,13587,26826.0,36411.0,4348.0,10156.0,15466.0,48181.0,9136.0,6032.0,14796.0,14634.0,12856.0,54730.0,10876.0,9359.0,3811.0,30921.0,16791.0,3402,216.0,8773.0,24417.0,3138.0,20341.0,46839.0,10677.0,9244.0,63452.0,5889,34315.0,13419.0,20491.0,3948.0,14303.0,15808.0,10569.0,2565.0,32342.0,17536.0,28183.0,12763.0,9088.0,47655.0,38983.0,17327.0,9413.0,85993.0,31043.0,12846.0,5839.0,17474.0,27244.0,4432.0,6820.0,6461.0,5347.0,29507.0,64804.0,29585,72877.0,69496.0
2023-05-29,11182,28967.0,40355.0,4011.0,10011.0,12055.0,40896.0,8668.0,4711.0,11978.0,10318.0,10424.0,43962.0,7381.0,7831.0,2333.0,22790.0,15939.0,2814,2027.0,9072.0,22039.0,2950.0,14870.0,48009.0,8630.0,7737.0,57877.0,5439,37373.0,12380.0,20927.0,3737.0,12641.0,12858.0,8722.0,2154.0,30035.0,15230.0,26444.0,11883.0,3375.0,43106.0,32926.0,12585.0,8017.0,63668.0,25665.0,8333.0,2032.0,17206.0,17134.0,2920.0,6086.0,1898.0,3040.0,20414.0,58055.0,24829,59500.0,62942.0
2023-05-30,16115,33020.0,46605.0,8712.0,14618.0,25298.0,42087.0,21808.0,10463.0,16953.0,51441.0,14450.0,91744.0,15224.0,36092.0,3277.0,27985.0,26434.0,8036,8509.0,15488.0,60452.0,7932.0,34533.0,56567.0,13221.0,16507.0,84904.0,5605,62033.0,18127.0,22233.0,3583.0,14209.0,18022.0,9910.0,3811.0,43870.0,17835.0,42425.0,14863.0,6689.0,45508.0,41903.0,19311.0,14226.0,94342.0,29067.0,16959.0,6905.0,21697.0,24134.0,7652.0,9848.0,14404.0,8134.0,32884.0,92190.0,50025,88056.0,76444.0
2023-05-31,15046,27338.0,14258.0,7333.0,3983.0,21457.0,24636.0,18596.0,7664.0,14987.0,42768.0,14479.0,66767.0,12844.0,26645.0,3388.0,22691.0,24749.0,6692,11163.0,8944.0,42395.0,6508.0,28607.0,61064.0,12263.0,15083.0,77394.0,4794,52712.0,16729.0,21040.0,3549.0,13776.0,16562.0,10410.0,2907.0,37105.0,16146.0,39965.0,13301.0,6141.0,41103.0,35926.0,17727.0,12988.0,52487.0,28695.0,11447.0,4286.0,16042.0,21453.0,6702.0,9904.0,11489.0,7259.0,28869.0,67271.0,46627,57185.0,67828.0
2023-06-01,17171,37346.0,48908.0,9193.0,13746.0,28219.0,41845.0,22621.0,10313.0,17106.0,54203.0,15683.0,96465.0,14831.0,36704.0,3420.0,27583.0,26751.0,7790,13512.0,15413.0,61824.0,7938.0,33808.0,77489.0,13379.0,17298.0,89026.0,5579,59881.0,18981.0,22422.0,4195.0,14728.0,17558.0,10640.0,3764.0,43420.0,18960.0,46183.0,15909.0,5969.0,48062.0,40763.0,20511.0,15314.0,103118.0,31348.0,17834.0,7591.0,24807.0,28657.0,8219.0,11073.0,13486.0,8912.0,36136.0,98815.0,52630,94312.0,79248.0
2023-06-02,15465,32500.0,25445.0,6544.0,6734.0,20667.0,28696.0,17074.0,6501.0,15443.0,30667.0,15727.0,65195.0,11253.0,20224.0,3027.0,23072.0,24891.0,5962,9394.0,9594.0,35781.0,5868.0,26556.0,63696.0,12611.0,,81222.0,5223,51212.0,17734.0,21831.0,4251.0,14325.0,17968.0,11356.0,3021.0,38533.0,17425.0,40653.0,13150.0,7232.0,49308.0,39900.0,17631.0,10987.0,74243.0,29277.0,10478.0,3167.0,16811.0,23262.0,5336.0,9628.0,8585.0,6479.0,21323.0,55334.0,41870,82799.0,73920.0
2023-06-03,14843,30522.0,11522.0,4813.0,2806.0,15943.0,27317.0,10819.0,4511.0,13942.0,14390.0,14362.0,55905.0,7011.0,9415.0,2567.0,19085.0,18784.0,3643,4086.0,5730.0,22633.0,3642.0,19515.0,55185.0,8770.0,9177.0,84231.0,4496,46628.0,11470.0,13.0,3151.0,15427.0,20535.0,11796.0,2389.0,25792.0,14827.0,33285.0,11390.0,12178.0,47547.0,33239.0,14613.0,7275.0,45312.0,24043.0,5426.0,1123.0,16303.0,21824.0,3214.0,7746.0,6629.0,4044.0,24577.0,62059.0,37161,50797.0,99258.0
2023-06-04,10664,22530.0,31404.0,4053.0,8124.0,12303.0,36712.0,8283.0,4318.0,11087.0,9258.0,11233.0,43684.0,6139.0,7901.0,1951.0,17081.0,13610.0,3326,2176.0,7264.0,19802.0,2395.0,12560.0,39725.0,6789.0,6186.0,50549.0,4476,31081.0,9675.0,9.0,12913.0,13015.0,9980.0,2322.0,21721.0,,10683.0,23291.0,10289.0,11376.0,31539.0,22760.0,10823.0,6324.0,60984.0,19271.0,7361.0,886.0,14037.0,16995.0,2517.0,5998.0,6543.0,2712.0,23937.0,48553.0,24975,46084.0,59305.0
2023-06-05,13547,29158.0,36947.0,7806.0,12011.0,20697.0,35866.0,18630.0,8853.0,14122.0,43102.0,13150.0,72041.0,11697.0,30456.0,2686.0,21230.0,24989.0,6749,11762.0,12940.0,48441.0,6386.0,25328.0,59267.0,11127.0,13904.0,65249.0,5082,49097.0,16684.0,18708.0,3321.0,12085.0,15526.0,8579.0,3456.0,34318.0,12573.0,36706.0,12804.0,5208.0,32108.0,31515.0,17746.0,13606.0,79056.0,26843.0,14826.0,7041.0,17666.0,20112.0,4568.0,10008.0,12462.0,7063.0,29900.0,71887.0,43532,66519.0,67470.0
2023-06-06,17461,34339.0,44604.0,9513.0,14496.0,27511.0,41466.0,23348.0,11591.0,16084.0,60039.0,15105.0,91313.0,15308.0,43004.0,3131.0,24341.0,26920.0,8454,15962.0,15986.0,64066.0,7729.0,32498.0,69446.0,12585.0,16985.0,79863.0,5294,54019.0,18333.0,19566.0,4493.0,13689.0,17154.0,8929.0,3833.0,36743.0,14606.0,43258.0,14366.0,5876.0,35506.0,36182.0,20386.0,17135.0,92770.0,30957.0,17903.0,8678.0,,,,,,,,,54596,87051.0,74130.0
2023-06-07,18523,35348.0,43639.0,9974.0,14784.0,23131.0,55414.0,23055.0,11455.0,17564.0,61535.0,16117.0,103715.0,15980.0,43717.0,4380.0,26248.0,26616.0,8963,16475.0,16258.0,67090.0,7854.0,33170.0,71368.0,12606.0,16970.0,82776.0,5611,56087.0,18217.0,19729.0,6966.0,14710.0,17518.0,10018.0,3905.0,34687.0,15102.0,45255.0,15660.0,6150.0,39193.0,37538.0,20638.0,17639.0,96133.0,31697.0,8471.0,21504.0,26734.0,11888.0,15049.0,9351.0,39248.0,96736.0,,,56298,92562.0,79306.0
2023-06-08,18875,40288.0,47561.0,10535.0,14815.0,30191.0,44618.0,23309.0,11995.0,17983.0,59795.0,14800.0,101622.0,16059.0,43220.0,3481.0,27486.0,27602.0,9410,14104.0,16756.0,71282.0,8490.0,33039.0,74372.0,13464.0,17135.0,82679.0,6074,60882.0,19200.0,20718.0,5521.0,13932.0,18037.0,9892.0,3807.0,37291.0,16848.0,48133.0,15695.0,6960.0,42308.0,39809.0,21877.0,17092.0,99469.0,32200.0,18647.0,8582.0,22603.0,28635.0,9487.0,12900.0,15523.0,9465.0,40172.0,99545.0,55816,95251.0,86297.0
2023-06-09,17500,33781.0,41955.0,7907.0,12525.0,22274.0,38578.0,19300.0,8599.0,15881.0,35829.0,16371.0,75978.0,12068.0,25994.0,2909.0,25478.0,26255.0,6971,10178.0,12891.0,45394.0,6329.0,26889.0,63637.0,12895.0,13269.0,79398.0,6409,51900.0,18771.0,21295.0,5315.0,14303.0,18433.0,10070.0,3779.0,37318.0,16581.0,42729.0,15017.0,7177.0,44301.0,39549.0,20403.0,13616.0,87528.0,28497.0,13088.0,4942.0,20588.0,25174.0,6048.0,10821.0,11937.0,6958.0,36904.0,79337.0,42612,83791.0,76605.0
2023-06-10,15648,28843.0,34642.0,4667.0,10889.0,18843.0,33077.0,12138.0,5637.0,11218.0,15468.0,14694.0,64311.0,8943.0,11799.0,2796.0,21768.0,19669.0,3585,3996.0,6759.0,27077.0,4221.0,20893.0,57913.0,10228.0,10247.0,81253.0,6023,46661.0,14225.0,23030.0,4528.0,15590.0,25199.0,11360.0,3477.0,30196.0,19818.0,35226.0,12898.0,8653.0,54992.0,42452.0,15829.0,9990.0,86602.0,29954.0,8609.0,2534.0,22111.0,25536.0,3864.0,8828.0,8616.0,4450.0,29541.0,68035.0,17472,83657.0,82361.0
2023-06-11,10250,20945.0,33856.0,3290.0,7507.0,11836.0,29520.0,8057.0,4269.0,10446.0,8984.0,10528.0,43734.0,6348.0,8208.0,1841.0,17018.0,13910.0,2853,2260.0,5830.0,16242.0,2644.0,12730.0,35138.0,8376.0,6256.0,46778.0,5202,29951.0,10965.0,15257.0,4905.0,10270.0,15296.0,8235.0,2013.0,24508.0,12338.0,22788.0,10257.0,5440.0,32644.0,25210.0,11281.0,6724.0,67145.0,20878.0,4623.0,1576.0,13183.0,16039.0,2699.0,5784.0,6396.0,3291.0,21956.0,48148.0,18042,63698.0,58205.0
2023-06-12,13716,28577.0,41677.0,7982.0,10577.0,20660.0,38153.0,18821.0,8890.0,14325.0,42784.0,13217.0,73654.0,12302.0,32674.0,2786.0,22567.0,24857.0,7447,11861.0,10883.0,49790.0,6191.0,25190.0,58511.0,11435.0,13859.0,65387.0,5609,49737.0,17086.0,19222.0,3313.0,12377.0,15496.0,8390.0,3244.0,32467.0,12656.0,38609.0,13197.0,5558.0,30864.0,31384.0,18074.0,15323.0,83708.0,31693.0,15444.0,6147.0,17496.0,21234.0,7110.0,9978.0,12832.0,7108.0,29961.0,74312.0,43866,71478.0,67707.0
2023-06-13,18710,36110.0,46956.0,10519.0,13533.0,26910.0,45142.0,22583.0,11959.0,17212.0,58097.0,15228.0,97484.0,16680.0,42163.0,3279.0,26246.0,27074.0,9948,18063.0,13610.0,60310.0,7455.0,32191.0,70891.0,12234.0,17157.0,82261.0,6323,57633.0,19309.0,20431.0,4955.0,14410.0,17616.0,9604.0,3940.0,35798.0,15000.0,44970.0,15014.0,6654.0,36223.0,38080.0,21497.0,19404.0,98522.0,36316.0,18889.0,8150.0,20144.0,26182.0,9385.0,11609.0,15371.0,10496.0,35248.0,97800.0,53534,91682.0,76176.0
2023-06-14,18695,38127.0,47673.0,11062.0,14718.0,26974.0,47546.0,23015.0,13562.0,16944.0,60053.0,15607.0,100672.0,15615.0,42784.0,3336.0,21860.0,27122.0,9207,15391.0,17476.0,69669.0,7730.0,32718.0,73306.0,11898.0,18161.0,85356.0,6086,61056.0,19459.0,20121.0,5340.0,14632.0,18044.0,10864.0,5240.0,35701.0,14617.0,49524.0,15186.0,6448.0,39076.0,38984.0,19375.0,15896.0,101854.0,34581.0,15027.0,7200.0,22651.0,27151.0,7428.0,12275.0,16293.0,7663.0,37170.0,103405.0,54821,94965.0,76392.0
2023-06-15,19078,40471.0,48483.0,12319.0,13871.0,29474.0,46362.0,24706.0,12077.0,18373.0,59622.0,15910.0,103174.0,16549.0,43970.0,3581.0,28424.0,27278.0,9519,15848.0,16718.0,72003.0,7231.0,33594.0,75196.0,12965.0,17881.0,91110.0,6244,64628.0,19501.0,21259.0,5843.0,9978.0,18657.0,10313.0,5933.0,37740.0,17034.0,47254.0,15821.0,6962.0,41678.0,40422.0,22206.0,18224.0,101971.0,32738.0,19290.0,8309.0,23296.0,29180.0,9640.0,11810.0,16056.0,9912.0,37341.0,101274.0,55743,96620.0,77930.0
2023-06-16,19792,40622.0,47584.0,9627.0,12804.0,22834.0,45512.0,19844.0,9617.0,16355.0,35089.0,16374.0,83880.0,11069.0,26737.0,2860.0,25906.0,26703.0,7153,10460.0,14732.0,51186.0,5392.0,26986.0,65889.0,12605.0,13511.0,82002.0,6579,55137.0,19673.0,21887.0,4702.0,14080.0,18308.0,10557.0,5022.0,38551.0,17480.0,43368.0,15552.0,7121.0,46140.0,40392.0,20953.0,13722.0,96256.0,30100.0,13655.0,5338.0,21276.0,25719.0,5901.0,10800.0,12456.0,6876.0,36618.0,90010.0,43835,89809.0,79718.0
2023-06-17,19005,35829.0,46757.0,7056.0,12702.0,19537.0,47206.0,13743.0,6653.0,15307.0,14596.0,15224.0,72973.0,9103.0,13791.0,1790.0,24738.0,21011.0,5350,4360.0,11228.0,26246.0,3882.0,20941.0,65951.0,11097.0,9551.0,87340.0,6490,51303.0,16309.0,22631.0,6040.0,14471.0,20233.0,10729.0,4911.0,37314.0,22943.0,39393.0,14178.0,7702.0,62628.0,49562.0,17618.0,12590.0,92674.0,32199.0,10833.0,2948.0,28201.0,30915.0,3844.0,8627.0,9715.0,5105.0,33383.0,88578.0,38675,92774.0,86439.0
2023-06-18,12607,22833.0,37375.0,3980.0,4028.0,13402.0,40881.0,8799.0,4832.0,11600.0,9787.0,10280.0,45522.0,6868.0,9017.0,1260.0,18978.0,14032.0,3278,2213.0,7587.0,18304.0,2596.0,14750.0,41029.0,7453.0,6325.0,54019.0,5074,32823.0,12858.0,8378.0,4501.0,10549.0,12388.0,8201.0,2768.0,29872.0,6767.0,24309.0,10978.0,2964.0,39793.0,26814.0,12381.0,6378.0,59747.0,19325.0,8708.0,2502.0,16912.0,18535.0,2775.0,6160.0,7127.0,3497.0,23731.0,51146.0,26796,65918.0,58870.0
2023-06-19,14459,31027.0,41540.0,8201.0,11593.0,21401.0,40742.0,19060.0,9282.0,14427.0,42910.0,13417.0,76382.0,12369.0,32538.0,2897.0,24318.0,25544.0,7487,11768.0,13867.0,51644.0,6301.0,25508.0,62207.0,10910.0,14177.0,70057.0,5873,53132.0,16987.0,19285.0,4656.0,13027.0,16708.0,9063.0,3307.0,33167.0,11935.0,39192.0,14340.0,6246.0,33809.0,32676.0,20257.0,14881.0,86557.0,31936.0,15064.0,6642.0,18398.0,23554.0,7328.0,10349.0,12694.0,7367.0,30269.0,78817.0,45390,73689.0,70837.0
2023-06-20,17416,33102.0,44928.0,9835.0,13626.0,26107.0,43770.0,22541.0,11732.0,17247.0,15061.0,94201.0,3210.0,26218.0,,,,,9210,65263.0,7305.0,70379.0,11315.0,81586.0,,,,,5902,58100.0,18731.0,20624.0,5049.0,13472.0,17288.0,9222.0,3699.0,38026.0,14947.0,44812.0,15358.0,6167.0,35525.0,37452.0,22252.0,17739.0,96469.0,33153.0,18685.0,8928.0,21404.0,26191.0,9048.0,11834.0,15190.0,9154.0,37754.0,95283.0,53210,87664.0,74109.0
2023-06-21,17792,34280.0,45489.0,10042.0,13715.0,25784.0,46628.0,22180.0,11239.0,16329.0,57721.0,16232.0,40952.0,3559.0,27825.0,,,,8800,15124.0,17888.0,7822.0,31815.0,17186.0,,,,,6420,60336.0,18851.0,21624.0,5656.0,14124.0,18052.0,10101.0,3727.0,38532.0,48014.0,7201.0,18047.0,34824.0,,,,,,,18324.0,7958.0,22786.0,28497.0,9185.0,11518.0,15257.0,9476.0,35363.0,99037.0,55407,90397.0,76632.0
2023-06-22,13219,35578.0,45025.0,10005.0,13515.0,28461.0,46036.0,22228.0,60907.0,15258.0,100913.0,16562.0,42679.0,27195.0,26555.0,,,,15753,16141.0,68930.0,33847.0,73469.0,12825.0,17730.0,87765.0,,,6495,61704.0,19958.0,22106.0,5623.0,14258.0,18097.0,10178.0,3804.0,38961.0,16249.0,16600.0,41515.0,40914.0,23623.0,99318.0,,,,,18683.0,8114.0,24210.0,29393.0,9194.0,11400.0,15680.0,9890.0,38470.0,101075.0,55494,94107.0,77164.0
2023-06-23,15741,31948.0,42714.0,7709.0,10570.0,21132.0,48385.0,18504.0,8484.0,15496.0,35243.0,15612.0,78323.0,11600.0,25132.0,3045.0,26666.0,25397.0,6969,10435.0,13712.0,47396.0,5954.0,26469.0,67262.0,11533.0,13352.0,85043.0,6151,19588.0,5899.0,10177.0,3479.0,39803.0,,,,,15015.0,43675.0,15746.0,7083.0,43556.0,37670.0,22633.0,13965.0,89063.0,30974.0,14076.0,5535.0,23581.0,27999.0,6256.0,10263.0,11782.0,7373.0,33845.0,81403.0,44063,81321.0,79055.0
2023-06-24,14509,28716.0,40364.0,5041.0,10815.0,18092.0,40510.0,10950.0,5520.0,15242.0,14908.0,14858.0,75486.0,8501.0,12941.0,2981.0,26240.0,20602.0,4322,4305.0,9181.0,29633.0,3830.0,20611.0,62693.0,10129.0,9540.0,84092.0,56984,26405.0,6623.0,14943.0,19033.0,,,,,,19701.0,40621.0,14037.0,11249.0,55903.0,43989.0,17821.0,9912.0,86401.0,30318.0,10586.0,3086.0,22634.0,28210.0,4128.0,7652.0,9165.0,5970.0,28389.0,81573.0,35485,80434.0,105958.0
2023-06-25,10259,22495.0,34702.0,3669.0,7098.0,11641.0,38386.0,7758.0,4644.0,11956.0,8467.0,10322.0,52132.0,5049.0,8793.0,1700.0,20566.0,14836.0,3048,1808.0,7747.0,19431.0,2628.0,13753.0,39251.0,8582.0,6296.0,52161.0,4577,38099.0,12650.0,19133.0,16164.0,11914.0,8438.0,1980.0,27115.0,,13680.0,29376.0,10210.0,11122.0,33558.0,27786.0,11923.0,7492.0,73000.0,22543.0,8058.0,2472.0,14938.0,18091.0,3049.0,5678.0,7331.0,3136.0,16237.0,45244.0,29532,57129.0,88255.0
2023-06-26,14301,30671.0,40525.0,7650.0,10916.0,20887.0,46036.0,18706.0,8607.0,14931.0,43041.0,13547.0,75910.0,12872.0,32504.0,2858.0,25396.0,24558.0,6923,11535.0,12485.0,51159.0,6194.0,26124.0,63605.0,12075.0,14393.0,71988.0,5757,54796.0,17723.0,21756.0,5139.0,13489.0,16400.0,9478.0,3258.0,33938.0,14609.0,34279.0,13837.0,6512.0,35418.0,37549.0,19809.0,15172.0,86834.0,32801.0,15231.0,6295.0,18850.0,22882.0,7244.0,9840.0,13153.0,7115.0,30552.0,79462.0,47048,73299.0,73169.0
2023-06-27,17526,34925.0,46330.0,9844.0,13338.0,26201.0,45568.0,22580.0,11686.0,16314.0,58603.0,14938.0,94858.0,16384.0,42996.0,3269.0,28308.0,26303.0,8763,15136.0,16509.0,67089.0,7626.0,32086.0,73876.0,13428.0,17990.0,83351.0,6130,61790.0,18048.0,21544.0,5310.0,14487.0,17752.0,8923.0,3606.0,38408.0,15410.0,47241.0,15430.0,6667.0,38880.0,37904.0,21308.0,18106.0,98267.0,35922.0,19516.0,8126.0,21650.0,27140.0,9261.0,11624.0,15556.0,9677.0,35636.0,96523.0,54749,91506.0,77279.0
2023-06-28,17827,43572.0,47681.0,9803.0,13958.0,26432.0,50263.0,22208.0,11547.0,16789.0,58808.0,15193.0,98134.0,16226.0,42387.0,3647.0,27764.0,24965.0,10420,15975.0,16307.0,63212.0,7455.0,32286.0,75874.0,12730.0,17785.0,87903.0,6202,61018.0,18955.0,22322.0,5885.0,14851.0,18698.0,10190.0,3688.0,42405.0,16707.0,48203.0,16095.0,6727.0,41665.0,41040.0,19382.0,18116.0,101045.0,35643.0,19547.0,7903.0,23358.0,28456.0,9085.0,11547.0,15868.0,9547.0,36063.0,102582.0,48220,92314.0,73215.0
2023-06-29,20444,41502.0,51336.0,10594.0,14939.0,29505.0,62009.0,23652.0,12468.0,18291.0,62086.0,16953.0,111273.0,17146.0,43047.0,3854.0,29173.0,24604.0,10196,16788.0,17055.0,69202.0,7868.0,34875.0,82876.0,13227.0,18306.0,89698.0,6548,62241.0,19989.0,23752.0,7317.0,13673.0,19015.0,10333.0,3945.0,45739.0,18153.0,48964.0,16879.0,7265.0,44086.0,42722.0,22899.0,18206.0,107729.0,34625.0,20729.0,9031.0,25490.0,29922.0,9383.0,12264.0,16333.0,10237.0,37825.0,110472.0,60124,101064.0,79931.0
2023-06-30,18362,38175.0,51640.0,7911.0,13272.0,24296.0,51284.0,20364.0,9320.0,17601.0,38006.0,17288.0,87615.0,12243.0,27373.0,2941.0,27259.0,25147.0,7590,11426.0,16053.0,50691.0,6882.0,29085.0,76173.0,13896.0,14600.0,89551.0,6423,65122.0,19451.0,27901.0,6318.0,19878.0,19770.0,9931.0,3444.0,44346.0,19284.0,50970.0,16393.0,7990.0,51235.0,46309.0,21696.0,14100.0,100535.0,29816.0,14910.0,5673.0,23285.0,25838.0,6158.0,10974.0,13511.0,7599.0,39111.0,94266.0,45960,93104.0,81540.0
2023-07-01,18670,36867.0,49136.0,6211.0,13288.0,19270.0,49951.0,15641.0,6766.0,16001.0,15903.0,18094.0,81221.0,9346.0,13255.0,2608.0,25573.0,21160.0,4492,4628.0,12569.0,33581.0,5933.0,29572.0,95359.0,12213.0,10327.0,147028.0,6483,73266.0,16366.0,38432.0,9060.0,24009.0,22317.0,10770.0,3209.0,37233.0,23097.0,28618.0,15297.0,1850.0,57601.0,33333.0,19378.0,14185.0,106031.0,40678.0,10982.0,4059.0,43315.0,49878.0,3961.0,9344.0,10887.0,6407.0,33675.0,101832.0,37712,92995.0,90157.0
2023-07-02,12895,26937.0,36494.0,3838.0,8885.0,13554.0,43013.0,8955.0,5032.0,13510.0,10081.0,12416.0,51778.0,6896.0,8662.0,1865.0,20229.0,14902.0,3066,2118.0,7905.0,20808.0,2017.0,15217.0,45693.0,9506.0,7042.0,57726.0,5512,40454.0,12924.0,19712.0,6133.0,16102.0,14593.0,8615.0,2026.0,26284.0,14565.0,32707.0,11235.0,6328.0,40894.0,30990.0,12297.0,7378.0,69730.0,23145.0,7708.0,2751.0,16155.0,17906.0,2937.0,6935.0,8036.0,3044.0,28211.0,57811.0,28672,65564.0,60470.0
2023-07-03,14428,31618.0,41316.0,7999.0,10616.0,21838.0,43190.0,19313.0,9945.0,15305.0,43531.0,14848.0,79174.0,12488.0,32548.0,2896.0,25643.0,25048.0,7571,12679.0,13539.0,50786.0,6448.0,26669.0,64580.0,11995.0,14785.0,74520.0,6241,55875.0,17531.0,22914.0,4547.0,13722.0,17457.0,8599.0,3026.0,34891.0,15643.0,41451.0,14526.0,6001.0,38128.0,37139.0,19777.0,15145.0,89435.0,32850.0,16282.0,6763.0,20405.0,23576.0,7276.0,10674.0,13645.0,7443.0,31071.0,83214.0,48246,75467.0,72969.0
2023-07-04,17606,35788.0,47758.0,9895.0,13257.0,27958.0,45373.0,23448.0,12975.0,17588.0,64654.0,15848.0,97402.0,16724.0,43332.0,3251.0,27450.0,26920.0,9150,17744.0,15849.0,66112.0,8535.0,35587.0,76904.0,13952.0,20989.0,87806.0,6340,62566.0,19337.0,25409.0,5044.0,15066.0,18440.0,8681.0,3587.0,39854.0,18926.0,47404.0,16096.0,6419.0,42464.0,44517.0,20547.0,18224.0,102456.0,36133.0,19198.0,8606.0,24511.0,26832.0,8221.0,12077.0,17321.0,9313.0,34702.0,97043.0,55489,92541.0,76637.0
2023-07-05,19491,36360.0,49081.0,9711.0,13263.0,27747.0,48662.0,22946.0,12221.0,18371.0,60312.0,16859.0,100749.0,16473.0,42874.0,3442.0,29249.0,27006.0,9310,16165.0,16701.0,64805.0,7764.0,33223.0,78377.0,13329.0,18444.0,90419.0,6903,63939.0,19588.0,24302.0,5897.0,15437.0,19278.0,9737.0,3512.0,40462.0,17888.0,50760.0,17150.0,7329.0,45094.0,44819.0,23754.0,19625.0,106214.0,39677.0,20515.0,9010.0,25535.0,29862.0,9427.0,11942.0,16195.0,9694.0,38433.0,102754.0,56419,96486.0,77851.0
2023-07-06,19799,38484.0,52901.0,10593.0,13704.0,29725.0,50837.0,23768.0,11973.0,18681.0,60959.0,17215.0,106443.0,17181.0,43433.0,3554.0,30667.0,27675.0,9066,16180.0,16681.0,69018.0,7953.0,36036.0,84388.0,14031.0,18506.0,94589.0,6853,74379.0,20030.0,27013.0,7033.0,12516.0,20210.0,9777.0,3863.0,39403.0,19294.0,54698.0,16670.0,12693.0,46495.0,46349.0,24361.0,18710.0,112806.0,37067.0,20849.0,9199.0,31165.0,9801.0,12152.0,17268.0,10747.0,38637.0,106806.0,,57493,98774.0,79666.0
2023-07-07,17826,35852.0,53202.0,8215.0,11727.0,23310.0,48543.0,20116.0,9944.0,16632.0,37328.0,17960.0,85629.0,12094.0,25864.0,3464.0,29097.0,28200.0,7010,10756.0,14556.0,51630.0,6608.0,28692.0,72641.0,13431.0,14309.0,88533.0,6534,66470.0,19730.0,28160.0,7612.0,19891.0,19875.0,11189.0,3654.0,39300.0,19574.0,49448.0,16330.0,14672.0,50699.0,44760.0,21272.0,13868.0,104430.0,33564.0,23749.0,28591.0,,,,,,,,,46790,92745.0,114234.0
2023-07-08,16947,32852.0,46746.0,5296.0,9430.0,19055.0,47932.0,12062.0,6996.0,16342.0,15630.0,17430.0,77418.0,9576.0,12716.0,2983.0,26323.0,20909.0,4934,4575.0,10815.0,33882.0,4689.0,24586.0,70816.0,10534.0,10093.0,92848.0,6453,60820.0,16013.0,29524.0,7623.0,19048.0,21358.0,10410.0,2361.0,37932.0,24118.0,43691.0,15542.0,16268.0,64536.0,54518.0,17932.0,9122.0,96074.0,32056.0,11285.0,3560.0,26741.0,4162.0,8562.0,10989.0,6013.0,30400.0,89446.0,,37757,92517.0,113755.0
2023-07-09,12333,24613.0,37972.0,4113.0,9335.0,14020.0,43160.0,8777.0,5384.0,13412.0,10548.0,13285.0,53864.0,7365.0,9068.0,2304.0,21840.0,16241.0,3598,1490.0,8930.0,24384.0,3018.0,17077.0,47551.0,8938.0,7343.0,57752.0,5628,40889.0,13502.0,20861.0,4276.0,17278.0,14213.0,9087.0,1988.0,29612.0,17010.0,30063.0,11380.0,12679.0,41144.0,35842.0,12489.0,8619.0,82708.0,26191.0,9718.0,2418.0,20544.0,22507.0,3108.0,6936.0,7937.0,4286.0,24730.0,59190.0,28243,58327.0,62806.0
2023-07-10,13627,30546.0,41648.0,7859.0,11679.0,21719.0,42706.0,19081.0,9628.0,15998.0,43672.0,14487.0,78464.0,13229.0,32379.0,2957.0,26017.0,25783.0,7487,11541.0,14415.0,52769.0,6576.0,27718.0,65490.0,10760.0,14240.0,75056.0,6402,54336.0,16931.0,18651.0,5034.0,13438.0,16998.0,9100.0,2996.0,34478.0,14151.0,41334.0,14154.0,6365.0,39167.0,37285.0,19076.0,15719.0,86041.0,34560.0,16106.0,6629.0,20607.0,24630.0,6981.0,10564.0,12872.0,8116.0,31615.0,79255.0,46614,73348.0,72003.0
2023-07-11,16865,34949.0,45626.0,9764.0,13370.0,26923.0,45100.0,22782.0,11969.0,17567.0,58055.0,16099.0,97209.0,17102.0,42435.0,3353.0,28761.0,27712.0,8788,15462.0,16646.0,67102.0,7789.0,33366.0,74164.0,12040.0,17787.0,86164.0,6146,61569.0,17882.0,23553.0,4917.0,13420.0,18092.0,9299.0,3601.0,39322.0,17238.0,46376.0,15403.0,6539.0,41149.0,41474.0,20337.0,17650.0,96872.0,36414.0,19639.0,8416.0,23363.0,26266.0,9260.0,11414.0,15803.0,10248.0,36956.0,97049.0,55613,90874.0,77010.0
2023-07-12,17204,33971.0,48228.0,9772.0,13655.0,27430.0,46777.0,22850.0,11815.0,17758.0,58451.0,16416.0,98843.0,16902.0,41891.0,3614.0,28942.0,27513.0,8897,15451.0,16828.0,67535.0,8015.0,33940.0,76686.0,12171.0,17518.0,89795.0,6561,62414.0,18158.0,23186.0,5223.0,14671.0,18264.0,9859.0,3516.0,37564.0,18662.0,47827.0,15626.0,6740.0,44847.0,43697.0,21042.0,18587.0,99536.0,37507.0,18962.0,8281.0,24682.0,30355.0,8886.0,12020.0,15864.0,10183.0,35816.0,101385.0,55650,92836.0,75991.0
2023-07-13,17378,36256.0,48685.0,9589.0,14295.0,28850.0,47029.0,23540.0,11324.0,19614.0,61878.0,16581.0,107276.0,17449.0,43354.0,3745.0,29711.0,26890.0,8962,16098.0,16517.0,71537.0,8085.0,35728.0,78357.0,12114.0,17984.0,94712.0,6077,63918.0,18986.0,24109.0,5572.0,14655.0,19050.0,10664.0,3889.0,37693.0,18934.0,45920.0,15094.0,7229.0,46157.0,44532.0,21230.0,16816.0,104181.0,33350.0,20147.0,8530.0,25671.0,31156.0,9027.0,11442.0,14991.0,10360.0,36610.0,104657.0,47958,95754.0,78359.0
2023-07-14,16090,30106.0,44805.0,7183.0,12473.0,23045.0,43486.0,18437.0,10005.0,15798.0,36786.0,16842.0,79829.0,11426.0,26518.0,2679.0,24270.0,24881.0,6858,11115.0,12647.0,49046.0,7233.0,30476.0,67253.0,12274.0,13750.0,81762.0,6127,54313.0,17840.0,25009.0,4814.0,13227.0,18118.0,9776.0,3053.0,43148.0,17199.0,41680.0,14681.0,6529.0,50307.0,43031.0,18156.0,12601.0,93342.0,27683.0,14309.0,5124.0,23521.0,24311.0,5707.0,10564.0,13124.0,7217.0,33391.0,86044.0,42195,84230.0,78162.0
2023-07-15,16763,26734.0,37039.0,4543.0,10301.0,18013.0,42645.0,11004.0,8382.0,13499.0,15712.0,16714.0,67675.0,9080.0,11727.0,22681.0,21718.0,,3939,2451.0,8795.0,31050.0,3854.0,22669.0,65607.0,9127.0,10268.0,88944.0,5511,50778.0,14251.0,24470.0,5499.0,12713.0,21306.0,9616.0,2371.0,35429.0,22661.0,33909.0,12371.0,6468.0,60673.0,49662.0,15855.0,7594.0,84013.0,28430.0,9111.0,2892.0,22023.0,25625.0,3766.0,7811.0,10043.0,4370.0,29230.0,78464.0,43751,83293.0,91168.0
2023-07-16,10686,21305.0,30146.0,3518.0,7652.0,11463.0,38809.0,7881.0,4930.0,13362.0,8234.0,11529.0,45439.0,6739.0,7403.0,22074.0,15194.0,,2868,2313.0,7400.0,20794.0,2572.0,13913.0,40259.0,7851.0,6603.0,52605.0,5082,31994.0,11558.0,16421.0,4681.0,10079.0,12787.0,7775.0,1694.0,28188.0,15904.0,24757.0,9855.0,5728.0,37192.0,30937.0,12301.0,7120.0,66936.0,22891.0,7938.0,2069.0,14326.0,17969.0,3098.0,5815.0,7245.0,3618.0,22275.0,50708.0,34489,52888.0,57622.0
2023-07-17,13050,29004.0,36349.0,7523.0,10798.0,20827.0,40504.0,18388.0,9393.0,14971.0,42393.0,14610.0,75389.0,12539.0,31574.0,2737.0,25193.0,25560.0,7420,11450.0,12652.0,49539.0,6342.0,26769.0,61649.0,10327.0,14486.0,70629.0,5578,51433.0,16031.0,22052.0,4688.0,12783.0,15709.0,8433.0,3077.0,33774.0,14638.0,39343.0,12809.0,6851.0,37745.0,35770.0,17409.0,14021.0,85879.0,32375.0,14832.0,6476.0,19005.0,22915.0,6887.0,9619.0,13140.0,7034.0,29169.0,75679.0,45331,69986.0,70396.0
2023-07-18,16666,33988.0,36092.0,9517.0,12301.0,27600.0,45156.0,21891.0,17242.0,16551.0,44040.0,3282.0,28534.0,27495.0,,,,,9229,15162.0,11549.0,17622.0,,,,,,,5669,59268.0,17262.0,22146.0,4987.0,13487.0,16605.0,9457.0,3555.0,37939.0,,,,,,,,,,,14168.0,8293.0,22584.0,27264.0,9810.0,11001.0,16123.0,9961.0,33382.0,91032.0,54293,88972.0,76882.0
2023-07-19,12521,34102.0,42861.0,9517.0,12739.0,27941.0,44838.0,22128.0,12086.0,58523.0,16431.0,98571.0,,,,,,,15361,67983.0,7705.0,34367.0,73890.0,87958.0,,,,,5914,59906.0,17544.0,22340.0,5166.0,13599.0,17593.0,9903.0,3477.0,37351.0,17386.0,46174.0,15361.0,6480.0,43222.0,41573.0,19558.0,17220.0,101873.0,35303.0,18484.0,8397.0,24383.0,29327.0,9011.0,10888.0,15946.0,9561.0,34556.0,97454.0,52545,89294.0,75836.0
2023-07-20,15115,28997.0,22045.0,8165.0,6557.0,23452.0,30788.0,18466.0,9056.0,15083.0,42337.0,15307.0,74716.0,13891.0,30222.0,3023.0,24146.0,25538.0,7673,12570.0,10161.0,46324.0,6235.0,29699.0,63554.0,10988.0,14565.0,80635.0,5611,53825.0,16448.0,21357.0,4754.0,12279.0,16388.0,9339.0,2580.0,33388.0,16561.0,38693.0,13397.0,7076.0,40532.0,38210.0,18201.0,13735.0,79795.0,31140.0,14118.0,4780.0,17677.0,25446.0,7612.0,9827.0,12201.0,8773.0,21068.0,59567.0,45839,84577.0,67609.0
2023-07-21,16232,29860.0,38076.0,7032.0,9574.0,21431.0,40255.0,17314.0,7952.0,15422.0,32455.0,16223.0,76864.0,10467.0,24026.0,2734.0,24665.0,25668.0,6102,10059.0,11946.0,44448.0,5943.0,27244.0,64413.0,11127.0,12135.0,81776.0,5741,51777.0,17040.0,22298.0,4931.0,12612.0,17068.0,9385.0,3122.0,37218.0,17009.0,40113.0,13417.0,6602.0,51857.0,41511.0,18710.0,11853.0,92398.0,27827.0,12149.0,5050.0,21517.0,25100.0,5436.0,9881.0,12024.0,6581.0,30056.0,73664.0,41876,78954.0,77064.0
2023-07-22,15489,22155.0,21198.0,4059.0,5760.0,17412.0,23616.0,9747.0,5033.0,12748.0,15300.0,15545.0,52948.0,6149.0,9476.0,1097.0,18429.0,18039.0,3716,4105.0,6346.0,21297.0,4157.0,21936.0,56418.0,9344.0,9681.0,82249.0,2,44244.0,28466.0,5040.0,12028.0,18200.0,11256.0,1734.0,27033.0,,22733.0,30836.0,51.0,6565.0,62440.0,47083.0,10.0,61853.0,21006.0,,4481.0,943.0,18594.0,17212.0,1867.0,7591.0,9662.0,2689.0,16750.0,54105.0,33657,84507.0,74899.0
2023-07-23,6722,19054.0,27133.0,3011.0,6343.0,12015.0,29019.0,7756.0,3849.0,10659.0,10824.0,11480.0,41646.0,4252.0,7634.0,1571.0,16355.0,14278.0,2606,2010.0,6572.0,18830.0,1875.0,14081.0,37463.0,7136.0,7491.0,53027.0,3,31030.0,17527.0,5176.0,10250.0,12559.0,10108.0,1512.0,27144.0,,14247.0,26684.0,45.0,7347.0,39062.0,30263.0,4.0,47946.0,20894.0,,4115.0,492.0,14197.0,13897.0,1332.0,5713.0,7397.0,1811.0,20716.0,51906.0,24790,56238.0,72880.0
2023-07-24,12794,27658.0,38016.0,7105.0,10217.0,19815.0,36684.0,17821.0,9181.0,14371.0,40395.0,13543.0,72859.0,11884.0,30389.0,2573.0,23985.0,24089.0,6961,11089.0,14099.0,48439.0,6027.0,25670.0,60669.0,10702.0,13677.0,71890.0,4666,51267.0,14938.0,21357.0,4153.0,11287.0,15045.0,8410.0,2752.0,36763.0,14629.0,37159.0,11968.0,6041.0,39704.0,36754.0,15434.0,12574.0,81241.0,28489.0,14272.0,5579.0,19256.0,21426.0,6370.0,8880.0,12409.0,6591.0,28247.0,74745.0,42121,67856.0,70384.0
2023-07-25,15323,32883.0,38668.0,8646.0,10259.0,24006.0,50834.0,20080.0,10478.0,16217.0,53455.0,15336.0,84769.0,15505.0,36924.0,3096.0,28110.0,24856.0,8273,13582.0,14559.0,56383.0,6822.0,30030.0,69119.0,10824.0,16543.0,80595.0,5425,53987.0,15907.0,21876.0,5676.0,12810.0,16235.0,9291.0,3114.0,38913.0,16381.0,42161.0,13323.0,6503.0,44232.0,40151.0,17824.0,14894.0,88290.0,33124.0,17161.0,7154.0,20835.0,26243.0,8223.0,9570.0,13451.0,8399.0,31968.0,88688.0,52046,85370.0,76845.0
2023-07-26,16198,32175.0,39986.0,8883.0,10938.0,25076.0,48425.0,20081.0,10898.0,17002.0,55098.0,15632.0,86917.0,15810.0,37038.0,2932.0,27605.0,24863.0,8184,15423.0,15023.0,56688.0,7819.0,31888.0,73465.0,11848.0,17116.0,81501.0,6019,54535.0,16347.0,23107.0,5580.0,13841.0,16986.0,8919.0,3143.0,39423.0,19666.0,43306.0,14500.0,6755.0,50544.0,46130.0,18555.0,15995.0,91240.0,31366.0,18015.0,7517.0,23647.0,27248.0,8248.0,9905.0,14621.0,8099.0,31571.0,89281.0,53044,86398.0,75375.0
2023-07-27,15769,31827.0,41369.0,8952.0,11373.0,26689.0,45680.0,20706.0,11056.0,16920.0,53929.0,16071.0,92219.0,15307.0,37255.0,2864.0,27480.0,24750.0,7933,11007.0,15117.0,61936.0,7146.0,33441.0,72819.0,11642.0,16038.0,87515.0,5651,56324.0,16920.0,21756.0,4847.0,12548.0,16447.0,9295.0,2931.0,41762.0,18289.0,42413.0,14368.0,6993.0,47707.0,42764.0,18212.0,14951.0,95316.0,30426.0,17383.0,7328.0,23286.0,28298.0,8153.0,10141.0,14310.0,7774.0,36071.0,91264.0,50756,88074.0,74768.0
2023-07-28,15059,29826.0,41939.0,6775.0,10052.0,21087.0,40052.0,17046.0,8304.0,15762.0,33611.0,16131.0,76455.0,10778.0,23877.0,2671.0,26528.0,25057.0,6383,7823.0,13266.0,44685.0,6063.0,27056.0,65143.0,11452.0,13212.0,83767.0,5658,52366.0,16473.0,21843.0,2930.0,41340.0,,,,,17955.0,40311.0,13620.0,6868.0,51819.0,41286.0,17253.0,11673.0,86808.0,29901.0,13511.0,4965.0,21830.0,26294.0,5449.0,9131.0,11634.0,5541.0,34351.0,78016.0,41612,83050.0,75117.0
2023-07-29,14813,25822.0,21759.0,4586.0,5271.0,16119.0,33566.0,10934.0,6018.0,14418.0,13108.0,15612.0,57158.0,9025.0,10676.0,1.0,25888.0,20623.0,4628,2676.0,7758.0,24596.0,3729.0,19694.0,60555.0,7883.0,8845.0,91466.0,5651,15081.0,20044.0,9893.0,,,,,,,16796.0,34252.0,12379.0,16389.0,54619.0,38952.0,15908.0,7814.0,72004.0,31706.0,8113.0,1494.0,19346.0,28971.0,3744.0,7058.0,9256.0,3308.0,22624.0,56738.0,41210,93842.0,79150.0
2023-07-30,10288,18773.0,31233.0,3052.0,5610.0,11574.0,39756.0,7656.0,6963.0,12408.0,10981.0,11466.0,44897.0,9350.0,7410.0,1686.0,7892.0,14663.0,2703,2005.0,7227.0,20261.0,2941.0,14084.0,42628.0,6862.0,6891.0,58915.0,4700,31465.0,10016.0,4399.0,10115.0,12415.0,7322.0,1236.0,25948.0,,12644.0,22879.0,10542.0,12263.0,40717.0,28543.0,10658.0,6056.0,70550.0,21245.0,9346.0,4632.0,16858.0,19094.0,2517.0,5967.0,3927.0,2511.0,24725.0,56610.0,25377,55166.0,63175.0
2023-07-31,13981,27083.0,28928.0,6933.0,9175.0,19703.0,36713.0,21018.0,8692.0,14705.0,39567.0,13790.0,72497.0,11992.0,29227.0,2455.0,24305.0,23932.0,6657,9735.0,15373.0,47577.0,5924.0,25652.0,60351.0,10510.0,13362.0,71656.0,5201,49947.0,15167.0,20821.0,4071.0,11886.0,14447.0,8247.0,2599.0,36548.0,14688.0,36156.0,12196.0,6041.0,40189.0,36125.0,15517.0,12797.0,83580.0,28638.0,14458.0,5993.0,18532.0,21129.0,6529.0,9019.0,12142.0,6334.0,30291.0,71243.0,41834,68761.0,70191.0
2023-08-01,17778,31970.0,40497.0,8858.0,10345.0,24966.0,39716.0,21090.0,10900.0,16978.0,54211.0,15325.0,92017.0,15781.0,38529.0,3225.0,29395.0,26892.0,8086,13610.0,15146.0,60857.0,7219.0,30182.0,71047.0,10793.0,16385.0,85289.0,5696,57981.0,16073.0,21860.0,4842.0,13093.0,16427.0,8775.0,3133.0,38410.0,16719.0,42671.0,13791.0,6711.0,46096.0,40610.0,18408.0,16650.0,87625.0,33701.0,17381.0,7807.0,21851.0,26365.0,8261.0,10098.0,14919.0,7795.0,30977.0,88647.0,51740,87311.0,75967.0
2023-08-02,17924,34400.0,42981.0,8532.0,11393.0,25999.0,43097.0,20917.0,11529.0,17718.0,54391.0,15921.0,93180.0,16064.0,37728.0,2990.0,26942.0,25511.0,8186,14505.0,15010.0,59462.0,7861.0,31848.0,73406.0,12128.0,16597.0,86783.0,5777,55775.0,17445.0,24147.0,4604.0,12687.0,15917.0,9036.0,3027.0,40112.0,18693.0,41721.0,14965.0,5924.0,47894.0,43860.0,18148.0,16270.0,99306.0,31767.0,17700.0,8059.0,24513.0,26549.0,8548.0,10316.0,15339.0,8384.0,31704.0,92574.0,50372,86650.0,73982.0
2023-08-03,17543,33302.0,42621.0,9008.0,10780.0,27393.0,41884.0,20990.0,11581.0,17643.0,55687.0,15989.0,97354.0,16714.0,38354.0,3285.0,30146.0,26422.0,8477,14016.0,14948.0,63340.0,7163.0,32458.0,76616.0,11548.0,16726.0,92168.0,5807,59244.0,16802.0,22367.0,5218.0,13762.0,17303.0,9715.0,3351.0,39548.0,19179.0,44242.0,14955.0,7385.0,50306.0,42560.0,17795.0,15874.0,100922.0,34130.0,17810.0,8049.0,24592.0,29510.0,8447.0,10035.0,15170.0,8248.0,32406.0,92675.0,51604,92354.0,75928.0
2023-08-04,15332,29382.0,40817.0,6570.0,9021.0,21123.0,38746.0,17064.0,8648.0,15854.0,33971.0,16237.0,74612.0,11135.0,23213.0,2644.0,27831.0,25331.0,6300,8492.0,12258.0,44098.0,5996.0,27140.0,65439.0,11085.0,12833.0,83572.0,5917,51694.0,16103.0,22084.0,4843.0,12717.0,16915.0,9837.0,2897.0,39533.0,18183.0,40112.0,13504.0,7161.0,52367.0,43547.0,16295.0,11711.0,89844.0,29818.0,12677.0,5233.0,22138.0,25833.0,5660.0,9669.0,11654.0,6099.0,29154.0,73389.0,40474,78574.0,74483.0
2023-08-05,15232,24488.0,38134.0,4032.0,8760.0,16850.0,38977.0,10031.0,5350.0,14804.0,13563.0,14503.0,65737.0,8614.0,9901.0,2225.0,22351.0,17695.0,4220,4001.0,8658.0,22347.0,4051.0,21728.0,60647.0,9396.0,9009.0,83650.0,5105,43946.0,13591.0,25083.0,4568.0,11031.0,17834.0,8910.0,1927.0,36679.0,20226.0,29253.0,11955.0,5388.0,62828.0,47012.0,13252.0,7531.0,81417.0,25390.0,7753.0,3165.0,22780.0,23579.0,3749.0,7313.0,9156.0,4256.0,25932.0,70784.0,30309,78068.0,75741.0
2023-08-06,10825,23936.0,34339.0,3808.0,8959.0,12115.0,37296.0,7607.0,5263.0,12399.0,9955.0,11577.0,54545.0,7205.0,7473.0,2715.0,24091.0,14462.0,2903,2298.0,9473.0,21745.0,2717.0,13990.0,40796.0,7485.0,6753.0,55751.0,4957,32808.0,11093.0,15802.0,5112.0,10692.0,13193.0,7710.0,1774.0,31446.0,13559.0,25769.0,9962.0,6115.0,41783.0,32124.0,10283.0,7605.0,62316.0,27929.0,10647.0,3838.0,16538.0,19277.0,1532.0,5908.0,7237.0,3160.0,24736.0,56938.0,26214,66072.0,59634.0
2023-08-07,12170,29016.0,36841.0,7129.0,8867.0,19411.0,37290.0,16632.0,8785.0,14408.0,36897.0,12517.0,70290.0,11829.0,28542.0,2930.0,26543.0,25002.0,5773,9214.0,13024.0,47081.0,5652.0,23810.0,58593.0,7582.0,11674.0,71966.0,6208,51158.0,14301.0,20012.0,3824.0,10763.0,15099.0,6887.0,2905.0,35811.0,13507.0,36471.0,12702.0,6235.0,40468.0,35763.0,15203.0,12821.0,82520.0,31490.0,,,,,,,,,,,42137,68711.0,70009.0
2023-08-08,15795,35421.0,36335.0,8636.0,11035.0,24596.0,41038.0,20261.0,10938.0,16541.0,54233.0,14862.0,87829.0,15704.0,38013.0,3011.0,27996.0,25412.0,7595,13919.0,15445.0,60362.0,7190.0,30004.0,68569.0,11959.0,15759.0,84736.0,5682,57129.0,16276.0,23858.0,4191.0,11865.0,15113.0,8034.0,3036.0,41480.0,16055.0,38712.0,13530.0,5208.0,43601.0,41966.0,16869.0,15295.0,92105.0,31189.0,15627.0,7571.0,22285.0,23897.0,8440.0,9887.0,15505.0,8233.0,29838.0,87510.0,49960,85163.0,72755.0
2023-08-09,15850,33845.0,40769.0,9108.0,10439.0,24942.0,40544.0,19095.0,10944.0,16638.0,53574.0,15246.0,91283.0,16753.0,36930.0,3386.0,31098.0,26552.0,7313,13199.0,14730.0,60012.0,6909.0,29232.0,68809.0,11526.0,15743.0,87073.0,5971,58278.0,16044.0,22725.0,5349.0,13468.0,16609.0,10070.0,2961.0,37672.0,17734.0,43056.0,14940.0,7400.0,47067.0,43158.0,17844.0,16862.0,95314.0,36959.0,16872.0,7524.0,23719.0,29332.0,8090.0,9260.0,14613.0,7914.0,33057.0,91964.0,50610,89259.0,74371.0
2023-08-10,16231,35060.0,41490.0,9499.0,10524.0,25756.0,43766.0,19898.0,11183.0,16904.0,53703.0,15248.0,94153.0,16201.0,36807.0,3541.0,31138.0,25641.0,7618,12267.0,14745.0,61330.0,7142.0,29944.0,69801.0,11173.0,15774.0,88434.0,5937,57533.0,15986.0,18548.0,5683.0,13646.0,16211.0,9848.0,2642.0,39209.0,18417.0,46183.0,14814.0,1874.0,47362.0,42879.0,19714.0,16028.0,98031.0,33846.0,17915.0,7430.0,24081.0,29341.0,8281.0,9656.0,14506.0,8337.0,30638.0,92215.0,51586,91961.0,74272.0
2023-08-11,14658,30108.0,40041.0,6821.0,8631.0,20379.0,38429.0,16189.0,8242.0,15210.0,32472.0,15041.0,72510.0,11553.0,22450.0,3071.0,27716.0,24154.0,5627,8360.0,12206.0,43398.0,5700.0,25111.0,61922.0,10851.0,12226.0,81833.0,5861,51430.0,15471.0,22148.0,5161.0,12411.0,16455.0,9457.0,2995.0,38606.0,16733.0,38115.0,13459.0,6845.0,49522.0,41300.0,16848.0,12255.0,86239.0,31331.0,12751.0,5017.0,21925.0,25900.0,5411.0,8577.0,10489.0,5795.0,29027.0,72955.0,36489,78500.0,72199.0
2023-08-12,15241,33682.0,40092.0,4754.0,8806.0,16992.0,45501.0,10415.0,5650.0,13995.0,15377.0,14580.0,67966.0,9429.0,10755.0,2558.0,25470.0,19456.0,3567,3462.0,10787.0,29618.0,3821.0,20530.0,59753.0,9002.0,9325.0,88026.0,5483,47175.0,12374.0,22241.0,5464.0,11623.0,20009.0,9918.0,2126.0,33395.0,19896.0,30735.0,11881.0,5465.0,61131.0,44574.0,15133.0,8109.0,101904.0,30780.0,10975.0,2630.0,18651.0,27469.0,3716.0,6956.0,8788.0,4754.0,29469.0,82105.0,35356,73037.0,77977.0
2023-08-13,10096,21623.0,31522.0,3369.0,6541.0,12016.0,39117.0,7563.0,4572.0,12073.0,10307.0,10869.0,47386.0,7362.0,7101.0,2303.0,21212.0,14692.0,2510,2017.0,7774.0,19765.0,2449.0,13760.0,38734.0,6925.0,6761.0,54668.0,5157,31249.0,10736.0,15927.0,4895.0,10357.0,12601.0,8259.0,1704.0,30376.0,13788.0,23000.0,9461.0,6006.0,38243.0,29359.0,10884.0,7332.0,72672.0,25539.0,9186.0,1339.0,13051.0,18379.0,2596.0,5407.0,73.0,3040.0,21066.0,54512.0,24872,50990.0,55634.0
2023-08-14,11919,28137.0,36989.0,7066.0,8994.0,19456.0,37309.0,16490.0,8625.0,13342.0,38613.0,13012.0,70210.0,11610.0,27610.0,2748.0,25587.0,23330.0,6226,10120.0,12175.0,46268.0,5774.0,23607.0,59453.0,10069.0,12472.0,69915.0,5341,49761.0,14651.0,21995.0,3986.0,11478.0,14237.0,7833.0,2890.0,36672.0,14148.0,34177.0,12134.0,5905.0,38550.0,36022.0,15433.0,12574.0,79877.0,29295.0,13940.0,5342.0,19427.0,21569.0,6304.0,8457.0,11401.0,6015.0,26522.0,73820.0,41180,65886.0,66245.0
2023-08-15,15959,33550.0,40771.0,8649.0,10472.0,24415.0,40863.0,19892.0,10795.0,16141.0,53622.0,14730.0,86085.0,15450.0,37560.0,29441.0,26083.0,,7301,12798.0,14767.0,68411.0,10520.0,15376.0,,,,,5796,56591.0,15181.0,21770.0,4734.0,12810.0,15732.0,9051.0,3212.0,38825.0,16424.0,39777.0,13565.0,6859.0,43044.0,39797.0,17213.0,15234.0,88938.0,34169.0,17325.0,7091.0,21057.0,25771.0,7967.0,9428.0,14118.0,7799.0,33963.0,87524.0,50254,87719.0,72240.0
2023-08-16,15422,33527.0,40599.0,8585.0,10667.0,24620.0,48692.0,19246.0,53896.0,3812.0,29742.0,25117.0,,,,,,,56578,6753.0,28052.0,79978.0,,,,,,,5849,55715.0,15352.0,22087.0,5477.0,13375.0,16134.0,9058.0,3373.0,39096.0,41734.0,14303.0,15866.0,,,,,,,,17286.0,8190.0,22849.0,27918.0,7913.0,9447.0,14226.0,7727.0,31948.0,90178.0,58341,89857.0,73026.0
2023-08-17,17317,34246.0,42808.0,8879.0,10782.0,26286.0,42178.0,19960.0,10549.0,17568.0,15325.0,93523.0,15913.0,34922.0,3290.0,,,,7644,13210.0,14432.0,62747.0,6913.0,29433.0,72237.0,11097.0,16200.0,88461.0,5629,57665.0,15737.0,22190.0,5331.0,13633.0,16474.0,9531.0,3418.0,36820.0,18503.0,7603.0,48245.0,42288.0,18576.0,95440.0,32406.0,,,,17422.0,7107.0,23491.0,28467.0,7985.0,9771.0,14049.0,8155.0,32524.0,91615.0,49303,89214.0,72839.0
2023-08-18,14701,35208.0,42387.0,6879.0,9971.0,20129.0,41481.0,15841.0,9711.0,15097.0,32587.0,19601.0,78120.0,10738.0,22499.0,2613.0,24970.0,24681.0,6098,8591.0,14116.0,45611.0,6091.0,25287.0,62718.0,10984.0,12350.0,81436.0,5960,52859.0,15665.0,21839.0,5202.0,12321.0,16185.0,9100.0,2805.0,39857.0,16754.0,37493.0,13148.0,6228.0,49886.0,41922.0,16326.0,11626.0,86619.0,28092.0,12652.0,4852.0,22439.0,23875.0,5247.0,8790.0,11441.0,5835.0,28214.0,79153.0,39219,80249.0,71537.0
2023-08-19,13942,27271.0,39796.0,4804.0,8378.0,16789.0,39335.0,11234.0,5711.0,13826.0,15888.0,18771.0,72115.0,9180.0,10795.0,2506.0,25034.0,19691.0,3589,3612.0,9433.0,29231.0,3760.0,20713.0,60499.0,8874.0,9742.0,86828.0,5176,48715.0,12195.0,22338.0,6209.0,13230.0,19735.0,10325.0,1617.0,34079.0,20993.0,30955.0,12309.0,7513.0,60346.0,42377.0,13898.0,7934.0,99516.0,31142.0,11547.0,2378.0,16936.0,28105.0,3704.0,6900.0,7822.0,4150.0,28497.0,74966.0,33975,74023.0,86151.0
2023-08-20,9887,20096.0,32512.0,3326.0,6765.0,11239.0,35715.0,7072.0,4325.0,11478.0,10048.0,11717.0,45599.0,6735.0,7089.0,2331.0,19807.0,14491.0,2494,2121.0,7327.0,19351.0,2260.0,13106.0,34414.0,7432.0,6159.0,50450.0,5085,28877.0,10371.0,14662.0,4754.0,9820.0,11376.0,7024.0,1656.0,25852.0,13412.0,22137.0,9189.0,6229.0,35385.0,27725.0,8926.0,6937.0,72968.0,23595.0,8424.0,1091.0,11754.0,18242.0,2854.0,2589.0,6283.0,2808.0,9975.0,54548.0,27126,52067.0,79312.0
2023-08-21,11921,27273.0,36930.0,6812.0,10499.0,18850.0,45579.0,16418.0,8632.0,13755.0,38199.0,12831.0,71901.0,11744.0,27479.0,2800.0,24276.0,23486.0,5998,10117.0,12500.0,45730.0,5372.0,22764.0,58982.0,9654.0,11964.0,66398.0,5789,47686.0,14027.0,19719.0,4890.0,10533.0,13954.0,7709.0,2817.0,34689.0,12857.0,34468.0,12283.0,6665.0,37915.0,33465.0,15078.0,12792.0,80009.0,28777.0,13863.0,5683.0,18680.0,22100.0,5974.0,7969.0,11200.0,6134.0,28828.0,70185.0,43670,71274.0,70656.0
2023-08-22,15383,31898.0,39615.0,8391.0,11332.0,23744.0,39903.0,19491.0,10775.0,15731.0,51362.0,14626.0,86405.0,14493.0,36495.0,2972.0,27362.0,26085.0,7121,12269.0,14249.0,59664.0,6754.0,27962.0,68062.0,10235.0,14997.0,80154.0,5212,55117.0,14504.0,20688.0,4729.0,12372.0,15477.0,8354.0,3387.0,37203.0,16180.0,37457.0,13537.0,6261.0,40918.0,37596.0,16867.0,14645.0,86993.0,31229.0,16302.0,6757.0,20625.0,25504.0,7533.0,9138.0,13832.0,7433.0,31007.0,86166.0,49859,84433.0,76430.0
2023-08-23,15436,31565.0,39638.0,8319.0,11594.0,23907.0,39937.0,19096.0,10510.0,15591.0,50171.0,14553.0,86058.0,14551.0,35757.0,3038.0,27430.0,25406.0,7240,11724.0,14303.0,60642.0,6345.0,27177.0,68216.0,10342.0,14476.0,81251.0,5531,55385.0,14733.0,20837.0,4807.0,11997.0,15199.0,8766.0,3546.0,37241.0,16669.0,39037.0,14207.0,6896.0,41535.0,38752.0,17376.0,15276.0,88130.0,31428.0,16481.0,7044.0,21923.0,26546.0,7520.0,9080.0,13562.0,7720.0,30693.0,86857.0,48379,83743.0,73865.0
2023-08-24,16569,30552.0,40239.0,8423.0,11803.0,24922.0,41172.0,19452.0,10847.0,15795.0,49903.0,13986.0,90418.0,14840.0,35442.0,2849.0,25969.0,24953.0,7198,11978.0,13831.0,61640.0,6411.0,28060.0,70910.0,10337.0,14014.0,82497.0,5489,54734.0,14785.0,19982.0,4164.0,11322.0,15730.0,7976.0,3028.0,37527.0,16207.0,36751.0,13614.0,6169.0,43148.0,38627.0,17237.0,14147.0,93237.0,27882.0,16024.0,7018.0,22895.0,25500.0,7542.0,9534.0,14044.0,7864.0,31562.0,86113.0,47179,84256.0,78001.0
2023-08-25,15046,28869.0,43743.0,6490.0,10551.0,20206.0,43354.0,15812.0,7792.0,15006.0,32678.0,19797.0,74891.0,10822.0,21255.0,2491.0,25281.0,24791.0,5981,9144.0,12362.0,40392.0,5371.0,23673.0,62911.0,10261.0,12290.0,77542.0,5518,50021.0,15066.0,20867.0,5056.0,11905.0,15831.0,8781.0,2808.0,40733.0,14885.0,34404.0,13307.0,6768.0,48447.0,39241.0,16733.0,11151.0,86578.0,27460.0,13969.0,4733.0,21077.0,24292.0,5250.0,8320.0,10985.0,5698.0,32600.0,79411.0,38387,79424.0,77782.0
2023-08-26,14918,22482.0,23435.0,3860.0,5463.0,14460.0,29452.0,9210.0,5331.0,12860.0,14511.0,16963.0,53516.0,8759.0,9145.0,1850.0,22262.0,18774.0,3628,3381.0,6123.0,21858.0,3518.0,18738.0,55671.0,8562.0,8737.0,81021.0,5130,42124.0,12046.0,19793.0,4672.0,11244.0,13820.0,8921.0,1718.0,32021.0,18187.0,26247.0,11151.0,5710.0,54580.0,40758.0,12940.0,6858.0,78635.0,25728.0,7185.0,1503.0,15639.0,23076.0,3489.0,6393.0,7120.0,4064.0,20286.0,54773.0,31591,68541.0,74585.0
2023-08-27,10213,25017.0,32664.0,3768.0,7600.0,11771.0,49083.0,7568.0,5819.0,11665.0,11079.0,13745.0,53703.0,8450.0,7942.0,1951.0,19846.0,15845.0,2888,1981.0,10005.0,21810.0,2303.0,13396.0,39569.0,7163.0,6761.0,57454.0,14062,32730.0,11099.0,15033.0,11467.0,10560.0,10679.0,7484.0,1709.0,28384.0,13476.0,21475.0,11706.0,5575.0,38756.0,29245.0,9322.0,6502.0,78351.0,23280.0,8258.0,1037.0,11971.0,18934.0,3045.0,4743.0,6479.0,2811.0,17653.0,54496.0,28049,54497.0,60240.0
2023-08-28,8397,20538.0,38169.0,3416.0,7204.0,10262.0,58012.0,7966.0,5447.0,8928.0,10294.0,13274.0,44767.0,6382.0,8285.0,1793.0,18346.0,16267.0,2674,2081.0,9154.0,22573.0,2316.0,12756.0,40791.0,6886.0,6696.0,60041.0,16028,34979.0,10390.0,16583.0,11782.0,10248.0,10689.0,7927.0,1893.0,25460.0,11948.0,21152.0,12005.0,5351.0,37292.0,29560.0,9757.0,5903.0,75726.0,21016.0,8185.0,1007.0,11302.0,17449.0,2499.0,4516.0,5968.0,2388.0,17729.0,51649.0,25522,49240.0,64022.0
2023-08-29,14367,28544.0,40832.0,7592.0,11066.0,21656.0,40034.0,18623.0,9967.0,14861.0,45216.0,13942.0,78895.0,13273.0,32716.0,2684.0,23747.0,25934.0,6624,11752.0,13439.0,52801.0,6144.0,25162.0,64077.0,9542.0,13392.0,74473.0,6399,52150.0,14634.0,18867.0,4530.0,12242.0,15487.0,5250.0,3105.0,36758.0,14766.0,35110.0,13104.0,5824.0,38926.0,35924.0,16270.0,12352.0,84351.0,28451.0,15253.0,6503.0,19545.0,22060.0,6953.0,8790.0,12758.0,7053.0,27366.0,76329.0,44319,76704.0,68928.0
2023-08-30,15886,30064.0,41349.0,8179.0,12181.0,23883.0,41432.0,19583.0,10050.0,15029.0,49621.0,14415.0,85627.0,14548.0,35651.0,2925.0,25279.0,25511.0,7092,12272.0,13789.0,60314.0,6514.0,27191.0,69933.0,9974.0,14084.0,79803.0,4955,55671.0,14902.0,19510.0,4062.0,11611.0,15182.0,7821.0,3409.0,38521.0,16414.0,38635.0,14146.0,5981.0,41383.0,37230.0,17831.0,14326.0,91136.0,28191.0,17872.0,7094.0,21347.0,26239.0,7537.0,9312.0,14002.0,7857.0,28623.0,82593.0,48876,83564.0,71939.0
2023-08-31,16702,30364.0,45033.0,8368.0,12827.0,26309.0,42655.0,19783.0,10756.0,15566.0,54434.0,15108.0,92552.0,14760.0,38307.0,2817.0,24172.0,25114.0,7435,13678.0,14433.0,63007.0,6958.0,29474.0,74764.0,9801.0,15586.0,86796.0,4913,57260.0,15358.0,20092.0,4085.0,11769.0,15373.0,7910.0,3184.0,39490.0,16977.0,37565.0,14127.0,6009.0,42648.0,38401.0,18126.0,14249.0,95649.0,26103.0,17350.0,7370.0,22193.0,25589.0,7824.0,9903.0,14288.0,7850.0,29687.0,85958.0,49169,83427.0,73925.0
2023-09-01,13895,24634.0,11968.0,5947.0,3241.0,17113.0,23181.0,14522.0,5724.0,14186.0,29117.0,14208.0,59930.0,9699.0,19893.0,2827.0,16521.0,24088.0,5476,8570.0,7298.0,34922.0,5018.0,22184.0,53335.0,9462.0,11684.0,75212.0,3330,48914.0,13622.0,18266.0,3938.0,8525.0,33398.0,,,,13760.0,32777.0,9815.0,5645.0,40309.0,32639.0,16293.0,9413.0,59468.0,22513.0,8431.0,3093.0,13348.0,19853.0,5138.0,8189.0,9481.0,5061.0,17610.0,43053.0,38911,48534.0,66206.0
2023-09-02,14977,21595.0,22927.0,1.0,5714.0,15285.0,17392.0,11949.0,12055.0,16500.0,14400.0,49149.0,8043.0,9949.0,2382.0,19118.0,18916.0,,1,4540.0,12032.0,3594.0,18982.0,55335.0,8302.0,9687.0,80034.0,,5551,11393.0,17437.0,10983.0,2723.0,,,,,,16956.0,28385.0,11056.0,5349.0,52776.0,37739.0,13891.0,6276.0,72398.0,22590.0,7140.0,1290.0,14708.0,23354.0,3290.0,6618.0,7899.0,3754.0,17052.0,45068.0,33081,61644.0,71946.0
2023-09-03,10664,17560.0,30856.0,7127.0,11421.0,21627.0,9160.0,,9810.0,11425.0,11012.0,34075.0,6325.0,8572.0,3363.0,16433.0,14667.0,,2491,11674.0,2199.0,12100.0,37247.0,6561.0,6276.0,48410.0,,,4,29932.0,9648.0,12593.0,9052.0,10716.0,2349.0,21749.0,,,11274.0,20462.0,8116.0,4915.0,30383.0,22252.0,9830.0,5035.0,67729.0,17713.0,7561.0,881.0,9443.0,16886.0,2368.0,5289.0,5762.0,2498.0,16158.0,37422.0,26778,51228.0,54767.0
2023-09-04,13130,26675.0,35816.0,7149.0,10119.0,19263.0,29003.0,17744.0,8272.0,12671.0,40325.0,13013.0,70228.0,10610.0,30972.0,2515.0,19728.0,25168.0,6609,8824.0,11953.0,50038.0,5500.0,23100.0,57382.0,9259.0,12308.0,66779.0,4339,49642.0,14387.0,17238.0,4456.0,10885.0,14702.0,7627.0,3093.0,31472.0,11807.0,35314.0,12272.0,5821.0,29827.0,28933.0,16258.0,12648.0,77308.0,25492.0,13731.0,5942.0,15753.0,21144.0,6176.0,8679.0,11452.0,6347.0,28483.0,70690.0,42949,66856.0,69505.0
2023-09-05,15932,30490.0,38785.0,9021.0,11899.0,24372.0,38804.0,21046.0,10786.0,15171.0,54727.0,14450.0,87149.0,14660.0,40984.0,3078.0,22001.0,26589.0,8451,12541.0,14887.0,63415.0,7001.0,27651.0,63762.0,10203.0,15386.0,76999.0,4871,55620.0,15474.0,17802.0,4032.0,11417.0,15852.0,7657.0,3354.0,33462.0,12703.0,38778.0,13245.0,5735.0,32579.0,31670.0,18897.0,15166.0,84895.0,27510.0,17525.0,7617.0,18475.0,24938.0,8165.0,9812.0,14059.0,7916.0,31753.0,85289.0,50576,81031.0,72205.0
2023-09-06,16231,31349.0,39725.0,9127.0,11851.0,24495.0,40197.0,21112.0,10822.0,15220.0,55010.0,14625.0,88493.0,14818.0,40748.0,3177.0,22725.0,25896.0,8682,12335.0,15242.0,63898.0,7176.0,28432.0,63969.0,10179.0,15320.0,78454.0,5353,54982.0,16183.0,17647.0,4316.0,12181.0,16080.0,8193.0,3252.0,35270.0,13221.0,40982.0,14159.0,6351.0,33960.0,32947.0,19438.0,16121.0,87848.0,28427.0,,,,,,,,,,,50873,80424.0,69662.0
2023-09-07,17807,33721.0,41969.0,9662.0,12450.0,26309.0,42238.0,21566.0,11211.0,16156.0,57927.0,14902.0,97198.0,15463.0,42618.0,3347.0,24049.0,26478.0,8594,13454.0,15582.0,69379.0,7051.0,30150.0,65765.0,10421.0,15836.0,85946.0,5630,57285.0,17288.0,17106.0,4845.0,12143.0,16663.0,8316.0,3552.0,36374.0,14306.0,42228.0,14316.0,7156.0,35879.0,35047.0,19981.0,16534.0,94615.0,28655.0,18874.0,8107.0,20387.0,27480.0,8880.0,10714.0,14462.0,8927.0,33349.0,93047.0,53527,85472.0,72164.0
2023-09-08,16224,28822.0,39016.0,7404.0,10160.0,20304.0,37574.0,17600.0,8697.0,14066.0,34541.0,14823.0,73165.0,11027.0,26286.0,2993.0,22573.0,25946.0,6449,9159.0,12147.0,48415.0,5779.0,24257.0,58396.0,10166.0,12010.0,78262.0,5750,49700.0,16797.0,18803.0,4509.0,11692.0,16540.0,8440.0,2965.0,36276.0,13243.0,37002.0,13913.0,6361.0,39815.0,34721.0,18844.0,12557.0,84246.0,25952.0,13647.0,5126.0,18696.0,23803.0,5679.0,9390.0,5579.0,6476.0,29712.0,75186.0,40112,74425.0,72347.0
2023-09-09,13559,24798.0,37199.0,4977.0,8205.0,15869.0,43321.0,10493.0,5692.0,13864.0,14438.0,13246.0,57365.0,8952.0,12184.0,2513.0,23650.0,19286.0,3457,3713.0,9045.0,30398.0,3728.0,17861.0,52353.0,6814.0,8197.0,81589.0,5594,42356.0,12817.0,18255.0,5871.0,11853.0,17650.0,8850.0,2319.0,29621.0,14982.0,28829.0,12595.0,5865.0,46501.0,36295.0,15054.0,8723.0,87763.0,26889.0,10763.0,2768.0,18649.0,27435.0,3626.0,6995.0,5339.0,4908.0,18911.0,58510.0,31922,75970.0,92385.0
2023-09-10,9419,17789.0,30699.0,3362.0,4960.0,10627.0,34148.0,7389.0,4201.0,10786.0,9981.0,9906.0,38850.0,6872.0,8619.0,2049.0,16950.0,14326.0,2650,1565.0,6886.0,17215.0,2272.0,12579.0,33454.0,5343.0,5293.0,48668.0,5020,27961.0,11610.0,12000.0,4238.0,11354.0,11127.0,7029.0,1444.0,22008.0,9037.0,19474.0,9055.0,4412.0,28512.0,21132.0,10314.0,6289.0,67380.0,18745.0,5771.0,4310.0,10372.0,18374.0,2655.0,5295.0,4858.0,1707.0,14643.0,37291.0,22491,61046.0,54215.0
2023-09-11,13811,28249.0,37383.0,7783.0,9739.0,19680.0,38192.0,18282.0,9155.0,13385.0,41626.0,13012.0,72797.0,12325.0,33280.0,3121.0,21890.0,26234.0,6713,11316.0,13034.0,51871.0,5855.0,24614.0,55914.0,9040.0,12942.0,66213.0,5536,49723.0,16169.0,17096.0,3997.0,11169.0,15039.0,7458.0,2984.0,30882.0,11474.0,36113.0,12766.0,5375.0,29512.0,29258.0,18291.0,13876.0,79465.0,26769.0,14676.0,6175.0,16928.0,21624.0,6848.0,9443.0,10967.0,7381.0,27446.0,71803.0,44553,67012.0,65223.0
2023-09-12,17420,31751.0,42418.0,9902.0,12463.0,26017.0,43458.0,22045.0,10443.0,15925.0,58043.0,14977.0,95515.0,15437.0,44561.0,4916.0,21529.0,27673.0,8093,15266.0,16512.0,67688.0,7517.0,30300.0,69244.0,9862.0,16785.0,82381.0,5720,57580.0,17312.0,18211.0,4359.0,12519.0,16655.0,8279.0,3498.0,35655.0,12851.0,41347.0,14624.0,5179.0,34158.0,33157.0,20835.0,17051.0,89750.0,29883.0,18467.0,8156.0,20203.0,24955.0,8805.0,11196.0,14805.0,9034.0,31276.0,88528.0,52928,83296.0,71377.0
2023-09-13,18698,31922.0,46461.0,9325.0,13035.0,26813.0,44059.0,22391.0,15872.0,15401.0,5173.0,23711.0,,,,,,,9873,,,,,,,,,,5733,59292.0,17330.0,18476.0,5174.0,13023.0,17653.0,9193.0,3463.0,36285.0,13569.0,14580.0,5499.0,36359.0,35804.0,,,,,,18631.0,8043.0,21369.0,27954.0,8473.0,11125.0,14705.0,6342.0,36012.0,94766.0,54441,87245.0,71799.0
2023-09-14,19281,35385.0,46976.0,10032.0,13208.0,28682.0,45192.0,22509.0,11669.0,17419.0,62431.0,103205.0,17212.0,45061.0,25925.0,28601.0,,,9262,15334.0,16375.0,73379.0,7694.0,33131.0,73210.0,10462.0,17641.0,90893.0,6258,61491.0,18505.0,19810.0,5053.0,13573.0,18098.0,8935.0,3687.0,37460.0,15483.0,44489.0,15638.0,38706.0,22404.0,17324.0,97459.0,31625.0,,,18775.0,8632.0,22833.0,29073.0,9096.0,11484.0,14976.0,10310.0,35266.0,97505.0,56578,91806.0,73674.0
2023-09-15,17346,35952.0,42928.0,7678.0,11718.0,22400.0,44302.0,18100.0,8275.0,36347.0,16411.0,80284.0,11711.0,27501.0,3647.0,27533.0,,,7152,10176.0,13588.0,51005.0,6322.0,26629.0,65653.0,13375.0,84851.0,,6305,55401.0,17961.0,17702.0,5484.0,13445.0,18919.0,9446.0,3437.0,37749.0,39774.0,7602.0,42482.0,20193.0,13728.0,93667.0,29516.0,,,,13894.0,4825.0,19815.0,25201.0,6003.0,10244.0,10878.0,7595.0,32418.0,79870.0,41730,81718.0,72478.0
2023-09-16,16003,28675.0,41864.0,4953.0,10657.0,18647.0,50276.0,11127.0,6177.0,15201.0,13276.0,12480.0,68968.0,9749.0,14020.0,3.0,25582.0,22944.0,5082,3366.0,9985.0,37065.0,3619.0,16725.0,64675.0,7008.0,7968.0,95454.0,6620,50000.0,13843.0,5434.0,10902.0,20820.0,8267.0,2657.0,35855.0,,16645.0,34678.0,14615.0,17875.0,51508.0,38897.0,17390.0,8283.0,95490.0,28989.0,12492.0,3156.0,22949.0,29760.0,4071.0,7485.0,8300.0,5672.0,30843.0,82102.0,41372,78152.0,96524.0
2023-09-17,9863,17734.0,28891.0,3134.0,8867.0,12093.0,42159.0,7473.0,4620.0,11854.0,7811.0,8584.0,40894.0,6693.0,8480.0,17117.0,15963.0,,3258,1796.0,7364.0,22215.0,2687.0,10933.0,38087.0,5967.0,4833.0,54505.0,5560,33429.0,10126.0,3.0,3272.0,6841.0,12210.0,5804.0,1153.0,26193.0,10702.0,19846.0,10912.0,9934.0,30624.0,22555.0,11138.0,5692.0,61424.0,18341.0,7269.0,1066.0,13820.0,16959.0,2735.0,5811.0,6499.0,3831.0,20839.0,46662.0,28531,48441.0,54801.0
2023-09-18,14079,30247.0,38536.0,7842.0,10826.0,20311.0,39431.0,18720.0,9756.0,14589.0,42383.0,13618.0,76076.0,12568.0,32681.0,2621.0,22237.0,26970.0,7715,11804.0,14871.0,55109.0,6081.0,27641.0,61362.0,9768.0,13232.0,70377.0,5814,52877.0,16438.0,18432.0,3924.0,11395.0,16655.0,7580.0,3206.0,35563.0,11539.0,37055.0,13453.0,5297.0,31012.0,31381.0,18603.0,14279.0,87819.0,27578.0,15195.0,6491.0,17469.0,21797.0,6924.0,9805.0,12967.0,9255.0,32251.0,77117.0,45882,68852.0,69462.0
2023-09-19,17972,35378.0,44271.0,9889.0,13080.0,27325.0,43219.0,22716.0,11823.0,17230.0,60868.0,15138.0,95971.0,16926.0,45444.0,3034.0,24614.0,28713.0,9364,16199.0,16826.0,69118.0,7767.0,34134.0,71711.0,10478.0,16947.0,84471.0,5793,59990.0,17714.0,18839.0,4448.0,12676.0,18077.0,8394.0,3666.0,37421.0,13728.0,42108.0,14978.0,5320.0,34838.0,35112.0,20693.0,17064.0,93217.0,29617.0,18796.0,8419.0,20745.0,25282.0,8804.0,11745.0,15970.0,10195.0,35327.0,91165.0,54637,88151.0,74068.0
2023-09-20,19573,35740.0,48984.0,10274.0,14223.0,28638.0,45454.0,22898.0,12109.0,18044.0,60659.0,15850.0,98763.0,15978.0,45707.0,2945.0,24228.0,27703.0,9909,17860.0,17664.0,72090.0,9204.0,36519.0,73327.0,11755.0,18279.0,86596.0,5912,59965.0,17661.0,20557.0,4258.0,13261.0,17461.0,8422.0,3777.0,41784.0,17547.0,43448.0,16292.0,5733.0,40331.0,40784.0,21277.0,18131.0,96605.0,28210.0,19579.0,8596.0,23013.0,25261.0,9312.0,11734.0,16549.0,11822.0,34923.0,96707.0,54243,88733.0,74718.0
2023-09-21,20184,37003.0,48432.0,10820.0,15403.0,30288.0,44440.0,23562.0,12187.0,19077.0,65274.0,16089.0,106327.0,19695.0,45325.0,3228.0,28134.0,28235.0,9680,17422.0,17166.0,73107.0,8881.0,35828.0,77706.0,11958.0,18358.0,93998.0,6123,63865.0,19299.0,21049.0,5201.0,15066.0,18795.0,9286.0,3817.0,41384.0,16178.0,47020.0,16314.0,7137.0,41919.0,41271.0,22074.0,17824.0,104428.0,31120.0,19803.0,8800.0,24282.0,27901.0,9230.0,12011.0,16540.0,11847.0,37835.0,105683.0,55995,95140.0,88265.0
2023-09-22,17813,33655.0,44207.0,7744.0,11560.0,22549.0,40821.0,19191.0,10108.0,15361.0,38913.0,16671.0,82836.0,12450.0,27541.0,2782.0,23696.0,27807.0,7558,11071.0,14350.0,52081.0,6682.0,29785.0,71425.0,11759.0,14065.0,88871.0,5903,57505.0,19938.0,21575.0,5755.0,13609.0,19081.0,10000.0,3269.0,43966.0,17517.0,41360.0,14525.0,6949.0,47810.0,42082.0,20125.0,12362.0,91703.0,28912.0,12710.0,5299.0,21761.0,25011.0,5600.0,11022.0,12503.0,7849.0,34844.0,81895.0,44191,84085.0,78001.0
2023-09-23,18726,29322.0,36076.0,4975.0,12644.0,19758.0,41834.0,12987.0,5931.0,16171.0,16548.0,17244.0,66337.0,9571.0,13388.0,2594.0,26017.0,21012.0,5234,4546.0,8756.0,31989.0,4585.0,22131.0,72653.0,9503.0,9380.0,97911.0,5848,54746.0,15389.0,23753.0,6075.0,14060.0,21987.0,10568.0,2705.0,38807.0,21901.0,35764.0,14393.0,7828.0,64458.0,51004.0,17563.0,8886.0,99597.0,33519.0,11947.0,3201.0,24372.0,30157.0,3761.0,8440.0,8090.0,4877.0,30342.0,80157.0,36306,79798.0,83335.0
2023-09-24,13368,19648.0,30834.0,3158.0,8668.0,14435.0,38718.0,9372.0,4756.0,12863.0,11215.0,12130.0,49478.0,7107.0,9823.0,1987.0,20956.0,15600.0,3181,2146.0,7287.0,22281.0,3001.0,15149.0,43053.0,8330.0,7427.0,56531.0,4930,33601.0,12467.0,15761.0,4363.0,10121.0,13562.0,7900.0,1632.0,32071.0,14507.0,29206.0,10556.0,5025.0,37721.0,29989.0,11331.0,7013.0,71868.0,21138.0,9789.0,2205.0,14532.0,19422.0,3663.0,6612.0,3693.0,3565.0,23014.0,49265.0,23309,48603.0,55382.0
2023-09-25,16372,32195.0,40038.0,8760.0,11082.0,21266.0,37857.0,20418.0,9788.0,15706.0,44768.0,14042.0,77777.0,12536.0,33703.0,2878.0,22800.0,27920.0,7431,12003.0,16934.0,55199.0,8235.0,29055.0,59863.0,10928.0,14257.0,74342.0,5645,53581.0,17035.0,18811.0,3767.0,12187.0,16074.0,8111.0,3325.0,34542.0,12952.0,37077.0,13523.0,5336.0,33836.0,32454.0,18616.0,14433.0,78135.0,26529.0,17238.0,6965.0,18381.0,22621.0,6899.0,9738.0,12650.0,10982.0,28746.0,76831.0,47244,71828.0,75111.0
2023-09-26,18901,37897.0,47488.0,10726.0,12042.0,27417.0,45342.0,25322.0,12613.0,18037.0,62349.0,15725.0,97337.0,16806.0,46005.0,3104.0,24375.0,29664.0,9575,14947.0,20227.0,72858.0,8382.0,31681.0,63896.0,12204.0,16735.0,89415.0,5372,62684.0,17866.0,19206.0,4798.0,12901.0,17594.0,8611.0,3649.0,38076.0,14638.0,45165.0,14159.0,5836.0,36037.0,37586.0,19869.0,15925.0,89716.0,28989.0,18009.0,8402.0,21608.0,26735.0,8912.0,12063.0,15870.0,12790.0,35028.0,97418.0,56237,87980.0,80029.0
2023-09-27,19575,36172.0,48485.0,10313.0,13465.0,27799.0,45642.0,24686.0,12553.0,18824.0,61136.0,15699.0,99799.0,16944.0,45327.0,3224.0,24854.0,29556.0,9625,16105.0,19932.0,73271.0,8761.0,36524.0,74981.0,12046.0,17818.0,88915.0,6153,61592.0,18558.0,19770.0,4819.0,13170.0,17764.0,9122.0,3652.0,39273.0,15652.0,44554.0,15756.0,5854.0,38840.0,38833.0,21736.0,17447.0,98732.0,28597.0,18705.0,8606.0,22518.0,27989.0,9160.0,11388.0,15428.0,12395.0,35534.0,98945.0,56443,89548.0,79698.0
2023-09-28,20528,38356.0,49822.0,10641.0,14149.0,30711.0,46807.0,25384.0,12604.0,19888.0,65224.0,16867.0,107007.0,17098.0,45564.0,3362.0,25842.0,29946.0,9708,3444.0,19543.0,79211.0,9186.0,44471.0,78630.0,12294.0,18930.0,95844.0,6038,64793.0,19296.0,20716.0,5057.0,13861.0,18268.0,9455.0,3812.0,40122.0,16417.0,44605.0,15681.0,5890.0,42427.0,41177.0,23197.0,17336.0,101891.0,30670.0,19558.0,8686.0,24665.0,28659.0,9664.0,12333.0,16811.0,13857.0,37010.0,104269.0,58320,96568.0,82809.0
2023-09-29,18733,35050.0,45888.0,8469.0,10798.0,23091.0,42854.0,21332.0,9465.0,18367.0,40609.0,17034.0,84615.0,13056.0,28199.0,3218.0,25375.0,29263.0,7612,10907.0,16791.0,53046.0,7515.0,31997.0,69225.0,12550.0,14404.0,95519.0,6277,58937.0,19087.0,21966.0,5442.0,14041.0,18775.0,10168.0,3382.0,40637.0,16736.0,41773.0,15430.0,6447.0,51681.0,42272.0,22141.0,13070.0,93447.0,29356.0,13924.0,6064.0,22302.0,27381.0,6194.0,10770.0,12339.0,10628.0,34420.0,84719.0,45202,90064.0,85301.0
2023-09-30,16784,24874.0,13725.0,4945.0,2863.0,17888.0,30873.0,12719.0,5464.0,16496.0,17645.0,16070.0,63914.0,10652.0,11314.0,3200.0,24033.0,23410.0,3784,4581.0,7552.0,26165.0,4597.0,22933.0,65016.0,9183.0,10301.0,101709.0,5603,56214.0,15766.0,22453.0,4082.0,14552.0,21946.0,10663.0,2291.0,35137.0,20333.0,31995.0,13568.0,5984.0,60359.0,46340.0,18681.0,8413.0,61438.0,29317.0,7061.0,1605.0,19150.0,28289.0,4302.0,8278.0,9747.0,5385.0,17328.0,51594.0,40228,57190.0,98800.0
2023-10-01,12512,23097.0,32256.0,3853.0,10071.0,12886.0,41588.0,8874.0,5627.0,12972.0,10940.0,11561.0,49233.0,7768.0,9399.0,2278.0,18365.0,16318.0,3745,2440.0,10373.0,21668.0,3023.0,14051.0,42936.0,7210.0,6877.0,61804.0,4918,35469.0,12198.0,15347.0,4479.0,10051.0,13051.0,8306.0,1617.0,27390.0,13161.0,22351.0,10148.0,4436.0,38557.0,30376.0,12516.0,6473.0,65196.0,22117.0,6231.0,2562.0,17829.0,19822.0,2806.0,6430.0,6956.0,2933.0,21493.0,49507.0,26919,58011.0,59844.0
2023-10-02,17073,31992.0,40571.0,7580.0,10914.0,22050.0,39412.0,23050.0,7693.0,18092.0,46763.0,14205.0,81933.0,12912.0,36286.0,3100.0,24224.0,28623.0,6293,13399.0,16911.0,56741.0,8824.0,31372.0,51215.0,12562.0,14931.0,78622.0,5254,57098.0,17877.0,20127.0,4331.0,13085.0,16305.0,8906.0,4123.0,38540.0,13481.0,37278.0,13954.0,5660.0,32357.0,35928.0,19219.0,15484.0,82369.0,28226.0,16389.0,6992.0,19718.0,23274.0,7563.0,9800.0,13758.0,11789.0,26946.0,80459.0,48784,71998.0,75943.0
2023-10-03,20458,37968.0,47944.0,10961.0,12480.0,27890.0,41975.0,26259.0,12896.0,19411.0,62683.0,15485.0,101235.0,17842.0,46387.0,3473.0,26036.0,30143.0,9729,14493.0,21170.0,73832.0,9852.0,38238.0,76103.0,12882.0,18155.0,90047.0,5913,61129.0,19247.0,20301.0,4752.0,13456.0,17818.0,8835.0,3719.0,41407.0,15548.0,42786.0,15262.0,5733.0,36379.0,39655.0,22011.0,18563.0,97859.0,29447.0,19742.0,9003.0,23309.0,27011.0,9441.0,12289.0,14770.0,13704.0,35357.0,96196.0,54899,88124.0,81044.0
2023-10-04,14152,24732.0,11928.0,6493.0,3479.0,18161.0,21912.0,17270.0,6259.0,13506.0,34509.0,13280.0,60347.0,11533.0,26133.0,2928.0,15551.0,26155.0,6806,7560.0,9994.0,41206.0,5913.0,27099.0,50882.0,10078.0,12935.0,70682.0,4909,47822.0,15749.0,17784.0,4128.0,11541.0,15520.0,8557.0,2522.0,31116.0,12847.0,33122.0,12037.0,5110.0,29248.0,30845.0,17618.0,11199.0,54639.0,22695.0,10239.0,4165.0,13645.0,19350.0,6030.0,9518.0,9584.0,8799.0,17423.0,42927.0,41451,45228.0,63234.0
2023-10-05,21565,39532.0,48246.0,10905.0,12237.0,29728.0,45542.0,26472.0,12189.0,19781.0,64337.0,16464.0,104399.0,17839.0,46012.0,3514.0,25985.0,30301.0,10027,15522.0,20755.0,76418.0,9852.0,36947.0,79872.0,13047.0,18348.0,100226.0,5923,64097.0,20150.0,20537.0,5028.0,14035.0,19374.0,9531.0,3803.0,40699.0,16684.0,44863.0,15728.0,5996.0,39819.0,41827.0,22588.0,17110.0,104740.0,29584.0,18514.0,8411.0,24531.0,29539.0,10010.0,12302.0,16888.0,14427.0,35863.0,104100.0,53869,94124.0,81268.0
2023-10-06,18946,31733.0,42077.0,7799.0,9034.0,21875.0,39834.0,20822.0,9100.0,17537.0,35803.0,16504.0,78444.0,12013.0,24902.0,3029.0,24144.0,28830.0,7579,9261.0,16278.0,51718.0,7431.0,29831.0,66322.0,12175.0,13039.0,89047.0,19280,21361.0,5481.0,3339.0,41104.0,,,,,,16471.0,39846.0,14354.0,6198.0,44282.0,42479.0,20659.0,12697.0,85679.0,28028.0,12359.0,5105.0,21874.0,27181.0,6068.0,10858.0,12224.0,10523.0,31476.0,78244.0,43073,79514.0,78700.0
2023-10-07,19826,29733.0,52282.0,5093.0,10703.0,20994.0,44860.0,13014.0,6137.0,18439.0,18444.0,16393.0,72504.0,11178.0,13614.0,3299.0,29807.0,23317.0,4586,1222.0,11734.0,31508.0,5334.0,24134.0,71681.0,10054.0,10615.0,102478.0,6605,56373.0,14612.0,23276.0,10832.0,,,,,,22426.0,35382.0,14642.0,7607.0,63156.0,52884.0,19179.0,10618.0,90933.0,32627.0,10532.0,3306.0,25186.0,33364.0,5179.0,8492.0,10294.0,6513.0,25217.0,78762.0,38343,92655.0,82695.0
2023-10-08,12038,21943.0,41678.0,3816.0,6851.0,13964.0,64349.0,9818.0,4602.0,13861.0,12870.0,12952.0,43921.0,7876.0,8316.0,3014.0,22321.0,12928.0,4190,2238.0,8741.0,10773.0,3201.0,15981.0,47490.0,8387.0,7795.0,41368.0,5888,27306.0,14552.0,28212.0,8720.0,13250.0,13803.0,9476.0,2105.0,32003.0,15054.0,28742.0,11929.0,9852.0,37321.0,33218.0,12345.0,7242.0,86221.0,22754.0,7949.0,1177.0,12915.0,21796.0,3462.0,6954.0,6522.0,3658.0,23039.0,53971.0,30890,54132.0,80972.0
2023-10-09,17811,34553.0,41186.0,9018.0,10780.0,22224.0,39955.0,22140.0,10957.0,17086.0,47322.0,14278.0,81653.0,13116.0,35863.0,3174.0,23506.0,29045.0,8484,12065.0,18404.0,59092.0,8012.0,29716.0,64523.0,12568.0,15260.0,76036.0,5950,54660.0,19378.0,19696.0,5100.0,12736.0,16773.0,9129.0,3602.0,39394.0,13974.0,39887.0,16499.0,6105.0,31300.0,34820.0,18761.0,14227.0,84143.0,29646.0,14603.0,6508.0,20987.0,25657.0,7000.0,10576.0,13770.0,11213.0,30321.0,82121.0,48693,73739.0,75489.0
2023-10-10,20202,38660.0,49194.0,10975.0,13287.0,27270.0,44364.0,25919.0,12413.0,60819.0,15833.0,100943.0,17314.0,3549.0,,,,,9833,16427.0,21813.0,9421.0,36133.0,74944.0,13354.0,89195.0,,,6065,61792.0,19785.0,19883.0,5487.0,13484.0,18646.0,9154.0,4332.0,41978.0,15288.0,46528.0,15254.0,6274.0,35504.0,39479.0,21570.0,17518.0,95815.0,30164.0,9006.0,9572.0,12171.0,14366.0,36364.0,,,,,,57666,89513.0,79804.0
2023-10-11,21042,36879.0,50993.0,11940.0,13414.0,28739.0,46071.0,26979.0,19437.0,16837.0,45921.0,3261.0,26038.0,29731.0,,,,,17087,73719.0,17898.0,,,,,,,,6128,62208.0,19835.0,20262.0,4994.0,13862.0,17681.0,9449.0,6353.0,42912.0,17615.0,16095.0,44073.0,22943.0,17969.0,28971.0,,,,,18878.0,24500.0,28316.0,16653.0,102708.0,,,,,,58876,91498.0,79222.0
2023-10-12,21658,39644.0,52007.0,12012.0,13751.0,32147.0,46365.0,26981.0,13256.0,21145.0,65834.0,17349.0,113312.0,48326.0,27069.0,30639.0,,,10761,22398.0,78979.0,10005.0,38372.0,80691.0,14097.0,18467.0,98264.0,,6464,63867.0,20738.0,21181.0,5412.0,13453.0,17878.0,9755.0,5542.0,43757.0,47527.0,5756.0,40271.0,103749.0,,,,,,,19575.0,9203.0,24511.0,29289.0,9707.0,13037.0,17389.0,15331.0,37230.0,108781.0,59648,99016.0,82914.0
2023-10-13,20100,35616.0,48081.0,9348.0,12355.0,23983.0,43517.0,23000.0,9372.0,18498.0,38649.0,17173.0,84046.0,11862.0,29444.0,2746.0,24031.0,28465.0,8225,10607.0,18282.0,55123.0,8326.0,30272.0,69332.0,13532.0,13784.0,90082.0,6791,55439.0,19600.0,21830.0,4966.0,13043.0,19664.0,9578.0,5582.0,44571.0,18127.0,41244.0,15437.0,5948.0,45030.0,43483.0,20231.0,13212.0,90589.0,26690.0,13316.0,5766.0,23510.0,25258.0,5971.0,11350.0,13005.0,11959.0,34267.0,87588.0,43634,86315.0,78647.0
2023-10-14,18502,29930.0,45371.0,6915.0,11049.0,21127.0,38555.0,14783.0,12743.0,14181.0,30938.0,18055.0,75748.0,4.0,14141.0,2523.0,23267.0,,4224,4550.0,10471.0,36321.0,5409.0,27374.0,77392.0,10309.0,11254.0,110656.0,59030,15591.0,28683.0,6275.0,14791.0,22816.0,13011.0,5585.0,33905.0,,24626.0,40350.0,9856.0,68465.0,59434.0,82084.0,36775.0,,,,1.0,34665.0,22805.0,1.0,9156.0,11156.0,37068.0,92081.0,,,36721,97347.0,82994.0
2023-10-15,11926,21685.0,29293.0,5485.0,6388.0,13612.0,31221.0,9928.0,9267.0,10611.0,18972.0,12352.0,49740.0,8943.0,1975.0,16478.0,,,3335,2599.0,7978.0,21898.0,3089.0,14571.0,48385.0,8216.0,7795.0,59878.0,35511,10806.0,16517.0,5023.0,10744.0,12747.0,11210.0,4148.0,24274.0,,15021.0,25346.0,1.0,4983.0,36568.0,31060.0,1.0,58634.0,20589.0,,16449.0,10757.0,2.0,6770.0,7680.0,26789.0,57549.0,,,,27372,60199.0,58927.0
2023-10-16,16813,32515.0,43276.0,8713.0,10960.0,22708.0,39661.0,22615.0,10418.0,16824.0,47384.0,14475.0,80377.0,12457.0,29801.0,2986.0,22983.0,28491.0,8459,9119.0,18644.0,61159.0,8058.0,31032.0,64527.0,12570.0,13981.0,77306.0,5423,53416.0,17775.0,19782.0,4661.0,12477.0,15537.0,8819.0,3197.0,40135.0,14777.0,36845.0,13884.0,5250.0,32326.0,35047.0,17717.0,13946.0,82113.0,28643.0,15152.0,6566.0,19255.0,21970.0,6980.0,10294.0,13469.0,11275.0,30444.0,78027.0,47100,72975.0,76002.0
2023-10-17,19617,39549.0,49461.0,11294.0,13862.0,28316.0,46438.0,26702.0,13433.0,19003.0,61242.0,16177.0,100003.0,16864.0,46364.0,3500.0,26185.0,29882.0,10113,15539.0,23368.0,74430.0,9646.0,35791.0,75500.0,13193.0,16083.0,89838.0,5854,60626.0,18747.0,19453.0,5037.0,13250.0,16864.0,9135.0,3611.0,39938.0,15402.0,43615.0,15563.0,6063.0,35616.0,38443.0,20761.0,17102.0,95642.0,31442.0,18661.0,8638.0,23497.0,25654.0,8728.0,11957.0,15364.0,13554.0,35768.0,99358.0,57870,92139.0,81212.0
2023-10-18,20183,34795.0,51297.0,10581.0,13817.0,29687.0,46102.0,26620.0,12660.0,19525.0,62741.0,16615.0,100779.0,16072.0,45724.0,3279.0,25117.0,28669.0,10133,15723.0,20959.0,72770.0,10918.0,38215.0,75879.0,14313.0,17787.0,91894.0,6175,59598.0,19279.0,21531.0,4625.0,13825.0,16523.0,9421.0,3814.0,45089.0,17854.0,44223.0,16725.0,5685.0,38393.0,41945.0,20648.0,18259.0,95602.0,34919.0,19272.0,8615.0,25813.0,26327.0,8855.0,11792.0,16700.0,13822.0,36508.0,100823.0,58005,90285.0,79048.0
2023-10-19,22680,37109.0,49371.0,10893.0,14223.0,30662.0,53077.0,26634.0,12559.0,19747.0,66876.0,17280.0,106542.0,16846.0,45660.0,3535.0,25604.0,29561.0,10075,15698.0,22506.0,76608.0,9917.0,38122.0,78619.0,13749.0,17078.0,97357.0,6048,58847.0,19133.0,20109.0,5735.0,13845.0,16895.0,9544.0,3563.0,45510.0,16990.0,43990.0,15886.0,6012.0,40329.0,41551.0,21080.0,16793.0,99004.0,27647.0,20557.0,8957.0,24423.0,26176.0,8610.0,12206.0,16400.0,13979.0,36918.0,95121.0,54456,95470.0,81063.0
2023-10-20,19236,32074.0,46142.0,8218.0,10750.0,23447.0,42062.0,21894.0,8769.0,17464.0,36858.0,17509.0,83087.0,11349.0,27555.0,2670.0,23358.0,28327.0,7356,10058.0,17698.0,52673.0,6927.0,29221.0,69033.0,12429.0,11780.0,89873.0,5786,53206.0,18282.0,20584.0,4820.0,13044.0,16645.0,9509.0,3142.0,44646.0,16380.0,38091.0,15067.0,5484.0,43619.0,39930.0,19500.0,12189.0,87239.0,23627.0,13856.0,5442.0,21143.0,23419.0,5200.0,10638.0,11992.0,10267.0,34331.0,77339.0,39541,82327.0,77922.0
2023-10-21,19043,26502.0,47174.0,4712.0,11222.0,20178.0,43222.0,13043.0,5847.0,16890.0,17503.0,18394.0,67614.0,10123.0,12894.0,2575.0,24102.0,22367.0,4749,2801.0,10394.0,28428.0,4948.0,25961.0,78195.0,10043.0,8287.0,104917.0,6140,55714.0,15805.0,24171.0,2283.0,11642.0,19471.0,9965.0,2052.0,39397.0,20876.0,45398.0,15633.0,8472.0,63102.0,27145.0,18883.0,11700.0,93950.0,33143.0,9015.0,3705.0,37884.0,35355.0,3442.0,8845.0,10037.0,7096.0,31057.0,83659.0,32397,95603.0,77865.0
2023-10-22,11514,21073.0,36509.0,3542.0,6730.0,13451.0,36728.0,8696.0,4675.0,13361.0,11360.0,12732.0,47656.0,8274.0,8686.0,1621.0,22300.0,16736.0,3578,8711.0,18144.0,2749.0,14422.0,44204.0,7709.0,6348.0,60017.0,,5440,35104.0,12145.0,16376.0,2846.0,10586.0,13415.0,8702.0,1934.0,30664.0,15077.0,23226.0,12641.0,5173.0,38759.0,32411.0,12751.0,7312.0,62555.0,24125.0,6828.0,1249.0,17072.0,19631.0,2922.0,6052.0,6885.0,4103.0,19293.0,48531.0,30388,66813.0,59471.0
2023-10-23,14572,31946.0,42233.0,7925.0,10821.0,21023.0,38535.0,21603.0,9761.0,16153.0,42967.0,14458.0,81602.0,12995.0,32121.0,3125.0,24795.0,27631.0,7679,17622.0,58562.0,7767.0,34880.0,66980.0,12049.0,13865.0,82085.0,,5784,53694.0,17505.0,21532.0,3625.0,12472.0,15214.0,8620.0,3007.0,40433.0,16042.0,36409.0,13654.0,5459.0,38781.0,38777.0,17486.0,13370.0,84967.0,28397.0,16166.0,6256.0,21067.0,22702.0,6314.0,9675.0,12583.0,11313.0,31358.0,79236.0,45406,72791.0,77535.0
2023-10-24,17889,36567.0,46990.0,9879.0,12506.0,27557.0,43720.0,25262.0,11995.0,18855.0,56377.0,16225.0,96464.0,17768.0,43937.0,3365.0,28163.0,29745.0,9992,14188.0,20314.0,70010.0,9163.0,34583.0,78459.0,13232.0,15782.0,95636.0,5753,59935.0,18356.0,21969.0,2792.0,14036.0,16297.0,9285.0,3583.0,45904.0,18005.0,42149.0,15577.0,6101.0,42299.0,43467.0,19390.0,16431.0,97814.0,32641.0,20371.0,8867.0,23945.0,28180.0,8810.0,11411.0,16461.0,13568.0,34228.0,95344.0,52155,90942.0,83535.0
2023-10-25,17693,35371.0,48482.0,9427.0,12791.0,27268.0,44487.0,24727.0,11769.0,18833.0,58434.0,16602.0,97550.0,16985.0,42008.0,3397.0,27134.0,29301.0,9060,15077.0,20333.0,69814.0,8930.0,34593.0,81717.0,12910.0,15824.0,97951.0,6122,61202.0,19110.0,22239.0,4438.0,14155.0,17084.0,9591.0,3552.0,45533.0,18850.0,43627.0,16293.0,6182.0,45792.0,45459.0,20695.0,17173.0,102142.0,33243.0,19652.0,8314.0,24958.0,28816.0,8377.0,10890.0,15805.0,12849.0,33399.0,98685.0,54481,95209.0,82187.0
2023-10-26,19700,37772.0,48188.0,10091.0,13372.0,28898.0,46945.0,25535.0,12106.0,20003.0,62013.0,17279.0,105928.0,17401.0,43140.0,3621.0,29004.0,29659.0,8972,15554.0,21175.0,76895.0,8948.0,36977.0,84665.0,13095.0,16719.0,104428.0,6140,63180.0,19996.0,23515.0,5087.0,13954.0,17721.0,9949.0,3603.0,45876.0,19294.0,42978.0,16483.0,6703.0,46722.0,45292.0,20532.0,15880.0,103064.0,30189.0,19775.0,8342.0,26297.0,29308.0,8236.0,11660.0,15260.0,13285.0,37276.0,104536.0,53778,96412.0,84306.0
2023-10-27,18580,34343.0,50743.0,7432.0,12472.0,23761.0,45918.0,21112.0,8812.0,17701.0,39374.0,17746.0,83256.0,12329.0,28169.0,3170.0,27665.0,29107.0,7372,10668.0,17280.0,56677.0,7815.0,30052.0,78192.0,12757.0,12952.0,101545.0,6142,57733.0,20425.0,22965.0,5110.0,14327.0,18179.0,10025.0,3078.0,46474.0,19945.0,40164.0,16002.0,7197.0,53119.0,48686.0,19239.0,12408.0,93483.0,27773.0,16379.0,5113.0,23969.0,26211.0,5275.0,10538.0,13354.0,10190.0,35124.0,92746.0,43208,93331.0,85381.0
2023-10-28,18030,28984.0,47737.0,5052.0,10285.0,20810.0,45615.0,14821.0,5945.0,15857.0,18447.0,17638.0,68319.0,9638.0,13198.0,2574.0,26534.0,22792.0,4492,4929.0,11819.0,35692.0,3080.0,24740.0,73691.0,10197.0,8884.0,110486.0,5949,53306.0,15884.0,24687.0,5317.0,13960.0,21222.0,10318.0,2102.0,36478.0,24053.0,34548.0,15009.0,5818.0,58265.0,56826.0,16831.0,11742.0,93774.0,37533.0,12389.0,3075.0,30595.0,31098.0,3233.0,9278.0,11147.0,7715.0,34192.0,94739.0,35494,92197.0,83820.0
2023-10-29,11368,19227.0,37716.0,3380.0,7507.0,12248.0,36370.0,8209.0,4427.0,12461.0,10239.0,11460.0,42844.0,6925.0,7859.0,1947.0,18556.0,15308.0,3678,2549.0,9257.0,23302.0,2862.0,13374.0,40859.0,8204.0,5832.0,58685.0,4940,31539.0,11860.0,17394.0,3954.0,9308.0,11752.0,7633.0,1431.0,30802.0,14886.0,21093.0,10443.0,4285.0,36748.0,32375.0,11202.0,7050.0,61236.0,20168.0,7952.0,1480.0,18372.0,16512.0,2357.0,5705.0,6882.0,3616.0,20148.0,52635.0,21888,49320.0,72952.0
2023-10-30,16914,33615.0,43022.0,8131.0,11107.0,22244.0,39068.0,21821.0,9592.0,15913.0,45832.0,14600.0,78769.0,13069.0,34724.0,2989.0,25280.0,28584.0,8164,12000.0,18297.0,58588.0,7775.0,26588.0,67350.0,12176.0,13537.0,76348.0,5703,52223.0,17936.0,21078.0,3935.0,12411.0,17198.0,8111.0,3199.0,40359.0,13833.0,37979.0,14327.0,5926.0,35178.0,39197.0,19770.0,15045.0,83084.0,27618.0,16697.0,6598.0,19997.0,22990.0,6708.0,10284.0,12849.0,8746.0,30786.0,79386.0,45654,70177.0,75517.0
2023-10-31,20604,37369.0,45509.0,10299.0,12785.0,28560.0,43032.0,26546.0,12397.0,19140.0,61528.0,16216.0,96186.0,16989.0,45322.0,3584.0,27535.0,30804.0,9906,16055.0,21047.0,73094.0,9066.0,33358.0,76087.0,13109.0,16802.0,90465.0,5806,58317.0,19340.0,21358.0,4655.0,13237.0,18210.0,8656.0,3800.0,43042.0,16007.0,42156.0,15832.0,6060.0,38877.0,43462.0,22076.0,17702.0,93658.0,30840.0,20032.0,8481.0,23401.0,25733.0,8839.0,12176.0,16304.0,10985.0,35377.0,94135.0,54641,88893.0,81312.0
2023-11-01,20285,37149.0,51653.0,10036.0,14288.0,28187.0,47441.0,25756.0,12180.0,19319.0,63324.0,16972.0,102501.0,17977.0,45775.0,3402.0,27839.0,30446.0,10343,16183.0,21240.0,74127.0,9189.0,34520.0,78828.0,13271.0,17181.0,94387.0,6637,61335.0,20337.0,22303.0,4878.0,14130.0,18534.0,8883.0,3701.0,44337.0,18086.0,46762.0,16105.0,6431.0,42884.0,46870.0,22472.0,19329.0,103706.0,31393.0,20871.0,8753.0,24825.0,28203.0,8764.0,12094.0,16691.0,11080.0,36969.0,104404.0,56273,93049.0,97255.0
2023-11-02,21426,39049.0,50513.0,9757.0,14581.0,30448.0,44147.0,27025.0,11487.0,19894.0,62151.0,17232.0,103112.0,17536.0,44272.0,3222.0,27830.0,29783.0,9416,17028.0,20194.0,73909.0,9513.0,35755.0,83883.0,14426.0,18106.0,98086.0,6092,62082.0,20943.0,23710.0,5030.0,14336.0,18389.0,9281.0,3945.0,46803.0,19477.0,43920.0,15638.0,7091.0,43983.0,48776.0,21285.0,17542.0,95508.0,28751.0,20643.0,8267.0,25625.0,25749.0,8585.0,12445.0,16291.0,11003.0,35125.0,97199.0,52506,91877.0,79071.0
2023-11-03,19696,36259.0,47839.0,8006.0,12331.0,24929.0,49535.0,21894.0,9406.0,17797.0,40594.0,17308.0,83688.0,12829.0,29084.0,3166.0,28172.0,29411.0,7999,13723.0,17353.0,55565.0,7739.0,23267.0,80992.0,14373.0,13854.0,95157.0,6655,59906.0,20605.0,24881.0,5756.0,15056.0,19671.0,9384.0,3469.0,46804.0,19918.0,42592.0,15811.0,6843.0,50499.0,46272.0,21800.0,14949.0,92971.0,29854.0,15844.0,5657.0,24199.0,25501.0,5469.0,11359.0,13270.0,8983.0,34569.0,88329.0,46285,89313.0,82038.0
2023-11-04,17215,25832.0,39723.0,4514.0,11210.0,20372.0,38537.0,12696.0,6053.0,16335.0,16114.0,16910.0,61952.0,9428.0,13316.0,1908.0,23371.0,21943.0,4127,8455.0,9495.0,32026.0,5281.0,5114.0,76844.0,11860.0,7865.0,104997.0,6943,54189.0,16496.0,24661.0,4931.0,12735.0,20066.0,7052.0,2123.0,40055.0,16920.0,33140.0,13854.0,5238.0,66298.0,53733.0,23234.0,8593.0,80577.0,24932.0,11988.0,3086.0,26778.0,30634.0,3063.0,9519.0,9728.0,7361.0,29362.0,79705.0,31867,79529.0,79088.0
2023-11-05,11570,18755.0,32309.0,3416.0,6601.0,13199.0,33055.0,8516.0,4396.0,11993.0,10528.0,11711.0,42528.0,6947.0,9005.0,1755.0,17759.0,15570.0,3474,2579.0,7647.0,21469.0,2752.0,11934.0,44590.0,7289.0,5401.0,55769.0,4921,34573.0,11444.0,15649.0,3976.0,9313.0,12156.0,5889.0,1752.0,26827.0,13646.0,20956.0,9789.0,4588.0,34726.0,27396.0,16693.0,6018.0,60082.0,18619.0,8196.0,1653.0,12928.0,15734.0,2212.0,6516.0,6150.0,3580.0,20668.0,45423.0,23749,49210.0,57325.0
2023-11-06,15764,31516.0,40971.0,8560.0,11294.0,21267.0,38492.0,20755.0,9878.0,14792.0,45675.0,13941.0,81603.0,12128.0,36770.0,3993.0,20544.0,28882.0,8473,12491.0,14831.0,60440.0,6794.0,28972.0,64279.0,9972.0,13710.0,74469.0,4999,53455.0,17168.0,18386.0,3918.0,12228.0,15041.0,7562.0,3215.0,36197.0,12570.0,36600.0,13475.0,5001.0,30677.0,30250.0,19202.0,14042.0,82422.0,22718.0,15444.0,6487.0,18223.0,20415.0,6643.0,10603.0,12863.0,11379.0,32252.0,77860.0,46738,70601.0,75626.0
2023-11-07,18259,36484.0,43192.0,11092.0,13353.0,27861.0,44090.0,25474.0,12624.0,18616.0,53616.0,15620.0,101635.0,16215.0,48740.0,68.0,24534.0,32011.0,10206,16064.0,18742.0,75483.0,8292.0,34800.0,75852.0,10863.0,16692.0,90362.0,5182,62936.0,18268.0,18764.0,4432.0,13124.0,16498.0,8058.0,3834.0,40006.0,15065.0,41111.0,15803.0,5987.0,35860.0,37086.0,21701.0,19725.0,95231.0,27738.0,19329.0,10137.0,22218.0,25723.0,9026.0,13345.0,15995.0,13522.0,35842.0,96229.0,70027,92174.0,84417.0
2023-11-08,21902,34156.0,48997.0,10158.0,13814.0,28091.0,44894.0,25007.0,13243.0,16176.0,41.0,31013.0,,,,,,,76234,12131.0,91394.0,,,,,,,,5535,60976.0,18883.0,20148.0,4274.0,13744.0,16637.0,8562.0,3598.0,41859.0,16366.0,5720.0,38480.0,37646.0,,,,,,,19419.0,9352.0,23205.0,25483.0,8569.0,12795.0,15928.0,13376.0,37048.0,102327.0,68083,94867.0,81965.0
2023-11-09,22778,38501.0,48285.0,11222.0,14411.0,31709.0,47456.0,25075.0,19649.0,64705.0,17413.0,111166.0,17169.0,49119.0,2984.0,24243.0,,,10332,17976.0,18473.0,79633.0,9213.0,37295.0,84435.0,18321.0,98509.0,,5742,65983.0,19568.0,20726.0,4379.0,14889.0,17689.0,8759.0,4141.0,40787.0,45708.0,15708.0,6054.0,22559.0,18398.0,103388.0,28349.0,,,,20241.0,8941.0,8855.0,16922.0,14197.0,37802.0,107401.0,,,,58853,98151.0,98233.0
2023-11-10,21241,32983.0,46275.0,8034.0,12091.0,23773.0,43103.0,20526.0,9153.0,16923.0,39459.0,84534.0,11836.0,30065.0,22291.0,28849.0,,,7782,11587.0,14688.0,54616.0,7092.0,29488.0,11534.0,13560.0,,,5851,58284.0,19026.0,41231.0,,,,,,,18480.0,41125.0,15114.0,48864.0,44015.0,21723.0,13508.0,92238.0,24364.0,,22786.0,24972.0,11964.0,87444.0,,,,,,,43502,84336.0,83144.0
2023-11-11,23930,25344.0,48808.0,2873.0,16083.0,25271.0,32593.0,15259.0,3333.0,8296.0,32459.0,21367.0,78785.0,6978.0,17085.0,3128.0,12418.0,22996.0,2605,6657.0,5153.0,32303.0,3328.0,24789.0,75692.0,9235.0,14285.0,108896.0,2725,33103.0,7744.0,15644.0,22163.0,11576.0,3418.0,,,,23973.0,44211.0,8669.0,9736.0,65347.0,54968.0,18902.0,8668.0,116684.0,5632.0,6107.0,1714.0,28588.0,32251.0,2027.0,21155.0,4949.0,4686.0,24642.0,,19147,87730.0,93949.0
2023-11-12,10704,17807.0,35163.0,2849.0,7273.0,11722.0,33293.0,8464.0,3907.0,11377.0,9894.0,11999.0,44728.0,6600.0,8859.0,1809.0,16628.0,14745.0,3522,2869.0,7558.0,20779.0,2607.0,13771.0,46764.0,7557.0,6325.0,54883.0,31879,12018.0,16248.0,4082.0,9200.0,12125.0,6932.0,1210.0,28782.0,,15995.0,20749.0,9555.0,4079.0,36961.0,29723.0,12131.0,7935.0,65867.0,18752.0,8273.0,1635.0,15940.0,18797.0,2166.0,7161.0,6084.0,3718.0,21466.0,42628.0,22725,44714.0,73417.0
2023-11-13,15818,31394.0,40987.0,8573.0,11280.0,21685.0,36513.0,22302.0,9509.0,14937.0,44924.0,14602.0,76921.0,12544.0,36426.0,2480.0,20109.0,27475.0,8440,12242.0,17247.0,58561.0,7783.0,28452.0,66340.0,11393.0,13352.0,74836.0,5225,52386.0,17343.0,18895.0,4209.0,12316.0,16726.0,7727.0,3063.0,37421.0,13977.0,37553.0,13646.0,5319.0,32040.0,31468.0,19504.0,14689.0,84784.0,25535.0,15507.0,6524.0,18589.0,20241.0,6429.0,10982.0,12626.0,10826.0,29462.0,78166.0,45816,70161.0,74638.0
2023-11-14,19840,36693.0,48557.0,10738.0,13218.0,27295.0,44426.0,26400.0,12256.0,18066.0,62172.0,15883.0,100787.0,16109.0,47275.0,3044.0,22103.0,29856.0,9895,16292.0,21015.0,74944.0,9614.0,35917.0,75863.0,12945.0,17265.0,89017.0,5273,60384.0,18088.0,19689.0,4364.0,13683.0,15843.0,8557.0,3486.0,40173.0,15322.0,45085.0,14404.0,5732.0,36697.0,36312.0,21990.0,18202.0,96576.0,30419.0,19048.0,8559.0,24994.0,25731.0,8310.0,12743.0,15553.0,13975.0,35479.0,97841.0,55949,86663.0,79268.0
2023-11-15,19736,35717.0,50123.0,10551.0,14063.0,27642.0,45201.0,27913.0,12511.0,17860.0,61925.0,16921.0,101015.0,15822.0,45636.0,3122.0,23543.0,30139.0,9728,16098.0,20488.0,74947.0,5982.0,36260.0,80793.0,12838.0,17408.0,97030.0,5458,63793.0,18766.0,20553.0,4763.0,14751.0,18851.0,8550.0,3901.0,38921.0,16626.0,46875.0,16637.0,6784.0,42047.0,40469.0,24216.0,19760.0,100510.0,37175.0,19454.0,8486.0,26889.0,28959.0,8549.0,12923.0,14953.0,13583.0,36838.0,104191.0,57257,90128.0,82553.0
2023-11-16,22262,37358.0,50861.0,10969.0,14767.0,30775.0,46155.0,27337.0,13062.0,19375.0,67329.0,17210.0,110249.0,17926.0,47780.0,3101.0,23317.0,30177.0,10142,16844.0,21241.0,80214.0,9829.0,38983.0,85818.0,13648.0,18020.0,99876.0,5832,65669.0,19803.0,22758.0,5052.0,15745.0,18968.0,9034.0,3859.0,43892.0,18684.0,48709.0,16688.0,7221.0,42925.0,42582.0,23679.0,18818.0,105747.0,28825.0,20657.0,9072.0,28227.0,29440.0,8785.0,13660.0,16528.0,14962.0,38190.0,107177.0,56228,93658.0,81762.0
2023-11-17,19770,36449.0,49550.0,8625.0,13828.0,24903.0,47199.0,22361.0,10493.0,17652.0,40033.0,17923.0,91043.0,12225.0,30078.0,2938.0,24210.0,29801.0,7967,11285.0,18800.0,59325.0,7944.0,30974.0,82542.0,13535.0,13400.0,100490.0,6063,64308.0,20290.0,27363.0,5254.0,22694.0,18876.0,9787.0,3416.0,44347.0,21078.0,46088.0,15843.0,15217.0,53538.0,47663.0,23643.0,14829.0,99398.0,28416.0,14998.0,5569.0,26727.0,27661.0,5507.0,12354.0,12699.0,11098.0,36558.0,94767.0,45327,90043.0,83983.0
2023-11-18,16346,27981.0,43957.0,4910.0,12158.0,20354.0,43290.0,12803.0,6796.0,16396.0,16613.0,16933.0,68469.0,10502.0,13945.0,25810.0,22881.0,,4728,4894.0,10150.0,36634.0,5258.0,25414.0,87207.0,10662.0,9350.0,114210.0,6344,70183.0,16271.0,34455.0,4955.0,23853.0,20329.0,9510.0,2301.0,41743.0,23227.0,42506.0,13889.0,17956.0,71569.0,58189.0,24807.0,8809.0,70547.0,26702.0,17024.0,3551.0,30141.0,31404.0,3378.0,9642.0,9715.0,6924.0,34749.0,90475.0,40975,107407.0,82854.0
2023-11-19,10528,18999.0,37162.0,3403.0,7823.0,13207.0,36585.0,8564.0,5042.0,12954.0,10055.0,12174.0,44655.0,7578.0,8943.0,19581.0,16318.0,,3712,2639.0,8925.0,22877.0,2966.0,14392.0,53528.0,8145.0,6257.0,62869.0,5463,43595.0,12672.0,22781.0,3934.0,16697.0,12739.0,6842.0,1551.0,29801.0,18742.0,27495.0,10144.0,12087.0,42855.0,34707.0,13568.0,7282.0,52650.0,22684.0,11499.0,2057.0,18955.0,20971.0,2424.0,7298.0,6754.0,4193.0,23424.0,51892.0,29374,71057.0,56515.0
2023-11-20,15858,32108.0,40694.0,8696.0,11376.0,21899.0,38549.0,22518.0,9794.0,16314.0,45433.0,14451.0,79215.0,12895.0,35188.0,2717.0,21064.0,28170.0,8048,12327.0,19432.0,59901.0,7247.0,29340.0,70234.0,12046.0,14072.0,79320.0,5456,57147.0,18463.0,23041.0,4216.0,17785.0,16215.0,8125.0,3259.0,37578.0,15386.0,40262.0,13888.0,10389.0,37285.0,33921.0,20124.0,15235.0,83743.0,26702.0,15700.0,6597.0,20697.0,22617.0,6763.0,11018.0,12824.0,11227.0,31865.0,80143.0,47562,71752.0,76389.0
2023-11-21,22925,36566.0,46578.0,10983.0,13571.0,27898.0,43801.0,26954.0,12771.0,18704.0,62821.0,15971.0,99901.0,17168.0,46559.0,3052.0,23942.0,30518.0,10328,16630.0,21029.0,76537.0,9489.0,36261.0,72252.0,13001.0,17513.0,92908.0,5749,67742.0,19180.0,24156.0,4996.0,18650.0,17649.0,7689.0,3746.0,41568.0,16168.0,48363.0,15505.0,10731.0,37664.0,40390.0,22884.0,18998.0,95798.0,30408.0,19622.0,8600.0,23690.0,26268.0,8504.0,12953.0,15943.0,13635.0,37055.0,100418.0,56466,89784.0,81535.0
2023-11-22,20393,35726.0,48652.0,10310.0,14487.0,28819.0,45726.0,25685.0,12946.0,18386.0,63515.0,16049.0,104337.0,16753.0,45379.0,3066.0,24040.0,30902.0,9639,16216.0,20089.0,76913.0,8965.0,36094.0,83914.0,13524.0,17137.0,98858.0,5863,68755.0,19663.0,24869.0,5008.0,19776.0,18382.0,8696.0,3855.0,42814.0,17568.0,48827.0,16164.0,11486.0,41880.0,41948.0,24229.0,19067.0,100066.0,30588.0,19775.0,8941.0,24887.0,28450.0,8436.0,12734.0,15676.0,13444.0,36992.0,102247.0,56664,89646.0,81988.0
2023-11-23,20547,38827.0,51104.0,11058.0,14948.0,31403.0,49864.0,26901.0,12794.0,19898.0,66576.0,17461.0,113393.0,17719.0,47255.0,3228.0,25615.0,30733.0,10498,17504.0,20663.0,81960.0,9550.0,38300.0,90532.0,14121.0,19125.0,105922.0,5953,71542.0,20458.0,26833.0,5743.0,20850.0,18984.0,9147.0,3920.0,43283.0,19835.0,51448.0,16871.0,12630.0,46961.0,44320.0,24559.0,18317.0,104671.0,29988.0,20613.0,9162.0,26622.0,30557.0,8809.0,13419.0,16469.0,14777.0,38262.0,109956.0,58161,98359.0,85299.0
2023-11-24,19756,36144.0,52646.0,8463.0,14223.0,25600.0,47051.0,22866.0,9954.0,19156.0,39456.0,17748.0,92137.0,13408.0,30440.0,2534.0,25544.0,30046.0,7993,10791.0,18138.0,59766.0,7671.0,33520.0,101076.0,14584.0,14596.0,111580.0,6980,80988.0,21430.0,36799.0,5963.0,25145.0,20047.0,9426.0,3643.0,50240.0,22189.0,53268.0,17550.0,15284.0,62511.0,54978.0,24627.0,15499.0,104383.0,27558.0,16583.0,6030.0,28345.0,29797.0,5972.0,12334.0,13314.0,11656.0,37928.0,101874.0,45967,93225.0,95959.0
2023-11-25,19398,33905.0,49906.0,6265.0,14279.0,24146.0,73676.0,15973.0,7664.0,18664.0,21181.0,18393.0,83537.0,12409.0,14965.0,3973.0,30890.0,16051.0,6578,7461.0,12585.0,25633.0,6838.0,35119.0,116723.0,11607.0,11726.0,88238.0,6879,73501.0,17392.0,40920.0,8444.0,24098.0,24085.0,10168.0,3391.0,41591.0,21270.0,60020.0,15726.0,17764.0,73071.0,49363.0,23990.0,13050.0,111054.0,33131.0,14193.0,4669.0,31473.0,41518.0,4179.0,11672.0,11343.0,12350.0,35447.0,107684.0,46522,111172.0,88229.0
2023-11-26,11964,21418.0,40177.0,3706.0,11541.0,15755.0,18658.0,9652.0,5179.0,14736.0,12528.0,12942.0,49910.0,7890.0,10058.0,2634.0,20450.0,10623.0,4539,4162.0,8454.0,12916.0,3497.0,19381.0,68281.0,9837.0,8116.0,45249.0,5586,36454.0,13277.0,27478.0,2967.0,22076.0,14010.0,8388.0,1613.0,29775.0,19641.0,30884.0,10307.0,17108.0,51833.0,39432.0,14436.0,10011.0,73568.0,25854.0,9879.0,2393.0,27106.0,25938.0,2858.0,7388.0,3790.0,6428.0,26218.0,64109.0,27811,66218.0,58482.0
2023-11-27,16032,32037.0,42350.0,8973.0,12044.0,22179.0,41004.0,22851.0,10385.0,16335.0,45530.0,14553.0,83111.0,12884.0,36380.0,2599.0,21460.0,27487.0,8428,13153.0,17704.0,59684.0,8283.0,29564.0,73436.0,12453.0,14109.0,78838.0,5751,58758.0,18528.0,25799.0,4147.0,17533.0,16196.0,8204.0,3283.0,38308.0,17087.0,40749.0,14223.0,9946.0,36100.0,36176.0,20293.0,15404.0,86391.0,26134.0,16352.0,6734.0,21347.0,22132.0,6831.0,11574.0,13246.0,11755.0,32685.0,82791.0,46861,72524.0,78227.0
2023-11-28,19587,36330.0,49446.0,10703.0,13755.0,28725.0,44516.0,26652.0,13046.0,18779.0,63623.0,15928.0,101593.0,17016.0,47926.0,3175.0,24018.0,29974.0,9676,16931.0,20891.0,77442.0,9651.0,36187.0,82559.0,12978.0,17521.0,93633.0,5911,66624.0,19272.0,24070.0,4134.0,19637.0,17576.0,8625.0,3866.0,38440.0,17840.0,48549.0,15465.0,11237.0,39824.0,40725.0,23426.0,18178.0,97102.0,31572.0,19738.0,8770.0,27060.0,28147.0,8596.0,13246.0,16267.0,14498.0,37343.0,106860.0,57519,92287.0,83896.0
2023-11-29,20923,35555.0,50914.0,10657.0,14928.0,29709.0,45364.0,26057.0,12724.0,18672.0,63686.0,16865.0,105230.0,17027.0,47651.0,3001.0,23712.0,30146.0,9955,16571.0,20387.0,79278.0,9591.0,36188.0,83327.0,13113.0,17452.0,97666.0,5923,68206.0,19699.0,24252.0,4142.0,20385.0,17881.0,9083.0,3894.0,38992.0,19080.0,51033.0,15789.0,11506.0,43634.0,43111.0,23716.0,18277.0,102848.0,29787.0,19921.0,8921.0,25723.0,28301.0,8645.0,12978.0,15845.0,13205.0,39123.0,106776.0,57648,92349.0,82923.0
2023-11-30,22203,38835.0,53950.0,11406.0,15803.0,32942.0,54108.0,27435.0,13705.0,20313.0,68120.0,17756.0,116665.0,18843.0,49734.0,3476.0,25086.0,30168.0,11001,18277.0,21403.0,81262.0,10127.0,39196.0,86446.0,14096.0,18759.0,108387.0,6146,72566.0,20560.0,26660.0,5714.0,21461.0,19023.0,9592.0,3957.0,40074.0,20274.0,53612.0,16613.0,13084.0,48639.0,47523.0,24100.0,18762.0,111060.0,28617.0,20959.0,9289.0,28845.0,30960.0,9056.0,14016.0,16755.0,14984.0,39246.0,115521.0,60075,98534.0,87575.0
2023-12-01,19934,35877.0,52398.0,8538.0,12646.0,25789.0,48670.0,22829.0,10072.0,18712.0,42785.0,18386.0,95186.0,13638.0,31517.0,2852.0,25158.0,29178.0,8239,12430.0,18092.0,58928.0,8300.0,35017.0,92745.0,14411.0,14378.0,109007.0,7382,75088.0,21264.0,34356.0,6522.0,26238.0,20146.0,8045.0,3731.0,44827.0,19908.0,55860.0,16539.0,18798.0,63422.0,53647.0,23663.0,14725.0,106322.0,28654.0,15488.0,6325.0,30148.0,30554.0,6131.0,13560.0,13624.0,12012.0,37257.0,102113.0,46344,96640.0,87762.0
2023-12-02,18450,29964.0,48685.0,5071.0,10408.0,20872.0,47275.0,15111.0,6686.0,16730.0,19062.0,17149.0,81295.0,11225.0,13936.0,1318.0,26836.0,21763.0,4802,5785.0,11301.0,29729.0,7704.0,34438.0,93872.0,9978.0,11139.0,126215.0,6664,77685.0,16911.0,40416.0,5424.0,30379.0,23323.0,9516.0,2842.0,38806.0,9314.0,55290.0,15245.0,22464.0,81576.0,45590.0,21453.0,9916.0,94187.0,30172.0,8423.0,3954.0,43636.0,36623.0,3794.0,8404.0,11520.0,7321.0,28468.0,105340.0,39950,107354.0,89678.0
2023-12-03,11337,18527.0,10037.0,3289.0,2084.0,13624.0,29586.0,8856.0,4621.0,13189.0,12557.0,12014.0,46557.0,8074.0,8400.0,973.0,19397.0,15141.0,3376,2983.0,5078.0,16497.0,3393.0,19549.0,56623.0,9603.0,7493.0,68471.0,5676,47945.0,13961.0,29454.0,4174.0,23460.0,14158.0,7681.0,1466.0,32585.0,8662.0,33112.0,11288.0,20314.0,54197.0,40451.0,14296.0,7130.0,79862.0,21298.0,6347.0,7785.0,17549.0,24043.0,2871.0,7009.0,7580.0,5181.0,20951.0,56881.0,28908,65372.0,79329.0
2023-12-04,18121,32821.0,46411.0,8789.0,11773.0,23191.0,42541.0,22956.0,10653.0,17076.0,48326.0,14972.0,85313.0,13810.0,38525.0,2607.0,23138.0,27884.0,9247,13728.0,18244.0,62190.0,8433.0,34799.0,77310.0,434.0,15220.0,85308.0,6349,64388.0,19264.0,29520.0,4539.0,21264.0,17120.0,8382.0,3437.0,40527.0,17289.0,46532.0,15695.0,13603.0,39438.0,42541.0,21788.0,16402.0,95545.0,28628.0,17161.0,7628.0,23610.0,24062.0,7315.0,11865.0,10221.0,12186.0,32836.0,87608.0,46995,78711.0,78871.0
2023-12-05,22417,37022.0,48799.0,10313.0,13255.0,30294.0,46316.0,26842.0,11746.0,19921.0,64695.0,16015.0,93664.0,18840.0,48624.0,3183.0,21866.0,30242.0,9920,16760.0,20734.0,77206.0,10196.0,41374.0,87036.0,429.0,17846.0,97196.0,6463,70201.0,20337.0,28104.0,4875.0,21081.0,18472.0,9230.0,3985.0,41837.0,18334.0,52173.0,16858.0,13744.0,45500.0,45635.0,23696.0,18667.0,104979.0,30999.0,20419.0,9775.0,27568.0,29061.0,9443.0,13458.0,16493.0,14717.0,37116.0,106703.0,56679,93319.0,79346.0
2023-12-06,20985,34214.0,45637.0,10142.0,13044.0,29355.0,47938.0,24137.0,11969.0,18448.0,54793.0,17185.0,103762.0,18696.0,44879.0,3462.0,24986.0,30479.0,9595,16402.0,20860.0,74508.0,8213.0,40884.0,83210.0,4647.0,18041.0,105593.0,6283,73628.0,20469.0,28326.0,5317.0,22819.0,18986.0,9750.0,3429.0,40989.0,21116.0,53334.0,16440.0,15476.0,45327.0,47487.0,25094.0,18815.0,71217.0,32982.0,29157.0,6816.0,21374.0,31638.0,9329.0,13123.0,14210.0,14402.0,26494.0,71524.0,55479,85938.0,81251.0
2023-12-07,23784,39915.0,57885.0,11362.0,16114.0,34736.0,42111.0,29063.0,13601.0,21627.0,70146.0,16559.0,118102.0,20432.0,50477.0,3748.0,28043.0,30050.0,11848,18466.0,22683.0,84559.0,11296.0,45380.0,87204.0,20355.0,104246.0,,6837,76881.0,22433.0,32611.0,5711.0,21611.0,20577.0,10085.0,4285.0,47159.0,24554.0,59825.0,17416.0,15223.0,52922.0,25740.0,19981.0,117927.0,,,23563.0,10093.0,32692.0,34663.0,10453.0,14030.0,18299.0,16329.0,40226.0,117661.0,62286,104134.0,86670.0
2023-12-08,21532,36902.0,52831.0,8872.0,13147.0,27698.0,46371.0,23475.0,18915.0,28691.0,,,,,,,,,363,,,,,,,,,,9096,76294.0,22318.0,37013.0,5123.0,26895.0,23534.0,6499.0,3703.0,46253.0,60498.0,32922.0,,,,,,,,,16857.0,7006.0,33509.0,35419.0,7067.0,12588.0,14157.0,13074.0,39397.0,101621.0,48752,102025.0,86353.0
2023-12-09,19949,31282.0,53943.0,5714.0,7996.0,22151.0,46045.0,15421.0,7330.0,17936.0,20460.0,83434.0,13637.0,14746.0,2516.0,22831.0,,,4914,6317.0,11554.0,30733.0,7676.0,38944.0,102831.0,9261.0,11944.0,128512.0,7315,84950.0,18303.0,44450.0,5581.0,29176.0,24887.0,10563.0,2279.0,43938.0,9327.0,49013.0,15290.0,24551.0,76825.0,46749.0,23746.0,14035.0,103280.0,25249.0,11042.0,4952.0,44825.0,48333.0,3631.0,10444.0,10771.0,10126.0,33936.0,105810.0,38601,109341.0,84423.0
2023-12-10,16688,21143.0,44856.0,3261.0,9671.0,14512.0,37582.0,9642.0,5566.0,13510.0,11546.0,11884.0,54919.0,8381.0,9379.0,1747.0,20942.0,15801.0,3563,2494.0,8890.0,17557.0,3427.0,21327.0,64398.0,8052.0,7217.0,68535.0,6124,52468.0,14277.0,31056.0,4595.0,21491.0,15246.0,8131.0,1542.0,34094.0,13724.0,35204.0,11521.0,20003.0,53325.0,43007.0,15169.0,8846.0,83365.0,22599.0,6711.0,2187.0,21415.0,22336.0,3153.0,7520.0,7714.0,5592.0,24642.0,58219.0,28361,67872.0,60078.0
2023-12-11,16239,32346.0,44204.0,8823.0,12922.0,22975.0,40539.0,22898.0,10809.0,16961.0,49718.0,15168.0,84195.0,14629.0,36284.0,2986.0,24144.0,28878.0,7885,12982.0,17640.0,62110.0,8013.0,28900.0,76311.0,10900.0,14953.0,89140.0,6139,68041.0,18798.0,29037.0,4488.0,22451.0,17647.0,8851.0,3354.0,38917.0,19753.0,47100.0,15723.0,15550.0,41430.0,43399.0,22042.0,15955.0,91384.0,29317.0,,,,,,,,,,,48899,80545.0,78687.0
2023-12-12,20711,35818.0,51841.0,10897.0,14978.0,29504.0,46389.0,26984.0,12747.0,18693.0,66185.0,16100.0,104458.0,18023.0,47436.0,2983.0,24414.0,30151.0,9532,17009.0,20925.0,78043.0,10063.0,35345.0,72767.0,12445.0,18451.0,104358.0,6304,77196.0,19486.0,26974.0,4263.0,20293.0,18113.0,9352.0,3970.0,41221.0,20909.0,53079.0,15831.0,12657.0,43697.0,47215.0,23631.0,18401.0,103373.0,29797.0,20219.0,9398.0,27112.0,30001.0,9208.0,12565.0,15805.0,12440.0,36655.0,108658.0,55138,92918.0,81157.0
2023-12-13,21127,35406.0,53040.0,10944.0,15426.0,30463.0,47290.0,26786.0,12830.0,18525.0,65604.0,16784.0,107227.0,18008.0,47172.0,3028.0,23453.0,29789.0,9528,16358.0,20895.0,78878.0,9975.0,36035.0,78501.0,12368.0,17563.0,107032.0,78041,20068.0,4328.0,18300.0,9750.0,42357.0,,,,,21899.0,56722.0,16422.0,13458.0,46765.0,50619.0,24350.0,19821.0,106270.0,30047.0,19694.0,9200.0,29172.0,29359.0,8837.0,13048.0,15994.0,11995.0,36632.0,112218.0,56507,95875.0,82024.0
2023-12-14,22011,37577.0,54745.0,10992.0,16006.0,32030.0,48525.0,26847.0,13378.0,19274.0,67055.0,17391.0,114635.0,18552.0,45708.0,3211.0,26137.0,30699.0,9871,17116.0,21137.0,82662.0,9830.0,37041.0,93105.0,12432.0,18645.0,109703.0,6483,75698.0,27211.0,21331.0,18870.0,3995.0,,,,,22367.0,55140.0,16838.0,13799.0,49133.0,48986.0,23896.0,18293.0,112558.0,28227.0,20450.0,9310.0,30329.0,32239.0,8929.0,13269.0,16594.0,11856.0,39660.0,118009.0,55911,101525.0,97413.0
2023-12-15,19121,32391.0,49059.0,8156.0,14362.0,24382.0,44768.0,22218.0,9801.0,17055.0,43156.0,17557.0,95503.0,14439.0,28677.0,2996.0,24494.0,28521.0,7155,11600.0,16995.0,58827.0,8149.0,30378.0,92383.0,12724.0,14230.0,104695.0,6207,19387.0,31200.0,5172.0,25195.0,10276.0,3514.0,38982.0,,,24656.0,54789.0,15219.0,18301.0,58313.0,53479.0,23298.0,13345.0,102224.0,24478.0,14331.0,5854.0,29150.0,29510.0,5705.0,11926.0,13331.0,8981.0,37287.0,99408.0,46053,86216.0,85366.0
2023-12-16,17944,27060.0,49592.0,5225.0,11566.0,20754.0,44224.0,13916.0,6204.0,15728.0,18718.0,16407.0,80823.0,10939.0,13980.0,2342.0,26297.0,21828.0,3835,5064.0,10878.0,36647.0,6472.0,31526.0,99134.0,9871.0,10053.0,120631.0,6343,87179.0,16258.0,39447.0,4828.0,27609.0,20787.0,9650.0,2506.0,35317.0,12559.0,58077.0,13859.0,22251.0,79209.0,44603.0,22852.0,9232.0,82061.0,28443.0,15103.0,4836.0,37007.0,40056.0,3491.0,9014.0,9842.0,7214.0,32848.0,100506.0,37710,103524.0,85472.0
2023-12-17,13180,20004.0,35602.0,3567.0,8803.0,13857.0,35538.0,8746.0,4937.0,12841.0,11636.0,12424.0,51889.0,7963.0,9382.0,1840.0,21089.0,15920.0,3483,2855.0,7033.0,23686.0,3429.0,17822.0,68343.0,8500.0,7311.0,73305.0,7063,58782.0,12808.0,28677.0,5132.0,21154.0,15147.0,4587.0,1539.0,29411.0,13839.0,35732.0,11016.0,21613.0,54633.0,43710.0,14750.0,8054.0,63084.0,21510.0,11544.0,3200.0,22897.0,24440.0,2728.0,6868.0,7360.0,4488.0,26360.0,64730.0,27271,71050.0,78230.0
2023-12-18,14061,26855.0,40012.0,7057.0,12322.0,20234.0,37851.0,18422.0,9258.0,14871.0,42049.0,14148.0,77184.0,12815.0,30122.0,2564.0,22817.0,26736.0,7000,10786.0,12663.0,53420.0,6297.0,25157.0,86531.0,8722.0,13010.0,89218.0,5699,73666.0,15846.0,27467.0,3917.0,23716.0,16026.0,8301.0,3083.0,35629.0,17935.0,48200.0,14055.0,15319.0,45011.0,44136.0,21644.0,13824.0,88491.0,26206.0,14506.0,6182.0,24041.0,26244.0,6051.0,10284.0,11905.0,7912.0,30594.0,84996.0,41588,78194.0,76101.0
2023-12-19,16798,28753.0,41368.0,8086.0,13886.0,24195.0,40263.0,20427.0,10631.0,16244.0,52017.0,14983.0,88943.0,14919.0,36647.0,2385.0,23119.0,26971.0,7391,13262.0,13169.0,60522.0,7361.0,28634.0,89812.0,10341.0,15586.0,94142.0,5511,71644.0,16018.0,29074.0,3867.0,21224.0,15692.0,8163.0,3259.0,38173.0,20971.0,48898.0,15060.0,13219.0,47316.0,46344.0,21913.0,14961.0,98871.0,24455.0,15726.0,7870.0,26835.0,28271.0,7127.0,11239.0,14253.0,8477.0,32481.0,99366.0,44599,87282.0,76496.0
2023-12-20,16264,27932.0,39211.0,7149.0,13018.0,22122.0,36915.0,18496.0,9845.0,15357.0,45837.0,15500.0,86823.0,13588.0,32307.0,2503.0,23097.0,26917.0,7207,11630.0,12169.0,56092.0,6594.0,27433.0,94155.0,9595.0,14121.0,94183.0,5546,74388.0,15470.0,28744.0,3923.0,23434.0,15932.0,8057.0,3064.0,34673.0,23216.0,49919.0,14169.0,16322.0,50236.0,48115.0,21802.0,14124.0,91125.0,25169.0,14510.0,6334.0,27176.0,28194.0,5985.0,10253.0,12162.0,7902.0,32173.0,91076.0,43092,82238.0,81214.0
2023-12-21,16075,26610.0,34225.0,6538.0,13009.0,19641.0,34422.0,16823.0,9368.0,12832.0,41584.0,14786.0,83760.0,12114.0,27109.0,2233.0,22032.0,24982.0,6245,10154.0,11945.0,49866.0,6050.0,25920.0,91892.0,8995.0,13353.0,95080.0,4787,75387.0,14633.0,30556.0,3724.0,22781.0,15005.0,8316.0,2828.0,35841.0,24211.0,46378.0,13785.0,17320.0,52217.0,48878.0,20225.0,10710.0,86891.0,21277.0,13092.0,5578.0,26172.0,27051.0,5054.0,9287.0,11003.0,6663.0,29734.0,86597.0,39908,82437.0,83279.0
2023-12-22,13234,23023.0,34885.0,4951.0,10234.0,15489.0,32300.0,13736.0,6700.0,12373.0,25905.0,13889.0,69197.0,9140.0,17216.0,1905.0,20940.0,23814.0,4567,7016.0,9203.0,36177.0,4690.0,21736.0,90206.0,8318.0,10504.0,93267.0,5232,73736.0,14254.0,32531.0,3621.0,23438.0,14091.0,8068.0,2324.0,35699.0,22750.0,43510.0,13230.0,18301.0,57462.0,49232.0,18795.0,9093.0,76794.0,20732.0,9785.0,3773.0,25548.0,24997.0,3465.0,7938.0,8245.0,4959.0,27388.0,74718.0,35105,75003.0,84554.0
2023-12-23,10251,18474.0,32903.0,2847.0,8700.0,10287.0,28497.0,8183.0,4259.0,10189.0,10713.0,10875.0,54463.0,7213.0,7761.0,1396.0,20328.0,16793.0,2856,2898.0,6905.0,24462.0,3461.0,17782.0,81368.0,6871.0,6884.0,86320.0,4353,66718.0,11027.0,31812.0,3281.0,20921.0,12956.0,7236.0,1216.0,27904.0,20354.0,36751.0,10319.0,20155.0,59045.0,46593.0,14184.0,5854.0,58825.0,21485.0,10396.0,2834.0,26045.0,24738.0,2228.0,5855.0,6628.0,3761.0,22184.0,66010.0,32993,72836.0,93541.0
2023-12-24,5440,12134.0,15042.0,1648.0,4023.0,5791.0,9660.0,5076.0,2829.0,7664.0,6853.0,7260.0,24200.0,4679.0,3511.0,794.0,13580.0,11292.0,1429,1692.0,3895.0,10293.0,1820.0,8418.0,45290.0,4982.0,4630.0,39293.0,3690,35701.0,8633.0,20179.0,2789.0,19735.0,7677.0,5029.0,754.0,11218.0,13662.0,22835.0,6025.0,16602.0,30668.0,31136.0,7289.0,4673.0,34165.0,17303.0,5736.0,1613.0,12283.0,12993.0,1812.0,3533.0,3820.0,1981.0,11883.0,31028.0,21008,40893.0,44753.0
2023-12-25,1,,,,,,,,12.0,3.0,4.0,3.0,17.0,,,,,,1,4.0,,,,,,,,,1,,,,,,,,,,9.0,1.0,,,,,,,,,,,,,,,,,,,1,,
2023-12-26,4431,15282.0,2563.0,1868.0,3630.0,5324.0,8923.0,4812.0,2794.0,7975.0,6630.0,7052.0,8629.0,5485.0,2238.0,1572.0,16105.0,7949.0,1564,1623.0,2564.0,2237.0,1659.0,8830.0,60368.0,4619.0,5433.0,35025.0,3445,39340.0,7269.0,27630.0,3495.0,22294.0,7774.0,5895.0,874.0,8364.0,13760.0,22943.0,5479.0,16438.0,35080.0,39481.0,6652.0,4833.0,45164.0,21427.0,3089.0,688.0,10122.0,14179.0,1837.0,2972.0,3517.0,2438.0,5399.0,18125.0,26787,24598.0,53984.0
2023-12-27,9112,21217.0,43827.0,3264.0,10433.0,10859.0,16213.0,9974.0,5077.0,12559.0,16305.0,10312.0,48466.0,9055.0,10702.0,3.0,22978.0,17398.0,3182,4059.0,8846.0,19359.0,3543.0,17146.0,69533.0,8558.0,8779.0,70220.0,5117,50339.0,12392.0,32773.0,3732.0,21529.0,10557.0,7153.0,1537.0,35397.0,21214.0,31295.0,10334.0,17779.0,51212.0,46936.0,12074.0,8696.0,71682.0,26094.0,11526.0,4160.0,22335.0,22937.0,3228.0,5308.0,6315.0,4130.0,16762.0,64037.0,31367,61291.0,63065.0
2023-12-28,11327,25187.0,32300.0,3840.0,11724.0,13386.0,34617.0,10816.0,6264.0,14095.0,20330.0,11890.0,56361.0,11455.0,13639.0,6.0,29398.0,19654.0,4008,4253.0,9771.0,26867.0,4417.0,21176.0,78941.0,9179.0,10657.0,84446.0,5395,62559.0,13173.0,36022.0,3873.0,24888.0,13725.0,8872.0,1895.0,35752.0,12470.0,38082.0,12427.0,20604.0,62328.0,48867.0,14308.0,9855.0,63569.0,31261.0,14641.0,4446.0,28405.0,25882.0,4158.0,6419.0,5890.0,5141.0,19747.0,70824.0,36738,80973.0,68227.0
2023-12-29,11429,27066.0,39961.0,4157.0,10354.0,14246.0,35201.0,11777.0,6537.0,15930.0,20867.0,12384.0,59480.0,12535.0,13213.0,13.0,30840.0,20761.0,4086,4484.0,9089.0,27679.0,4508.0,21628.0,82927.0,9411.0,11326.0,98228.0,5855,71377.0,13942.0,35537.0,4512.0,17593.0,15153.0,8820.0,2129.0,36207.0,17825.0,47825.0,12613.0,16308.0,68195.0,36636.0,15226.0,11937.0,66082.0,32897.0,14287.0,4592.0,30388.0,29918.0,4209.0,6713.0,7589.0,5311.0,20751.0,72830.0,38822,87536.0,71922.0
2023-12-30,11141,23793.0,40649.0,3162.0,9363.0,12342.0,35939.0,9035.0,5842.0,13915.0,13269.0,11723.0,52668.0,10799.0,9278.0,28037.0,17420.0,,3803,3044.0,8167.0,23118.0,3999.0,19135.0,81192.0,8184.0,9301.0,99452.0,5915,67199.0,12944.0,35805.0,4156.0,21230.0,17800.0,8943.0,1635.0,33003.0,18867.0,42196.0,11441.0,20331.0,70417.0,34930.0,13545.0,8614.0,66034.0,31326.0,11793.0,3832.0,31165.0,27905.0,3724.0,6326.0,7478.0,5028.0,21172.0,71132.0,36838,82304.0,70330.0
2023-12-31,11115,21479.0,31450.0,3270.0,7230.0,16089.0,32263.0,10183.0,6116.0,16130.0,19935.0,12787.0,52161.0,13797.0,9001.0,2161.0,31849.0,18368.0,3782,6778.0,6683.0,26003.0,5921.0,34115.0,69971.0,10350.0,13279.0,110128.0,7001,48290.0,13134.0,27559.0,4624.0,24528.0,14154.0,9255.0,27888.0,,13507.0,45588.0,9525.0,21454.0,42169.0,42150.0,11426.0,18116.0,86428.0,19269.0,16910.0,5761.0,17886.0,25864.0,9480.0,11471.0,3300.0,5515.0,32661.0,82088.0,29336,83542.0,57519.0
