Date,Angel,Baker Street,Euston,Great Portland Street,Marylebone,Old Street,Paddington,Warren Street,Aldgate,Aldgate East,Bank,Bethnal Green,Liverpool Street,Monument,Moorgate,Tower Gateway,Tower Hill,Whitechapel,Barbican,Chancery Lane,Euston Square,Farringdon,Goodge Street,Holborn,Oxford Circus,Russell Square,St Pauls,Tottenham Court Road,Bayswater,Bond Street,Gloucester Road,Knightsbridge,Lancaster Gate,Marble Arch,Notting Hill Gate,Queensway,Regents Park,South Kensington,Covent Garden,Green Park,High Street Kensington,Hyde Park Corner,Leicester Square,Piccadilly Circus,Sloane Square,St James's Park,Victoria,Westminster,Blackfriars,Cannon Street,Charing Cross,Embankment,Mansion House,Pimlico,Southwark,Temple,Vauxhall,Waterloo,Canary Wharf,London Bridge,Stratford
2024-01-01,5601.0,14340,21237.0,1989.0,5101.0,7534.0,24443.0,5559.0,7223.0,10657.0,8690.0,7126.0,27266.0,12082.0,5621.0,1382.0,529.0,13234.0,894.0,1565.0,4886.0,16602.0,2162.0,10661.0,38398.0,7296.0,5722.0,54750.0,5129.0,31869.0,9125.0,25291.0,2956.0,18774.0,8562.0,6913.0,1083.0,20784.0,14214,26117.0,7031.0,15557.0,44275.0,5864.0,9214.0,37626.0,30777.0,,7967.0,1869.0,16099.0,18858.0,2416.0,4489.0,2748.0,3015.0,13435.0,42032.0,17636,39628.0,39805.0
2024-01-02,10631.0,23560,35780.0,5446.0,10907.0,15765.0,34612.0,14948.0,,,,,,,,,,,9737.0,,,,,,,,,,3444.0,11188.0,7771.0,34414.0,,,,,,,4695,41104.0,38545.0,27164.0,,,,,,,6133.0,74615.0,,,,,,,,,40703,65499.0,78477.0
2024-01-03,13049.0,25630,36563.0,6308.0,9949.0,18803.0,33125.0,16794.0,9314.0,14266.0,41404.0,12878.0,70403.0,14052.0,30639.0,2403.0,27007.0,23377.0,5936.0,10035.0,11639.0,47847.0,6101.0,22672.0,69670.0,13040.0,78355.0,,5903.0,51488.0,14022.0,23852.0,14569.0,2551.0,,,,,17543,36060.0,12917.0,40350.0,15724.0,14343.0,76058.0,,,,14767.0,22752.0,23150.0,6095.0,8648.0,11462.0,6870.0,25126.0,,,40147,66350.0,66887.0
2024-01-04,14052.0,27885,36399.0,7430.0,12458.0,22221.0,34925.0,18470.0,10401.0,16321.0,49103.0,12987.0,78387.0,15698.0,35760.0,2328.0,24179.0,23621.0,7823.0,12751.0,12427.0,55875.0,7619.0,26229.0,71123.0,10647.0,14937.0,81721.0,5682.0,54222.0,15009.0,24862.0,3394.0,12154.0,14378.0,8221.0,2964.0,36328.0,18522,35744.0,13677.0,4967.0,42169.0,41568.0,16757.0,15073.0,81128.0,27353.0,17214.0,6711.0,24780.0,22469.0,7383.0,9680.0,13241.0,8098.0,26821.0,79452.0,43779,78648.0,68401.0
2024-01-05,13064.0,25473,33924.0,5763.0,9820.0,17915.0,30578.0,15814.0,7788.0,13915.0,31627.0,13398.0,67311.0,10751.0,22767.0,2251.0,21345.0,23471.0,5827.0,8742.0,10439.0,42562.0,5488.0,21613.0,66327.0,9934.0,11413.0,79595.0,5286.0,51043.0,14513.0,23506.0,3415.0,11606.0,15297.0,8394.0,2535.0,34599.0,17226,35444.0,12595.0,4831.0,45924.0,38898.0,14496.0,10393.0,73605.0,24627.0,11370.0,4668.0,21322.0,21271.0,4632.0,8786.0,10460.0,5768.0,27684.0,69426.0,36269,69493.0,67484.0
2024-01-06,14597.0,20396,34904.0,3328.0,8616.0,14783.0,32094.0,9554.0,4418.0,12179.0,13129.0,13154.0,53216.0,8226.0,9367.0,1742.0,20459.0,18318.0,3401.0,3847.0,7566.0,24812.0,4119.0,16853.0,62325.0,7465.0,7469.0,82318.0,4694.0,46151.0,11980.0,21284.0,3458.0,10285.0,16153.0,7628.0,1502.0,32329.0,18960,25845.0,10988.0,3984.0,52967.0,40392.0,14571.0,6569.0,63019.0,20515.0,11145.0,3702.0,21614.0,22883.0,2274.0,7559.0,7608.0,4361.0,25844.0,60715.0,28449,71157.0,71196.0
2024-01-07,9374.0,13232,23849.0,2205.0,5529.0,8541.0,20786.0,6177.0,2844.0,7789.0,7264.0,7946.0,33575.0,4882.0,5739.0,1262.0,11060.0,12570.0,2080.0,1813.0,5114.0,15805.0,2177.0,7908.0,32084.0,4363.0,3889.0,43110.0,3378.0,25783.0,7556.0,9462.0,2460.0,5522.0,8231.0,4468.0,744.0,19759.0,7405,15008.0,6866.0,2348.0,21487.0,17606.0,7679.0,3988.0,38660.0,11965.0,6505.0,2109.0,11767.0,11149.0,1611.0,5205.0,4354.0,2332.0,18069.0,34126.0,17678,39970.0,63329.0
2024-01-08,11101.0,20586,27316.0,5824.0,7210.0,15920.0,24526.0,17221.0,7049.0,10541.0,34924.0,10562.0,58685.0,8932.0,25936.0,2087.0,13251.0,22683.0,5974.0,9283.0,12567.0,47474.0,6036.0,18777.0,47365.0,7888.0,9508.0,54473.0,3528.0,39152.0,11960.0,13562.0,2343.0,8439.0,11463.0,5268.0,2225.0,27396.0,8288,29193.0,10071.0,3216.0,22193.0,21573.0,13929.0,10389.0,59190.0,16729.0,11651.0,5184.0,13326.0,14213.0,4751.0,8358.0,8413.0,6329.0,23019.0,55425.0,34417,50205.0,59034.0
2024-01-09,16415.0,32063,39123.0,8729.0,4657.0,23981.0,30417.0,23597.0,10708.0,13964.0,53343.0,13072.0,80408.0,13248.0,42489.0,2436.0,17348.0,26737.0,8018.0,13524.0,17763.0,63568.0,7646.0,26462.0,60269.0,9960.0,13256.0,69683.0,3583.0,48999.0,14456.0,15403.0,2934.0,10320.0,14113.0,6066.0,1799.0,30766.0,11458,36643.0,12026.0,3985.0,29191.0,25070.0,17086.0,14741.0,77139.0,22585.0,16502.0,8233.0,15609.0,18897.0,7205.0,10967.0,13417.0,8495.0,30029.0,77225.0,50172,70578.0,68914.0
2024-01-10,17284.0,28199,38133.0,8480.0,11316.0,24070.0,34054.0,23176.0,11045.0,14857.0,54414.0,13574.0,83857.0,14248.0,42862.0,2873.0,19045.0,27092.0,8213.0,13933.0,17104.0,66097.0,7550.0,27009.0,64558.0,10221.0,14114.0,73497.0,4147.0,50555.0,15038.0,16306.0,3037.0,10619.0,14174.0,6282.0,3111.0,33598.0,12204,37128.0,13029.0,4157.0,32024.0,29788.0,18786.0,15589.0,81326.0,24361.0,17018.0,8126.0,19287.0,20964.0,7566.0,10889.0,13539.0,9189.0,31218.0,80835.0,40513,72002.0,69133.0
2024-01-11,17296.0,30304,39496.0,9099.0,11520.0,26729.0,36207.0,24245.0,11842.0,16244.0,58717.0,13898.0,90405.0,15017.0,45148.0,2742.0,19948.0,27423.0,9577.0,14687.0,18514.0,72904.0,8457.0,29551.0,68059.0,10747.0,14372.0,80235.0,4367.0,53345.0,15553.0,16653.0,3106.0,11071.0,14692.0,6736.0,3012.0,34990.0,13319,39988.0,13851.0,4354.0,34466.0,31132.0,19440.0,15921.0,85722.0,23125.0,18211.0,8142.0,20768.0,22880.0,8243.0,11868.0,14946.0,9741.0,32866.0,86041.0,52200,78381.0,71963.0
2024-01-12,15863.0,27270,36916.0,7059.0,9226.0,21148.0,34134.0,19969.0,8366.0,14426.0,35120.0,14518.0,70693.0,10378.0,28007.0,2304.0,18490.0,26606.0,7063.0,10349.0,15066.0,51363.0,7001.0,24470.0,62033.0,10617.0,11368.0,75605.0,5070.0,48403.0,16127.0,17981.0,3597.0,11097.0,14996.0,7476.0,2980.0,38114.0,14071,35513.0,13475.0,4453.0,40042.0,32789.0,19470.0,11838.0,77681.0,19789.0,12673.0,5515.0,19637.0,21002.0,4966.0,11035.0,10999.0,7988.0,29898.0,68948.0,39567,68579.0,70183.0
2024-01-13,17967.0,22248,33863.0,4123.0,7517.0,19699.0,37786.0,11171.0,5476.0,14915.0,14613.0,15170.0,67981.0,10356.0,12407.0,1977.0,21127.0,19847.0,4321.0,4728.0,9439.0,29805.0,4929.0,24001.0,65455.0,8224.0,8413.0,87065.0,5211.0,46270.0,13060.0,20524.0,3473.0,10808.0,17435.0,7768.0,1768.0,36924.0,7812,29272.0,13249.0,4049.0,69038.0,44335.0,17580.0,10989.0,69622.0,13287.0,14608.0,5160.0,28949.0,35003.0,2793.0,9301.0,8664.0,7687.0,25185.0,65180.0,32433,84938.0,72488.0
2024-01-14,11002.0,15563,23367.0,2682.0,4260.0,12455.0,26857.0,7361.0,3789.0,11125.0,8308.0,10655.0,41802.0,6613.0,8356.0,1407.0,14450.0,13256.0,3083.0,2386.0,7052.0,17601.0,2882.0,11961.0,38518.0,6006.0,5189.0,45610.0,4248.0,27544.0,9720.0,13451.0,2452.0,7680.0,10997.0,6448.0,1135.0,28269.0,11577,17967.0,8976.0,3155.0,32192.0,23438.0,10403.0,5427.0,44531.0,13507.0,8683.0,1733.0,16560.0,14696.0,2019.0,6288.0,5989.0,2923.0,19876.0,36595.0,23066,47782.0,49764.0
2024-01-15,14536.0,26215,37181.0,8013.0,8386.0,21978.0,36043.0,21924.0,9960.0,14142.0,45331.0,13034.0,74278.0,12692.0,36196.0,2303.0,19466.0,27035.0,7814.0,12624.0,17435.0,58583.0,7734.0,26602.0,53384.0,10451.0,12571.0,66885.0,4683.0,49613.0,15712.0,16181.0,3164.0,10393.0,14171.0,6850.0,3023.0,33452.0,11109,35046.0,12747.0,4073.0,29375.0,27803.0,18362.0,13794.0,74981.0,22664.0,15437.0,6859.0,18472.0,20174.0,6704.0,10533.0,12329.0,11311.0,28672.0,73618.0,44508,67297.0,70643.0
2024-01-16,19780.0,32001,42051.0,10014.0,12245.0,28241.0,40384.0,26238.0,12905.0,16656.0,61414.0,14339.0,94266.0,16422.0,47907.0,3537.0,21858.0,28880.0,9472.0,15998.0,20985.0,73761.0,9090.0,32993.0,68040.0,11290.0,15724.0,81096.0,4754.0,55204.0,16674.0,16700.0,3500.0,11983.0,15321.0,7095.0,3330.0,36665.0,12891,40626.0,14005.0,4562.0,33946.0,30321.0,20021.0,16937.0,88074.0,26650.0,19232.0,9120.0,21883.0,24404.0,8829.0,12291.0,15865.0,13562.0,34982.0,89589.0,57355,83355.0,75415.0
2024-01-17,19556.0,31751,42010.0,9677.0,12871.0,28168.0,39588.0,25850.0,12386.0,17026.0,60389.0,14815.0,94349.0,15935.0,47824.0,4096.0,22355.0,28601.0,9176.0,15670.0,19730.0,73106.0,8954.0,33556.0,69088.0,11681.0,15196.0,82260.0,4904.0,54869.0,18726.0,17208.0,3466.0,11862.0,15260.0,7583.0,3568.0,34509.0,10434,42873.0,14248.0,4804.0,38349.0,32952.0,21949.0,17526.0,89009.0,25973.0,18662.0,9003.0,22712.0,24369.0,8468.0,11769.0,15368.0,12796.0,33836.0,94234.0,57733,84001.0,74822.0
2024-01-18,21107.0,33432,44049.0,10159.0,14508.0,31011.0,41042.0,26313.0,13029.0,17991.0,65271.0,15420.0,101539.0,16980.0,48814.0,4143.0,21914.0,28416.0,9861.0,16148.0,19982.0,79286.0,9737.0,34100.0,73540.0,11915.0,15695.0,88208.0,4940.0,57502.0,20213.0,17847.0,3613.0,12343.0,15991.0,7832.0,3716.0,33729.0,14623,42855.0,14306.0,4697.0,38822.0,33813.0,21870.0,17369.0,94318.0,25581.0,19656.0,8909.0,24231.0,25520.0,8793.0,12572.0,15799.0,13841.0,36005.0,99447.0,59155,89762.0,76141.0
2024-01-19,19219.0,28720,40002.0,7299.0,11133.0,22990.0,37052.0,21501.0,9490.0,15075.0,38922.0,14979.0,76684.0,11854.0,29457.0,2553.0,19963.0,27720.0,7495.0,10514.0,15622.0,54448.0,7893.0,27174.0,64302.0,11297.0,12530.0,80893.0,5202.0,49823.0,20296.0,18961.0,3921.0,11911.0,15347.0,8457.0,3028.0,36683.0,14977,38565.0,13560.0,4966.0,43754.0,34961.0,20011.0,11711.0,83274.0,21715.0,12537.0,5288.0,22540.0,22534.0,4971.0,11303.0,11692.0,9331.0,32157.0,75907.0,44506,75872.0,74332.0
2024-01-20,20959.0,26237,35204.0,4613.0,10806.0,20761.0,68028.0,12025.0,5607.0,16438.0,17578.0,15641.0,63399.0,10067.0,13231.0,2289.0,21018.0,16436.0,5805.0,5610.0,9625.0,18923.0,5483.0,22866.0,74315.0,9255.0,8318.0,61542.0,5295.0,38723.0,16991.0,21203.0,5531.0,10737.0,18492.0,8816.0,1972.0,31728.0,19423,31561.0,13096.0,4549.0,65681.0,46311.0,18662.0,7733.0,77685.0,21468.0,9373.0,4144.0,24981.0,26016.0,3283.0,8809.0,9563.0,5826.0,24639.0,69374.0,57238,86384.0,79004.0
2024-01-21,11183.0,16871,24407.0,2979.0,6584.0,12977.0,47578.0,7612.0,4024.0,11569.0,11195.0,11024.0,36964.0,7025.0,7885.0,1410.0,14974.0,10976.0,3601.0,2874.0,6671.0,8881.0,3084.0,14154.0,42187.0,6934.0,5759.0,33124.0,4340.0,22264.0,10960.0,13742.0,4420.0,7482.0,11225.0,6799.0,1102.0,29188.0,13986,19439.0,9516.0,3349.0,36158.0,25711.0,10885.0,5588.0,52547.0,14716.0,6642.0,6621.0,11973.0,16535.0,2115.0,6482.0,5868.0,3253.0,18157.0,39964.0,35143,57295.0,53575.0
2024-01-22,14431.0,30082,34626.0,7948.0,10544.0,22186.0,46185.0,21849.0,8836.0,14427.0,44276.0,13390.0,73021.0,12338.0,35670.0,2673.0,18584.0,26107.0,8241.0,12867.0,16676.0,53759.0,7681.0,27305.0,58208.0,10775.0,12680.0,62456.0,4825.0,45261.0,16404.0,16138.0,4278.0,10525.0,14157.0,7144.0,2972.0,32580.0,11043,34435.0,12141.0,4225.0,29176.0,27714.0,18718.0,13600.0,77400.0,22887.0,14339.0,6984.0,18402.0,19500.0,6433.0,10710.0,12623.0,10907.0,29152.0,72712.0,52770,72155.0,71615.0
2024-01-23,17578.0,34259,44965.0,10104.0,13449.0,28291.0,42600.0,26448.0,12174.0,17302.0,61322.0,14914.0,94528.0,16408.0,48894.0,2882.0,21560.0,28675.0,9832.0,16316.0,21202.0,73921.0,9271.0,33780.0,67550.0,11916.0,15942.0,80010.0,5096.0,54183.0,17687.0,16603.0,3526.0,11718.0,15802.0,7534.0,3518.0,38529.0,12466,41440.0,14197.0,4117.0,32319.0,30996.0,20492.0,17476.0,92903.0,25884.0,19163.0,9373.0,21714.0,23672.0,8762.0,12681.0,16043.0,13811.0,35531.0,93544.0,58405,83768.0,72953.0
2024-01-24,17895.0,34124,45518.0,10018.0,12640.0,28592.0,42348.0,26041.0,12006.0,17837.0,60795.0,14997.0,95870.0,16412.0,47442.0,3502.0,22145.0,29794.0,9905.0,15492.0,21272.0,77825.0,12749.0,33453.0,73118.0,11233.0,15379.0,85484.0,5437.0,57204.0,18135.0,16877.0,3544.0,11906.0,15917.0,7775.0,3576.0,36516.0,13240,43254.0,14759.0,4457.0,38058.0,33487.0,21419.0,17585.0,93787.0,26561.0,18859.0,8918.0,22554.0,26015.0,8646.0,12125.0,15651.0,12881.0,35604.0,95444.0,61528,83756.0,75972.0
2024-01-25,18738.0,36327,46646.0,10458.0,13620.0,31718.0,43405.0,26645.0,13005.0,18485.0,65837.0,15912.0,104038.0,17300.0,50001.0,3875.0,22914.0,29770.0,10390.0,16230.0,21422.0,81168.0,9614.0,34673.0,77214.0,11746.0,16461.0,91892.0,5100.0,59079.0,18398.0,17960.0,3816.0,12421.0,16182.0,8057.0,3583.0,38997.0,14427,43687.0,14887.0,4821.0,37501.0,35258.0,21577.0,17626.0,95919.0,25424.0,19612.0,9348.0,24253.0,26995.0,8534.0,12641.0,16200.0,14613.0,36599.0,101344.0,62396,90391.0,77548.0
2024-01-26,17701.0,32544,45840.0,7726.0,11616.0,23789.0,41181.0,21718.0,9540.0,16830.0,38077.0,15607.0,83510.0,12427.0,30426.0,3183.0,22591.0,28864.0,7990.0,10490.0,17283.0,55755.0,7903.0,29830.0,11877.0,12724.0,,,5935.0,53707.0,18899.0,3024.0,43196.0,,,,,,13690,39606.0,15156.0,5020.0,47265.0,36823.0,20969.0,13105.0,89285.0,23409.0,15240.0,6144.0,5826.0,11516.0,13181.0,10810.0,35001.0,82249.0,,,53263,82740.0,77405.0
2024-01-27,20944.0,25974,42866.0,4795.0,10666.0,22200.0,39458.0,12142.0,6208.0,15473.0,17195.0,17204.0,64691.0,11236.0,14073.0,1858.0,23291.0,21783.0,72596.0,94513.0,,,,,,,,,23183.0,4366.0,13164.0,20689.0,8839.0,,,,,,21313,32684.0,15176.0,4795.0,64328.0,46418.0,18763.0,7898.0,79965.0,23100.0,23000.0,26754.0,,,,,,,,,50041,85514.0,80115.0
2024-01-28,12903.0,17138,32800.0,3243.0,1929.0,13383.0,31935.0,7797.0,4124.0,11368.0,10526.0,11563.0,40642.0,7928.0,9056.0,1801.0,16706.0,15290.0,3221.0,2293.0,8124.0,20057.0,2929.0,12972.0,40452.0,6960.0,5426.0,51686.0,4564.0,30596.0,11302.0,14511.0,3560.0,8858.0,12276.0,6782.0,1384.0,29811.0,12766,21021.0,10143.0,3862.0,34859.0,25338.0,11638.0,6377.0,46475.0,16672.0,8816.0,1866.0,13705.0,15584.0,2186.0,6511.0,6171.0,3333.0,22842.0,43404.0,24487,63701.0,54029.0
2024-01-29,15078.0,31072,36497.0,8007.0,9910.0,21613.0,33805.0,21614.0,44822.0,,,,,,,,,,8514.0,12349.0,17338.0,58729.0,7643.0,26881.0,58176.0,10451.0,12546.0,64546.0,4668.0,48649.0,16153.0,16432.0,2859.0,10663.0,14582.0,7252.0,2768.0,33826.0,10960,4392.0,29081.0,80328.0,,,,,,,15370.0,6974.0,18047.0,19654.0,6607.0,10726.0,12452.0,11259.0,29481.0,72511.0,48020,67521.0,70910.0
2024-01-30,17325.0,30004,38526.0,9563.0,9854.0,23910.0,38459.0,22722.0,10586.0,15730.0,13796.0,85592.0,15498.0,41152.0,3062.0,19374.0,28984.0,,9763.0,12340.0,19629.0,62976.0,7935.0,28118.0,47774.0,11257.0,13524.0,79497.0,4485.0,53870.0,16253.0,15798.0,3147.0,10421.0,14772.0,6688.0,2800.0,33550.0,38056,12989.0,29391.0,19133.0,15148.0,24708.0,,,,,13995.0,6553.0,15428.0,20422.0,8702.0,11849.0,13047.0,13525.0,21639.0,52001.0,52085,58012.0,71709.0
2024-01-31,18371.0,33822,44482.0,10218.0,11732.0,27681.0,40229.0,25951.0,12205.0,17528.0,60040.0,14513.0,97928.0,16312.0,47531.0,2931.0,20391.0,29426.0,9277.0,15171.0,19911.0,74803.0,9110.0,33322.0,69673.0,11384.0,14911.0,84505.0,5143.0,57574.0,17160.0,17010.0,3517.0,11585.0,15812.0,7225.0,3436.0,37552.0,13178,43330.0,14411.0,4685.0,36487.0,31228.0,20445.0,17231.0,96535.0,25926.0,18111.0,8875.0,22952.0,25155.0,8372.0,12140.0,15815.0,13113.0,36046.0,93442.0,55491,82199.0,76092.0
2024-02-01,19042.0,35957,46983.0,10741.0,11876.0,30667.0,40502.0,26466.0,13075.0,18771.0,63376.0,15041.0,102915.0,17653.0,48489.0,3144.0,21931.0,29763.0,10242.0,15708.0,21015.0,79172.0,9222.0,34697.0,74546.0,11942.0,15430.0,89588.0,5250.0,59499.0,17536.0,17501.0,3666.0,11830.0,15924.0,7475.0,3157.0,39490.0,14081,42048.0,15012.0,4870.0,39103.0,34607.0,20692.0,17119.0,96772.0,25327.0,19289.0,9598.0,22878.0,26951.0,8581.0,12296.0,16388.0,14043.0,35770.0,98238.0,56035,88062.0,92343.0
2024-02-02,18653.0,30619,41735.0,7180.0,9454.0,23193.0,35210.0,21133.0,7789.0,16201.0,35606.0,15201.0,70032.0,12103.0,28865.0,2456.0,17742.0,28130.0,7420.0,10027.0,16022.0,53476.0,7435.0,27076.0,65121.0,11767.0,11052.0,80773.0,5405.0,50283.0,17772.0,18470.0,4014.0,11845.0,16179.0,7922.0,2685.0,40018.0,14489,37988.0,14769.0,5032.0,43557.0,35232.0,19705.0,12354.0,84355.0,22154.0,12882.0,5783.0,20526.0,22681.0,5450.0,10795.0,11297.0,10259.0,31169.0,72745.0,41713,73000.0,74846.0
2024-02-03,18790.0,23166,14334.0,4591.0,5295.0,20467.0,39855.0,12029.0,6551.0,14695.0,20030.0,16882.0,59861.0,14264.0,12545.0,3534.0,26232.0,20200.0,4924.0,4670.0,7002.0,32080.0,5036.0,23012.0,71502.0,9170.0,8224.0,93326.0,5534.0,43487.0,15707.0,20126.0,4670.0,13167.0,19386.0,8764.0,2170.0,38159.0,19940,26220.0,14743.0,4941.0,61082.0,46596.0,16798.0,11159.0,86548.0,21732.0,10868.0,3978.0,27763.0,32049.0,3248.0,8484.0,1.0,5963.0,26185.0,57905.0,6,54112.0,79870.0
2024-02-04,12605.0,15400,27218.0,3238.0,1735.0,13655.0,24536.0,8312.0,4829.0,11754.0,12913.0,11933.0,38792.0,9901.0,7709.0,3046.0,19688.0,13928.0,2972.0,2493.0,6997.0,16446.0,2819.0,14474.0,40995.0,7836.0,5666.0,50104.0,4694.0,25157.0,11072.0,13514.0,4182.0,9268.0,12563.0,6417.0,1339.0,28954.0,12139,16186.0,10397.0,3969.0,33385.0,25357.0,11377.0,6359.0,63658.0,13738.0,6337.0,2286.0,12866.0,16711.0,2519.0,6188.0,3263.0,21641.0,35165.0,,38593,52725.0,
2024-02-05,15138.0,29028,39086.0,8265.0,4282.0,21271.0,26261.0,21831.0,9501.0,15064.0,44436.0,13360.0,74079.0,11962.0,35907.0,2954.0,19519.0,27669.0,8410.0,12025.0,16754.0,59002.0,7719.0,27584.0,59763.0,11238.0,12796.0,65855.0,5194.0,48447.0,16833.0,16837.0,3355.0,11277.0,14611.0,6903.0,2857.0,33848.0,11691,35934.0,12844.0,4942.0,31256.0,28066.0,17286.0,14050.0,79277.0,23801.0,15412.0,6963.0,17539.0,20022.0,7005.0,10482.0,12381.0,11025.0,29714.0,74958.0,46501,66339.0,70576.0
2024-02-06,19398.0,34788,44164.0,10697.0,11935.0,27906.0,41310.0,26422.0,12572.0,17939.0,61136.0,14711.0,96922.0,16761.0,48995.0,5422.0,22017.0,30164.0,10480.0,15984.0,21504.0,75692.0,9466.0,34863.0,70584.0,12327.0,15882.0,83434.0,5140.0,56617.0,17738.0,17002.0,4248.0,12740.0,15603.0,7099.0,3693.0,36633.0,13005,42259.0,15205.0,5346.0,35058.0,33307.0,20295.0,18567.0,91119.0,26886.0,18882.0,9404.0,22257.0,23635.0,8818.0,12303.0,16003.0,13888.0,32652.0,93802.0,56401,83928.0,76575.0
2024-02-07,22000.0,34654,46839.0,10307.0,13352.0,28181.0,41918.0,25567.0,12767.0,17708.0,61837.0,15360.0,96809.0,16247.0,47899.0,5661.0,21537.0,30045.0,10174.0,15517.0,20209.0,78828.0,9331.0,34245.0,72263.0,12245.0,15619.0,87074.0,5394.0,58284.0,18306.0,18214.0,4001.0,12602.0,16040.0,7333.0,3567.0,39691.0,14195,43660.0,15382.0,5563.0,36669.0,34924.0,20960.0,18333.0,94765.0,26358.0,19098.0,9083.0,23059.0,25145.0,8659.0,12160.0,15794.0,12744.0,35436.0,96517.0,56550,85137.0,77919.0
2024-02-08,21338.0,38441,48715.0,11217.0,17495.0,31925.0,43950.0,27192.0,12795.0,19804.0,65810.0,15551.0,103916.0,17588.0,49988.0,4708.0,22529.0,28664.0,11159.0,17453.0,21713.0,80443.0,10332.0,36878.0,72740.0,14140.0,16518.0,92130.0,5683.0,59080.0,18899.0,18727.0,4205.0,13338.0,15980.0,7416.0,3821.0,41813.0,15798,44519.0,15113.0,6164.0,40335.0,37708.0,21216.0,18180.0,99494.0,24906.0,20941.0,9532.0,26135.0,25533.0,8930.0,13229.0,16496.0,14844.0,37052.0,105080.0,55392,88873.0,76344.0
2024-02-09,18263.0,31931,44013.0,7741.0,9977.0,23524.0,40825.0,21440.0,8939.0,17394.0,36431.0,15907.0,79178.0,11728.0,29125.0,2618.0,20595.0,27985.0,7984.0,10952.0,16876.0,55194.0,7801.0,29801.0,67737.0,12361.0,11886.0,83939.0,51917.0,18284.0,19510.0,4514.0,12703.0,16242.0,8260.0,3165.0,42543.0,,15703,39444.0,14057.0,5968.0,47519.0,37793.0,18358.0,12429.0,90048.0,22051.0,13875.0,5646.0,22625.0,23464.0,5087.0,12570.0,12062.0,10812.0,34057.0,81597.0,42427,76785.0,75815.0
2024-02-10,18595.0,25640,44759.0,4611.0,11161.0,21608.0,45540.0,12979.0,6240.0,16075.0,17026.0,17157.0,71211.0,11368.0,12943.0,2777.0,24823.0,20620.0,4686.0,4932.0,11418.0,29292.0,5257.0,22354.0,64788.0,9250.0,7945.0,98929.0,5761.0,48620.0,14506.0,21329.0,4844.0,12399.0,18959.0,9114.0,2128.0,36996.0,20791,31596.0,13298.0,4726.0,65745.0,47166.0,17314.0,8284.0,86046.0,22617.0,10728.0,3243.0,25501.0,27736.0,3410.0,8311.0,8599.0,6072.0,34900.0,88226.0,35286,78678.0,79367.0
2024-02-11,11719.0,18788,33903.0,3361.0,4194.0,14747.0,41798.0,8881.0,4728.0,14151.0,11529.0,13472.0,46664.0,9273.0,9059.0,2412.0,20714.0,15084.0,3665.0,2758.0,8604.0,19532.0,2338.0,15174.0,45418.0,7792.0,6391.0,72032.0,5172.0,32681.0,11795.0,15939.0,4789.0,9787.0,12938.0,8044.0,1390.0,32308.0,16350,22433.0,9890.0,4096.0,51153.0,35736.0,10810.0,7341.0,61301.0,21494.0,7558.0,1998.0,22288.0,22428.0,2614.0,6730.0,6989.0,3966.0,23592.0,52238.0,26238,55641.0,77780.0
2024-02-12,14313.0,34232,38254.0,8093.0,13274.0,21904.0,43139.0,20119.0,10064.0,17677.0,43519.0,14145.0,79108.0,15788.0,34297.0,2972.0,26084.0,28281.0,7696.0,11562.0,15224.0,60412.0,7178.0,28108.0,68101.0,10561.0,13501.0,81538.0,5899.0,55179.0,17439.0,21383.0,4290.0,12708.0,15314.0,8495.0,3139.0,41107.0,16506,38922.0,13895.0,5854.0,42703.0,37542.0,17372.0,14703.0,86363.0,32345.0,16170.0,6552.0,25024.0,26091.0,6814.0,10332.0,13344.0,11182.0,30766.0,86290.0,47314,78187.0,77212.0
2024-02-13,17946.0,38702,43840.0,7961.0,15194.0,27873.0,49493.0,25689.0,8684.0,21540.0,61311.0,14947.0,98709.0,18669.0,46211.0,3040.0,26840.0,28994.0,7411.0,16127.0,14691.0,76104.0,9126.0,33575.0,78271.0,11806.0,16576.0,99606.0,5605.0,62637.0,19392.0,21713.0,4504.0,13718.0,16790.0,9193.0,4009.0,43921.0,16623,43213.0,14456.0,5376.0,43821.0,40553.0,20237.0,16955.0,98634.0,29213.0,19866.0,8555.0,26909.0,27253.0,8656.0,11866.0,16474.0,13827.0,35295.0,100294.0,55559,92291.0,83685.0
2024-02-14,17350.0,34907,43977.0,8965.0,13630.0,26535.0,46619.0,22934.0,12577.0,19816.0,57409.0,15752.0,96351.0,18210.0,42655.0,3267.0,26626.0,28616.0,9133.0,14268.0,17490.0,72814.0,8715.0,34034.0,76313.0,11727.0,15385.0,104189.0,6346.0,63713.0,19118.0,21798.0,4445.0,13565.0,16840.0,8852.0,3485.0,45692.0,19163,44789.0,15836.0,5300.0,49265.0,44267.0,19673.0,16760.0,99569.0,29251.0,18944.0,8312.0,28547.0,29132.0,7894.0,11479.0,15700.0,12826.0,35115.0,101894.0,55405,91315.0,83237.0
2024-02-15,18823.0,38090,47271.0,10132.0,14793.0,29700.0,47933.0,23927.0,13122.0,20589.0,61048.0,15904.0,102147.0,19580.0,45422.0,3441.0,27630.0,29697.0,10162.0,14441.0,18862.0,80385.0,8833.0,34409.0,76963.0,10720.0,15765.0,104173.0,6166.0,62890.0,20068.0,20824.0,4701.0,12969.0,16579.0,9061.0,3554.0,44325.0,18835,45408.0,14929.0,5531.0,48107.0,44094.0,20603.0,16977.0,104368.0,28852.0,20114.0,8657.0,29366.0,31561.0,8755.0,11790.0,16067.0,14440.0,35642.0,105778.0,53510,94337.0,80396.0
2024-02-16,17865.0,34252,45560.0,7299.0,13145.0,23747.0,43567.0,19478.0,8770.0,18893.0,37864.0,16234.0,83003.0,14198.0,27758.0,2881.0,26149.0,28242.0,7700.0,10235.0,15030.0,55040.0,7390.0,29163.0,73297.0,11725.0,13015.0,96784.0,6232.0,57614.0,19733.0,22433.0,4809.0,14012.0,17640.0,9682.0,3356.0,47103.0,19750,40586.0,15082.0,6560.0,53129.0,44896.0,20022.0,13565.0,95279.0,26553.0,14658.0,5582.0,27364.0,28387.0,5731.0,10391.0,12207.0,10839.0,32899.0,85825.0,41200,83815.0,78483.0
2024-02-17,18355.0,28548,45768.0,4708.0,11514.0,20526.0,43245.0,12957.0,7351.0,17802.0,16275.0,17019.0,75435.0,12338.0,14367.0,27023.0,21606.0,,5249.0,4786.0,11746.0,29250.0,5638.0,22766.0,64616.0,10576.0,8735.0,98671.0,7045.0,49186.0,24535.0,27532.0,5940.0,15025.0,21403.0,12393.0,2172.0,42790.0,23210,32826.0,17846.0,7616.0,66713.0,52001.0,19801.0,9879.0,87912.0,24016.0,14594.0,5286.0,27959.0,28774.0,3588.0,8488.0,9810.0,6260.0,22337.0,69019.0,39124,92444.0,81234.0
2024-02-18,11056.0,17464,33562.0,3165.0,3127.0,12958.0,54231.0,8421.0,3138.0,14072.0,9803.0,12157.0,39807.0,7892.0,8467.0,17635.0,12176.0,,4176.0,2962.0,9538.0,10842.0,2160.0,14619.0,39711.0,8532.0,5907.0,38053.0,4751.0,23899.0,12309.0,14094.0,5726.0,9477.0,11827.0,6913.0,1411.0,31446.0,13157,20519.0,9904.0,4106.0,34021.0,25196.0,10856.0,6638.0,53538.0,16692.0,10222.0,3544.0,16605.0,17687.0,2396.0,6252.0,6471.0,3729.0,16654.0,38928.0,33795,54879.0,53073.0
2024-02-19,15417.0,32147,40716.0,8156.0,10870.0,20889.0,36221.0,21465.0,9578.0,15049.0,43975.0,14017.0,80466.0,13090.0,34805.0,2384.0,20724.0,27275.0,8066.0,12094.0,17454.0,56797.0,7376.0,24982.0,59743.0,11473.0,12783.0,70557.0,5186.0,49437.0,17083.0,17227.0,3682.0,11653.0,14248.0,7220.0,3209.0,37265.0,12198,35546.0,13027.0,4501.0,31412.0,29761.0,18113.0,14985.0,78863.0,25029.0,15898.0,6558.0,19798.0,21487.0,6642.0,10761.0,13106.0,8449.0,29095.0,68199.0,42848,67870.0,71103.0
2024-02-20,19415.0,37116,47317.0,10529.0,13226.0,27428.0,41503.0,26376.0,12352.0,17991.0,61723.0,14943.0,99352.0,16991.0,47106.0,3021.0,24230.0,29572.0,9635.0,15120.0,21422.0,74189.0,9442.0,32291.0,61921.0,12377.0,15879.0,89372.0,5217.0,59107.0,18156.0,17972.0,4215.0,12876.0,16422.0,7594.0,3932.0,39071.0,14617,43123.0,14530.0,4818.0,35951.0,34956.0,20216.0,18174.0,92887.0,28667.0,19378.0,8653.0,23963.0,25294.0,8688.0,12665.0,16661.0,11876.0,34391.0,94132.0,55746,86451.0,78733.0
2024-02-21,19121.0,35010,49360.0,10224.0,14235.0,28518.0,43939.0,26256.0,12868.0,18762.0,61781.0,16061.0,101750.0,17249.0,47504.0,2983.0,24594.0,28940.0,10376.0,16203.0,20711.0,76464.0,9518.0,34321.0,73019.0,13533.0,16321.0,92200.0,5759.0,56842.0,18861.0,19977.0,4162.0,13676.0,16453.0,8330.0,3946.0,43777.0,16830,44922.0,15571.0,4870.0,39648.0,37661.0,20721.0,18887.0,98512.0,31706.0,20619.0,8950.0,26743.0,26837.0,8518.0,13087.0,16595.0,12038.0,35834.0,99538.0,53424,86064.0,76198.0
2024-02-22,20342.0,38393,51410.0,10664.0,14864.0,31209.0,44661.0,26978.0,13613.0,20679.0,66438.0,16242.0,108926.0,19520.0,49634.0,2781.0,25923.0,28820.0,11000.0,17181.0,21229.0,81076.0,10866.0,36730.0,78252.0,14833.0,17997.0,99840.0,5874.0,59101.0,20527.0,21554.0,4705.0,17089.0,8310.0,3861.0,,,19130,45741.0,15560.0,5113.0,42299.0,41364.0,21194.0,19703.0,104586.0,29147.0,22311.0,9436.0,9277.0,13884.0,18045.0,12470.0,36961.0,104053.0,,,54158,94650.0,79261.0
2024-02-23,19038.0,34214,48638.0,7925.0,11812.0,23804.0,40923.0,21848.0,9814.0,18128.0,38632.0,16634.0,85395.0,13704.0,30004.0,2558.0,25664.0,28260.0,70473.0,93753.0,,,,,,,,,6482.0,13806.0,48587.0,,,,,,,,19173,41404.0,15128.0,5563.0,50433.0,42349.0,20182.0,15125.0,91401.0,28373.0,26340.0,25076.0,,,,,,,,,42062,84311.0,78520.0
2024-02-24,18845.0,28325,45089.0,5125.0,11355.0,23268.0,46193.0,12878.0,6679.0,18683.0,17758.0,17217.0,61729.0,12346.0,13508.0,2479.0,27678.0,19993.0,5017.0,4969.0,11305.0,31807.0,5094.0,23766.0,10352.0,8486.0,,,47742.0,15299.0,22366.0,5356.0,13944.0,21737.0,9143.0,2395.0,39550.0,,21372,32996.0,13778.0,5845.0,64284.0,48337.0,18085.0,9918.0,87997.0,26634.0,10708.0,3967.0,30668.0,29930.0,3420.0,9440.0,9955.0,6606.0,24055.0,67641.0,36582,100036.0,81770.0
2024-02-25,10783.0,22369,33704.0,3620.0,8610.0,14472.0,39582.0,8279.0,5974.0,12684.0,10935.0,11345.0,41505.0,8380.0,8802.0,1768.0,16616.0,13793.0,3349.0,2875.0,10624.0,21025.0,3131.0,14918.0,41336.0,7827.0,6359.0,55329.0,4774.0,29004.0,11613.0,14708.0,4083.0,9084.0,12762.0,6948.0,1513.0,30705.0,14601,20329.0,10018.0,3414.0,36164.0,27764.0,11192.0,7157.0,61463.0,18708.0,6828.0,1143.0,23687.0,17789.0,2622.0,6958.0,7128.0,4335.0,17559.0,42936.0,24009,57267.0,54584.0
2024-02-26,15176.0,31241,39876.0,8123.0,11582.0,21538.0,37265.0,21915.0,9982.0,16096.0,45870.0,13528.0,78978.0,12457.0,37011.0,2528.0,19858.0,27192.0,8220.0,13159.0,17601.0,59884.0,7939.0,27337.0,58569.0,11633.0,13471.0,71744.0,5052.0,48370.0,16902.0,17655.0,4051.0,12216.0,14883.0,7492.0,2933.0,36674.0,11920,37878.0,13210.0,4402.0,30728.0,29738.0,17789.0,14515.0,78232.0,24540.0,16132.0,6866.0,18062.0,20187.0,6838.0,11304.0,13217.0,11077.0,30292.0,79622.0,45598,69776.0,85320.0
2024-02-27,19619.0,36117,45688.0,10209.0,12845.0,27451.0,41363.0,24749.0,61829.0,16917.0,29703.0,,,,,,,,9983.0,16169.0,21300.0,75745.0,9484.0,34455.0,69701.0,12524.0,16012.0,87692.0,4959.0,55699.0,17850.0,18103.0,4830.0,13141.0,16259.0,7854.0,3607.0,38359.0,14746,,,,,,,,,,19371.0,9759.0,22269.0,28060.0,8692.0,13008.0,16188.0,14043.0,34991.0,95609.0,53575,86152.0,75917.0
2024-02-28,20358.0,34273,45345.0,10088.0,12436.0,27710.0,43057.0,26279.0,12598.0,18791.0,15368.0,101249.0,47599.0,3295.0,23939.0,,,,10360.0,16108.0,21872.0,79335.0,9320.0,34381.0,71194.0,12558.0,15926.0,91092.0,5761.0,57633.0,18510.0,18592.0,4675.0,13474.0,16832.0,8040.0,3728.0,40412.0,45092,15389.0,5505.0,37238.0,37208.0,21577.0,18547.0,93838.0,29188.0,,20480.0,9478.0,21863.0,28446.0,8462.0,12766.0,15577.0,13545.0,34700.0,96022.0,52385,83436.0,75824.0
2024-02-29,20119.0,36631,49496.0,11152.0,12935.0,31182.0,43947.0,26942.0,13076.0,20064.0,67021.0,15659.0,107068.0,18083.0,49612.0,3148.0,24495.0,29667.0,11155.0,18005.0,21722.0,83185.0,10105.0,38129.0,75377.0,13588.0,17659.0,98284.0,5699.0,59001.0,19019.0,20106.0,4869.0,13574.0,16750.0,8325.0,3847.0,43980.0,17060,45409.0,15303.0,5151.0,40123.0,39080.0,21139.0,18922.0,101488.0,27732.0,21518.0,9521.0,25975.0,33219.0,8828.0,13736.0,17955.0,15793.0,36731.0,108249.0,54759,95150.0,79040.0
2024-03-01,18422.0,31567,46624.0,7965.0,10788.0,23484.0,39183.0,21902.0,8953.0,17474.0,37296.0,15737.0,84021.0,12024.0,29540.0,2428.0,22579.0,28260.0,7741.0,10906.0,17026.0,55287.0,8117.0,28505.0,63247.0,12442.0,12459.0,93559.0,6071.0,53722.0,19160.0,19493.0,5185.0,13389.0,17690.0,8791.0,3118.0,44437.0,15304,40274.0,14403.0,4881.0,47203.0,38395.0,20096.0,13950.0,89875.0,24574.0,14820.0,6088.0,21598.0,24416.0,5818.0,12333.0,12401.0,11150.0,33734.0,82103.0,40848,78436.0,77874.0
2024-03-02,18951.0,25232,46203.0,4414.0,11489.0,20344.0,39659.0,13022.0,6549.0,16583.0,17210.0,15788.0,71912.0,11112.0,13399.0,2399.0,25629.0,22391.0,4572.0,5008.0,10580.0,32751.0,5162.0,22762.0,71792.0,10215.0,8503.0,101150.0,6161.0,48135.0,15537.0,22901.0,6057.0,13923.0,20292.0,9267.0,2110.0,42976.0,24159,33665.0,13995.0,5412.0,65813.0,49796.0,18536.0,8790.0,104900.0,25661.0,12719.0,3256.0,27885.0,28447.0,3740.0,9481.0,9758.0,7100.0,22582.0,67727.0,31291,76231.0,79946.0
2024-03-03,12573.0,18369,34159.0,3574.0,6564.0,13808.0,31846.0,9040.0,4739.0,12505.0,10586.0,12233.0,44116.0,7874.0,9265.0,1956.0,19542.0,15751.0,3083.0,2611.0,7975.0,21785.0,3023.0,14299.0,39022.0,7953.0,5776.0,57694.0,4873.0,29717.0,11802.0,14674.0,4802.0,9352.0,13358.0,7071.0,1801.0,31846.0,14065,21335.0,10909.0,4400.0,36381.0,27679.0,12241.0,7257.0,71711.0,18414.0,8485.0,1076.0,15600.0,17413.0,2509.0,6849.0,6441.0,4068.0,18181.0,39795.0,22511,46235.0,58374.0
2024-03-04,14432.0,31361,38783.0,8440.0,9680.0,21165.0,38734.0,22306.0,9863.0,16104.0,42725.0,13401.0,76722.0,12527.0,37223.0,2552.0,20722.0,28495.0,8238.0,12543.0,17368.0,59592.0,7762.0,26991.0,59026.0,10589.0,13026.0,71622.0,4917.0,48831.0,17050.0,16987.0,3790.0,11839.0,15341.0,7482.0,3117.0,37137.0,11580,36146.0,13294.0,4456.0,30448.0,28963.0,18133.0,15092.0,80489.0,25773.0,15639.0,6841.0,19813.0,21344.0,6886.0,11654.0,12826.0,11087.0,30424.0,67918.0,46035,69466.0,71914.0
2024-03-05,17866.0,35212,45034.0,10634.0,12389.0,26927.0,41149.0,26061.0,12515.0,18849.0,61494.0,14911.0,97953.0,16461.0,47843.0,3089.0,23540.0,30768.0,9584.0,16370.0,21164.0,75738.0,9402.0,34770.0,60240.0,12194.0,16149.0,87931.0,5038.0,58462.0,18157.0,17817.0,4102.0,12567.0,16048.0,7729.0,3696.0,39226.0,14122,43856.0,14492.0,4848.0,35762.0,34892.0,20787.0,17998.0,91588.0,28352.0,19464.0,8803.0,23593.0,25248.0,8787.0,13053.0,15903.0,13769.0,35604.0,94180.0,54585,83855.0,76892.0
2024-03-06,18307.0,34864,47297.0,10306.0,13317.0,27632.0,42345.0,26154.0,12519.0,18910.0,61910.0,15381.0,101284.0,16744.0,47102.0,3341.0,23657.0,31138.0,9647.0,16109.0,20421.0,77599.0,9055.0,34534.0,71193.0,12479.0,16335.0,90118.0,5177.0,57656.0,18229.0,17788.0,4448.0,13146.0,17067.0,8187.0,3814.0,41263.0,14599,44828.0,15087.0,5645.0,37960.0,35595.0,21616.0,18369.0,94463.0,28909.0,20799.0,8764.0,25308.0,26425.0,8564.0,12760.0,16331.0,12975.0,36482.0,98973.0,55633,86347.0,79748.0
2024-03-07,19648.0,37135,48191.0,10925.0,13577.0,31372.0,43477.0,26701.0,12998.0,21056.0,66095.0,15902.0,108099.0,17994.0,49149.0,3343.0,24839.0,30111.0,10426.0,16870.0,21721.0,81782.0,9804.0,36450.0,77480.0,12901.0,16800.0,95459.0,5582.0,59969.0,19204.0,18473.0,4838.0,13929.0,17398.0,8640.0,3869.0,41806.0,16192,44919.0,15451.0,5344.0,39504.0,38803.0,22187.0,18797.0,100045.0,27606.0,20934.0,9165.0,26657.0,28035.0,8870.0,13150.0,16601.0,14593.0,36014.0,105022.0,55821,91676.0,78637.0
2024-03-08,17734.0,32917,46370.0,8184.0,11647.0,23876.0,41468.0,22092.0,9818.0,18811.0,38870.0,16381.0,84332.0,13181.0,29791.0,2606.0,23523.0,29295.0,7806.0,11259.0,17047.0,56278.0,7971.0,29217.0,69141.0,13145.0,12950.0,91712.0,6377.0,54212.0,19281.0,20442.0,5114.0,13424.0,18442.0,9281.0,3467.0,45619.0,16449,42144.0,14784.0,5727.0,48462.0,41120.0,21223.0,15505.0,92532.0,26724.0,15353.0,6145.0,25014.0,25301.0,5947.0,12388.0,12964.0,11216.0,34624.0,83888.0,44411,83924.0,78897.0
2024-03-09,19863.0,28964,46846.0,5245.0,11247.0,20168.0,35997.0,13189.0,6099.0,15240.0,17527.0,16003.0,66286.0,8064.0,13681.0,1835.0,21105.0,22539.0,4958.0,4849.0,10652.0,34877.0,5367.0,24080.0,63161.0,10540.0,9527.0,101757.0,52760.0,14579.0,26817.0,6585.0,15433.0,19286.0,12719.0,2615.0,32772.0,,23654,38804.0,8986.0,8228.0,68158.0,50747.0,9.0,81733.0,24396.0,,6635.0,953.0,28848.0,22714.0,2031.0,13728.0,10248.0,4098.0,46528.0,90197.0,35608,84741.0,80667.0
2024-03-10,10512.0,15914,34082.0,2831.0,3810.0,11753.0,31043.0,7811.0,4170.0,10935.0,10783.0,10998.0,43514.0,4934.0,8400.0,1311.0,12244.0,14300.0,3386.0,2670.0,7449.0,17209.0,3280.0,14680.0,37299.0,8681.0,6627.0,54266.0,4.0,28033.0,10108.0,16549.0,4433.0,9271.0,9963.0,8903.0,1040.0,29238.0,15258,23418.0,5374.0,3848.0,36410.0,27106.0,22.0,58647.0,12844.0,,2789.0,540.0,17068.0,10326.0,1185.0,7577.0,7929.0,1934.0,18332.0,46344.0,23528,56146.0,68020.0
2024-03-11,14535.0,31266,41064.0,8361.0,11409.0,21144.0,39112.0,21956.0,9803.0,15784.0,45493.0,13155.0,77586.0,13271.0,36373.0,2508.0,22062.0,26445.0,8151.0,12917.0,17712.0,59268.0,7535.0,27485.0,57797.0,11466.0,13800.0,70470.0,5010.0,47035.0,17185.0,16464.0,4154.0,11246.0,15296.0,7487.0,3222.0,36567.0,12368,36880.0,13056.0,4501.0,30961.0,29862.0,18577.0,16223.0,81351.0,27198.0,16633.0,6910.0,20185.0,21207.0,6977.0,11571.0,12757.0,11000.0,30541.0,77685.0,44052,68517.0,67034.0
2024-03-12,19903.0,35318,50827.0,10455.0,13719.0,27544.0,44011.0,26985.0,12687.0,18383.0,61709.0,14986.0,97041.0,16400.0,48193.0,3121.0,23565.0,28109.0,10375.0,18252.0,20912.0,74891.0,9584.0,27504.0,69291.0,12062.0,16502.0,87375.0,5863.0,53363.0,18207.0,14971.0,4961.0,13063.0,15983.0,7049.0,3862.0,40634.0,11661,43497.0,14778.0,4093.0,34469.0,32898.0,20856.0,18570.0,95691.0,28767.0,20516.0,9197.0,25206.0,25516.0,8626.0,13245.0,16747.0,14478.0,36426.0,100082.0,53223,86824.0,72894.0
2024-03-13,18648.0,34461,46986.0,10185.0,13196.0,27519.0,43240.0,25548.0,12618.0,18511.0,60117.0,15362.0,97809.0,16066.0,46727.0,3491.0,24116.0,29210.0,9652.0,15985.0,20140.0,74649.0,9053.0,34228.0,69505.0,12328.0,16155.0,88479.0,5738.0,55563.0,18139.0,17989.0,5016.0,13175.0,16944.0,8250.0,3918.0,38761.0,14351,44486.0,15063.0,5126.0,36838.0,35730.0,21482.0,18999.0,93534.0,29744.0,19707.0,8799.0,25104.0,26915.0,8589.0,12925.0,16049.0,13107.0,35794.0,98623.0,54120,85788.0,73697.0
2024-03-14,18259.0,36886,48326.0,10983.0,13620.0,29816.0,44171.0,25881.0,12381.0,20189.0,63279.0,15922.0,105296.0,17938.0,48077.0,3652.0,26131.0,29291.0,10490.0,16656.0,21088.0,80588.0,9503.0,36123.0,74439.0,12701.0,16613.0,94628.0,5545.0,57649.0,19219.0,17921.0,4951.0,13809.0,17116.0,8750.0,4078.0,36151.0,15749,45048.0,15727.0,5279.0,38810.0,36859.0,21983.0,18739.0,102067.0,29364.0,20364.0,8857.0,25599.0,28125.0,8866.0,13109.0,16772.0,14195.0,38343.0,103220.0,53999,90364.0,91057.0
2024-03-15,19134.0,32211,47012.0,7970.0,11969.0,23648.0,40841.0,21481.0,9004.0,17933.0,36941.0,16575.0,83742.0,12869.0,30204.0,2577.0,23346.0,28422.0,7985.0,11176.0,16895.0,56756.0,7853.0,28531.0,66041.0,12830.0,13012.0,91191.0,6001.0,50842.0,19321.0,19414.0,5200.0,13494.0,17587.0,8846.0,3436.0,43881.0,16284,40222.0,14654.0,5453.0,45047.0,38747.0,21374.0,15006.0,88454.0,25954.0,15857.0,6159.0,24592.0,24832.0,5768.0,11983.0,12951.0,10563.0,33744.0,82995.0,42671,82448.0,74752.0
2024-03-16,18522.0,22612,49637.0,10764.0,23824.0,42229.0,15870.0,,11997.0,22386.0,17418.0,69828.0,10195.0,15119.0,2181.0,17551.0,21022.0,,5856.0,1.0,24286.0,5263.0,23708.0,65470.0,10222.0,11161.0,101311.0,,4282.0,50218.0,16405.0,21910.0,6127.0,14217.0,24023.0,11169.0,3664.0,35947.0,19340,32884.0,12194.0,5779.0,63845.0,47723.0,15373.0,7692.0,84772.0,25624.0,7900.0,2218.0,26895.0,24035.0,2524.0,9333.0,9912.0,4968.0,31338.0,79882.0,38245,93899.0,83241.0
2024-03-17,9879.0,15203,38735.0,3.0,6278.0,13211.0,32726.0,11167.0,6813.0,16613.0,11543.0,41798.0,4874.0,9128.0,1570.0,9432.0,15674.0,,3039.0,14018.0,3032.0,15207.0,40589.0,8968.0,7890.0,62153.0,,,3210.0,28456.0,12212.0,15174.0,5290.0,9995.0,15498.0,10248.0,2523.0,29494.0,14169,23977.0,8304.0,5434.0,40811.0,29823.0,5320.0,3724.0,63004.0,18931.0,4383.0,1013.0,22674.0,15840.0,1050.0,7301.0,6986.0,1156.0,21099.0,49632.0,24564,49358.0,73986.0
2024-03-18,14948.0,31302,40645.0,8371.0,10949.0,21029.0,36725.0,22030.0,9896.0,16018.0,44971.0,13271.0,77625.0,13034.0,36754.0,2718.0,21274.0,27731.0,8396.0,12797.0,18170.0,60427.0,7457.0,26684.0,59585.0,11482.0,13183.0,73049.0,5149.0,48730.0,17186.0,17189.0,4146.0,11820.0,15116.0,7483.0,3219.0,36198.0,11857,37912.0,13635.0,4529.0,30613.0,29649.0,18814.0,15670.0,79622.0,27082.0,16061.0,6663.0,19883.0,21273.0,6852.0,11109.0,12843.0,10982.0,30644.0,78224.0,46579,69414.0,68696.0
2024-03-19,18259.0,35792,46815.0,9969.0,12908.0,27053.0,41894.0,25328.0,12902.0,18275.0,61796.0,14391.0,97394.0,17014.0,47863.0,3340.0,24506.0,29551.0,10067.0,16274.0,20652.0,77462.0,9103.0,34311.0,70106.0,11587.0,16720.0,87210.0,5052.0,56120.0,18348.0,17060.0,4612.0,12811.0,16388.0,7863.0,3683.0,38928.0,13639,43832.0,14533.0,4745.0,34457.0,33322.0,20710.0,18059.0,90354.0,28505.0,19977.0,8846.0,24296.0,25985.0,8447.0,12428.0,16024.0,13452.0,35483.0,96453.0,55931,86188.0,73655.0
2024-03-20,18897.0,34663,46235.0,10350.0,13084.0,27236.0,42296.0,26735.0,12171.0,18764.0,59515.0,14843.0,99674.0,16449.0,47286.0,3240.0,23218.0,29544.0,21411.0,12150.0,,,,,,,,,5264.0,18103.0,17451.0,16578.0,8045.0,4022.0,38954.0,,,,14780,44513.0,14828.0,5141.0,37482.0,35583.0,21741.0,18891.0,96662.0,29065.0,24221.0,,,,,,,,,,54157,85039.0,71882.0
2024-03-21,21828.0,37158,49514.0,10854.0,13614.0,29924.0,43427.0,26009.0,12579.0,19576.0,62006.0,15020.0,107099.0,17088.0,49001.0,3424.0,24711.0,29916.0,10598.0,16780.0,82095.0,9249.0,36598.0,72882.0,17078.0,95963.0,,,59920.0,19321.0,4831.0,13791.0,,,,,,,15451,45205.0,14861.0,5252.0,39685.0,37648.0,21911.0,18283.0,98608.0,27871.0,20506.0,9680.0,25670.0,28314.0,9314.0,12719.0,16468.0,14333.0,37104.0,103615.0,55783,92479.0,74141.0
2024-03-22,20310.0,32120,46751.0,8161.0,11400.0,22943.0,40768.0,20963.0,9457.0,17767.0,37506.0,16242.0,84924.0,12304.0,30419.0,2599.0,22502.0,28428.0,8535.0,11179.0,16851.0,57867.0,7622.0,28819.0,64177.0,12733.0,12821.0,89677.0,5857.0,52399.0,19351.0,4635.0,13024.0,17304.0,8646.0,3488.0,42609.0,,16291,39356.0,14344.0,5017.0,44778.0,38112.0,20323.0,13958.0,87817.0,24340.0,14534.0,5844.0,24027.0,5628.0,11441.0,12540.0,10637.0,32330.0,84109.0,,42067,80976.0,89919.0
2024-03-23,17797.0,30333,48655.0,5460.0,11056.0,20752.0,39899.0,13518.0,6492.0,16599.0,16104.0,17570.0,67323.0,12223.0,13775.0,1533.0,24951.0,22819.0,5210.0,5033.0,12203.0,35042.0,5633.0,22268.0,63686.0,10299.0,9124.0,98063.0,5619.0,49925.0,14870.0,21888.0,5485.0,13419.0,20660.0,9254.0,2616.0,38608.0,23419,31879.0,13032.0,5360.0,60956.0,47845.0,18532.0,9484.0,90818.0,25769.0,12329.0,1902.0,26897.0,26152.0,3754.0,9255.0,10234.0,6075.0,31035.0,80286.0,39124,84484.0,77823.0
2024-03-24,5741.0,18186,35284.0,3435.0,3117.0,13829.0,26568.0,8888.0,4874.0,13793.0,10391.0,12152.0,39720.0,9174.0,8773.0,1291.0,20517.0,16142.0,3484.0,2621.0,7823.0,19579.0,2826.0,13566.0,40213.0,8361.0,7077.0,55710.0,5270.0,29586.0,12236.0,15135.0,4553.0,10274.0,13269.0,7506.0,1823.0,28719.0,13995,22808.0,10257.0,2636.0,35682.0,26590.0,11727.0,7873.0,61395.0,20377.0,7575.0,1091.0,16828.0,17814.0,3085.0,6686.0,7126.0,3872.0,21404.0,46217.0,27146,49887.0,53773.0
2024-03-25,14703.0,32923,40446.0,8128.0,12162.0,21175.0,38916.0,20183.0,9791.0,16941.0,45062.0,13245.0,78252.0,14000.0,35302.0,2667.0,24609.0,26755.0,7867.0,12308.0,14387.0,58560.0,6497.0,26860.0,62239.0,10629.0,13756.0,75019.0,5773.0,49923.0,16839.0,18998.0,4479.0,12434.0,15518.0,7566.0,3320.0,36500.0,13799,38141.0,13657.0,5043.0,34445.0,33759.0,17378.0,16083.0,80802.0,29088.0,16573.0,6876.0,21158.0,22428.0,6962.0,10920.0,13089.0,11020.0,29595.0,79596.0,45462,70105.0,65442.0
2024-03-26,18747.0,37571,46136.0,10850.0,14165.0,27847.0,45556.0,23777.0,13369.0,19678.0,60924.0,14558.0,98663.0,19006.0,46687.0,27546.0,28420.0,,9940.0,16824.0,18101.0,74704.0,8911.0,35051.0,74353.0,12201.0,17179.0,88292.0,5703.0,57951.0,17841.0,20571.0,4595.0,14154.0,16214.0,7958.0,3785.0,40717.0,15896,39690.0,20006.0,18979.0,93454.0,30967.0,,,,,20774.0,8859.0,27342.0,25611.0,8999.0,12585.0,17143.0,14428.0,34752.0,97585.0,52405,90159.0,70937.0
2024-03-27,18657.0,34734,46258.0,9872.0,13460.0,27214.0,45833.0,22907.0,19067.0,96031.0,3021.0,,,,,,,,9258.0,15258.0,17153.0,71903.0,7957.0,33438.0,75041.0,11448.0,16023.0,89745.0,6149.0,55661.0,17919.0,20118.0,5306.0,13719.0,16376.0,8476.0,3723.0,37758.0,16985,43675.0,5388.0,39056.0,,,,,,,19312.0,8251.0,26316.0,26955.0,8122.0,12353.0,15959.0,12816.0,35624.0,94977.0,51197,86549.0,72232.0
2024-03-28,19198.0,34057,45214.0,9062.0,13473.0,27935.0,41757.0,20650.0,11101.0,50878.0,15703.0,16692.0,37383.0,2713.0,26328.0,27586.0,,,8731.0,13745.0,14681.0,67976.0,7400.0,31839.0,74797.0,11152.0,15501.0,92898.0,5831.0,54202.0,17323.0,21090.0,4425.0,13566.0,16182.0,8143.0,3482.0,39744.0,18854,38275.0,15082.0,4898.0,44449.0,40621.0,19222.0,15195.0,96042.0,26325.0,18269.0,7331.0,27119.0,24801.0,7116.0,11967.0,15101.0,11941.0,35211.0,92766.0,45011,87952.0,77465.0
2024-03-29,12294.0,25323,11088.0,4133.0,9071.0,16751.0,60893.0,9277.0,5439.0,16579.0,15907.0,13705.0,59544.0,12059.0,10228.0,24798.0,14879.0,,4803.0,4232.0,6346.0,17841.0,3881.0,16372.0,60423.0,8376.0,8756.0,55116.0,4862.0,31400.0,13620.0,18908.0,6055.0,12020.0,14346.0,8166.0,1919.0,33345.0,16474,26790.0,11606.0,4801.0,48787.0,41193.0,13261.0,8986.0,66469.0,23871.0,11115.0,5330.0,22541.0,22880.0,3333.0,7197.0,6138.0,4384.0,22041.0,59630.0,38105,76750.0,69600.0
2024-03-30,14397.0,28830,11289.0,4262.0,11266.0,18630.0,62701.0,10123.0,5482.0,16975.0,17042.0,14709.0,62896.0,12219.0,9223.0,26798.0,13517.0,,4044.0,5155.0,6670.0,17193.0,3730.0,21960.0,70129.0,9406.0,10839.0,61010.0,3141.0,38379.0,14238.0,21672.0,8302.0,15072.0,18962.0,10797.0,2662.0,32077.0,21785,30987.0,10334.0,6819.0,60672.0,48179.0,13667.0,9021.0,77017.0,30120.0,11935.0,5421.0,29115.0,28614.0,3757.0,6987.0,8146.0,5757.0,23788.0,70592.0,42413,87706.0,70006.0
2024-03-31,7801.0,19216,8682.0,2929.0,8005.0,11947.0,42735.0,6837.0,4480.0,13608.0,10429.0,11552.0,35437.0,8622.0,6229.0,21978.0,9432.0,,3208.0,2491.0,4397.0,10050.0,2273.0,13429.0,28027.0,4152.0,7273.0,32687.0,4623.0,15929.0,10874.0,10722.0,5566.0,9697.0,11055.0,7443.0,1458.0,27832.0,12325,19209.0,8216.0,4752.0,33721.0,27069.0,6684.0,8172.0,50878.0,22582.0,8579.0,2968.0,15296.0,15818.0,3126.0,5121.0,5676.0,2952.0,17507.0,38604.0,28868,52987.0,40046.0
2024-04-01,7622.0,20613,7995.0,3263.0,10960.0,10836.0,63588.0,7288.0,4289.0,12800.0,10713.0,10708.0,35337.0,8135.0,6959.0,19370.0,11887.0,,3487.0,2709.0,4560.0,11719.0,2499.0,12884.0,46503.0,7066.0,6994.0,38346.0,4556.0,24373.0,11047.0,18643.0,5552.0,10081.0,10515.0,6779.0,1793.0,27634.0,14156,20359.0,9186.0,4386.0,36387.0,31252.0,9707.0,7146.0,51317.0,20036.0,8515.0,3535.0,15654.0,16214.0,2592.0,5602.0,5913.0,3057.0,14957.0,46152.0,30378,54370.0,56841.0
2024-04-02,14814.0,31269,39856.0,8338.0,12574.0,21118.0,40641.0,19022.0,10316.0,16849.0,46443.0,13159.0,81672.0,16374.0,35020.0,2653.0,25944.0,27140.0,7618.0,12366.0,16235.0,58854.0,6191.0,25422.0,67119.0,9064.0,13266.0,77949.0,5012.0,50491.0,15415.0,19427.0,4506.0,13154.0,14330.0,7353.0,3311.0,34327.0,15851,36036.0,13756.0,4657.0,37834.0,35411.0,16709.0,14295.0,83147.0,26243.0,17059.0,6863.0,22985.0,22716.0,7124.0,10043.0,13405.0,8022.0,28884.0,80965.0,44891,73836.0,89206.0
2024-04-03,16721.0,32606,33897.0,8503.0,13362.0,23852.0,40460.0,19857.0,10866.0,18025.0,50566.0,14826.0,89081.0,16650.0,38518.0,2885.0,27577.0,27391.0,7957.0,13057.0,13105.0,64928.0,6506.0,27183.0,72555.0,10984.0,14384.0,85543.0,5528.0,54079.0,16606.0,20557.0,4504.0,13339.0,14927.0,8421.0,3279.0,37477.0,16410,41427.0,14945.0,5480.0,42564.0,39331.0,17738.0,15941.0,91487.0,29288.0,18365.0,7389.0,25191.0,26462.0,7533.0,10724.0,13974.0,8927.0,31970.0,86994.0,47931,81811.0,71176.0
2024-04-04,16906.0,34338,44438.0,9300.0,11614.0,26276.0,41738.0,21735.0,11596.0,18956.0,54742.0,14981.0,94042.0,18320.0,40232.0,3113.0,28526.0,28300.0,8867.0,14057.0,15926.0,69597.0,7133.0,29838.0,68772.0,11124.0,15471.0,93493.0,5857.0,58277.0,17571.0,21125.0,4706.0,13834.0,15758.0,8423.0,3500.0,40111.0,19146,40488.0,15431.0,5237.0,43745.0,42645.0,19255.0,15674.0,98211.0,28931.0,19201.0,8098.0,26301.0,28385.0,8461.0,11584.0,15067.0,9574.0,32279.0,87609.0,48573,86587.0,73227.0
2024-04-05,15569.0,32176,13159.0,7669.0,11372.0,20453.0,38357.0,17872.0,8656.0,17066.0,33916.0,14220.0,79402.0,12848.0,25344.0,2810.0,25513.0,28202.0,6582.0,9445.0,9794.0,50960.0,5911.0,24182.0,65682.0,11072.0,11640.0,86688.0,5867.0,51051.0,17026.0,20389.0,4978.0,13482.0,16119.0,8706.0,2262.0,39161.0,18448,37971.0,14222.0,5574.0,44876.0,39380.0,18127.0,12748.0,85001.0,28252.0,14162.0,5393.0,24091.0,25009.0,5869.0,11591.0,11892.0,7449.0,28518.0,77757.0,40909,79297.0,73816.0
2024-04-06,14945.0,25288,40628.0,5197.0,2327.0,18242.0,29337.0,11543.0,6083.0,16410.0,8512.0,1.0,55009.0,11570.0,13092.0,2513.0,24117.0,26506.0,3647.0,10907.0,36340.0,4267.0,12383.0,57943.0,9119.0,2.0,84378.0,,9382.0,50568.0,14447.0,19967.0,6.0,16531.0,2379.0,34950.0,,,21509,30692.0,13558.0,5926.0,55485.0,42458.0,16791.0,8612.0,79205.0,23907.0,11176.0,3435.0,23259.0,27256.0,5588.0,8327.0,8888.0,6369.0,25774.0,63980.0,33935,77624.0,82724.0
2024-04-07,11396.0,22544,31231.0,3857.0,6179.0,13565.0,29635.0,8701.0,4860.0,13190.0,4439.0,48992.0,14630.0,10452.0,2200.0,20872.0,20435.0,,3717.0,8621.0,25454.0,2701.0,8796.0,36332.0,7570.0,51325.0,,,7632.0,31778.0,11212.0,13187.0,2.0,9642.0,3.0,1404.0,26781.0,,14283,24259.0,10653.0,4889.0,36104.0,30300.0,10550.0,10354.0,68905.0,31642.0,11567.0,7698.0,22823.0,29060.0,12950.0,6828.0,6652.0,8441.0,21940.0,50244.0,23541,48931.0,54205.0
2024-04-08,11647.0,24606,31230.0,6626.0,7304.0,16680.0,31639.0,15928.0,7193.0,14417.0,32621.0,11746.0,61055.0,11720.0,26894.0,2661.0,17220.0,27249.0,6152.0,10036.0,11908.0,44946.0,5112.0,21049.0,52367.0,8789.0,11219.0,65325.0,4687.0,44351.0,13987.0,16676.0,3303.0,10400.0,12445.0,6471.0,2522.0,30362.0,12945,31428.0,11737.0,4337.0,31483.0,28676.0,15444.0,12037.0,55165.0,22007.0,10558.0,4213.0,16745.0,19200.0,6409.0,9125.0,10358.0,7095.0,17381.0,41976.0,37867,48342.0,63128.0
2024-04-09,16048.0,33434,42098.0,9222.0,11197.0,25156.0,40811.0,22436.0,11638.0,17831.0,58054.0,13802.0,92048.0,17068.0,43227.0,3123.0,24606.0,28408.0,8914.0,14181.0,15574.0,69416.0,6933.0,29231.0,70933.0,10856.0,14956.0,84291.0,5165.0,54658.0,16155.0,19052.0,3887.0,12307.0,14569.0,6970.0,3232.0,38640.0,17375,40526.0,14168.0,4904.0,38056.0,36029.0,18851.0,15482.0,95971.0,27122.0,18637.0,8479.0,24011.0,25122.0,8482.0,11471.0,15116.0,10051.0,32098.0,88191.0,49854,82675.0,75373.0
2024-04-10,15475.0,37448,45081.0,9966.0,12869.0,24778.0,41811.0,22681.0,11865.0,18478.0,58219.0,14044.0,97031.0,17133.0,41937.0,3274.0,25698.0,29068.0,8733.0,13947.0,17300.0,69941.0,7519.0,34008.0,74378.0,112.0,15094.0,90439.0,5701.0,57672.0,16819.0,19995.0,4105.0,13681.0,15399.0,8328.0,1274.0,41249.0,18263,43020.0,15061.0,4923.0,42311.0,39903.0,19542.0,16222.0,102308.0,28967.0,19133.0,8215.0,26353.0,27667.0,8527.0,4192.0,14572.0,10301.0,36584.0,98550.0,52483,86107.0,76897.0
2024-04-11,16815.0,35576,46117.0,9749.0,13260.0,27330.0,42973.0,22433.0,12827.0,19442.0,62970.0,14739.0,105597.0,19166.0,44282.0,3487.0,25669.0,27884.0,8836.0,14689.0,17103.0,74612.0,7481.0,32501.0,77419.0,10118.0,15860.0,96164.0,5507.0,60067.0,17494.0,19898.0,4913.0,13755.0,15957.0,8802.0,3485.0,40016.0,18869,45625.0,14913.0,5326.0,42861.0,40760.0,20353.0,16730.0,98387.0,29341.0,20165.0,8712.0,25954.0,29487.0,8528.0,11039.0,15278.0,10319.0,33757.0,100991.0,54699,93071.0,77358.0
2024-04-12,16412.0,32522,45311.0,7946.0,11051.0,21631.0,39332.0,19056.0,8978.0,17737.0,37560.0,16472.0,83308.0,13682.0,27618.0,2998.0,25498.0,27278.0,7018.0,10092.0,14427.0,53787.0,6566.0,25724.0,69355.0,10536.0,12475.0,90948.0,5900.0,53523.0,16584.0,20395.0,5226.0,14296.0,17306.0,8962.0,3442.0,37850.0,18207,41187.0,14468.0,6391.0,46937.0,39148.0,19826.0,13416.0,90964.0,27295.0,14888.0,6334.0,23991.0,27411.0,5881.0,10337.0,11968.0,7976.0,32050.0,85606.0,44305,86200.0,78533.0
2024-04-13,15494.0,27940,47425.0,4655.0,14794.0,19807.0,38488.0,12512.0,4561.0,17954.0,15224.0,14973.0,62067.0,11127.0,11819.0,26036.0,22135.0,,3491.0,4907.0,8729.0,31539.0,3472.0,21795.0,63058.0,9323.0,8817.0,91921.0,5481.0,43502.0,13706.0,20508.0,4500.0,14508.0,19805.0,9251.0,2801.0,30875.0,20954,32556.0,13051.0,6964.0,57578.0,40830.0,18261.0,9752.0,77944.0,29003.0,11511.0,3857.0,25804.0,28958.0,4028.0,8133.0,8335.0,6377.0,28499.0,75498.0,42591,84936.0,75937.0
2024-04-14,11283.0,18313,38470.0,2612.0,9954.0,11688.0,25397.0,7557.0,3043.0,12646.0,8834.0,10612.0,39377.0,7237.0,7177.0,16364.0,15816.0,,2968.0,2254.0,7099.0,19637.0,2564.0,12158.0,35256.0,6873.0,5205.0,48427.0,4213.0,25617.0,9982.0,12531.0,8813.0,11530.0,6137.0,1735.0,23096.0,,12562,18899.0,9070.0,4391.0,30715.0,22731.0,11362.0,6245.0,45749.0,14339.0,9879.0,1856.0,13963.0,14451.0,2379.0,6007.0,5630.0,3106.0,25518.0,46639.0,28000,63121.0,70899.0
2024-04-15,12173.0,27664,40119.0,7870.0,10750.0,19009.0,37080.0,19410.0,9954.0,14834.0,44976.0,13625.0,81322.0,12348.0,36745.0,789.0,20068.0,27199.0,,,,,,,,,,,3456.0,,,,,,,,,,11498,35313.0,13037.0,4029.0,27699.0,28110.0,17478.0,13972.0,76959.0,23295.0,,,,,,,,,,,13604,65134.0,65478.0
2024-04-16,16818.0,33502,43457.0,10117.0,12655.0,26401.0,41111.0,23912.0,12614.0,17062.0,61870.0,14322.0,93637.0,16379.0,47083.0,2983.0,22895.0,29146.0,8914.0,15879.0,17895.0,73345.0,7725.0,30576.0,67436.0,10315.0,15721.0,81519.0,4949.0,55683.0,16524.0,17265.0,4241.0,12554.0,15626.0,7136.0,3534.0,32860.0,13829,42268.0,14276.0,4599.0,33715.0,32693.0,19784.0,17910.0,89600.0,27938.0,18935.0,8438.0,22680.0,23556.0,8562.0,12348.0,14319.0,9759.0,33575.0,93750.0,53794,82060.0,74143.0
2024-04-17,18230.0,32350,47894.0,9968.0,13892.0,26871.0,43530.0,23859.0,10391.0,19361.0,63217.0,15234.0,102826.0,16783.0,47168.0,3330.0,24375.0,28860.0,9534.0,16394.0,18251.0,77370.0,8041.0,32355.0,72527.0,10850.0,16840.0,89693.0,5503.0,57960.0,17358.0,18190.0,3897.0,13658.0,16316.0,7989.0,3766.0,34622.0,15564,44601.0,15087.0,5369.0,37208.0,36949.0,21142.0,19220.0,94797.0,30421.0,19724.0,8707.0,24738.0,24846.0,9053.0,12370.0,15180.0,10694.0,35544.0,96949.0,54900,85939.0,74772.0
2024-04-18,17819.0,36278,49514.0,10675.0,13530.0,29595.0,45968.0,24148.0,12954.0,19609.0,67332.0,15567.0,109424.0,17951.0,48371.0,3847.0,26898.0,29715.0,9414.0,16482.0,18801.0,82948.0,8437.0,33166.0,75773.0,11607.0,17774.0,96669.0,6147.0,60918.0,18526.0,18968.0,4364.0,13772.0,17065.0,8051.0,3697.0,35353.0,16294,46481.0,15621.0,5794.0,39328.0,38887.0,22561.0,18895.0,100243.0,29039.0,20703.0,8931.0,26272.0,27223.0,9463.0,12642.0,17204.0,11108.0,36225.0,103686.0,56469,93400.0,93925.0
2024-04-19,16725.0,32542,46538.0,8066.0,11269.0,22310.0,41806.0,20170.0,9200.0,17588.0,39596.0,15870.0,82472.0,12957.0,29253.0,3788.0,25067.0,27448.0,7363.0,11006.0,14730.0,55992.0,6620.0,26491.0,67610.0,11716.0,12693.0,88676.0,6644.0,53356.0,18439.0,21120.0,4573.0,13804.0,17393.0,8423.0,3397.0,37796.0,16064,42077.0,15036.0,6137.0,45183.0,40154.0,21557.0,14779.0,89031.0,28123.0,14754.0,5815.0,25235.0,24058.0,6100.0,11757.0,12177.0,8211.0,32469.0,82567.0,43419,80498.0,75427.0
2024-04-20,17104.0,33609,48411.0,5827.0,11753.0,20197.0,45590.0,13228.0,6741.0,17726.0,16843.0,16649.0,79646.0,10887.0,14286.0,3512.0,26995.0,21628.0,4821.0,5104.0,12986.0,33280.0,5552.0,22207.0,69588.0,10073.0,8886.0,101603.0,6556.0,58250.0,15352.0,24909.0,6265.0,18625.0,22052.0,10053.0,2753.0,35606.0,23425,37396.0,14212.0,10308.0,63790.0,50409.0,20593.0,11611.0,97070.0,30687.0,7337.0,3435.0,32664.0,28682.0,3998.0,8179.0,10569.0,6734.0,28679.0,90917.0,36766,100259.0,81128.0
2024-04-21,11337.0,24212,38256.0,3994.0,8070.0,13014.0,38019.0,9459.0,9880.0,16633.0,17341.0,11337.0,51762.0,22438.0,10166.0,5679.0,42251.0,19294.0,3826.0,2874.0,11843.0,20257.0,3621.0,16034.0,41443.0,8520.0,6370.0,59626.0,5700.0,30132.0,12235.0,14309.0,4945.0,10685.0,13740.0,7830.0,1700.0,26458.0,16355,32655.0,10389.0,4650.0,46077.0,39795.0,11986.0,17506.0,81793.0,37499.0,9208.0,7647.0,40124.0,38136.0,5701.0,7329.0,8507.0,11193.0,22745.0,65905.0,65696,85053.0,58422.0
2024-04-22,13765.0,30331,39466.0,8260.0,10544.0,21302.0,38185.0,20687.0,10310.0,16638.0,45118.0,13174.0,76595.0,12914.0,35852.0,2606.0,23918.0,27541.0,7540.0,12785.0,16043.0,57174.0,7216.0,25006.0,60953.0,11183.0,13465.0,71259.0,5983.0,51452.0,17526.0,18825.0,4249.0,12795.0,15730.0,7544.0,3064.0,35822.0,13012,39595.0,14437.0,4439.0,31313.0,32466.0,18775.0,16710.0,82217.0,28424.0,16866.0,6640.0,20670.0,21843.0,7260.0,11385.0,13638.0,8981.0,30195.0,73189.0,45487,68847.0,67560.0
2024-04-23,17830.0,35091,47536.0,10291.0,13304.0,26572.0,44882.0,25466.0,13018.0,18782.0,65202.0,14730.0,98487.0,17248.0,48223.0,3018.0,25810.0,28967.0,10041.0,15860.0,19164.0,73713.0,8444.0,32042.0,71532.0,12623.0,16868.0,84867.0,5828.0,57089.0,18705.0,19750.0,4945.0,13673.0,16744.0,8276.0,3093.0,38046.0,14624,44342.0,15051.0,5159.0,35616.0,36456.0,20681.0,19339.0,94970.0,32147.0,20228.0,8864.0,25078.0,25405.0,9263.0,13103.0,16627.0,11154.0,36557.0,96803.0,54941,88060.0,75951.0
2024-04-24,18015.0,34775,48557.0,10081.0,13400.0,27820.0,45153.0,24651.0,15115.0,3455.0,25219.0,29548.0,,,,,,,9198.0,16201.0,19455.0,78067.0,8569.0,33508.0,73028.0,12101.0,16735.0,90198.0,6425.0,59276.0,18658.0,19987.0,5043.0,14340.0,17828.0,8779.0,3768.0,38324.0,15877,16381.0,5728.0,38496.0,39046.0,,,,,,20003.0,8769.0,25275.0,26069.0,8893.0,12464.0,16447.0,11029.0,35804.0,100480.0,56245,89503.0,76264.0
2024-04-25,18170.0,37540,50003.0,10709.0,14528.0,30704.0,46927.0,25630.0,13755.0,21478.0,66784.0,109700.0,19534.0,48750.0,28430.0,,,,9452.0,17554.0,19815.0,82538.0,9548.0,35614.0,79123.0,13525.0,18282.0,97655.0,6751.0,61352.0,19364.0,22151.0,5335.0,14541.0,18160.0,9225.0,4022.0,41704.0,17623,47660.0,42911.0,22181.0,20186.0,103820.0,32842.0,,,,22712.0,9242.0,28080.0,27576.0,9974.0,13372.0,18138.0,12341.0,37639.0,105319.0,57196,96454.0,78268.0
2024-04-26,16792.0,33623,43883.0,8436.0,10946.0,22691.0,42760.0,21435.0,9268.0,17800.0,37511.0,16055.0,82890.0,13490.0,29397.0,2908.0,28095.0,,6030.0,10838.0,15681.0,56551.0,6806.0,26582.0,68513.0,11995.0,13664.0,89452.0,6665.0,53966.0,18843.0,21666.0,5264.0,14600.0,19227.0,9131.0,19.0,40983.0,42779,14893.0,6699.0,46808.0,21602.0,15502.0,97936.0,30015.0,,,16081.0,5744.0,24667.0,25489.0,6600.0,189.0,11418.0,7688.0,25200.0,86090.0,45011,86081.0,80112.0
2024-04-27,16885.0,35099,47996.0,5760.0,18975.0,37463.0,14666.0,,5850.0,18277.0,16209.0,15856.0,72760.0,10964.0,12905.0,2421.0,26647.0,20252.0,4756.0,5023.0,13067.0,34892.0,5515.0,23410.0,66402.0,11580.0,9579.0,101715.0,6686.0,54716.0,16320.0,28381.0,5958.0,22101.0,23637.0,9770.0,1.0,39039.0,22380,37949.0,14650.0,8354.0,66957.0,39037.0,19885.0,10680.0,88785.0,27587.0,12986.0,3568.0,17577.0,28131.0,4384.0,8426.0,10597.0,6286.0,32369.0,82721.0,33333,87194.0,98122.0
2024-04-28,10052.0,23492,33934.0,3651.0,12379.0,29697.0,9217.0,,4836.0,13369.0,10116.0,10627.0,46092.0,7768.0,9413.0,1957.0,20851.0,14708.0,3929.0,2655.0,8960.0,21018.0,2989.0,13643.0,37290.0,8650.0,6729.0,56801.0,5722.0,30487.0,13007.0,17326.0,4911.0,11190.0,13491.0,7748.0,34491.0,,14737,23085.0,10111.0,4276.0,38556.0,22759.0,11454.0,8087.0,57815.0,22447.0,8310.0,1771.0,9883.0,16589.0,3250.0,6207.0,7495.0,3552.0,22542.0,47673.0,24318,52304.0,55531.0
2024-04-29,13702.0,31191,39290.0,8243.0,10520.0,20930.0,38743.0,20488.0,10333.0,16834.0,44541.0,13219.0,77400.0,13765.0,36446.0,3016.0,25161.0,27642.0,7766.0,12371.0,15278.0,58919.0,6521.0,25807.0,61129.0,10774.0,13939.0,72874.0,6059.0,51071.0,17821.0,19626.0,4859.0,12875.0,16650.0,8398.0,3341.0,36622.0,13495,38756.0,14330.0,5544.0,33021.0,33449.0,19370.0,16985.0,79065.0,30921.0,16875.0,6786.0,20162.0,21857.0,7447.0,10627.0,13428.0,8700.0,29862.0,75874.0,46321,69974.0,70863.0
2024-04-30,16344.0,35253,45218.0,10408.0,12475.0,26253.0,44425.0,24302.0,13187.0,19111.0,62058.0,14455.0,97930.0,18388.0,47753.0,3304.0,27383.0,29277.0,9553.0,15340.0,19232.0,74334.0,7940.0,30596.0,71488.0,11667.0,17061.0,88093.0,6023.0,57820.0,18699.0,19979.0,5133.0,14374.0,17560.0,8452.0,3727.0,38974.0,14500,44414.0,15653.0,5763.0,35973.0,36026.0,20624.0,19328.0,94293.0,32419.0,20321.0,8869.0,23621.0,26086.0,9503.0,12196.0,16612.0,10848.0,34327.0,97152.0,56657,88201.0,77870.0
2024-05-01,16288.0,35074,44799.0,10070.0,12726.0,27373.0,44181.0,23810.0,12727.0,18948.0,59759.0,15269.0,99449.0,16861.0,46492.0,3609.0,26087.0,29565.0,9626.0,15360.0,19168.0,75120.0,8225.0,32182.0,72881.0,11322.0,16961.0,90155.0,6271.0,58116.0,18647.0,20033.0,5417.0,13791.0,17536.0,8750.0,3752.0,39373.0,15861,46879.0,15576.0,5775.0,39046.0,38913.0,21575.0,19911.0,96025.0,32763.0,19524.0,8684.0,27276.0,27681.0,9294.0,12011.0,16532.0,11218.0,34844.0,100502.0,55869,85603.0,76881.0
2024-05-02,17188.0,35667,45301.0,10351.0,13203.0,28634.0,46212.0,24438.0,12975.0,20252.0,61824.0,15671.0,103474.0,17789.0,46498.0,3212.0,28597.0,28816.0,9596.0,15631.0,18257.0,76839.0,8463.0,34160.0,77790.0,11254.0,17354.0,92594.0,6464.0,59521.0,19864.0,20902.0,5209.0,14145.0,18017.0,9222.0,3755.0,42061.0,16806,44742.0,15799.0,5616.0,41253.0,41860.0,22154.0,18940.0,100180.0,31190.0,21447.0,9075.0,29124.0,28930.0,9578.0,13094.0,16750.0,11463.0,37289.0,102365.0,54929,90373.0,76768.0
2024-05-03,16637.0,32728,40393.0,7433.0,11431.0,20372.0,41556.0,19550.0,9010.0,18387.0,33934.0,13494.0,77725.0,12068.0,28251.0,2690.0,24893.0,27639.0,7191.0,9981.0,14183.0,54167.0,7281.0,26448.0,67083.0,12648.0,12104.0,86465.0,7354.0,51545.0,19662.0,24126.0,4402.0,13316.0,17508.0,8852.0,3230.0,47004.0,16818,40534.0,15004.0,5542.0,45830.0,40838.0,20673.0,15372.0,88717.0,27208.0,14467.0,5513.0,26867.0,23426.0,6163.0,11824.0,12547.0,8076.0,32778.0,80752.0,41176,78328.0,76550.0
2024-05-04,18100.0,29667,36330.0,4649.0,10796.0,17769.0,35559.0,11751.0,5842.0,15950.0,16345.0,15031.0,64340.0,8581.0,12377.0,1769.0,24083.0,20786.0,4300.0,4654.0,9138.0,33780.0,3817.0,20667.0,66915.0,9766.0,9747.0,93541.0,48142.0,24928.0,6535.0,14665.0,18840.0,14433.0,2493.0,35833.0,,,17531,35569.0,1.0,7291.0,62966.0,45426.0,1.0,10.0,72730.0,26223.0,7980.0,2128.0,28380.0,23444.0,3088.0,8322.0,9193.0,3845.0,35050.0,88217.0,35064,85945.0,77924.0
2024-05-05,13128.0,24064,10789.0,3966.0,8523.0,13159.0,29082.0,8261.0,4761.0,13405.0,11620.0,12096.0,48485.0,6585.0,8928.0,1442.0,18553.0,16032.0,3180.0,2718.0,5600.0,22995.0,2960.0,14225.0,40798.0,8135.0,7469.0,61823.0,1.0,33076.0,18102.0,5170.0,11455.0,12607.0,11376.0,1950.0,32386.0,,15536,28694.0,4.0,7076.0,39213.0,29873.0,3.0,45315.0,20708.0,,5360.0,1233.0,19959.0,15518.0,1940.0,6376.0,7445.0,2575.0,22745.0,59173.0,28292,65948.0,57787.0
2024-05-06,8107.0,17426,29142.0,2725.0,7508.0,9525.0,27149.0,7245.0,3795.0,10487.0,8785.0,9395.0,37368.0,4732.0,7438.0,950.0,12635.0,14925.0,2568.0,2450.0,7333.0,20148.0,2949.0,12139.0,38799.0,7200.0,6218.0,50139.0,29027.0,1.0,18176.0,3466.0,8007.0,8666.0,7936.0,1108.0,29357.0,,11956,21012.0,1.0,3511.0,31427.0,26147.0,6.0,44752.0,13753.0,,4864.0,1201.0,15490.0,10627.0,1498.0,5927.0,6598.0,1983.0,16562.0,45916.0,22050,48924.0,55534.0
2024-05-07,13983.0,30422,38339.0,7941.0,9471.0,20383.0,37644.0,20128.0,9326.0,16067.0,41140.0,13419.0,71688.0,14386.0,35098.0,3375.0,19263.0,28363.0,7785.0,12849.0,15524.0,56170.0,6531.0,26533.0,55576.0,10208.0,14165.0,74627.0,4386.0,49548.0,14848.0,17672.0,4625.0,12182.0,15925.0,8448.0,2957.0,34522.0,12759,37716.0,12471.0,5294.0,32234.0,29702.0,19074.0,14550.0,64217.0,28547.0,11670.0,5135.0,19218.0,21800.0,7662.0,11282.0,12776.0,8899.0,20560.0,51072.0,45056,60720.0,66192.0
2024-05-08,16384.0,31334,15790.0,9320.0,4550.0,23830.0,30015.0,23341.0,10656.0,17555.0,52392.0,15003.0,89812.0,16297.0,41298.0,3382.0,24049.0,29123.0,7984.0,14298.0,11206.0,67835.0,7654.0,29871.0,67852.0,11103.0,15906.0,84069.0,5465.0,56482.0,17968.0,17946.0,5059.0,13909.0,17102.0,8936.0,3889.0,40301.0,13964,47849.0,14642.0,5856.0,35379.0,36399.0,21090.0,18242.0,94746.0,30982.0,17977.0,9353.0,22843.0,26024.0,9102.0,11456.0,15178.0,10189.0,31715.0,89342.0,53004,79105.0,72691.0
2024-05-09,17295.0,37411,43466.0,10735.0,12268.0,27144.0,45131.0,24119.0,12806.0,19710.0,63205.0,15686.0,103712.0,18975.0,46486.0,3614.0,29019.0,29118.0,9437.0,15573.0,18085.0,78309.0,8213.0,33420.0,76519.0,12212.0,17718.0,94304.0,6086.0,61564.0,19495.0,21244.0,5492.0,14783.0,18416.0,9865.0,4138.0,40669.0,16526,48696.0,15959.0,6366.0,40322.0,41325.0,22398.0,19748.0,100718.0,33890.0,20660.0,9121.0,26952.0,29809.0,9838.0,12589.0,17045.0,11302.0,34408.0,101462.0,56790,91534.0,77395.0
2024-05-10,16529.0,35198,41686.0,8572.0,10017.0,21986.0,41706.0,19933.0,9788.0,18452.0,38028.0,16008.0,80047.0,13503.0,29419.0,3315.0,29754.0,28208.0,7598.0,10613.0,15025.0,56283.0,6984.0,27256.0,69557.0,12313.0,13781.0,88591.0,6655.0,54632.0,19351.0,22883.0,6141.0,15655.0,19169.0,10432.0,3717.0,40942.0,17068,46220.0,15559.0,7973.0,45346.0,41717.0,21210.0,16676.0,89288.0,31596.0,15523.0,5798.0,26450.0,26752.0,7408.0,11414.0,13130.0,8428.0,32871.0,86602.0,44989,82927.0,77542.0
2024-05-11,15861.0,33219,42706.0,6579.0,8172.0,19216.0,41910.0,12201.0,6627.0,16994.0,15880.0,16450.0,69486.0,10466.0,13791.0,2976.0,28640.0,21853.0,61973.0,89198.0,,,,,,,,,6748.0,23365.0,6871.0,17475.0,20665.0,10824.0,4020.0,,,,20966,33912.0,14561.0,8768.0,55199.0,42235.0,18772.0,10580.0,84118.0,27582.0,26177.0,26513.0,28205.0,,,,,,,,34606,82502.0,92960.0
2024-05-12,9237.0,22812,32511.0,4150.0,7598.0,11760.0,35796.0,8184.0,5026.0,12425.0,8832.0,10979.0,39526.0,7419.0,8779.0,2320.0,20516.0,14897.0,3509.0,2316.0,8603.0,23388.0,2693.0,11751.0,36923.0,7594.0,5486.0,49445.0,28963.0,11364.0,15106.0,12207.0,7190.0,2383.0,24135.0,,,,12491,24241.0,10315.0,7064.0,30102.0,23797.0,12010.0,8315.0,63489.0,19631.0,9265.0,1949.0,15912.0,17558.0,3037.0,6487.0,6537.0,3310.0,21252.0,54004.0,23713,47401.0,53334.0
2024-05-13,13813.0,29389,39795.0,8175.0,10852.0,20221.0,38815.0,19911.0,10389.0,16176.0,44337.0,13174.0,81111.0,13059.0,36834.0,2860.0,22359.0,27034.0,7990.0,12637.0,15531.0,59943.0,6318.0,26073.0,10620.0,13166.0,,,5401.0,50438.0,17327.0,4000.0,11245.0,35418.0,,,,,12470,40482.0,13715.0,5290.0,30665.0,30700.0,19234.0,16344.0,82554.0,27647.0,17608.0,6710.0,7366.0,10488.0,13404.0,8614.0,81071.0,,,,44759,67347.0,70054.0
2024-05-14,17423.0,33802,46368.0,10441.0,13854.0,26528.0,45765.0,24878.0,12921.0,18571.0,61541.0,14677.0,101961.0,17212.0,48446.0,3286.0,24881.0,29590.0,9315.0,16104.0,18977.0,77164.0,8217.0,32304.0,70751.0,12134.0,15728.0,86136.0,5798.0,58017.0,17986.0,19136.0,4682.0,12721.0,16409.0,8214.0,3822.0,39721.0,14037,45354.0,15549.0,4986.0,34379.0,35048.0,21775.0,18975.0,96481.0,30701.0,19965.0,9042.0,24364.0,24903.0,9284.0,13098.0,16383.0,11605.0,36270.0,100712.0,55790,86092.0,76983.0
2024-05-15,17343.0,35554,46782.0,10398.0,13610.0,26975.0,46332.0,24289.0,12809.0,18559.0,58702.0,15581.0,101227.0,16923.0,46945.0,3289.0,25198.0,29464.0,9632.0,15648.0,19539.0,78219.0,8055.0,32741.0,74384.0,12055.0,16943.0,89660.0,6017.0,59694.0,18338.0,19498.0,5426.0,14297.0,17031.0,8790.0,4061.0,37918.0,15441,47967.0,16448.0,6232.0,36902.0,35820.0,22738.0,19945.0,97965.0,32830.0,20102.0,9065.0,25821.0,28643.0,9551.0,12157.0,15656.0,12085.0,38707.0,116549.0,55630,88025.0,76994.0
2024-05-16,18178.0,35934,50516.0,10571.0,14185.0,29708.0,44873.0,24498.0,12925.0,19741.0,64132.0,15611.0,104995.0,17352.0,48237.0,3257.0,26095.0,29050.0,10004.0,16626.0,19545.0,80688.0,8652.0,34542.0,75733.0,12156.0,17188.0,91991.0,6151.0,59203.0,19200.0,20158.0,4855.0,13995.0,17334.0,8760.0,3962.0,42437.0,15854,46273.0,16350.0,5527.0,38729.0,38897.0,23162.0,19349.0,98642.0,29598.0,20762.0,9077.0,26873.0,27678.0,9040.0,13168.0,16377.0,11848.0,36699.0,104145.0,55027,90388.0,75896.0
2024-05-17,16345.0,32024,43711.0,8374.0,10927.0,21990.0,38998.0,19966.0,9307.0,16673.0,36449.0,15305.0,79222.0,11755.0,28603.0,3105.0,24156.0,27815.0,7464.0,9653.0,15021.0,56134.0,6509.0,26177.0,64868.0,11238.0,12678.0,84720.0,6384.0,52605.0,18711.0,19806.0,5182.0,14099.0,17890.0,9087.0,3643.0,38163.0,15425,41880.0,15653.0,5819.0,41576.0,36267.0,21819.0,15137.0,84784.0,27480.0,14798.0,5465.0,23983.0,24236.0,6350.0,11352.0,12488.0,8063.0,33509.0,83606.0,43431,80295.0,75852.0
2024-05-18,16202.0,32555,43026.0,5283.0,9757.0,19130.0,44536.0,11997.0,6172.0,15918.0,14816.0,15982.0,63321.0,9917.0,12949.0,2777.0,24998.0,21214.0,4174.0,3646.0,11984.0,32273.0,4819.0,22195.0,66896.0,10227.0,8943.0,94746.0,6092.0,50276.0,15099.0,21747.0,5599.0,14711.0,19721.0,9654.0,2723.0,35350.0,20578,34740.0,14268.0,6163.0,58798.0,47558.0,19567.0,10057.0,81764.0,32765.0,11536.0,3044.0,34476.0,32597.0,4178.0,8372.0,9343.0,6272.0,26181.0,80307.0,33888,80876.0,79548.0
2024-05-19,12108.0,24126,34878.0,4111.0,7062.0,12438.0,31971.0,8454.0,4780.0,13136.0,9976.0,14145.0,39810.0,8065.0,9262.0,2366.0,21614.0,15972.0,3617.0,2282.0,8300.0,23365.0,2872.0,12848.0,37828.0,8538.0,6327.0,51490.0,5552.0,29914.0,11876.0,15108.0,5502.0,11450.0,13646.0,8365.0,2216.0,26668.0,12799,23961.0,10485.0,6107.0,32450.0,25797.0,13513.0,8741.0,64533.0,22351.0,8220.0,1861.0,17801.0,19104.0,3407.0,6419.0,7091.0,3786.0,25110.0,52397.0,25984,62093.0,63562.0
2024-05-20,13574.0,31218,41727.0,8514.0,10753.0,20594.0,40656.0,20699.0,10308.0,16574.0,44245.0,14180.0,79057.0,13798.0,36084.0,3197.0,25328.0,28125.0,7691.0,12042.0,16075.0,59973.0,6472.0,25167.0,62137.0,11208.0,13123.0,71577.0,6234.0,52664.0,18302.0,20182.0,4787.0,13210.0,16263.0,8426.0,3665.0,36760.0,13276,40264.0,14774.0,5697.0,31539.0,31581.0,26801.0,16978.0,81650.0,29727.0,16469.0,6988.0,20404.0,22691.0,7790.0,10869.0,13445.0,8586.0,30363.0,79049.0,45278,68686.0,71136.0
2024-05-21,17515.0,34283,49500.0,10757.0,14389.0,27315.0,48120.0,24692.0,13420.0,20387.0,62707.0,14752.0,99873.0,18106.0,48331.0,3233.0,26936.0,28151.0,9970.0,17990.0,19120.0,81356.0,9441.0,33961.0,69503.0,13715.0,17837.0,85266.0,6242.0,58668.0,19068.0,21341.0,4526.0,14212.0,16982.0,7714.0,3883.0,42615.0,16358,46904.0,16154.0,5852.0,36480.0,37699.0,39102.0,21625.0,96411.0,31437.0,21923.0,9403.0,25684.0,25755.0,9494.0,13327.0,17241.0,10765.0,35444.0,101160.0,54881,87875.0,75943.0
2024-05-22,18770.0,33831,50464.0,10209.0,14350.0,26978.0,48383.0,24646.0,12961.0,19271.0,61808.0,15624.0,100188.0,17384.0,46626.0,3055.0,24999.0,28483.0,10013.0,16494.0,18960.0,83570.0,8841.0,32893.0,70853.0,12702.0,17206.0,90051.0,6523.0,58601.0,19185.0,21048.0,4771.0,14519.0,16970.0,8363.0,3923.0,42646.0,15615,45952.0,16569.0,5245.0,37230.0,36980.0,39680.0,20413.0,99078.0,30691.0,22283.0,13565.0,26852.0,26586.0,1703.0,13385.0,16407.0,10913.0,36148.0,102307.0,53212,84251.0,74180.0
2024-05-23,18641.0,36272,50101.0,10734.0,13988.0,27981.0,48682.0,24478.0,12574.0,20216.0,62000.0,16150.0,105340.0,17305.0,46824.0,3219.0,29383.0,,9849.0,16004.0,19147.0,84333.0,8445.0,32129.0,75102.0,12036.0,16662.0,92062.0,6265.0,60857.0,19544.0,20704.0,5247.0,14508.0,17567.0,8373.0,4046.0,40137.0,15821,46791.0,16127.0,5985.0,38302.0,38181.0,47152.0,18982.0,102066.0,30319.0,21037.0,8918.0,25664.0,29506.0,8839.0,13052.0,16334.0,11106.0,37172.0,106125.0,55216,91619.0,78322.0
2024-05-24,15565.0,32006,48803.0,7528.0,11613.0,20957.0,43600.0,19128.0,2921.0,24411.0,,,,,,,,,7158.0,9918.0,15309.0,54757.0,6422.0,24517.0,64985.0,11401.0,11830.0,83967.0,6207.0,52716.0,19072.0,21985.0,5102.0,14575.0,17046.0,8909.0,3359.0,40800.0,6263,,,,,,,,,,15567.0,5515.0,23129.0,24509.0,5772.0,11134.0,11833.0,7559.0,34729.0,84395.0,42328,80411.0,77405.0
2024-05-25,14098.0,32406,46362.0,5696.0,9766.0,17559.0,49007.0,12471.0,6233.0,16361.0,12792.0,14380.0,69923.0,8244.0,12285.0,25792.0,21658.0,,3913.0,3771.0,14466.0,40394.0,4319.0,18991.0,61655.0,7938.0,94992.0,,5679.0,47974.0,12918.0,1.0,6135.0,16906.0,18387.0,10439.0,2538.0,29176.0,1,39498.0,12658.0,45623.0,29472.0,33180.0,8512.0,92668.0,24685.0,,11129.0,4062.0,26714.0,27861.0,3001.0,7845.0,8454.0,5394.0,31699.0,83403.0,33818,78696.0,78848.0
2024-05-26,,27393,35237.0,4348.0,8272.0,14209.0,44326.0,9531.0,5671.0,15330.0,13183.0,12854.0,51587.0,9802.0,10160.0,2787.0,26558.0,18006.0,3839.0,3456.0,11269.0,31751.0,3526.0,16393.0,46835.0,8322.0,71505.0,,5384.0,34815.0,11348.0,5156.0,13172.0,13168.0,8170.0,1859.0,27960.0,,29858,11071.0,36206.0,25709.0,22566.0,8628.0,73564.0,25074.0,,,11788.0,8251.0,22049.0,26427.0,3767.0,7322.0,7404.0,5471.0,25200.0,77812.0,27542,73408.0,65770.0
2024-05-27,9473.0,23623,33807.0,3554.0,6014.0,10504.0,40143.0,8764.0,4478.0,12203.0,9407.0,10378.0,39906.0,6925.0,8291.0,1996.0,20503.0,17279.0,3118.0,2609.0,8695.0,26472.0,2951.0,12912.0,46796.0,5992.0,65081.0,,4679.0,35861.0,10545.0,4412.0,11559.0,11403.0,7546.0,1158.0,27603.0,,26841,10295.0,32948.0,18967.0,14411.0,7665.0,59075.0,21667.0,,,8605.0,2394.0,11765.0,20799.0,2660.0,6088.0,6406.0,3553.0,19023.0,55715.0,22753,53162.0,60495.0
2024-05-28,14810.0,32713,43946.0,9252.0,12694.0,23294.0,43192.0,21514.0,11170.0,18452.0,51885.0,14140.0,85671.0,15578.0,40313.0,3035.0,26124.0,27172.0,7963.0,13665.0,17001.0,64088.0,8005.0,28458.0,55842.0,11353.0,14006.0,89443.0,5608.0,58785.0,18505.0,20529.0,4290.0,13052.0,14895.0,7889.0,3545.0,43396.0,16507,39608.0,14678.0,5074.0,39995.0,36981.0,19676.0,15288.0,87092.0,30183.0,18254.0,7574.0,26626.0,25181.0,7874.0,10382.0,14053.0,9049.0,28421.0,92567.0,46544,79302.0,76675.0
2024-05-29,17108.0,34976,44364.0,9490.0,13073.0,24713.0,42900.0,22310.0,12043.0,18518.0,56497.0,15081.0,94945.0,16795.0,41656.0,3356.0,27986.0,28677.0,7755.0,14244.0,16959.0,70172.0,7743.0,30499.0,73941.0,11369.0,15579.0,94066.0,4436.0,59971.0,18589.0,21033.0,4920.0,14264.0,16069.0,9815.0,4032.0,42412.0,17911,45641.0,13564.0,6616.0,43344.0,39161.0,20985.0,17085.0,92895.0,31349.0,18802.0,7828.0,26822.0,27753.0,8145.0,11040.0,14773.0,9453.0,30791.0,100646.0,51744,85997.0,78498.0
2024-05-30,17393.0,34348,45857.0,9942.0,13528.0,27377.0,45938.0,23297.0,12550.0,20314.0,61365.0,15785.0,99979.0,17288.0,46609.0,3515.0,29368.0,27789.0,8947.0,15934.0,16704.0,72589.0,8286.0,32524.0,82338.0,12314.0,17120.0,96711.0,5975.0,60543.0,19919.0,22607.0,4978.0,14448.0,17022.0,9008.0,3625.0,44894.0,19092,45411.0,15812.0,6509.0,46617.0,44299.0,22754.0,17223.0,99104.0,29315.0,20788.0,8280.0,27419.0,29013.0,8845.0,11852.0,15664.0,10547.0,37790.0,101926.0,53816,92387.0,76024.0
2024-05-31,15885.0,31757,44635.0,7437.0,11859.0,21277.0,42380.0,19236.0,9074.0,18487.0,35774.0,15530.0,78669.0,12236.0,27399.0,2465.0,27292.0,26736.0,6467.0,10431.0,15131.0,52172.0,7051.0,26496.0,77816.0,11532.0,13273.0,94744.0,6348.0,56475.0,18974.0,23000.0,5066.0,14694.0,17574.0,9179.0,3348.0,45743.0,18112,41900.0,15142.0,6225.0,51500.0,46557.0,21160.0,14016.0,88424.0,27762.0,15880.0,6779.0,28061.0,26967.0,3970.0,11051.0,12616.0,8168.0,32226.0,83754.0,40365,83904.0,76876.0
2024-06-01,16482.0,35677,44194.0,5997.0,10365.0,18473.0,71987.0,12031.0,7387.0,17345.0,16169.0,17367.0,62978.0,10444.0,12916.0,939.0,23902.0,16795.0,5130.0,4617.0,11680.0,19224.0,4894.0,21680.0,74132.0,9358.0,9012.0,62904.0,5884.0,45356.0,14098.0,21452.0,7843.0,12374.0,18450.0,9512.0,2845.0,34414.0,21167,36752.0,12458.0,8165.0,59374.0,50103.0,17824.0,15911.0,84844.0,15807.0,11043.0,4566.0,36961.0,32893.0,3893.0,9572.0,9620.0,6494.0,28990.0,91139.0,12892,83204.0,77629.0
2024-06-02,9552.0,23331,36379.0,4344.0,6709.0,12151.0,56787.0,8036.0,4780.0,12916.0,10524.0,11523.0,45409.0,7780.0,9121.0,757.0,18753.0,12207.0,3964.0,2686.0,8852.0,11073.0,2749.0,12735.0,39970.0,7048.0,5969.0,34403.0,5093.0,24426.0,11170.0,15007.0,6369.0,11521.0,11499.0,7799.0,2288.0,23149.0,12534,24296.0,9406.0,6463.0,32450.0,25260.0,11667.0,7757.0,52559.0,21509.0,10155.0,4685.0,18617.0,18525.0,2734.0,6016.0,6371.0,3259.0,23205.0,53280.0,9659,61943.0,54893.0
2024-06-03,12738.0,29158,38448.0,7873.0,10231.0,19198.0,39685.0,19496.0,9531.0,14736.0,42757.0,12905.0,74530.0,11892.0,35104.0,2512.0,20486.0,26897.0,7388.0,12114.0,14132.0,54415.0,6289.0,24187.0,58089.0,9165.0,12683.0,69092.0,4977.0,48862.0,16834.0,16919.0,4533.0,12058.0,14421.0,7590.0,3239.0,34148.0,10826,36771.0,12981.0,4333.0,28595.0,27202.0,18572.0,14866.0,72955.0,23161.0,16581.0,6561.0,18730.0,20054.0,6358.0,10224.0,12348.0,7654.0,28092.0,70130.0,43645,69203.0,66427.0
2024-06-04,16329.0,31296,42844.0,9872.0,9121.0,25551.0,43929.0,24316.0,11692.0,17414.0,61291.0,14180.0,93630.0,16581.0,46896.0,3351.0,24193.0,28904.0,8586.0,15787.0,17423.0,72563.0,7855.0,30587.0,69435.0,11166.0,15728.0,81700.0,5289.0,56539.0,18223.0,18296.0,4655.0,13012.0,15853.0,7827.0,3965.0,37108.0,13358,42016.0,14786.0,4885.0,33018.0,33223.0,21251.0,17974.0,88954.0,25391.0,19684.0,8563.0,23139.0,24166.0,8584.0,11975.0,14809.0,9862.0,33649.0,93533.0,51152,82353.0,74334.0
2024-06-05,17550.0,35845,40132.0,10349.0,15132.0,26191.0,45202.0,23659.0,12128.0,17947.0,60152.0,15007.0,97399.0,16181.0,46184.0,3404.0,24578.0,28845.0,8731.0,15773.0,16011.0,73990.0,8140.0,31782.0,71897.0,11100.0,16072.0,88632.0,5698.0,58821.0,18244.0,19327.0,5110.0,13913.0,16551.0,8389.0,4058.0,36432.0,14973,44513.0,15054.0,5809.0,36903.0,35556.0,22422.0,18608.0,92596.0,27954.0,19626.0,8690.0,26578.0,27025.0,8491.0,12286.0,15334.0,10584.0,35118.0,97580.0,54133,84726.0,74912.0
2024-06-06,17202.0,38750,48858.0,10483.0,13695.0,28260.0,45325.0,24593.0,12801.0,18609.0,65147.0,15921.0,105810.0,16917.0,48188.0,3709.0,24461.0,29333.0,9454.0,16729.0,18261.0,78898.0,8350.0,33898.0,75307.0,11811.0,18098.0,92408.0,4748.0,60341.0,18610.0,19904.0,5695.0,14382.0,17421.0,9686.0,4135.0,36821.0,16260,46267.0,13825.0,5495.0,37915.0,37876.0,20539.0,16069.0,97914.0,28882.0,17883.0,7815.0,27343.0,27553.0,8272.0,13862.0,16547.0,10079.0,36141.0,107413.0,57775,93787.0,79446.0
2024-06-07,15935.0,34411,45462.0,8131.0,11632.0,21570.0,45092.0,19711.0,9510.0,16474.0,35485.0,13813.0,83312.0,11450.0,29776.0,2642.0,24856.0,28239.0,7254.0,9249.0,15374.0,56789.0,6423.0,23856.0,64744.0,10897.0,11133.0,,6584.0,52782.0,18819.0,4625.0,3652.0,38340.0,,,,,15799,41027.0,15590.0,5565.0,42068.0,36101.0,20677.0,14629.0,86384.0,27112.0,14780.0,5634.0,6278.0,10522.0,11718.0,8040.0,,,,,43595,82537.0,77377.0
2024-06-08,14945.0,30785,45500.0,5087.0,10461.0,18323.0,41027.0,11692.0,5812.0,15883.0,14942.0,16494.0,67474.0,10023.0,12924.0,3017.0,24166.0,21650.0,91371.0,,,,,,,,,,20285.0,5846.0,14391.0,19183.0,9384.0,,,,,,20104,34589.0,12748.0,6971.0,56349.0,41344.0,17864.0,12139.0,87075.0,35032.0,32064.0,29867.0,33086.0,91345.0,,,,,,,35102,82950.0,104340.0
2024-06-09,10324.0,21382,36052.0,3782.0,5530.0,11760.0,36759.0,8349.0,4389.0,12522.0,10116.0,11773.0,44426.0,7836.0,9464.0,2235.0,18861.0,15536.0,3352.0,2527.0,8123.0,19244.0,2535.0,13058.0,41319.0,7537.0,6239.0,54938.0,4834.0,32002.0,12060.0,14516.0,10387.0,13252.0,7790.0,2113.0,29361.0,,12794,21464.0,10818.0,4622.0,32045.0,25307.0,11693.0,7465.0,71956.0,18971.0,5290.0,1919.0,16108.0,16889.0,3025.0,6683.0,6214.0,3582.0,23108.0,55129.0,26654,58809.0,80281.0
2024-06-10,13496.0,29697,43169.0,8384.0,11278.0,20497.0,40736.0,19823.0,9824.0,15885.0,45999.0,13363.0,78705.0,13686.0,35679.0,2583.0,22847.0,26957.0,7588.0,12964.0,14772.0,57954.0,6668.0,25659.0,61232.0,10397.0,13699.0,72109.0,5640.0,50581.0,17727.0,19247.0,4350.0,12681.0,15489.0,7987.0,3592.0,34860.0,13233,38600.0,14425.0,4776.0,32358.0,31943.0,19096.0,16120.0,80843.0,26135.0,16753.0,6660.0,22565.0,21996.0,7287.0,11042.0,12971.0,8357.0,29863.0,81666.0,47020,69770.0,69206.0
2024-06-11,16393.0,36543,47904.0,10573.0,13216.0,26448.0,45070.0,23983.0,12697.0,17917.0,56866.0,14970.0,96965.0,18044.0,48011.0,3090.0,24927.0,28774.0,9106.0,16160.0,18100.0,73547.0,8220.0,32480.0,71331.0,11749.0,17410.0,86598.0,5693.0,58421.0,19006.0,20020.0,4951.0,13851.0,16785.0,8524.0,4218.0,38531.0,14732,45339.0,15602.0,5504.0,35193.0,35434.0,21736.0,18893.0,94048.0,28609.0,19997.0,9990.0,24821.0,26307.0,9681.0,12827.0,15679.0,10472.0,35988.0,101396.0,55378,88917.0,75692.0
2024-06-12,17525.0,36816,46906.0,10837.0,13425.0,25968.0,46993.0,23691.0,12634.0,17761.0,60182.0,15549.0,106846.0,16871.0,48160.0,3127.0,25392.0,29182.0,9175.0,15495.0,18569.0,74838.0,8466.0,32239.0,71470.0,11605.0,16652.0,90998.0,5867.0,59152.0,19131.0,19946.0,4830.0,14401.0,17218.0,8723.0,4983.0,38421.0,15330,46808.0,16078.0,5587.0,37157.0,36964.0,22245.0,18896.0,93768.0,28134.0,20554.0,8721.0,25948.0,26802.0,8799.0,11922.0,15760.0,10167.0,31542.0,103521.0,54422,86922.0,76234.0
2024-06-13,17314.0,42024,49202.0,11905.0,13704.0,28893.0,47882.0,25284.0,13098.0,19344.0,63258.0,15650.0,103832.0,15988.0,49007.0,3259.0,25981.0,28885.0,10013.0,16482.0,18735.0,77692.0,8233.0,33622.0,61238.0,11912.0,17684.0,96856.0,5838.0,65643.0,19442.0,20986.0,4879.0,14517.0,17561.0,8854.0,5919.0,40374.0,16780,47674.0,15741.0,5648.0,39247.0,41140.0,22986.0,18768.0,99874.0,27595.0,20562.0,9404.0,27402.0,27498.0,9326.0,12539.0,16573.0,10701.0,37133.0,105084.0,54914,89939.0,75935.0
2024-06-14,16050.0,36280,46005.0,8991.0,11331.0,21646.0,43502.0,19780.0,8838.0,15848.0,37309.0,15858.0,78896.0,12070.0,28847.0,2533.0,23721.0,28367.0,7223.0,10537.0,13946.0,53881.0,6449.0,25019.0,65661.0,11057.0,12777.0,84807.0,5963.0,53267.0,19143.0,20638.0,5022.0,14344.0,17960.0,8927.0,5147.0,39792.0,15658,41549.0,14534.0,5477.0,42027.0,36335.0,20732.0,14167.0,86735.0,25408.0,14366.0,5324.0,24788.0,23696.0,5968.0,12489.0,12009.0,7364.0,35215.0,86477.0,42925,80300.0,75319.0
2024-06-15,16247.0,27964,47103.0,12012.0,18577.0,27626.0,15172.0,,23.0,14477.0,15869.0,14910.0,61345.0,9869.0,13773.0,2270.0,21563.0,21654.0,2.0,4963.0,2.0,22426.0,4694.0,20271.0,65228.0,9869.0,9027.0,88849.0,1.0,46280.0,15395.0,21524.0,6217.0,13178.0,19570.0,11849.0,5171.0,36557.0,21402,35076.0,11806.0,5673.0,53725.0,42507.0,16694.0,11394.0,80097.0,25258.0,10483.0,3150.0,27998.0,23845.0,3477.0,8940.0,8843.0,4941.0,30004.0,82053.0,30171,74960.0,81192.0
2024-06-16,10900.0,26878,37100.0,1.0,9802.0,12864.0,24983.0,11371.0,3.0,12187.0,11503.0,11849.0,42879.0,7862.0,10140.0,1992.0,18176.0,18087.0,4.0,2814.0,14479.0,2965.0,13138.0,40504.0,8195.0,6930.0,55162.0,,32527.0,12044.0,16140.0,5832.0,11327.0,12667.0,10804.0,4567.0,30227.0,,13008,24296.0,9469.0,5983.0,33249.0,26523.0,11406.0,6703.0,59561.0,20351.0,7998.0,1610.0,18005.0,16501.0,2702.0,6680.0,6969.0,3145.0,23509.0,63713.0,26818,60137.0,58590.0
2024-06-17,12987.0,31563,43615.0,7836.0,10853.0,20278.0,41324.0,19128.0,9300.0,14806.0,44915.0,12690.0,77372.0,13271.0,35264.0,2932.0,23433.0,25114.0,7441.0,11700.0,14014.0,55348.0,6257.0,24608.0,62406.0,10159.0,13752.0,72769.0,5067.0,53652.0,17260.0,20728.0,4798.0,13739.0,16121.0,8799.0,3561.0,34631.0,13979,40984.0,14556.0,6005.0,31799.0,31144.0,20025.0,15689.0,86543.0,25099.0,16089.0,6286.0,21420.0,22947.0,7235.0,10836.0,12738.0,8114.0,30647.0,83978.0,46096,70159.0,69355.0
2024-06-18,15767.0,35537,46257.0,9769.0,13087.0,25630.0,45183.0,22860.0,12102.0,18013.0,61901.0,14777.0,98163.0,17370.0,46002.0,3208.0,25727.0,27837.0,9023.0,17318.0,17446.0,73018.0,7512.0,31689.0,72238.0,11176.0,16897.0,86115.0,5227.0,60221.0,18620.0,20856.0,5212.0,14661.0,17063.0,9128.0,4025.0,39084.0,14818,45250.0,15271.0,6747.0,34616.0,35162.0,22119.0,18164.0,93905.0,29387.0,20262.0,8483.0,24630.0,26236.0,9033.0,12472.0,15778.0,11053.0,34613.0,101367.0,54720,86974.0,74568.0
2024-06-19,16780.0,36068,48856.0,10234.0,13711.0,26773.0,57070.0,23371.0,12266.0,18295.0,62834.0,15609.0,102465.0,17213.0,46519.0,3486.0,26076.0,28628.0,9477.0,15825.0,17953.0,73515.0,8208.0,32080.0,73724.0,11487.0,17103.0,92984.0,5974.0,63389.0,19624.0,22057.0,6494.0,15943.0,17944.0,9531.0,4277.0,39823.0,16351,49629.0,16150.0,6371.0,38161.0,38905.0,23649.0,19363.0,97033.0,29348.0,20376.0,8660.0,26669.0,28374.0,9078.0,12660.0,16062.0,10481.0,35218.0,104931.0,58422,90111.0,76480.0
2024-06-20,16932.0,44133,50538.0,10298.0,15283.0,29356.0,48981.0,23334.0,15068.0,15149.0,70281.0,16416.0,108764.0,18197.0,47493.0,3932.0,21405.0,29226.0,9167.0,16246.0,18185.0,82251.0,8213.0,32833.0,78343.0,12057.0,18981.0,95027.0,5623.0,64225.0,20432.0,23594.0,5918.0,17971.0,19078.0,10226.0,4284.0,39597.0,17243,50378.0,15406.0,7329.0,40033.0,39530.0,19706.0,13616.0,104816.0,32116.0,15907.0,6939.0,27309.0,29164.0,6795.0,12353.0,16761.0,7341.0,37672.0,117099.0,52983,97437.0,109482.0
2024-06-21,15898.0,35826,47054.0,8314.0,12412.0,22124.0,47091.0,18743.0,9800.0,17003.0,36155.0,82164.0,12735.0,28559.0,2955.0,26843.0,,,7224.0,10195.0,15873.0,55237.0,6848.0,25386.0,68740.0,12017.0,12745.0,88952.0,6595.0,58273.0,19665.0,23218.0,5935.0,17460.0,18967.0,10076.0,3720.0,41598.0,44963,15382.0,22664.0,15740.0,90029.0,,,,,,15064.0,5737.0,26047.0,25798.0,6331.0,11339.0,12643.0,7617.0,35210.0,94246.0,43551,84444.0,78655.0
2024-06-22,16419.0,33404,40621.0,5484.0,12635.0,20707.0,47394.0,11748.0,16333.0,26699.0,,,,,,,,,4507.0,4332.0,10531.0,36280.0,4791.0,21137.0,69886.0,9936.0,9168.0,91020.0,8165.0,52506.0,16523.0,25005.0,7920.0,19110.0,21938.0,5471.0,2941.0,36795.0,22437,8422.0,58860.0,47039.0,33242.0,,,,,,12116.0,3632.0,29871.0,29469.0,3969.0,9562.0,10075.0,6193.0,35554.0,103254.0,35811,95473.0,108775.0
2024-06-23,10487.0,27008,33333.0,4478.0,8261.0,13734.0,42043.0,8601.0,5865.0,13732.0,9954.0,12228.0,50432.0,7841.0,8963.0,2459.0,21341.0,14868.0,3728.0,2499.0,8761.0,21374.0,2362.0,12842.0,41037.0,8033.0,6672.0,53121.0,5551.0,33691.0,13147.0,16952.0,5831.0,12941.0,13674.0,8725.0,2263.0,27772.0,13740,26063.0,11118.0,6608.0,33102.0,26330.0,12699.0,8399.0,77546.0,22210.0,5766.0,3008.0,17843.0,18570.0,3240.0,6604.0,7841.0,3323.0,18609.0,50078.0,26549,72074.0,61471.0
2024-06-24,13120.0,33393,40430.0,8361.0,11061.0,20435.0,42930.0,19919.0,10464.0,15178.0,45504.0,13305.0,77554.0,13552.0,37283.0,2912.0,25683.0,27053.0,7924.0,11794.0,14643.0,60243.0,6536.0,24416.0,57269.0,10836.0,14103.0,75682.0,6159.0,56020.0,18262.0,20888.0,4913.0,13674.0,16229.0,8606.0,3541.0,35085.0,14124,42156.0,14577.0,6159.0,32995.0,32903.0,20055.0,16629.0,81578.0,28053.0,16882.0,7665.0,20698.0,22264.0,7879.0,10468.0,12837.0,8371.0,30024.0,83350.0,45463,72757.0,71828.0
2024-06-25,16352.0,38857,46788.0,11217.0,13060.0,25974.0,50195.0,23515.0,12890.0,17193.0,61280.0,14782.0,96526.0,18503.0,48621.0,4282.0,28395.0,28864.0,9474.0,14930.0,18250.0,77677.0,8133.0,30589.0,71506.0,11145.0,16836.0,88443.0,6029.0,59817.0,18692.0,20878.0,5659.0,13847.0,17326.0,8977.0,4203.0,39270.0,15289,46035.0,16333.0,6689.0,35281.0,34560.0,22160.0,20301.0,93020.0,29963.0,21319.0,8926.0,25308.0,27943.0,9468.0,12187.0,14049.0,9978.0,34318.0,103160.0,48611,87514.0,77079.0
2024-06-26,16852.0,37067,47015.0,10207.0,14052.0,25019.0,48226.0,22620.0,12450.0,17205.0,56904.0,14406.0,96348.0,16094.0,46252.0,3570.0,27809.0,28132.0,9278.0,14585.0,18131.0,74140.0,8058.0,29369.0,70313.0,11372.0,16363.0,88043.0,6443.0,60198.0,19204.0,21436.0,5546.0,14898.0,17219.0,9027.0,4231.0,42406.0,15504,47749.0,16292.0,6898.0,36423.0,36504.0,23085.0,19454.0,93623.0,29868.0,20915.0,9279.0,25957.0,27705.0,8980.0,11668.0,15233.0,10256.0,34225.0,102064.0,48423,87611.0,75908.0
2024-06-27,17541.0,37605,50102.0,10095.0,14519.0,26628.0,48708.0,22974.0,12553.0,18512.0,61688.0,14997.0,102000.0,17100.0,46340.0,3546.0,32520.0,27652.0,9526.0,15096.0,17858.0,75198.0,8104.0,32016.0,75144.0,11550.0,16804.0,90732.0,6512.0,61920.0,20285.0,22244.0,5765.0,15583.0,17713.0,9069.0,4375.0,40708.0,16725,46895.0,16261.0,6651.0,39840.0,39318.0,24837.0,18515.0,97638.0,29681.0,20998.0,8695.0,26820.0,28932.0,9334.0,11872.0,15856.0,10657.0,35855.0,107167.0,55074,91681.0,78759.0
2024-06-28,16572.0,33083,47496.0,8092.0,11441.0,21109.0,43667.0,19694.0,9195.0,16542.0,36582.0,14947.0,81862.0,12345.0,29307.0,2859.0,26104.0,26342.0,7320.0,10571.0,15533.0,54500.0,7148.0,25515.0,68737.0,10294.0,13465.0,90594.0,6128.0,56558.0,18952.0,22844.0,5348.0,16534.0,18188.0,9470.0,3802.0,41983.0,17536,42877.0,15422.0,7289.0,45501.0,39304.0,22069.0,14620.0,84519.0,27122.0,16029.0,5583.0,25664.0,25356.0,6191.0,11068.0,12220.0,7981.0,32509.0,84789.0,42206,81024.0,79310.0
2024-06-29,17014.0,34200,49734.0,5855.0,11824.0,17246.0,46424.0,14213.0,6482.0,15765.0,14030.0,15541.0,77361.0,10047.0,12931.0,1806.0,25028.0,21475.0,4618.0,4120.0,13168.0,37878.0,5646.0,21747.0,72508.0,10301.0,9085.0,125095.0,6433.0,63744.0,15446.0,26203.0,5367.0,23986.0,21576.0,10442.0,3592.0,34443.0,21268,45852.0,14293.0,18491.0,75884.0,30915.0,20751.0,13217.0,87692.0,34018.0,11723.0,3829.0,39482.0,42735.0,4091.0,9186.0,10026.0,6186.0,31263.0,95703.0,39539,87921.0,106653.0
2024-06-30,10350.0,23187,33543.0,3682.0,7804.0,11949.0,38635.0,8405.0,4964.0,13023.0,10071.0,10804.0,51125.0,7834.0,7963.0,1332.0,19741.0,15180.0,3066.0,2622.0,7662.0,23083.0,2104.0,12188.0,42491.0,8346.0,6203.0,55926.0,5146.0,38047.0,12440.0,17381.0,5021.0,16763.0,12890.0,7622.0,2041.0,27501.0,14575,28643.0,10152.0,10620.0,34381.0,26498.0,11971.0,7808.0,59874.0,20087.0,7913.0,2186.0,17447.0,17087.0,3150.0,6641.0,7001.0,3197.0,24101.0,57880.0,26254,54958.0,59037.0
2024-07-01,13038.0,30471,42405.0,8091.0,11327.0,19459.0,48616.0,19182.0,9875.0,15109.0,43720.0,13185.0,77819.0,12463.0,36281.0,2857.0,24353.0,26132.0,7549.0,11777.0,14464.0,58096.0,6660.0,23858.0,62215.0,10319.0,13459.0,72500.0,6158.0,54082.0,17632.0,20519.0,4319.0,13435.0,15806.0,8199.0,3425.0,34404.0,13867,39198.0,14646.0,5462.0,32255.0,30921.0,20577.0,16391.0,82924.0,27268.0,17030.0,6932.0,20863.0,21590.0,7535.0,11049.0,13067.0,8252.0,30644.0,81082.0,46102,67492.0,72518.0
2024-07-02,16580.0,36005,47390.0,10086.0,13318.0,25198.0,49212.0,23523.0,12201.0,17250.0,59958.0,14433.0,97779.0,16933.0,46987.0,3259.0,28419.0,28080.0,15681.0,73973.0,8211.0,31031.0,72801.0,11259.0,17308.0,87280.0,,,5815.0,60243.0,18672.0,21957.0,5093.0,14742.0,17596.0,8397.0,3670.0,38581.0,16044,43453.0,15748.0,5993.0,36790.0,37478.0,23251.0,19236.0,93529.0,29599.0,21505.0,25760.0,27055.0,9272.0,12519.0,15918.0,10324.0,35239.0,100114.0,,52348,87783.0,76446.0
2024-07-03,18499.0,39270,50068.0,10536.0,15717.0,26765.0,52782.0,23379.0,13207.0,19518.0,61179.0,13791.0,102965.0,17791.0,48188.0,3208.0,28364.0,28941.0,9453.0,19434.0,77015.0,8457.0,12207.0,,,,,,40718.0,,,,,,,,,,17660,44336.0,16169.0,6574.0,39908.0,41556.0,24201.0,19740.0,100165.0,31637.0,21843.0,9123.0,29110.0,9613.0,12706.0,16747.0,37527.0,113704.0,,,57688,90261.0,80880.0
2024-07-04,18575.0,38950,51468.0,10422.0,14024.0,25762.0,51356.0,23791.0,12232.0,19318.0,58409.0,15813.0,103281.0,17901.0,46842.0,3503.0,31399.0,28400.0,9301.0,15250.0,17088.0,32993.0,77460.0,16650.0,93495.0,,,,6782.0,67722.0,20085.0,24683.0,6080.0,19915.0,19391.0,9347.0,4242.0,,18434,51353.0,17251.0,12345.0,40237.0,41565.0,23989.0,18474.0,101386.0,32086.0,8908.0,29134.0,10546.0,,,,,,,,56578,95607.0,78680.0
2024-07-05,17733.0,32425,50416.0,7907.0,12546.0,22580.0,47953.0,19560.0,8809.0,17620.0,35780.0,15903.0,80229.0,11984.0,28675.0,2833.0,26460.0,26152.0,6991.0,10429.0,14168.0,53538.0,7420.0,25717.0,68433.0,12583.0,13029.0,85471.0,6764.0,55572.0,19451.0,24642.0,5273.0,19155.0,17885.0,9099.0,3276.0,43679.0,18797,43061.0,16540.0,10509.0,45103.0,39130.0,21274.0,15512.0,88155.0,29899.0,15477.0,6046.0,27092.0,24841.0,6226.0,12272.0,12867.0,8036.0,36515.0,90780.0,43816,84908.0,75532.0
2024-07-06,17428.0,27511,48386.0,4832.0,11532.0,19898.0,46908.0,12924.0,5984.0,16330.0,14546.0,16114.0,67971.0,10274.0,12751.0,2267.0,25549.0,19676.0,4360.0,4851.0,10327.0,33873.0,5156.0,19885.0,67581.0,10348.0,9593.0,89657.0,5985.0,52328.0,14913.0,23570.0,6083.0,17475.0,19514.0,8699.0,2184.0,35249.0,20444,36717.0,13795.0,10271.0,55644.0,43954.0,17862.0,10033.0,83893.0,30986.0,11835.0,3119.0,28281.0,27351.0,4373.0,9733.0,10266.0,5530.0,32167.0,89924.0,32727,83493.0,82020.0
2024-07-07,10729.0,23527,43420.0,3409.0,9341.0,12888.0,41031.0,8949.0,5703.0,13470.0,10622.0,11638.0,48594.0,7892.0,9242.0,2226.0,18620.0,15046.0,3042.0,2649.0,9920.0,23101.0,3257.0,13724.0,44177.0,8343.0,6776.0,55997.0,4184.0,35859.0,12734.0,19071.0,5148.0,14685.0,13511.0,8440.0,1661.0,33558.0,15422,28699.0,9507.0,9728.0,35484.0,29713.0,11356.0,7363.0,72222.0,21878.0,8575.0,2529.0,19579.0,15837.0,2536.0,7739.0,8062.0,3005.0,29861.0,66898.0,26417,56629.0,60244.0
2024-07-08,13125.0,31331,43464.0,8075.0,12050.0,21320.0,43926.0,20480.0,10072.0,17437.0,45689.0,13519.0,80137.0,14128.0,37120.0,3039.0,26147.0,26499.0,7902.0,12343.0,15225.0,59916.0,7063.0,25755.0,68072.0,11329.0,13859.0,77235.0,6135.0,55448.0,17425.0,22262.0,4329.0,13611.0,16146.0,7931.0,3385.0,37036.0,16089,40090.0,15321.0,5573.0,36842.0,35232.0,19697.0,18341.0,83571.0,26337.0,18040.0,6633.0,23557.0,23815.0,7440.0,10868.0,14118.0,8459.0,30570.0,87930.0,47721,72384.0,74091.0
2024-07-09,16802.0,34900,47689.0,10194.0,13826.0,26824.0,47222.0,24301.0,12816.0,19030.0,60875.0,15071.0,99017.0,18028.0,47811.0,3140.0,28429.0,28018.0,9032.0,15892.0,17854.0,74808.0,8768.0,31856.0,77354.0,12355.0,17143.0,90632.0,6139.0,58097.0,18426.0,23269.0,4337.0,15029.0,17083.0,8336.0,3931.0,41833.0,16788,45448.0,16423.0,5656.0,38038.0,39502.0,21571.0,19714.0,94441.0,31720.0,22230.0,9057.0,27095.0,26392.0,9630.0,12226.0,16346.0,10542.0,35298.0,101361.0,54028,90677.0,76207.0
2024-07-10,17079.0,40052,48275.0,9866.0,14342.0,27512.0,49466.0,23827.0,12438.0,19334.0,59166.0,14881.0,101291.0,17827.0,46145.0,3503.0,29496.0,29130.0,9263.0,14988.0,17762.0,75095.0,8584.0,30555.0,76164.0,12029.0,15831.0,90588.0,6782.0,61108.0,18992.0,22214.0,5152.0,14472.0,17906.0,8503.0,3918.0,40065.0,17404,48103.0,16504.0,6264.0,40937.0,39567.0,22027.0,20750.0,98117.0,35702.0,21728.0,8817.0,28271.0,28647.0,9265.0,12265.0,17041.0,10350.0,36363.0,112035.0,56281,95691.0,81916.0
2024-07-11,16020.0,42985,53504.0,10729.0,14804.0,28258.0,52419.0,23392.0,12745.0,18950.0,62230.0,15721.0,110181.0,16856.0,45941.0,3648.0,29514.0,28873.0,9667.0,15246.0,19051.0,78828.0,8411.0,33226.0,81483.0,12600.0,17882.0,96731.0,6472.0,63461.0,19137.0,24182.0,5915.0,16649.0,18521.0,9692.0,4357.0,39036.0,20250,48839.0,16640.0,8145.0,44949.0,43753.0,20968.0,19752.0,107952.0,34811.0,19648.0,8341.0,29859.0,28606.0,8711.0,12050.0,17080.0,9589.0,39795.0,118051.0,56439,97363.0,81915.0
2024-07-12,15490.0,36570,50069.0,7728.0,12308.0,22383.0,46910.0,19243.0,9389.0,17855.0,36295.0,15830.0,85656.0,12375.0,28810.0,2790.0,26500.0,26702.0,7114.0,10174.0,15448.0,55027.0,6929.0,25910.0,72942.0,12410.0,12921.0,91631.0,6549.0,63877.0,18388.0,27533.0,6104.0,19218.0,17721.0,9417.0,3434.0,41211.0,18618,48222.0,15507.0,13052.0,47968.0,43094.0,21477.0,16396.0,85122.0,29090.0,15465.0,5532.0,27600.0,26668.0,6091.0,10899.0,13014.0,8185.0,31970.0,97069.0,44987,83324.0,77891.0
2024-07-13,15853.0,29083,53072.0,3885.0,16513.0,20950.0,44309.0,12227.0,4669.0,19277.0,15350.0,16938.0,69575.0,10906.0,14334.0,29156.0,21503.0,,3849.0,4328.0,9396.0,33590.0,4981.0,19388.0,71999.0,9945.0,9587.0,96716.0,6273.0,54744.0,14748.0,26810.0,7204.0,19988.0,20291.0,9679.0,2793.0,35226.0,22331,41097.0,13690.0,13058.0,56488.0,46356.0,18667.0,11162.0,72764.0,26591.0,12866.0,4100.0,27971.0,27584.0,4065.0,8621.0,9380.0,5084.0,33652.0,87875.0,48765,93925.0,90287.0
2024-07-14,11642.0,21874,42768.0,3092.0,10429.0,18748.0,38866.0,9857.0,4328.0,16311.0,10379.0,13568.0,51189.0,9033.0,10634.0,22774.0,16891.0,,3067.0,2846.0,7286.0,23525.0,3233.0,14103.0,41263.0,8197.0,6513.0,58563.0,5242.0,33998.0,13033.0,18595.0,5916.0,12708.0,13151.0,7980.0,2047.0,27635.0,14599,28915.0,10686.0,12136.0,39758.0,29740.0,13001.0,9246.0,60099.0,21804.0,13038.0,3546.0,21964.0,23237.0,3348.0,6988.0,7739.0,4309.0,27899.0,63819.0,37015,70504.0,62530.0
2024-07-15,12224.0,29805,38939.0,7681.0,11250.0,19999.0,41348.0,18799.0,9467.0,16332.0,40284.0,13048.0,75855.0,12648.0,33133.0,2483.0,24278.0,26313.0,7196.0,11093.0,14015.0,55958.0,6590.0,23676.0,63386.0,10758.0,12747.0,73204.0,6013.0,51370.0,16349.0,21504.0,4398.0,13024.0,14549.0,8143.0,3203.0,35951.0,15440,38126.0,13983.0,5900.0,36029.0,33947.0,17311.0,15928.0,78816.0,27652.0,16020.0,6543.0,22095.0,21337.0,6903.0,9821.0,12953.0,8571.0,29137.0,79517.0,43733,66674.0,69262.0
2024-07-16,15887.0,34599,44504.0,9527.0,13571.0,25819.0,45720.0,22979.0,12194.0,18367.0,58334.0,14783.0,96413.0,17334.0,46758.0,3217.0,28039.0,28291.0,8966.0,13794.0,17326.0,75206.0,7844.0,30822.0,74641.0,10159.0,15763.0,91638.0,6090.0,59428.0,16641.0,19448.0,4867.0,13837.0,16327.0,8529.0,3731.0,36954.0,14972,44246.0,15295.0,5564.0,37480.0,35911.0,20106.0,19029.0,91150.0,31978.0,20851.0,8843.0,26146.0,28346.0,9316.0,11172.0,15001.0,10902.0,34216.0,100615.0,51257,85702.0,76543.0
2024-07-17,16305.0,37949,46993.0,9721.0,13270.0,26288.0,46428.0,22612.0,12804.0,18147.0,59617.0,15317.0,100384.0,16947.0,44224.0,3298.0,28816.0,29070.0,8942.0,14084.0,17322.0,75003.0,7914.0,31608.0,77877.0,11564.0,16143.0,95111.0,6420.0,63010.0,17503.0,21439.0,5312.0,15485.0,17047.0,8778.0,3930.0,36553.0,17148,50188.0,15323.0,6976.0,42568.0,41379.0,20720.0,23001.0,95537.0,38939.0,20538.0,8409.0,28405.0,31319.0,8401.0,11494.0,15460.0,10827.0,34527.0,107350.0,55024,90839.0,77090.0
2024-07-18,15217.0,36983,47113.0,10367.0,13262.0,26597.0,47954.0,22670.0,13070.0,18913.0,61189.0,15214.0,105058.0,18344.0,47024.0,3462.0,29322.0,28758.0,9578.0,14195.0,17875.0,77998.0,7148.0,32554.0,75715.0,11712.0,17449.0,94827.0,6457.0,61478.0,18374.0,21845.0,5402.0,14241.0,16611.0,8766.0,3909.0,36061.0,17596,47186.0,15357.0,6844.0,40042.0,39491.0,20718.0,18792.0,101117.0,33828.0,20367.0,9014.0,25746.0,30751.0,9266.0,11124.0,15818.0,11340.0,38825.0,107660.0,53693,92381.0,79463.0
2024-07-19,14018.0,34171,42396.0,7780.0,10323.0,20295.0,42328.0,17531.0,8987.0,16409.0,33139.0,14984.0,78889.0,12098.0,27674.0,2956.0,27008.0,26840.0,6771.0,8850.0,13650.0,53616.0,6148.0,23921.0,62778.0,11152.0,11723.0,85293.0,6421.0,52194.0,17321.0,21672.0,4923.0,13682.0,15956.0,8620.0,3530.0,37031.0,15941,41429.0,14694.0,7214.0,40640.0,34186.0,18724.0,14489.0,83218.0,29264.0,15370.0,5861.0,22705.0,23451.0,5835.0,9578.0,11476.0,8083.0,30112.0,86299.0,40847,80105.0,75431.0
2024-07-20,14619.0,30070,43897.0,5054.0,9954.0,17838.0,49172.0,11002.0,26754.0,,,,,,,,,,4035.0,3530.0,10729.0,37898.0,4186.0,16559.0,63538.0,6.0,7548.0,96522.0,5955.0,48858.0,12373.0,3590.0,13815.0,18224.0,8295.0,2230.0,29126.0,,43212,17874.0,,,,,,,,,11284.0,3190.0,26048.0,27780.0,3428.0,6824.0,8498.0,5611.0,26472.0,88871.0,34928,83764.0,101360.0
2024-07-21,9429.0,21635,36224.0,3916.0,5453.0,11459.0,43873.0,8365.0,5007.0,12838.0,8342.0,10901.0,44413.0,6951.0,8741.0,2490.0,21342.0,15758.0,3149.0,2445.0,9057.0,26828.0,2610.0,12281.0,42079.0,5980.0,62646.0,,5085.0,32024.0,10288.0,4872.0,12045.0,12293.0,7487.0,1436.0,26624.0,,28625,10133.0,1.0,28722.0,19657.0,12577.0,7845.0,61005.0,22079.0,,7914.0,2396.0,20104.0,19368.0,2699.0,5592.0,6192.0,4017.0,21484.0,56236.0,25650,49744.0,57996.0
2024-07-22,12073.0,30682,41053.0,7748.0,10795.0,20436.0,41121.0,18583.0,10116.0,16270.0,42651.0,13187.0,73312.0,13467.0,34131.0,3041.0,27312.0,,7134.0,10748.0,14107.0,55937.0,6192.0,23446.0,63738.0,10016.0,12162.0,74760.0,5715.0,52954.0,15789.0,20851.0,4187.0,12460.0,14400.0,7992.0,3084.0,34214.0,13352,39222.0,13525.0,5922.0,31813.0,15490.0,79338.0,31599.0,,,16904.0,6604.0,20288.0,23183.0,6577.0,9620.0,12339.0,7884.0,27346.0,83062.0,45663,70295.0,72739.0
2024-07-23,14765.0,34398,44701.0,9419.0,12938.0,26345.0,45474.0,22596.0,12197.0,18380.0,57559.0,14763.0,94049.0,17462.0,47090.0,3398.0,29274.0,27967.0,8517.0,14094.0,17311.0,70933.0,7146.0,29795.0,74026.0,10837.0,16000.0,89865.0,6128.0,59223.0,17057.0,21547.0,4695.0,13446.0,15987.0,8465.0,3484.0,39435.0,16425,44541.0,15003.0,6225.0,38243.0,37118.0,19117.0,17822.0,91496.0,33730.0,20801.0,8767.0,24455.0,27809.0,8666.0,10611.0,15686.0,10149.0,38464.0,101220.0,53599,89902.0,77225.0
2024-07-24,15232.0,35175,45635.0,9606.0,13160.0,26035.0,46648.0,22265.0,12357.0,18371.0,57342.0,14799.0,96132.0,17435.0,45062.0,3362.0,29451.0,27849.0,8794.0,13730.0,17080.0,70776.0,7531.0,29717.0,75801.0,11364.0,15693.0,94225.0,6315.0,59891.0,16891.0,21733.0,4876.0,14074.0,16179.0,8464.0,3722.0,38921.0,17243,46497.0,15284.0,6865.0,42571.0,40621.0,19262.0,18686.0,94562.0,34742.0,20632.0,8832.0,26003.0,29433.0,8479.0,10686.0,15253.0,10056.0,32155.0,105730.0,53270,91141.0,77436.0
2024-07-25,16038.0,37885,49068.0,10021.0,14622.0,28633.0,48892.0,22336.0,13509.0,18506.0,59120.0,15707.0,102719.0,17566.0,46354.0,3237.0,29149.0,27430.0,8851.0,14794.0,18394.0,76212.0,7674.0,31640.0,78341.0,11532.0,16443.0,97550.0,6756.0,62799.0,17828.0,23139.0,4723.0,13819.0,16341.0,7608.0,3532.0,41692.0,18464,45013.0,15565.0,6130.0,44469.0,41630.0,19863.0,17626.0,99634.0,31324.0,21595.0,9025.0,27270.0,29395.0,8389.0,10893.0,16566.0,10419.0,34090.0,111818.0,53298,97045.0,80535.0
2024-07-26,14399.0,32948,45487.0,7580.0,10814.0,21568.0,42364.0,17510.0,9221.0,16556.0,35315.0,15500.0,75980.0,12761.0,27623.0,2897.0,27085.0,26946.0,6531.0,9515.0,13777.0,51771.0,6338.0,25161.0,68680.0,11148.0,12898.0,90492.0,8406.0,55183.0,16433.0,21031.0,7348.0,13804.0,17026.0,2755.0,3202.0,40497.0,16554,42505.0,14278.0,6704.0,47163.0,37503.0,18732.0,14115.0,83766.0,30198.0,16192.0,5778.0,24088.0,27426.0,5758.0,9484.0,11513.0,7637.0,31032.0,89466.0,42322,85121.0,83272.0
2024-07-27,15307.0,38144,47050.0,5735.0,11634.0,18069.0,41992.0,12810.0,8603.0,11087.0,14906.0,14846.0,65963.0,10702.0,12944.0,2765.0,28382.0,21037.0,3615.0,4148.0,12693.0,34044.0,4447.0,20345.0,68527.0,7995.0,9781.0,94809.0,8653.0,51925.0,14197.0,24056.0,8741.0,17435.0,20563.0,2517.0,2771.0,35046.0,18436,42859.0,13507.0,9515.0,56091.0,42250.0,18217.0,10211.0,87449.0,31190.0,12576.0,3562.0,26675.0,33783.0,3782.0,7422.0,9082.0,6326.0,26429.0,94888.0,34353,86273.0,86274.0
2024-07-28,9470.0,23497,38048.0,3850.0,7411.0,11833.0,34936.0,8763.0,5440.0,12470.0,9265.0,11282.0,43592.0,8390.0,8981.0,1964.0,23042.0,16360.0,2540.0,1987.0,8659.0,22233.0,2450.0,11761.0,38366.0,6130.0,5887.0,54195.0,6771.0,31878.0,10877.0,16128.0,6664.0,11783.0,12411.0,2939.0,1909.0,27867.0,11027,25433.0,9936.0,6809.0,32273.0,23065.0,10742.0,8050.0,60684.0,23419.0,9057.0,2008.0,15929.0,18408.0,2702.0,5595.0,6504.0,3271.0,20900.0,55305.0,29216,59424.0,63797.0
2024-07-29,11770.0,29878,40435.0,7531.0,9225.0,18971.0,41303.0,17605.0,9944.0,14898.0,39883.0,12522.0,72849.0,13192.0,33494.0,2953.0,26772.0,26363.0,7221.0,9751.0,14326.0,55997.0,5757.0,22155.0,60701.0,10067.0,12584.0,73274.0,15658.0,22155.0,12439.0,13973.0,7101.0,2966.0,,,,,13623,38597.0,13341.0,6649.0,34169.0,31904.0,16434.0,14859.0,80373.0,32165.0,17827.0,6499.0,19092.0,24101.0,6491.0,8767.0,12166.0,7781.0,25895.0,79068.0,43625,70780.0,72839.0
2024-07-30,14271.0,35176,43406.0,9680.0,10320.0,24066.0,68718.0,21084.0,12851.0,17796.0,55474.0,14038.0,98138.0,17201.0,42068.0,3802.0,28536.0,25349.0,9869.0,14351.0,16542.0,7084.0,28150.0,10824.0,15381.0,,,,5339.0,51672.0,16432.0,8825.0,13812.0,7811.0,38296.0,,,,15536,43185.0,14221.0,7037.0,37917.0,35715.0,18048.0,17218.0,90054.0,32219.0,19837.0,9358.0,8288.0,14491.0,9590.0,30928.0,,,,,58634,91208.0,77670.0
2024-07-31,15581.0,31848,45168.0,8838.0,11668.0,24429.0,43004.0,21098.0,11764.0,17617.0,54615.0,13851.0,89812.0,16724.0,41945.0,3481.0,27174.0,27374.0,70383.0,70669.0,89669.0,,,,,,,,5945.0,59111.0,21841.0,4385.0,15651.0,3518.0,37737.0,,,,16941,43562.0,14058.0,6644.0,40238.0,35968.0,16903.0,16906.0,91897.0,32239.0,24361.0,29404.0,9922.0,97906.0,,,,,,,47639,85870.0,76935.0
2024-08-01,15922.0,34498,43052.0,9243.0,13091.0,26157.0,43197.0,20889.0,11871.0,17456.0,54198.0,14173.0,92797.0,16734.0,42181.0,2851.0,28644.0,26507.0,8395.0,12829.0,15425.0,69082.0,6925.0,28191.0,70838.0,10785.0,14816.0,88912.0,5856.0,58918.0,16724.0,21825.0,4245.0,12794.0,15030.0,7573.0,3391.0,39670.0,17597,41150.0,14603.0,5948.0,40587.0,38207.0,18512.0,16284.0,95585.0,29708.0,19334.0,8249.0,23875.0,27938.0,8246.0,9798.0,15060.0,9618.0,29996.0,96657.0,50750,88059.0,76159.0
2024-08-02,14068.0,31238,41680.0,7043.0,10367.0,19770.0,39055.0,16538.0,8727.0,15358.0,32675.0,14584.0,69610.0,11565.0,25473.0,2867.0,25746.0,25808.0,6102.0,8515.0,12470.0,47831.0,5609.0,22508.0,62826.0,10804.0,11461.0,84312.0,5598.0,51789.0,15551.0,21309.0,4617.0,13119.0,15842.0,8122.0,2928.0,38938.0,15945,39585.0,12437.0,6693.0,43029.0,35170.0,15932.0,12366.0,81935.0,28864.0,13445.0,5273.0,21836.0,25180.0,4905.0,8985.0,11116.0,5922.0,30435.0,79740.0,40645,78988.0,75771.0
2024-08-03,14124.0,28285,39339.0,4793.0,9349.0,16195.0,37247.0,10438.0,5934.0,13969.0,13363.0,13455.0,57620.0,9679.0,11557.0,2516.0,26542.0,19786.0,3633.0,3407.0,9265.0,29889.0,3797.0,17389.0,62116.0,7592.0,7973.0,87177.0,5515.0,46092.0,12692.0,21843.0,5195.0,13290.0,17625.0,8322.0,2026.0,36393.0,18085,33545.0,12043.0,6433.0,51710.0,39462.0,15868.0,9885.0,77484.0,32558.0,11979.0,3677.0,24433.0,28297.0,2255.0,7566.0,7456.0,5203.0,25428.0,77218.0,32055,78409.0,76721.0
2024-08-04,9792.0,26118,30585.0,3527.0,7168.0,11057.0,36899.0,7586.0,4963.0,11977.0,8779.0,9884.0,41435.0,7744.0,8315.0,2131.0,21205.0,15021.0,2554.0,2116.0,7653.0,20181.0,2398.0,11680.0,36439.0,6651.0,5722.0,54557.0,5289.0,30049.0,10424.0,15716.0,4538.0,10169.0,11630.0,6567.0,1648.0,30085.0,12168,23840.0,9736.0,5087.0,31086.0,23199.0,10397.0,7940.0,60704.0,23481.0,8787.0,1228.0,14795.0,17654.0,2530.0,5562.0,6055.0,3644.0,18674.0,50611.0,24715,55215.0,57354.0
2024-08-05,11276.0,29974,38558.0,7354.0,10051.0,18236.0,37478.0,17404.0,9522.0,14933.0,38423.0,11752.0,70279.0,11989.0,30995.0,2984.0,25650.0,27660.0,6428.0,9626.0,13961.0,50522.0,5538.0,21563.0,58509.0,9898.0,11960.0,71371.0,5838.0,50117.0,15162.0,21382.0,4089.0,11889.0,13600.0,7223.0,2686.0,36924.0,14231,36060.0,13160.0,5683.0,33479.0,30853.0,15603.0,14314.0,78375.0,29238.0,16223.0,6147.0,19187.0,22324.0,6222.0,8564.0,11546.0,6901.0,25547.0,76046.0,41698,66498.0,69128.0
2024-08-06,14131.0,34570,43752.0,8375.0,15078.0,23423.0,39534.0,20715.0,10415.0,17261.0,52593.0,13183.0,86439.0,16731.0,39829.0,3040.0,28904.0,26070.0,7211.0,13019.0,16153.0,64949.0,7019.0,26996.0,69067.0,10788.0,14537.0,83892.0,5801.0,56132.0,15769.0,22062.0,4242.0,12747.0,14971.0,7403.0,3168.0,40202.0,16707,40047.0,14428.0,5491.0,38562.0,34999.0,17720.0,16808.0,91545.0,30337.0,19968.0,7962.0,23044.0,25814.0,7890.0,9856.0,13548.0,8782.0,29569.0,88843.0,45461,81033.0,73352.0
2024-08-07,15414.0,32830,40242.0,8358.0,11723.0,22917.0,41490.0,19857.0,11459.0,16259.0,50397.0,13160.0,86568.0,15545.0,39661.0,2943.0,28577.0,24509.0,7534.0,12172.0,15358.0,63309.0,6815.0,26627.0,67622.0,10807.0,14272.0,83052.0,6073.0,55460.0,15874.0,21489.0,4497.0,12765.0,15399.0,7433.0,3218.0,39746.0,16874,41549.0,14478.0,6221.0,40216.0,36922.0,17760.0,16769.0,89754.0,31299.0,18520.0,7242.0,23527.0,26797.0,7467.0,9480.0,14054.0,8710.0,30015.0,92831.0,47748,82021.0,69285.0
2024-08-08,15677.0,34383,40534.0,8746.0,12082.0,25301.0,41861.0,19950.0,11318.0,17238.0,53358.0,13653.0,90597.0,16637.0,40452.0,2872.0,28458.0,24421.0,7996.0,12770.0,15101.0,67004.0,7016.0,27421.0,70890.0,11011.0,15065.0,86605.0,6176.0,56881.0,16811.0,22509.0,4368.0,12718.0,15727.0,7790.0,3025.0,41877.0,17650,39998.0,14259.0,5910.0,41085.0,38906.0,17797.0,15782.0,91046.0,30501.0,18858.0,7577.0,24097.0,26954.0,7448.0,9732.0,14678.0,8813.0,32963.0,92933.0,47600,85977.0,70768.0
2024-08-09,14123.0,33296,46433.0,6343.0,8305.0,19346.0,39627.0,16233.0,7981.0,15589.0,31582.0,14114.0,73392.0,12040.0,24835.0,2936.0,27010.0,23815.0,5498.0,8457.0,13229.0,46298.0,5560.0,22021.0,62032.0,10501.0,11384.0,81657.0,6299.0,50288.0,16028.0,22001.0,4788.0,12893.0,15919.0,8112.0,2888.0,40235.0,16664,37635.0,13410.0,6322.0,40714.0,40089.0,16784.0,12848.0,82914.0,28423.0,14235.0,5534.0,21855.0,24930.0,5220.0,8628.0,10460.0,6377.0,28333.0,79490.0,37519,78600.0,72631.0
2024-08-10,14587.0,29313,43298.0,4779.0,10008.0,17833.0,43883.0,10357.0,6712.0,15694.0,13767.0,14402.0,75443.0,9633.0,13665.0,2072.0,27182.0,19144.0,3848.0,3344.0,11603.0,29420.0,3678.0,16657.0,58913.0,8274.0,8160.0,78675.0,5765.0,44256.0,13036.0,22488.0,5195.0,12718.0,18363.0,8295.0,2300.0,34852.0,19299,30784.0,12043.0,6563.0,48627.0,45363.0,14526.0,9163.0,97047.0,28321.0,12214.0,3730.0,22430.0,26030.0,3220.0,6461.0,8816.0,4736.0,28360.0,84091.0,36252,81157.0,85389.0
2024-08-11,10705.0,22197,35858.0,3465.0,7151.0,12425.0,40325.0,7279.0,5284.0,13399.0,8752.0,11245.0,50469.0,7615.0,8957.0,1581.0,22037.0,14113.0,2605.0,1924.0,7349.0,22437.0,2468.0,11390.0,34682.0,7532.0,6018.0,49680.0,5519.0,29345.0,11539.0,17289.0,4624.0,10282.0,11663.0,7047.0,1750.0,29539.0,13224,23609.0,9727.0,6541.0,31783.0,28482.0,10424.0,8360.0,74135.0,23255.0,12256.0,3084.0,14291.0,18347.0,953.0,5486.0,6456.0,2859.0,23405.0,54338.0,28173,53232.0,66494.0
2024-08-12,11216.0,29287,37289.0,6999.0,9947.0,17554.0,36660.0,16574.0,8359.0,14617.0,35356.0,10839.0,67626.0,12071.0,30341.0,2716.0,23960.0,23439.0,5822.0,8902.0,12499.0,51293.0,5228.0,20064.0,53719.0,9694.0,11081.0,66636.0,5508.0,48030.0,14624.0,20827.0,3918.0,11064.0,12675.0,6735.0,2705.0,34391.0,12898,33768.0,13072.0,6265.0,29363.0,33133.0,14561.0,14142.0,75296.0,28724.0,15854.0,5964.0,17313.0,21550.0,6073.0,7974.0,11020.0,7066.0,22469.0,71486.0,40433,63129.0,65200.0
2024-08-13,14512.0,34288,39863.0,8822.0,11626.0,22878.0,41491.0,20187.0,12082.0,16685.0,50430.0,12793.0,87861.0,16022.0,40324.0,2898.0,29323.0,25940.0,7483.0,11861.0,15630.0,65786.0,6829.0,25601.0,65958.0,10483.0,13854.0,80848.0,5692.0,55887.0,15752.0,21170.0,4510.0,12739.0,14912.0,7729.0,3372.0,38570.0,16130,39248.0,14291.0,6136.0,35253.0,39129.0,17697.0,16613.0,87260.0,31750.0,19470.0,8345.0,22151.0,26730.0,7705.0,9628.0,14069.0,8657.0,29752.0,77937.0,42317,83437.0,70252.0
2024-08-14,15027.0,34151,44330.0,8755.0,12605.0,24295.0,44981.0,20639.0,12176.0,18036.0,53180.0,13651.0,92431.0,15656.0,36081.0,3055.0,27812.0,26362.0,7961.0,12396.0,15823.0,69853.0,7076.0,26656.0,71119.0,10991.0,14262.0,88057.0,5107.0,56902.0,16601.0,22433.0,4469.0,12998.0,16031.0,8551.0,3585.0,41686.0,17005,41631.0,11002.0,6429.0,38945.0,42457.0,17848.0,17299.0,91490.0,31784.0,18874.0,8052.0,24086.0,28166.0,7700.0,10230.0,14825.0,8586.0,31357.0,95119.0,49743,86200.0,74028.0
2024-08-15,16783.0,38854,47534.0,9621.0,14095.0,24753.0,47541.0,20757.0,13403.0,18193.0,53277.0,14274.0,98844.0,16830.0,40791.0,3206.0,29328.0,26633.0,8420.0,12626.0,18972.0,72885.0,6940.0,28875.0,72427.0,11386.0,15137.0,92407.0,5961.0,59526.0,17334.0,23066.0,4963.0,13578.0,16444.0,8741.0,3355.0,43271.0,18206,41537.0,14177.0,41644.0,45163.0,18460.0,16836.0,98069.0,32562.0,,19430.0,7927.0,25564.0,28324.0,7877.0,10763.0,15387.0,8817.0,28710.0,104805.0,49672,89801.0,77576.0
2024-08-16,14612.0,35861,46879.0,8130.0,10708.0,20095.0,44948.0,17007.0,10285.0,16637.0,32317.0,18713.0,76540.0,12373.0,25827.0,2902.0,28618.0,25647.0,6055.0,8556.0,14669.0,50822.0,5462.0,23030.0,65122.0,11203.0,11610.0,85398.0,6725.0,53668.0,17243.0,23347.0,5368.0,13793.0,17163.0,9290.0,2555.0,45370.0,18339,40969.0,13960.0,7219.0,42467.0,42737.0,18184.0,14674.0,88589.0,32390.0,15636.0,5732.0,22550.0,27234.0,5293.0,9160.0,11712.0,6573.0,31500.0,83978.0,39993,83758.0,76912.0
2024-08-17,12407.0,33717,47165.0,5836.0,11820.0,17125.0,47108.0,10799.0,8087.0,15554.0,15130.0,17618.0,66790.0,11266.0,13263.0,3146.0,29865.0,20662.0,4193.0,892.0,12231.0,36941.0,3749.0,19114.0,60831.0,8969.0,9286.0,86232.0,6523.0,46825.0,14899.0,23801.0,6023.0,13816.0,20088.0,9500.0,2550.0,39232.0,20626,32819.0,13072.0,7214.0,50701.0,46797.0,16720.0,9942.0,84950.0,30638.0,13936.0,3790.0,22100.0,27228.0,3789.0,7010.0,9128.0,4731.0,31561.0,83301.0,27192,86335.0,98131.0
2024-08-18,9675.0,28622,33907.0,4174.0,8133.0,11458.0,42141.0,7946.0,5950.0,13268.0,9539.0,14674.0,45420.0,8653.0,8924.0,2426.0,24787.0,15779.0,2825.0,317.0,8902.0,24404.0,2632.0,12902.0,38240.0,7548.0,6080.0,54055.0,6181.0,32034.0,12546.0,18310.0,4505.0,10275.0,13909.0,7512.0,1974.0,35606.0,14087,25745.0,11002.0,6582.0,32480.0,30273.0,12227.0,8668.0,71746.0,24306.0,11721.0,1434.0,14512.0,19837.0,2957.0,5596.0,6848.0,3268.0,22656.0,57768.0,26071,55017.0,59615.0
2024-08-19,11975.0,31943,41611.0,7694.0,11685.0,18956.0,44463.0,17267.0,12569.0,,,,,,,,,,6510.0,9764.0,15489.0,54690.0,5793.0,21655.0,61589.0,10218.0,11704.0,72287.0,5940.0,51693.0,16172.0,22123.0,4136.0,12254.0,15090.0,7804.0,2885.0,40404.0,5111,,,,,,,,,,16074.0,6021.0,20126.0,23492.0,6300.0,8958.0,12662.0,6918.0,28584.0,87595.0,42237,70099.0,70822.0
2024-08-20,15849.0,37269,43541.0,9938.0,14138.0,23668.0,46392.0,19428.0,13079.0,17124.0,51646.0,102158.0,16191.0,41785.0,3336.0,29049.0,26944.0,,8053.0,12191.0,18016.0,69527.0,7093.0,26397.0,70938.0,10917.0,14057.0,87744.0,6181.0,50902.0,16228.0,21452.0,4586.0,13896.0,15812.0,8134.0,3302.0,43463.0,16954,39762.0,14838.0,37841.0,40356.0,17817.0,17314.0,88013.0,31766.0,,19282.0,7865.0,23256.0,26306.0,7391.0,8537.0,14980.0,8199.0,21363.0,101696.0,49378,87836.0,75366.0
2024-08-21,15481.0,34201,44128.0,8834.0,12188.0,24220.0,44529.0,20190.0,12139.0,16898.0,51095.0,13838.0,91163.0,15851.0,40882.0,3065.0,28327.0,26498.0,7674.0,12249.0,15695.0,67258.0,7311.0,26821.0,71763.0,10860.0,13853.0,89197.0,6065.0,57637.0,16446.0,22079.0,4271.0,13094.0,16077.0,7888.0,3312.0,41415.0,17028,40241.0,14690.0,5806.0,39872.0,41351.0,18353.0,17438.0,92578.0,31926.0,18601.0,7566.0,24539.0,27881.0,7305.0,10390.0,14295.0,8232.0,30762.0,94940.0,50062,85858.0,75410.0
2024-08-22,16804.0,34162,45332.0,8865.0,11822.0,25219.0,44579.0,20032.0,11634.0,17767.0,51084.0,13974.0,92874.0,15778.0,40521.0,2962.0,26896.0,25840.0,7555.0,11741.0,15307.0,69187.0,7175.0,27673.0,66679.0,8952.0,13941.0,90483.0,5835.0,56633.0,16951.0,18374.0,3922.0,12448.0,15305.0,7832.0,2996.0,40909.0,15741,39544.0,14380.0,4903.0,39346.0,39119.0,18183.0,15436.0,94088.0,27490.0,19545.0,7548.0,23984.0,26761.0,7428.0,10213.0,13713.0,8275.0,31117.0,96252.0,49662,86805.0,74812.0
2024-08-23,14823.0,29795,42718.0,6593.0,10349.0,18963.0,39945.0,15826.0,8451.0,16036.0,30235.0,16949.0,73248.0,11252.0,24256.0,2661.0,25744.0,25738.0,4969.0,7992.0,13031.0,48872.0,5401.0,21520.0,62520.0,9904.0,11056.0,82123.0,5768.0,50094.0,16126.0,21123.0,4656.0,12401.0,15927.0,8076.0,2865.0,39799.0,16017,35413.0,13407.0,5583.0,41543.0,39541.0,17034.0,12545.0,81084.0,27608.0,14049.0,5123.0,21437.0,23876.0,4865.0,8565.0,10200.0,5989.0,28445.0,77752.0,39558,76856.0,74929.0
2024-08-24,14383.0,23906,39855.0,3612.0,10147.0,14300.0,39389.0,8782.0,5629.0,13675.0,11869.0,13997.0,64100.0,8175.0,11189.0,1953.0,21167.0,17777.0,3173.0,3190.0,8434.0,28399.0,3935.0,17356.0,55592.0,8697.0,7561.0,79016.0,5327.0,39411.0,12879.0,22292.0,4025.0,10735.0,13234.0,7127.0,1491.0,37949.0,18746,24044.0,10961.0,4306.0,48091.0,43128.0,12683.0,7479.0,73032.0,21526.0,10632.0,3517.0,20875.0,20755.0,2974.0,6646.0,8079.0,4117.0,23546.0,69279.0,28249,70692.0,74153.0
2024-08-25,10241.0,24053,34326.0,3832.0,7686.0,11407.0,57689.0,7744.0,9839.0,3267.0,9498.0,12677.0,56169.0,7734.0,9265.0,2783.0,22316.0,17359.0,2810.0,9812.0,23664.0,39078.0,,,,,,,10661.0,16424.0,10937.0,11209.0,,,,,,,13505,22607.0,12720.0,5366.0,33235.0,30207.0,10083.0,7827.0,68691.0,23825.0,,,,,,,,,,,27487,60274.0,64214.0
2024-08-26,8046.0,22211,38786.0,3608.0,7191.0,9518.0,67201.0,7377.0,5186.0,10446.0,9276.0,10166.0,46399.0,7101.0,8811.0,2280.0,18867.0,16653.0,799.0,2479.0,11859.0,6378.0,6045.0,57119.0,,,,,13476.0,31031.0,9707.0,2168.0,6651.0,1690.0,30299.0,,,,11069,20086.0,12752.0,4973.0,30825.0,29160.0,10203.0,7396.0,61531.0,19914.0,9379.0,2987.0,13662.0,16150.0,2235.0,5023.0,2541.0,2753.0,18086.0,55464.0,22151,51193.0,61233.0
2024-08-27,11796.0,30714,42048.0,8333.0,11758.0,17865.0,41078.0,19460.0,10608.0,14787.0,44054.0,13125.0,80691.0,14447.0,37393.0,2852.0,24584.0,26498.0,7730.0,10648.0,15132.0,57883.0,5408.0,23925.0,59608.0,9074.0,12304.0,79235.0,5584.0,52572.0,14953.0,19228.0,3854.0,13796.0,7306.0,3237.0,36853.0,,14365,36201.0,13462.0,5176.0,32138.0,35790.0,16633.0,13994.0,78749.0,26812.0,17431.0,6987.0,19775.0,23472.0,6504.0,8965.0,11856.0,7909.0,29645.0,84718.0,45272,78629.0,71756.0
2024-08-28,14279.0,32335,42747.0,8816.0,12082.0,22447.0,40066.0,19741.0,11531.0,16047.0,49337.0,13633.0,89349.0,15074.0,40002.0,3095.0,26188.0,26584.0,7751.0,11492.0,15102.0,65725.0,6545.0,25299.0,70621.0,9661.0,12990.0,87063.0,5491.0,51366.0,15431.0,20369.0,4159.0,12453.0,14457.0,7018.0,3307.0,41033.0,13824,39513.0,14294.0,5914.0,38315.0,37872.0,18300.0,15984.0,88317.0,28296.0,18818.0,7439.0,22961.0,26823.0,7066.0,9796.0,12878.0,8259.0,29466.0,92080.0,49017,80140.0,87126.0
2024-08-29,14472.0,38959,43705.0,9400.0,13362.0,25010.0,43256.0,20453.0,11328.0,16390.0,52562.0,13952.0,93928.0,15745.0,41302.0,3314.0,25830.0,26328.0,8174.0,12613.0,15660.0,69009.0,6735.0,26947.0,72171.0,9978.0,13988.0,90377.0,5549.0,56249.0,16003.0,20474.0,4339.0,12553.0,15263.0,7558.0,3585.0,39930.0,16708,38052.0,14559.0,5551.0,39423.0,39756.0,18599.0,15853.0,91860.0,27430.0,19570.0,7615.0,23777.0,27850.0,7376.0,10061.0,12133.0,8831.0,30942.0,99045.0,45827,84074.0,76427.0
2024-08-30,13952.0,34256,41837.0,7596.0,10586.0,19527.0,40572.0,16841.0,8113.0,14642.0,32064.0,13958.0,75563.0,11354.0,25145.0,3820.0,23093.0,25813.0,6238.0,8258.0,13003.0,51652.0,5633.0,21921.0,65170.0,9608.0,10390.0,85159.0,5837.0,52602.0,15936.0,20805.0,4066.0,12181.0,15680.0,7598.0,3203.0,41194.0,14899,36868.0,14232.0,5365.0,42021.0,38469.0,18073.0,12266.0,83047.0,25373.0,14120.0,5538.0,21830.0,24104.0,5087.0,8945.0,10438.0,6249.0,28906.0,83889.0,40265,77295.0,75906.0
2024-08-31,16586.0,27864,39460.0,4552.0,7354.0,16224.0,40898.0,9466.0,5390.0,12063.0,13751.0,14188.0,63694.0,7610.0,13002.0,3580.0,19043.0,19610.0,3791.0,3607.0,8538.0,32434.0,3739.0,17426.0,56974.0,7427.0,8079.0,86133.0,5155.0,45045.0,12990.0,19348.0,4201.0,11265.0,17114.0,7852.0,2014.0,34179.0,17721,26774.0,11645.0,4834.0,50084.0,41677.0,14342.0,7087.0,77361.0,21360.0,11642.0,3438.0,20177.0,21439.0,2518.0,5752.0,2907.0,3498.0,22137.0,85639.0,31124,80625.0,96348.0
2024-09-01,9669.0,18094,33163.0,3490.0,4146.0,10935.0,31562.0,7016.0,5286.0,8489.0,13335.0,10523.0,41155.0,5044.0,8441.0,5110.0,8824.0,14658.0,2493.0,2158.0,6400.0,21901.0,2437.0,12038.0,34711.0,6063.0,6328.0,53383.0,1934.0,30647.0,9611.0,14888.0,4462.0,12270.0,10912.0,8371.0,1519.0,21668.0,11600,23144.0,5231.0,6005.0,28606.0,23453.0,177.0,205.0,54042.0,16640.0,2586.0,2517.0,11341.0,13411.0,845.0,5336.0,5263.0,1476.0,19087.0,55389.0,28972,63677.0,59153.0
2024-09-02,11988.0,26330,38566.0,7500.0,10226.0,18747.0,38230.0,18978.0,8897.0,13236.0,40353.0,12608.0,71637.0,11802.0,33687.0,3026.0,19343.0,25747.0,6553.0,10341.0,13597.0,54933.0,3638.0,20896.0,59263.0,8931.0,11368.0,70115.0,4812.0,49614.0,14654.0,17467.0,3006.0,10659.0,13528.0,6584.0,2788.0,35259.0,12377,34584.0,13264.0,4265.0,28147.0,30242.0,16392.0,13621.0,76898.0,23839.0,15319.0,6554.0,17274.0,19861.0,5969.0,8758.0,11415.0,6960.0,25463.0,77314.0,42941,63143.0,70968.0
2024-09-03,16218.0,31032,42046.0,8993.0,12147.0,23428.0,40963.0,21383.0,11347.0,15432.0,55200.0,13765.0,87558.0,15222.0,44516.0,3057.0,21774.0,27441.0,7584.0,13320.0,16191.0,68783.0,6994.0,26050.0,66465.0,9798.0,14140.0,79730.0,5075.0,55582.0,15795.0,17918.0,3711.0,11366.0,14973.0,6859.0,3224.0,34735.0,13243,39777.0,14014.0,4526.0,31527.0,33118.0,19079.0,16841.0,85522.0,26930.0,18671.0,8349.0,20834.0,24759.0,7525.0,10374.0,13108.0,8915.0,32695.0,94710.0,52594,80770.0,74945.0
2024-09-04,17098.0,31450,42937.0,9286.0,12156.0,24584.0,41168.0,22118.0,11588.0,15883.0,56051.0,14499.0,91477.0,14827.0,44692.0,2851.0,22158.0,27327.0,7903.0,13450.0,16496.0,70114.0,7428.0,27192.0,68855.0,10370.0,14671.0,82073.0,5322.0,56976.0,16507.0,18214.0,3821.0,11644.0,15783.0,7117.0,3400.0,36388.0,14779,41898.0,14729.0,4718.0,33961.0,35364.0,20371.0,17800.0,88087.0,28334.0,19048.0,8284.0,21985.0,25217.0,7917.0,10882.0,13548.0,9266.0,32061.0,94780.0,52368,82256.0,71947.0
2024-09-05,17129.0,32976,45671.0,9542.0,13366.0,27440.0,43900.0,23068.0,11947.0,17451.0,61276.0,14443.0,99807.0,15949.0,48009.0,2948.0,22918.0,26986.0,8753.0,15140.0,16176.0,74605.0,7325.0,28940.0,71724.0,11120.0,16111.0,87046.0,5676.0,58861.0,17305.0,18676.0,4096.0,12073.0,16293.0,7516.0,3534.0,37951.0,15571,42759.0,14386.0,4784.0,35378.0,37819.0,20550.0,18582.0,95656.0,27932.0,20920.0,8948.0,23759.0,26246.0,8235.0,12145.0,14711.0,9702.0,33284.0,101809.0,54202,88542.0,71950.0
2024-09-06,16859.0,29472,42078.0,7485.0,10397.0,20340.0,38441.0,18274.0,8612.0,15009.0,34436.0,14848.0,75168.0,10744.0,30039.0,2457.0,20623.0,26151.0,6697.0,9556.0,12892.0,51141.0,5631.0,22380.0,61345.0,10549.0,12094.0,80040.0,5553.0,51216.0,16917.0,18577.0,4104.0,11801.0,16674.0,7369.0,2739.0,38025.0,15101,38389.0,13701.0,4834.0,38244.0,36795.0,19372.0,13372.0,82916.0,24032.0,14710.0,5563.0,20031.0,22160.0,5325.0,10191.0,8993.0,6619.0,33703.0,78867.0,42588,77914.0,71112.0
2024-09-07,14892.0,25574,38859.0,4495.0,10442.0,16441.0,39881.0,10992.0,6298.0,14728.0,11591.0,14662.0,59360.0,8959.0,12436.0,23962.0,21199.0,,3555.0,3793.0,8775.0,31241.0,3285.0,17628.0,61820.0,8493.0,7363.0,84555.0,6327.0,47257.0,18818.0,23496.0,4872.0,12840.0,20278.0,9356.0,2011.0,40340.0,20219,30457.0,16163.0,6871.0,50761.0,45050.0,16992.0,9010.0,87016.0,24601.0,11352.0,3416.0,23294.0,26090.0,2966.0,7843.0,2505.0,5515.0,27283.0,70354.0,40721,86366.0,76067.0
2024-09-08,10091.0,17988,26902.0,3377.0,8194.0,11115.0,33023.0,8085.0,4948.0,11909.0,7866.0,10366.0,39779.0,6780.0,8524.0,17571.0,15322.0,,2749.0,2066.0,6791.0,20836.0,692.0,11597.0,37664.0,7272.0,5326.0,49400.0,4669.0,30159.0,10508.0,14895.0,3403.0,7589.0,11929.0,5855.0,1293.0,27383.0,13597,20257.0,10048.0,4289.0,28999.0,26430.0,10735.0,6333.0,51907.0,16673.0,9667.0,3472.0,12889.0,15431.0,2170.0,5848.0,461.0,2519.0,19439.0,43179.0,30202,56521.0,54300.0
2024-09-09,13107.0,28843,39547.0,7723.0,10568.0,20065.0,40282.0,19345.0,9894.0,14625.0,41654.0,12909.0,78153.0,12395.0,38226.0,2551.0,21258.0,26898.0,7795.0,12059.0,13947.0,58639.0,5770.0,22786.0,59192.0,9486.0,13095.0,68790.0,5423.0,50374.0,16416.0,17752.0,3752.0,11156.0,16066.0,6670.0,3072.0,33120.0,11752,36964.0,13650.0,4736.0,27600.0,31572.0,17986.0,15581.0,79332.0,26251.0,16151.0,7078.0,17739.0,20438.0,6802.0,10434.0,11157.0,7557.0,29670.0,76907.0,46428,68908.0,68691.0
2024-09-10,16633.0,35605,46062.0,10182.0,13918.0,26353.0,47021.0,23010.0,13467.0,17965.0,59707.0,14152.0,96743.0,16147.0,49767.0,2979.0,24316.0,27985.0,9634.0,14775.0,18157.0,76340.0,7498.0,30083.0,69850.0,10492.0,15250.0,83194.0,5689.0,58488.0,17974.0,19361.0,4115.0,12472.0,17931.0,7301.0,3504.0,38110.0,14394,42848.0,15531.0,4704.0,33014.0,37540.0,20700.0,19013.0,92613.0,29503.0,21248.0,8957.0,22249.0,25145.0,8861.0,11851.0,14509.0,10299.0,31716.0,99182.0,55373,89368.0,73897.0
2024-09-11,17653.0,34213,46701.0,10173.0,13354.0,26667.0,46556.0,23569.0,12974.0,17791.0,60264.0,14634.0,99857.0,16633.0,49228.0,3156.0,24460.0,28722.0,9144.0,15493.0,17876.0,77282.0,7580.0,30018.0,74408.0,10706.0,16483.0,89152.0,6263.0,60711.0,18309.0,19621.0,4633.0,12939.0,18028.0,7568.0,3580.0,39830.0,15196,44920.0,16128.0,5076.0,35436.0,39646.0,21433.0,19934.0,95479.0,31558.0,20667.0,8823.0,23827.0,26864.0,8343.0,12184.0,14240.0,10225.0,32768.0,98900.0,56012,88791.0,75453.0
2024-09-12,18131.0,36613,49301.0,10383.0,13769.0,29065.0,46613.0,23948.0,13154.0,18730.0,66456.0,15424.0,106473.0,13050.0,50239.0,3398.0,26114.0,28426.0,9980.0,16003.0,17753.0,78979.0,7757.0,31089.0,77763.0,10981.0,17598.0,92406.0,6036.0,62582.0,19014.0,19951.0,4697.0,13592.0,18304.0,7907.0,3603.0,40656.0,15483,45729.0,16020.0,5674.0,36863.0,41717.0,22142.0,19120.0,100732.0,29298.0,20603.0,11615.0,23902.0,27210.0,8937.0,12548.0,15357.0,10823.0,35115.0,105603.0,56486,94786.0,77656.0
2024-09-13,17303.0,31798,43956.0,7620.0,11149.0,21646.0,41871.0,18770.0,9502.0,16566.0,37033.0,15012.0,79583.0,11752.0,30753.0,2733.0,23363.0,27659.0,6898.0,9315.0,13605.0,53714.0,6262.0,24507.0,67887.0,10724.0,12268.0,84958.0,6363.0,54224.0,17905.0,20234.0,5082.0,13224.0,17984.0,7958.0,3242.0,38323.0,15198,40687.0,15279.0,5325.0,39781.0,39602.0,20047.0,15906.0,86658.0,28448.0,15247.0,6061.0,21316.0,24216.0,5331.0,10866.0,12051.0,8332.0,31699.0,80860.0,43154,80311.0,77273.0
2024-09-14,17400.0,28451,45757.0,5105.0,10550.0,17908.0,49584.0,12235.0,6551.0,15072.0,13506.0,14536.0,72921.0,9806.0,14647.0,1470.0,21540.0,22118.0,4332.0,3529.0,10775.0,37224.0,4421.0,18970.0,71367.0,2.0,8318.0,99403.0,6258.0,51218.0,15303.0,7151.0,15307.0,20757.0,8671.0,2282.0,30494.0,,38432,14109.0,46653.0,34764.0,20205.0,9076.0,81293.0,24071.0,,,10812.0,4312.0,23768.0,27455.0,3142.0,7909.0,7835.0,5878.0,32558.0,88423.0,37023,85391.0,85584.0
2024-09-15,9894.0,21612,31974.0,3504.0,8940.0,11822.0,41489.0,8186.0,5131.0,11647.0,8506.0,10689.0,48311.0,6841.0,9520.0,1041.0,16727.0,15637.0,3224.0,2017.0,7634.0,25403.0,2630.0,11591.0,40649.0,5595.0,56787.0,,4995.0,31137.0,9306.0,4020.0,10126.0,12828.0,6886.0,1404.0,22423.0,,24100,10098.0,1.0,26946.0,20149.0,12942.0,6948.0,58740.0,18568.0,,7323.0,2282.0,15850.0,17126.0,2135.0,6053.0,5937.0,4270.0,20359.0,47383.0,26966,55424.0,61605.0
2024-09-16,13707.0,32499,40174.0,8341.0,11024.0,21064.0,39660.0,19869.0,10915.0,15428.0,44492.0,13088.0,76444.0,13154.0,38768.0,21253.0,28882.0,,7462.0,12061.0,15239.0,59820.0,6396.0,24377.0,60435.0,9439.0,13358.0,72685.0,5713.0,51774.0,17045.0,17658.0,3864.0,11954.0,15586.0,7106.0,3008.0,32171.0,11761,37877.0,14194.0,4982.0,29056.0,33263.0,18832.0,16139.0,81279.0,25450.0,16654.0,6900.0,18995.0,21381.0,6724.0,10500.0,13127.0,9906.0,29340.0,81486.0,47953,71737.0,73169.0
2024-09-17,18076.0,37757,46871.0,10462.0,13479.0,27602.0,45642.0,23580.0,13440.0,60477.0,17847.0,49657.0,1346.0,25479.0,,,,,9469.0,15826.0,18109.0,72931.0,7767.0,30477.0,71198.0,10541.0,16251.0,86305.0,6031.0,58247.0,18018.0,18783.0,4841.0,13034.0,16889.0,7632.0,3812.0,35990.0,14079,109102.0,,,,,,,,,22731.0,9779.0,22559.0,27282.0,8745.0,12240.0,15084.0,11480.0,35004.0,84841.0,20088,89101.0,73107.0
2024-09-18,19173.0,38250,48221.0,10723.0,13329.0,26766.0,45700.0,23860.0,18294.0,15137.0,98362.0,3328.0,30214.0,,,,,,9035.0,15304.0,18455.0,76067.0,7585.0,30762.0,72807.0,10537.0,16637.0,90038.0,6320.0,61234.0,18667.0,18775.0,4723.0,13513.0,17696.0,8193.0,3770.0,36517.0,46603,16318.0,5281.0,34931.0,38605.0,22365.0,19376.0,28808.0,,,20809.0,9034.0,23476.0,27829.0,8605.0,12385.0,15001.0,11718.0,34189.0,101641.0,56658,91468.0,76795.0
2024-09-19,17975.0,37637,49516.0,10957.0,11083.0,28358.0,48959.0,23855.0,13462.0,19407.0,64128.0,15716.0,107100.0,20339.0,51018.0,3359.0,26648.0,30113.0,9786.0,15909.0,18642.0,79890.0,7220.0,31401.0,76598.0,11483.0,17018.0,94811.0,62479.0,19440.0,20435.0,4927.0,18184.0,8151.0,3844.0,37330.0,,,15847,45900.0,16878.0,5957.0,36575.0,41566.0,22582.0,19135.0,101254.0,29072.0,21192.0,9346.0,24200.0,29149.0,8913.0,12423.0,15772.0,13073.0,36727.0,108665.0,58299,98601.0,79207.0
2024-09-20,17676.0,34429,44385.0,8040.0,11437.0,22234.0,44501.0,19414.0,9568.0,17506.0,36441.0,15622.0,80162.0,12379.0,30674.0,2808.0,24383.0,28454.0,88801.0,,,,,,,,,,6658.0,13770.0,,,,,,,,,16013,41310.0,15379.0,5898.0,41286.0,41292.0,20860.0,14511.0,89331.0,27837.0,86528.0,,,,,,,,,,45398,84349.0,78734.0
2024-09-21,17787.0,30731,50205.0,5578.0,11437.0,18699.0,43407.0,12712.0,7623.0,15517.0,16496.0,15213.0,73985.0,10478.0,14672.0,2794.0,24682.0,21749.0,4956.0,4490.0,12621.0,35415.0,4451.0,20002.0,64148.0,9497.0,8953.0,,5944.0,52699.0,16681.0,21785.0,5388.0,14665.0,21962.0,9422.0,2505.0,33347.0,19949,35812.0,12496.0,6571.0,52969.0,48763.0,16792.0,9269.0,90869.0,26322.0,10362.0,3336.0,22258.0,25889.0,3301.0,8094.0,7069.0,5718.0,30686.0,,34198,90980.0,101553.0
2024-09-22,9051.0,18556,33868.0,3339.0,8259.0,10400.0,36457.0,9220.0,5602.0,12790.0,9592.0,10629.0,42684.0,7503.0,8887.0,1663.0,17139.0,15162.0,3316.0,1638.0,8869.0,20390.0,2695.0,14282.0,42367.0,8715.0,6984.0,53073.0,5147.0,31645.0,11889.0,16038.0,3805.0,9268.0,11998.0,6617.0,1330.0,28790.0,13095,29739.0,9701.0,4581.0,30880.0,28865.0,10212.0,7498.0,74381.0,17823.0,6556.0,2444.0,14719.0,16468.0,3059.0,6369.0,6631.0,3926.0,23293.0,51270.0,25671,59097.0,56811.0
2024-09-23,16385.0,33563,43395.0,8613.0,10801.0,21815.0,40234.0,21982.0,10168.0,16962.0,44707.0,13570.0,79342.0,11954.0,38857.0,2718.0,22410.0,31206.0,8438.0,12672.0,17976.0,60799.0,7337.0,26781.0,63517.0,11844.0,14030.0,73225.0,5795.0,53436.0,17550.0,18958.0,3933.0,12042.0,15672.0,7191.0,2842.0,33940.0,11433,38272.0,13952.0,4818.0,29347.0,32611.0,18644.0,15181.0,81646.0,23907.0,16559.0,6898.0,18963.0,20783.0,6450.0,11051.0,12433.0,12377.0,31209.0,84157.0,47543,73424.0,75306.0
2024-09-24,18841.0,38649,49982.0,10956.0,13119.0,27603.0,48859.0,25197.0,13142.0,19399.0,60739.0,14667.0,99541.0,16800.0,49801.0,3329.0,26046.0,30898.0,8997.0,16196.0,21113.0,78647.0,8869.0,33325.0,61107.0,12565.0,17248.0,90386.0,5688.0,63352.0,18851.0,19391.0,4466.0,13029.0,17328.0,7891.0,3720.0,37974.0,14464,42962.0,15768.0,5011.0,33609.0,39062.0,21043.0,18315.0,96193.0,27307.0,20052.0,9515.0,22916.0,26277.0,8861.0,13112.0,15495.0,14678.0,34731.0,104280.0,58799,92994.0,82365.0
2024-09-25,20221.0,37857,53654.0,10994.0,13372.0,29502.0,47356.0,26074.0,13929.0,19509.0,62021.0,15340.0,102246.0,16876.0,51259.0,3396.0,25488.0,30569.0,9374.0,16236.0,20992.0,79564.0,8891.0,34177.0,72078.0,12901.0,17103.0,92787.0,6232.0,63318.0,19173.0,20109.0,4444.0,13919.0,17867.0,8152.0,3876.0,39152.0,15375,45667.0,16020.0,5404.0,36083.0,41446.0,22208.0,18132.0,99219.0,27351.0,20614.0,9284.0,24133.0,26211.0,8664.0,13106.0,15555.0,13951.0,37660.0,107087.0,56702,91160.0,80105.0
2024-09-26,20934.0,41163,50177.0,11695.0,14655.0,29193.0,49983.0,26674.0,14387.0,21208.0,66879.0,15993.0,115850.0,18871.0,54520.0,3332.0,26710.0,30083.0,10163.0,17263.0,24511.0,84902.0,9141.0,36045.0,78477.0,13389.0,18156.0,96296.0,6316.0,65464.0,20156.0,21664.0,4801.0,13871.0,18279.0,8562.0,3750.0,39736.0,17138,46506.0,15993.0,5751.0,37181.0,44034.0,25020.0,18906.0,106346.0,29356.0,21484.0,9594.0,27223.0,28376.0,8939.0,12783.0,16510.0,15422.0,37997.0,114620.0,58635,96029.0,84315.0
2024-09-27,20074.0,39581,48200.0,8705.0,11752.0,24311.0,46256.0,21651.0,10473.0,20002.0,37226.0,16599.0,85932.0,12353.0,31353.0,2747.0,24015.0,27344.0,7283.0,11420.0,17038.0,57375.0,6615.0,29343.0,72105.0,13287.0,13124.0,91554.0,6602.0,56900.0,19566.0,22743.0,4988.0,13547.0,18431.0,8802.0,3317.0,44075.0,17336,41553.0,15348.0,5745.0,43545.0,45109.0,22713.0,14395.0,96458.0,26057.0,15935.0,6244.0,24135.0,23754.0,5459.0,11678.0,12932.0,12246.0,34400.0,96697.0,44569,88899.0,84389.0
2024-09-28,19399.0,28658,57378.0,4639.0,11650.0,20394.0,47255.0,14673.0,5470.0,18091.0,15266.0,15778.0,71228.0,11165.0,14632.0,29118.0,23479.0,,3978.0,4691.0,10957.0,32886.0,3655.0,20995.0,78184.0,10348.0,9204.0,102262.0,6727.0,57541.0,16869.0,24966.0,5416.0,15089.0,22504.0,9478.0,2778.0,38687.0,23105,36205.0,15011.0,7585.0,60687.0,56299.0,21373.0,10388.0,92250.0,30700.0,11353.0,3482.0,25683.0,28247.0,3501.0,10853.0,9062.0,5997.0,33597.0,97374.0,44470,95883.0,94766.0
2024-09-29,10562.0,18327,39075.0,3078.0,7702.0,12746.0,37430.0,8933.0,4142.0,13477.0,9975.0,10813.0,42306.0,8132.0,7187.0,21430.0,14871.0,,2581.0,2794.0,8205.0,17294.0,2854.0,12814.0,46260.0,7913.0,6790.0,55468.0,5385.0,32100.0,11974.0,16779.0,4167.0,9964.0,13380.0,6841.0,1675.0,31256.0,13605,21986.0,11083.0,4380.0,33579.0,30970.0,13106.0,7095.0,67827.0,18104.0,8261.0,1845.0,14718.0,16297.0,2327.0,6484.0,6335.0,3091.0,22917.0,53413.0,30844,55434.0,62061.0
2024-09-30,16505.0,32936,44900.0,8701.0,11492.0,22318.0,40440.0,23173.0,10526.0,17376.0,45150.0,13576.0,79775.0,12622.0,39192.0,2602.0,21787.0,28468.0,7996.0,13113.0,19226.0,63902.0,8070.0,28915.0,63769.0,12676.0,13633.0,74442.0,5519.0,53778.0,18220.0,18329.0,3994.0,12128.0,15391.0,7145.0,3058.0,38914.0,12854,38206.0,14028.0,4362.0,29024.0,34048.0,19384.0,15435.0,82783.0,23284.0,17239.0,7093.0,20139.0,21166.0,6503.0,11722.0,12957.0,13196.0,31540.0,87661.0,48346,71688.0,77605.0
2024-10-01,19772.0,38450,51260.0,11057.0,14206.0,29790.0,47358.0,27838.0,17394.0,14386.0,64264.0,15806.0,96560.0,16941.0,53307.0,3000.0,25492.0,30468.0,10165.0,17420.0,23316.0,79288.0,10791.0,37184.0,71938.0,15080.0,18699.0,89677.0,5807.0,62176.0,19445.0,20917.0,4161.0,14166.0,16970.0,7502.0,3817.0,46444.0,16628,43665.0,15446.0,5253.0,33026.0,40909.0,21512.0,19115.0,97308.0,26942.0,21472.0,9383.0,24601.0,25346.0,8609.0,13685.0,16720.0,16229.0,38240.0,107645.0,58093,91038.0,82694.0
2024-10-02,20106.0,36801,50734.0,10311.0,13552.0,28298.0,45741.0,25857.0,13196.0,19094.0,63686.0,15378.0,98923.0,16132.0,46861.0,3234.0,24305.0,30967.0,10144.0,16290.0,22169.0,80936.0,8938.0,34447.0,75391.0,13710.0,17116.0,92223.0,5763.0,61927.0,20002.0,19623.0,4531.0,13859.0,17469.0,8392.0,3778.0,41029.0,15405,45587.0,15623.0,5018.0,35208.0,41281.0,21979.0,18763.0,95288.0,28828.0,20221.0,8946.0,23914.0,25881.0,8493.0,13168.0,15833.0,14446.0,36690.0,105734.0,57351,89582.0,82425.0
2024-10-03,19666.0,39515,52006.0,11275.0,14367.0,31276.0,49741.0,26937.0,13812.0,21314.0,64743.0,15933.0,107860.0,19186.0,51434.0,3284.0,28085.0,31319.0,10067.0,16576.0,23043.0,82367.0,9473.0,36182.0,79731.0,14144.0,17684.0,96985.0,6603.0,64589.0,20637.0,20809.0,4867.0,14175.0,18701.0,8627.0,3777.0,41238.0,16745,45528.0,16829.0,5237.0,37326.0,44295.0,23107.0,18799.0,103254.0,29986.0,22282.0,9893.0,25154.0,28470.0,8087.0,13488.0,16454.0,15802.0,37755.0,109713.0,58721,98679.0,84847.0
2024-10-04,18889.0,35535,48402.0,8461.0,11565.0,24195.0,42948.0,22185.0,10238.0,18710.0,38046.0,16195.0,83753.0,12665.0,32377.0,2818.0,25691.0,29359.0,7708.0,10821.0,18197.0,59147.0,7714.0,29001.0,71511.0,13530.0,13860.0,93791.0,6989.0,57951.0,20102.0,22363.0,5421.0,14173.0,19644.0,9522.0,3572.0,42649.0,17105,42461.0,15069.0,5603.0,44241.0,46602.0,21392.0,14977.0,93613.0,29019.0,15583.0,6014.0,23302.0,25708.0,5692.0,12230.0,12152.0,11802.0,34796.0,91723.0,48027,87985.0,85999.0
2024-10-05,20103.0,31059,50404.0,5664.0,12153.0,21566.0,45302.0,13425.0,7322.0,17623.0,16438.0,16170.0,73765.0,11024.0,14991.0,2758.0,27423.0,22668.0,4905.0,5328.0,11340.0,36178.0,5307.0,25865.0,76326.0,11230.0,10863.0,106939.0,6636.0,57178.0,16331.0,24887.0,5592.0,14914.0,22255.0,9532.0,2710.0,35171.0,23714,36091.0,14213.0,6162.0,65619.0,58520.0,20586.0,10214.0,89043.0,34837.0,12006.0,3993.0,30682.0,33053.0,3376.0,9200.0,9655.0,6769.0,32871.0,100944.0,38538,93984.0,104712.0
2024-10-06,12984.0,19779,36231.0,3644.0,8188.0,12992.0,37933.0,8781.0,5180.0,13138.0,9126.0,11050.0,50983.0,7100.0,9273.0,1783.0,19026.0,15183.0,3225.0,2638.0,7819.0,20235.0,2951.0,13900.0,44709.0,8395.0,6389.0,57859.0,5791.0,35369.0,12817.0,16718.0,4204.0,13783.0,13737.0,7121.0,1589.0,29773.0,14422,22236.0,11243.0,4490.0,35077.0,32273.0,12352.0,6913.0,63688.0,17315.0,8370.0,1986.0,17658.0,16270.0,2288.0,7000.0,6284.0,3268.0,23797.0,51983.0,23611,49907.0,58298.0
2024-10-07,16186.0,34023,43199.0,9221.0,11012.0,22442.0,39826.0,22991.0,11028.0,17909.0,45121.0,13871.0,80548.0,12806.0,40102.0,2878.0,23501.0,29482.0,8701.0,13092.0,19305.0,65499.0,8233.0,28411.0,65339.0,13085.0,13783.0,75379.0,5934.0,54758.0,18815.0,20402.0,4457.0,12608.0,16439.0,7433.0,3440.0,39484.0,13810,39314.0,14442.0,5069.0,30104.0,35498.0,10852.0,16199.0,85080.0,28576.0,17504.0,7372.0,20504.0,22590.0,6802.0,11447.0,13540.0,13065.0,30818.0,84126.0,48742,72473.0,78817.0
2024-10-08,19375.0,39013,49966.0,10806.0,14259.0,28118.0,55363.0,27619.0,13755.0,21307.0,56211.0,15355.0,103538.0,16075.0,52489.0,3790.0,25757.0,31153.0,10633.0,18014.0,23806.0,81157.0,10211.0,35941.0,75183.0,14742.0,18016.0,90747.0,6268.0,62342.0,19953.0,20304.0,6080.0,13840.0,17783.0,7586.0,4148.0,43549.0,15932,46847.0,16402.0,5112.0,34830.0,40962.0,21862.0,19917.0,96380.0,32282.0,21370.0,11759.0,24506.0,27027.0,9270.0,13925.0,16902.0,16384.0,36018.0,105062.0,60665,94040.0,84665.0
2024-10-09,20152.0,37945,52300.0,11225.0,13430.0,28185.0,47268.0,28367.0,13572.0,20367.0,61969.0,16072.0,103728.0,17598.0,50513.0,3253.0,25453.0,30867.0,10104.0,16334.0,22818.0,79472.0,5566.0,34835.0,77544.0,14301.0,16846.0,94707.0,6494.0,63505.0,20149.0,20751.0,4993.0,13740.0,18066.0,8192.0,5949.0,42857.0,15819,48591.0,16419.0,5507.0,37196.0,43222.0,22370.0,19174.0,97587.0,31021.0,21237.0,9424.0,25332.0,28162.0,8474.0,13343.0,16289.0,14463.0,36576.0,107992.0,58677,93916.0,82868.0
2024-10-10,20621.0,42229,53741.0,13003.0,15698.0,30682.0,51815.0,28125.0,15431.0,21260.0,66905.0,16765.0,116232.0,19767.0,51916.0,3476.0,27596.0,30795.0,11118.0,18088.0,25361.0,90614.0,9462.0,36047.0,83062.0,14804.0,18497.0,101356.0,6701.0,66651.0,21465.0,21213.0,5090.0,14129.0,19042.0,8462.0,5502.0,44590.0,17329,48816.0,16873.0,5354.0,39387.0,47817.0,23918.0,19986.0,104601.0,31007.0,23033.0,9869.0,28008.0,30529.0,9144.0,14830.0,17471.0,16278.0,38307.0,120435.0,60155,93914.0,85588.0
2024-10-11,20618.0,35847,49280.0,10168.0,12039.0,24235.0,44600.0,23426.0,10329.0,19837.0,38278.0,16852.0,85988.0,13239.0,32275.0,2803.0,24650.0,30438.0,8354.0,11364.0,18915.0,60900.0,7801.0,29457.0,75179.0,14074.0,13525.0,94585.0,6911.0,60104.0,20595.0,22951.0,5136.0,14500.0,19498.0,9191.0,6012.0,44069.0,17854,44707.0,15985.0,6016.0,45779.0,48036.0,22584.0,14931.0,91712.0,28121.0,16145.0,6161.0,24741.0,26367.0,6055.0,11931.0,12607.0,12088.0,35060.0,93792.0,46835,89089.0,84380.0
2024-10-12,19767.0,28600,48417.0,6472.0,11001.0,21614.0,37898.0,12998.0,13073.0,11233.0,27691.0,16980.0,76444.0,40.0,14870.0,2158.0,22846.0,,4190.0,5491.0,10332.0,36687.0,4974.0,25117.0,77271.0,10521.0,12653.0,106209.0,1.0,55177.0,25442.0,35808.0,5762.0,15321.0,22494.0,13214.0,5040.0,5962.0,24500,40556.0,7913.0,62842.0,58441.0,63564.0,24284.0,,,,28831.0,12665.0,10013.0,9945.0,40781.0,100370.0,,,,,34992,112697.0,86800.0
2024-10-13,11038.0,22839,39971.0,5231.0,9016.0,13813.0,32041.0,9588.0,10882.0,7564.0,17970.0,11890.0,53155.0,9306.0,1746.0,1.0,16328.0,,2953.0,3188.0,8005.0,25329.0,2959.0,15592.0,46909.0,8562.0,8540.0,63630.0,2.0,37953.0,24153.0,34997.0,6054.0,13000.0,14514.0,11527.0,3700.0,5047.0,16281,33773.0,3.0,9674.0,36620.0,35597.0,54622.0,17963.0,,,18321.0,7816.0,8432.0,7090.0,30687.0,63558.0,,,,,27185,79030.0,59778.0
2024-10-14,16365.0,35676,45372.0,10401.0,12403.0,22188.0,42167.0,23355.0,11305.0,18062.0,46179.0,13899.0,84834.0,13279.0,40879.0,2750.0,22628.0,28664.0,8413.0,13533.0,20478.0,65566.0,7637.0,30256.0,58699.0,14223.0,14190.0,79689.0,5885.0,57378.0,19285.0,21062.0,4589.0,12507.0,16391.0,8117.0,3755.0,42429.0,14479,41655.0,14321.0,4730.0,31283.0,38460.0,19466.0,16240.0,84606.0,28312.0,18002.0,7754.0,21097.0,22597.0,7002.0,9963.0,14304.0,12980.0,28518.0,91252.0,49897,77349.0,75562.0
2024-10-15,20262.0,40636,50089.0,10579.0,14041.0,28747.0,46877.0,28856.0,11818.0,15175.0,102757.0,18001.0,52579.0,3220.0,26529.0,31192.0,,,9027.0,17532.0,21698.0,78175.0,9952.0,34946.0,76776.0,14123.0,17905.0,93350.0,5731.0,63651.0,20516.0,20519.0,4978.0,13686.0,18290.0,8417.0,4625.0,41814.0,15246,46398.0,15535.0,5183.0,40797.0,21908.0,94665.0,32154.0,,,21233.0,9674.0,24903.0,27824.0,8919.0,13066.0,16954.0,15121.0,35827.0,109372.0,60024,92447.0,82360.0
2024-10-16,18308.0,38638,50367.0,12370.0,13394.0,25567.0,46109.0,26588.0,20258.0,61383.0,50788.0,3448.0,25183.0,30559.0,,,,,18106.0,23805.0,28218.0,61129.0,,,,,,,68805.0,20428.0,4959.0,13699.0,17604.0,8484.0,4379.0,43400.0,,,47269,5822.0,35457.0,45205.0,19722.0,,,,,,9648.0,29555.0,35113.0,,,,,,,,58106,89665.0,83180.0
2024-10-17,20362.0,39910,51630.0,11535.0,14148.0,31370.0,48641.0,26867.0,13970.0,21976.0,65899.0,16021.0,111392.0,17450.0,,,,,10359.0,86229.0,9705.0,36154.0,80758.0,14479.0,17577.0,99777.0,,,6513.0,20863.0,14401.0,,,,,,,,17311,16303.0,38300.0,23841.0,18907.0,100353.0,29847.0,,,,21500.0,26119.0,9082.0,12984.0,16365.0,15822.0,37893.0,111817.0,,,58418,96542.0,84686.0
2024-10-18,17538.0,35350,48710.0,9097.0,11980.0,21366.0,45270.0,24935.0,10282.0,18755.0,37124.0,16690.0,85266.0,13237.0,31791.0,2867.0,24323.0,29214.0,8286.0,11220.0,19720.0,61702.0,1222.0,13938.0,13416.0,93783.0,,,6796.0,59231.0,19847.0,22228.0,5104.0,18997.0,8790.0,3573.0,42091.0,,17806,43010.0,14944.0,5452.0,36356.0,47187.0,21984.0,14572.0,91418.0,26450.0,15585.0,6248.0,23261.0,26450.0,5636.0,11342.0,12112.0,11917.0,93704.0,,47328,85339.0,81893.0
2024-10-19,17090.0,29247,48883.0,5685.0,11422.0,20797.0,43658.0,13017.0,7592.0,18154.0,13654.0,15625.0,79074.0,10298.0,15225.0,24032.0,23061.0,,4555.0,4864.0,12520.0,33966.0,4897.0,23087.0,70250.0,10307.0,9658.0,103482.0,6296.0,53804.0,15389.0,24269.0,5449.0,13866.0,21672.0,9240.0,2355.0,35440.0,20805,33274.0,14620.0,5308.0,59861.0,53241.0,19206.0,9817.0,88679.0,27982.0,12371.0,3569.0,25978.0,29949.0,3527.0,8616.0,4506.0,26681.0,87309.0,,42027,89821.0,84208.0
2024-10-20,10297.0,22186,36509.0,3952.0,9034.0,13002.0,37787.0,8262.0,6737.0,13132.0,8779.0,10825.0,44463.0,7334.0,9758.0,17375.0,15885.0,,3843.0,2666.0,10950.0,20130.0,2925.0,13448.0,40321.0,8192.0,6402.0,55471.0,5698.0,32374.0,11968.0,16591.0,5317.0,9400.0,13082.0,6860.0,1378.0,31659.0,13828,22304.0,10327.0,3832.0,33119.0,32218.0,11845.0,6981.0,64466.0,19494.0,7600.0,1419.0,15737.0,17163.0,2215.0,6104.0,2.0,2104.0,18323.0,58880.0,30268,63448.0,58461.0
2024-10-21,15449.0,33020,44359.0,8852.0,11219.0,22043.0,41261.0,22653.0,10838.0,18052.0,44107.0,13838.0,80492.0,13800.0,37927.0,2765.0,23716.0,28946.0,8515.0,12671.0,19624.0,63323.0,7862.0,28162.0,65627.0,12806.0,13818.0,77971.0,6147.0,54290.0,17843.0,21165.0,4731.0,12720.0,16078.0,7505.0,3149.0,41001.0,15513,39633.0,14292.0,4846.0,33245.0,38429.0,18640.0,15503.0,81317.0,29400.0,18179.0,7655.0,20787.0,23178.0,5754.0,10593.0,12800.0,12482.0,31117.0,86346.0,48466,74837.0,76633.0
2024-10-22,20398.0,37908,47863.0,10901.0,13410.0,28185.0,46353.0,26509.0,13282.0,20446.0,60360.0,15773.0,99710.0,17628.0,50293.0,3385.0,26656.0,32160.0,9528.0,16009.0,22587.0,78228.0,9043.0,34383.0,75644.0,14043.0,16906.0,90535.0,5992.0,60884.0,18897.0,21046.0,4934.0,13399.0,17737.0,8118.0,3708.0,41711.0,17325,44628.0,15221.0,5438.0,36722.0,42970.0,21003.0,18165.0,95162.0,31923.0,20700.0,9034.0,24265.0,27718.0,8303.0,12085.0,15899.0,14407.0,37221.0,106368.0,56762,91139.0,83080.0
2024-10-23,19761.0,39439,50029.0,11027.0,11038.0,28277.0,47191.0,26820.0,13091.0,19942.0,59297.0,15840.0,101240.0,17330.0,48242.0,3181.0,25348.0,30837.0,9807.0,16745.0,22409.0,78046.0,9164.0,31434.0,75650.0,12932.0,16245.0,97779.0,6170.0,64410.0,18745.0,20382.0,4816.0,13726.0,17694.0,8315.0,2760.0,39803.0,16805,47158.0,16083.0,5109.0,40578.0,39215.0,21726.0,18509.0,95549.0,31533.0,20762.0,8999.0,24010.0,29897.0,8107.0,11928.0,15514.0,14545.0,35804.0,110328.0,58711,93073.0,82302.0
2024-10-24,17805.0,39903,53257.0,11626.0,13614.0,25491.0,48240.0,26988.0,15048.0,19070.0,60750.0,16197.0,113992.0,18881.0,49737.0,3769.0,27317.0,32341.0,9808.0,16821.0,22851.0,86124.0,8943.0,36295.0,79985.0,13780.0,17367.0,100924.0,6035.0,66531.0,19388.0,21624.0,5162.0,14306.0,18116.0,8784.0,3531.0,40688.0,17948,46587.0,15718.0,5488.0,39888.0,44645.0,21860.0,17814.0,102689.0,30953.0,21101.0,9440.0,25767.0,29372.0,8231.0,12222.0,16527.0,14652.0,39296.0,117012.0,59308,96171.0,87010.0
2024-10-25,19353.0,34423,50033.0,8574.0,12462.0,23957.0,45865.0,21959.0,10092.0,19036.0,36627.0,16661.0,87721.0,11919.0,31305.0,2790.0,23841.0,29583.0,7901.0,11094.0,19265.0,60657.0,6984.0,29910.0,73420.0,13706.0,13350.0,95495.0,6262.0,58174.0,19183.0,23550.0,5053.0,14221.0,17985.0,8777.0,3206.0,46164.0,18839,41841.0,16357.0,4899.0,46435.0,46178.0,20254.0,13891.0,91756.0,25388.0,16568.0,5974.0,23974.0,25441.0,5302.0,10970.0,13119.0,11678.0,33850.0,95864.0,45512,88844.0,85262.0
2024-10-26,18802.0,29761,53798.0,4790.0,16888.0,21451.0,47505.0,13669.0,5200.0,17276.0,16073.0,16377.0,74103.0,10535.0,15365.0,2648.0,26522.0,22220.0,4470.0,5332.0,10258.0,34729.0,3412.0,23222.0,76866.0,10196.0,9315.0,106722.0,6164.0,52161.0,16112.0,26337.0,5316.0,14436.0,21338.0,9291.0,1510.0,37699.0,23191,35807.0,15120.0,2501.0,63602.0,58638.0,18885.0,16012.0,94867.0,27520.0,12359.0,3468.0,27364.0,30782.0,3165.0,10244.0,8587.0,6069.0,30445.0,93118.0,34559,87318.0,86414.0
2024-10-27,12944.0,25686,43446.0,3970.0,12062.0,14262.0,41275.0,10975.0,3988.0,14392.0,11015.0,12569.0,50541.0,9806.0,10625.0,2708.0,24409.0,17165.0,3332.0,2950.0,8588.0,23232.0,2.0,14910.0,49774.0,9175.0,7346.0,68857.0,5693.0,35761.0,14051.0,20335.0,5335.0,11746.0,15550.0,8051.0,2454.0,32128.0,16712,26565.0,12650.0,1870.0,44626.0,43612.0,13299.0,8313.0,64068.0,26126.0,12395.0,3388.0,23296.0,25392.0,2710.0,6775.0,6804.0,3706.0,20916.0,61148.0,28049,61939.0,85222.0
2024-10-28,14997.0,34157,45129.0,8435.0,11898.0,23140.0,44742.0,22375.0,10579.0,19044.0,37585.0,14024.0,85289.0,16020.0,40033.0,3212.0,29168.0,28564.0,8579.0,12383.0,19703.0,61902.0,7673.0,28528.0,73157.0,14070.0,14532.0,88429.0,6272.0,59962.0,20657.0,26582.0,4488.0,14242.0,16777.0,7987.0,3126.0,43097.0,18352,41596.0,16055.0,5072.0,42604.0,43382.0,19425.0,15932.0,90151.0,33704.0,18780.0,8251.0,24541.0,25539.0,7881.0,10450.0,13587.0,9699.0,23408.0,92421.0,47666,77943.0,80978.0
2024-10-29,17427.0,38767,48826.0,9899.0,13555.0,28891.0,48157.0,25828.0,12956.0,21341.0,47497.0,15478.0,103567.0,19668.0,51257.0,3597.0,31621.0,30264.0,9512.0,15873.0,21572.0,76327.0,9121.0,32994.0,81754.0,14707.0,17050.0,102724.0,6420.0,66058.0,21029.0,25569.0,4947.0,14668.0,18507.0,8377.0,3546.0,48099.0,19700,45555.0,17032.0,5689.0,45267.0,44853.0,21260.0,17882.0,99158.0,35775.0,21729.0,10804.0,26971.0,30405.0,10035.0,11907.0,16304.0,11968.0,32618.0,105067.0,56950,98157.0,85438.0
2024-10-30,18389.0,38063,50676.0,10301.0,14385.0,29374.0,50182.0,25855.0,12631.0,21617.0,56785.0,15607.0,107315.0,19358.0,49519.0,3503.0,30322.0,29748.0,9325.0,15284.0,21224.0,76798.0,8933.0,33620.0,78839.0,14515.0,16276.0,105622.0,6473.0,69446.0,20796.0,26086.0,4892.0,15026.0,18828.0,9040.0,3628.0,47119.0,20714,48938.0,17871.0,5996.0,48307.0,47641.0,22635.0,18982.0,104536.0,36181.0,21811.0,8894.0,28752.0,31167.0,8588.0,11981.0,16283.0,11680.0,37219.0,106660.0,56803,97773.0,87381.0
2024-10-31,19460.0,36883,50364.0,9492.0,13477.0,30605.0,48310.0,25398.0,12529.0,22323.0,57371.0,16067.0,104988.0,18999.0,47469.0,3345.0,29497.0,29389.0,9012.0,15888.0,20232.0,78005.0,9143.0,34194.0,82158.0,14309.0,16118.0,107637.0,6492.0,65931.0,21114.0,25357.0,5262.0,14218.0,19896.0,9135.0,3596.0,49437.0,20374,45074.0,18375.0,5577.0,48117.0,47719.0,22518.0,17189.0,106234.0,33279.0,21895.0,8737.0,27064.0,30212.0,8588.0,12296.0,15472.0,12247.0,36301.0,106117.0,54780,97613.0,85462.0
2024-11-01,19207.0,34447,52586.0,7098.0,13010.0,24787.0,47417.0,21179.0,9442.0,20094.0,35606.0,17432.0,87034.0,13321.0,32569.0,2888.0,28626.0,28063.0,7104.0,10968.0,17439.0,56892.0,7317.0,29127.0,79318.0,14169.0,13052.0,101826.0,6768.0,62499.0,20766.0,27920.0,5208.0,15355.0,19877.0,9038.0,3191.0,48292.0,20686,46681.0,17075.0,5888.0,52043.0,47400.0,21589.0,13659.0,95262.0,29869.0,16568.0,5962.0,26521.0,28934.0,5996.0,10697.0,12592.0,7524.0,35871.0,98345.0,45472,89888.0,86589.0
2024-11-02,17603.0,28199,46633.0,4389.0,11341.0,21538.0,38797.0,12148.0,6268.0,16025.0,17437.0,17045.0,71775.0,7682.0,19167.0,1874.0,19779.0,21051.0,4309.0,5155.0,9749.0,34572.0,4749.0,22716.0,71770.0,10285.0,9863.0,104296.0,54162.0,14867.0,29792.0,5362.0,15068.0,22304.0,12223.0,2395.0,33859.0,,22678,39171.0,1.0,6887.0,61068.0,48711.0,12.0,75954.0,22931.0,,6849.0,1561.0,27137.0,21733.0,1761.0,10706.0,9319.0,2915.0,48083.0,102227.0,36061,89155.0,82917.0
2024-11-03,11944.0,19798,36086.0,3323.0,9811.0,12990.0,26047.0,8787.0,4477.0,10955.0,10010.0,11395.0,46171.0,4632.0,10799.0,1217.0,12098.0,15189.0,2920.0,2998.0,8633.0,20988.0,2527.0,13007.0,41845.0,7850.0,6348.0,56589.0,3.0,33118.0,10061.0,18031.0,4130.0,10287.0,12659.0,8635.0,1179.0,25979.0,14009,24388.0,4250.0,32973.0,25312.0,2.0,50806.0,16096.0,,,3641.0,823.0,15817.0,11428.0,816.0,7003.0,6148.0,1763.0,28242.0,56146.0,24317,53718.0,55891.0
2024-11-04,14953.0,31816,42063.0,8231.0,11535.0,22050.0,39759.0,20718.0,10173.0,16180.0,45313.0,13932.0,79876.0,11899.0,42005.0,2594.0,18612.0,28306.0,8454.0,12759.0,15049.0,61864.0,6742.0,26244.0,63181.0,10587.0,13221.0,73395.0,4212.0,55095.0,16889.0,18581.0,3850.0,11850.0,15084.0,7074.0,2996.0,37990.0,13371,37832.0,13415.0,4280.0,29923.0,28846.0,18859.0,13386.0,78833.0,24357.0,15817.0,7032.0,19823.0,21105.0,6311.0,10910.0,12517.0,11475.0,31352.0,85047.0,49265,71883.0,78667.0
2024-11-05,17755.0,35561,44745.0,10100.0,11870.0,25675.0,43105.0,23513.0,11863.0,18325.0,59797.0,14830.0,95210.0,15546.0,51453.0,3838.0,20633.0,30131.0,9635.0,16266.0,17989.0,77389.0,7815.0,31206.0,71911.0,11635.0,15603.0,87698.0,4652.0,62236.0,17677.0,18068.0,3876.0,12988.0,16148.0,6922.0,3536.0,37454.0,13827,42584.0,15421.0,4359.0,30970.0,32096.0,21099.0,17596.0,85883.0,26305.0,19409.0,8923.0,22245.0,24190.0,8146.0,13039.0,15701.0,13142.0,34610.0,99258.0,56132,83991.0,78626.0
2024-11-06,19075.0,35981,50238.0,8863.0,12094.0,27840.0,41728.0,25531.0,9921.0,18633.0,62656.0,15315.0,100900.0,16287.0,52852.0,3777.0,20738.0,30475.0,8682.0,17052.0,15594.0,79571.0,8156.0,32577.0,74722.0,11221.0,16125.0,93216.0,4072.0,65458.0,18277.0,18879.0,4191.0,13672.0,17650.0,8381.0,3563.0,37255.0,14626,46336.0,14308.0,5056.0,34936.0,35928.0,21531.0,17293.0,93829.0,26944.0,19979.0,8714.0,23891.0,25501.0,8117.0,12922.0,16172.0,13325.0,35651.0,103330.0,57042,92432.0,78917.0
2024-11-07,18315.0,34271,45166.0,9544.0,11985.0,28001.0,44198.0,22702.0,11718.0,18954.0,58082.0,15346.0,99545.0,15851.0,49451.0,3330.0,21371.0,28637.0,9358.0,15806.0,16070.0,77996.0,7597.0,30938.0,76043.0,11109.0,15073.0,92417.0,5093.0,63855.0,18266.0,19876.0,4084.0,13522.0,17235.0,7732.0,3480.0,38262.0,14939,46707.0,15153.0,4784.0,36234.0,38131.0,21664.0,17132.0,89900.0,24193.0,19463.0,8389.0,23623.0,25964.0,7916.0,11852.0,15076.0,13704.0,34183.0,96841.0,51831,87333.0,77212.0
2024-11-08,19629.0,33445,49321.0,7616.0,12367.0,24143.0,44108.0,20553.0,10300.0,17506.0,38462.0,16493.0,86767.0,12234.0,35435.0,2632.0,20996.0,28842.0,7281.0,11363.0,14494.0,58585.0,6365.0,27441.0,76764.0,12144.0,12658.0,94180.0,4978.0,61729.0,18884.0,24314.0,4728.0,14512.0,18763.0,8805.0,3431.0,40817.0,17324,44436.0,15396.0,5428.0,44793.0,42519.0,21398.0,13281.0,91225.0,25846.0,13889.0,5866.0,24257.0,24861.0,5250.0,11390.0,12029.0,10522.0,36713.0,91395.0,45241,86340.0,82893.0
2024-11-09,18351.0,27246,47492.0,4571.0,12181.0,21875.0,44959.0,12387.0,6310.0,18418.0,19310.0,16348.0,77973.0,10670.0,18638.0,2193.0,26023.0,21159.0,4643.0,6009.0,10041.0,37593.0,4243.0,23157.0,83328.0,9800.0,13553.0,109922.0,6019.0,60452.0,15862.0,29187.0,4832.0,14691.0,22501.0,9116.0,2325.0,38992.0,24855,36111.0,15147.0,4961.0,65195.0,55653.0,19501.0,9660.0,96274.0,27788.0,14643.0,4075.0,27813.0,30187.0,5283.0,8510.0,9386.0,7292.0,36016.0,99234.0,35251,84567.0,98874.0
2024-11-10,12144.0,19527,39622.0,3455.0,7915.0,13342.0,38948.0,8431.0,4822.0,13995.0,9784.0,11273.0,52402.0,8390.0,11758.0,1729.0,19760.0,15808.0,3037.0,3205.0,8130.0,22506.0,2873.0,14238.0,50322.0,8384.0,6593.0,61959.0,5468.0,37194.0,12567.0,19655.0,3901.0,10965.0,15172.0,7014.0,1527.0,31534.0,16260,24415.0,12048.0,4336.0,37886.0,32974.0,12473.0,10037.0,67328.0,20042.0,9600.0,2140.0,20434.0,23997.0,2736.0,6477.0,6272.0,3944.0,24554.0,54614.0,24052,50644.0,58560.0
2024-11-11,16562.0,33959,44275.0,9036.0,11583.0,22677.0,40898.0,22591.0,10430.0,18159.0,45593.0,13788.0,82703.0,13333.0,43440.0,2446.0,22443.0,28713.0,8902.0,12652.0,18382.0,66235.0,7732.0,28492.0,68387.0,12803.0,13551.0,77952.0,5741.0,58084.0,18659.0,22310.0,4120.0,12768.0,16834.0,7330.0,3217.0,39325.0,14414,41396.0,15117.0,5000.0,32155.0,34136.0,19840.0,16418.0,82538.0,29871.0,16947.0,7702.0,21451.0,23441.0,7015.0,11391.0,13227.0,12414.0,30990.0,87556.0,49979,75511.0,78584.0
2024-11-12,19431.0,37105,48692.0,10816.0,15081.0,28683.0,43439.0,24053.0,12627.0,19035.0,63011.0,15470.0,102041.0,17294.0,53258.0,2888.0,22343.0,30666.0,9687.0,79669.0,10147.0,34970.0,77450.0,13569.0,92268.0,,,,5229.0,64051.0,18695.0,14191.0,7846.0,41681.0,,,,,17068,47108.0,15404.0,5585.0,36356.0,38018.0,22371.0,18345.0,91387.0,29169.0,20436.0,9134.0,25787.0,26359.0,8572.0,12662.0,16215.0,14213.0,105323.0,,58388,91603.0,82045.0
2024-11-13,20701.0,38007,53667.0,10807.0,14712.0,29114.0,46263.0,22062.0,16093.0,,,,,,,,,,16722.0,21481.0,16690.0,,,,,,,,21416.0,4241.0,17488.0,3838.0,,,,,,,17455,16158.0,5476.0,40791.0,40232.0,19074.0,30206.0,,,,31998.0,,,,,,,,,,59256,94426.0,83025.0
2024-11-14,21615.0,39992,53803.0,11585.0,15349.0,32151.0,48425.0,25103.0,13328.0,21127.0,68557.0,115247.0,19208.0,56627.0,3171.0,24376.0,31198.0,,10317.0,18052.0,22070.0,88751.0,9774.0,37480.0,86910.0,13851.0,17840.0,104985.0,5689.0,71522.0,20514.0,22558.0,4615.0,15061.0,18721.0,8372.0,3885.0,43689.0,51493,16698.0,23062.0,102748.0,,,,,,,21769.0,9830.0,30334.0,31807.0,9193.0,13364.0,16847.0,15174.0,38401.0,116743.0,60386,105050.0,84901.0
2024-11-15,21201.0,34588,50820.0,8667.0,13286.0,24708.0,44037.0,21732.0,10288.0,18567.0,39371.0,17085.0,92244.0,12936.0,36701.0,2709.0,22585.0,29384.0,7838.0,11686.0,17149.0,63458.0,7788.0,31292.0,82461.0,13884.0,13130.0,101280.0,5882.0,66069.0,19714.0,25898.0,4650.0,15413.0,19666.0,9169.0,3389.0,44351.0,21207,47742.0,6227.0,51466.0,47102.0,22287.0,14066.0,92745.0,26357.0,,15244.0,5922.0,28667.0,27090.0,5616.0,11579.0,12339.0,11727.0,36327.0,96867.0,47388,91971.0,85677.0
2024-11-16,19907.0,30420,46944.0,5577.0,13607.0,21851.0,70944.0,14562.0,8577.0,16781.0,19275.0,17449.0,87450.0,13422.0,19888.0,3498.0,25319.0,16503.0,6000.0,7645.0,11753.0,26454.0,2963.0,31338.0,101852.0,11301.0,11174.0,78764.0,6211.0,54499.0,16439.0,32657.0,7008.0,17219.0,24717.0,9821.0,2383.0,42084.0,20026,43664.0,16086.0,5796.0,80636.0,59367.0,24917.0,9322.0,68584.0,27992.0,18610.0,4571.0,35522.0,33869.0,3544.0,9341.0,8939.0,6811.0,41796.0,104060.0,41627,114765.0,89890.0
2024-11-17,7786.0,24098,43564.0,4230.0,9289.0,14747.0,20579.0,9278.0,7558.0,11795.0,12918.0,13090.0,56010.0,8902.0,12381.0,2421.0,15128.0,12077.0,3995.0,4056.0,10869.0,14984.0,722.0,16848.0,59335.0,8949.0,7133.0,46129.0,5098.0,34498.0,12624.0,21675.0,5502.0,12309.0,15922.0,8151.0,1427.0,29763.0,19600,28557.0,10401.0,4870.0,41770.0,36900.0,12568.0,6931.0,50533.0,20855.0,9613.0,1089.0,20186.0,18520.0,1981.0,7163.0,6787.0,3232.0,28321.0,64812.0,31407,77310.0,62745.0
2024-11-18,7150.0,32462,43796.0,8942.0,12296.0,24212.0,42399.0,22929.0,10756.0,18032.0,39396.0,14053.0,85288.0,12175.0,44232.0,2901.0,20592.0,28094.0,8865.0,13541.0,18979.0,66279.0,8345.0,30634.0,68796.0,13716.0,15149.0,79735.0,5365.0,58304.0,17615.0,22975.0,4046.0,13464.0,16321.0,7672.0,3116.0,39105.0,16774,41082.0,14601.0,4862.0,34561.0,36184.0,19878.0,15635.0,80473.0,25529.0,17467.0,9201.0,23112.0,21933.0,7697.0,11277.0,13272.0,13661.0,31307.0,86305.0,49628,76075.0,78124.0
2024-11-19,19467.0,37248,50811.0,11067.0,15842.0,29291.0,48661.0,27150.0,12977.0,20325.0,64165.0,15511.0,106183.0,18042.0,55149.0,2714.0,21941.0,29535.0,10256.0,17731.0,21890.0,83356.0,9722.0,36878.0,78377.0,14925.0,16988.0,96108.0,5648.0,65787.0,18790.0,22773.0,4159.0,14540.0,17420.0,7926.0,3887.0,41237.0,17757,46502.0,15790.0,5481.0,38991.0,40067.0,21728.0,19965.0,97790.0,35397.0,21845.0,9847.0,29985.0,28902.0,8589.0,14457.0,16039.0,15521.0,36343.0,110535.0,55311,93301.0,81661.0
2024-11-20,21807.0,36457,52423.0,10529.0,14968.0,29584.0,42850.0,26288.0,12587.0,19853.0,65689.0,16225.0,109541.0,17794.0,53931.0,2836.0,23083.0,30039.0,9750.0,17380.0,20544.0,82771.0,8809.0,36999.0,82291.0,13809.0,17491.0,99926.0,5936.0,70635.0,19439.0,23621.0,4591.0,16365.0,18377.0,8514.0,3740.0,39633.0,18349,51129.0,16374.0,6151.0,40755.0,41795.0,23317.0,18730.0,98055.0,30766.0,21352.0,9351.0,27817.0,28615.0,8567.0,12853.0,16604.0,14788.0,37983.0,114096.0,52075,94343.0,85718.0
2024-11-21,22024.0,39203,54594.0,11289.0,15945.0,32989.0,50598.0,27196.0,13131.0,21427.0,68115.0,16774.0,118007.0,19149.0,57254.0,2900.0,24088.0,29488.0,10469.0,18416.0,22564.0,87712.0,10050.0,40022.0,89174.0,15596.0,18623.0,107075.0,5677.0,73937.0,20125.0,25696.0,4782.0,20769.0,18779.0,9379.0,3758.0,40114.0,20889,51562.0,17054.0,11006.0,43963.0,45849.0,24499.0,18872.0,106243.0,29331.0,21769.0,9693.0,29397.0,30022.0,9167.0,13682.0,17129.0,15407.0,41100.0,116682.0,57283,101529.0,87585.0
2024-11-22,20548.0,34975,53315.0,8953.0,13904.0,25520.0,48980.0,22180.0,9750.0,19525.0,40703.0,17534.0,101121.0,14603.0,37013.0,2624.0,24272.0,29379.0,7816.0,12405.0,17766.0,61418.0,8173.0,31781.0,87415.0,15434.0,13863.0,103494.0,6397.0,71474.0,20336.0,29958.0,5451.0,24649.0,20776.0,9263.0,3509.0,42768.0,23046,49631.0,16793.0,15185.0,52831.0,48880.0,23155.0,14720.0,95553.0,26841.0,16410.0,6239.0,28937.0,27996.0,5776.0,12390.0,10408.0,12170.0,36911.0,100733.0,41331,91332.0,87504.0
2024-11-23,20653.0,29482,51169.0,6157.0,13505.0,20421.0,52448.0,15163.0,7087.0,14243.0,16044.0,14738.0,78440.0,11541.0,18149.0,1695.0,21910.0,20761.0,4425.0,5181.0,11550.0,39276.0,6519.0,25162.0,79833.0,1.0,7644.0,120595.0,7799.0,74174.0,18581.0,4.0,3805.0,15657.0,21787.0,7461.0,2165.0,34054.0,54157,16084.0,7.0,43752.0,43988.0,26896.0,9517.0,91547.0,25557.0,,13008.0,3403.0,38077.0,37649.0,3493.0,10483.0,10.0,7792.0,32525.0,97878.0,33893,93821.0,87386.0
2024-11-24,11284.0,19077,30301.0,3597.0,9343.0,13125.0,33736.0,11222.0,5229.0,14033.0,11916.0,11559.0,43149.0,9008.0,11619.0,1585.0,18271.0,15336.0,3369.0,3191.0,11498.0,23455.0,3004.0,15221.0,57102.0,6055.0,70858.0,,6568.0,42466.0,12056.0,3830.0,13441.0,16367.0,5266.0,1166.0,31929.0,,31844,12006.0,1.0,33347.0,25851.0,17170.0,6881.0,66906.0,20349.0,,10145.0,7898.0,21049.0,28913.0,2866.0,7526.0,4712.0,23949.0,66124.0,,24815,65689.0,61036.0
2024-11-25,15994.0,33293,38877.0,8946.0,12112.0,22679.0,39974.0,22677.0,10233.0,18043.0,45980.0,14136.0,82102.0,13584.0,40946.0,2701.0,22064.0,29155.0,8257.0,13404.0,17703.0,64762.0,7862.0,28932.0,72561.0,12848.0,13966.0,80677.0,5848.0,64726.0,19185.0,24470.0,4311.0,20039.0,17573.0,7915.0,3070.0,38461.0,16468,43141.0,15223.0,11047.0,34815.0,36091.0,20629.0,15914.0,84648.0,28045.0,16724.0,7608.0,22617.0,23519.0,6791.0,11648.0,13052.0,12449.0,32539.0,86326.0,49219,77713.0,79591.0
2024-11-26,19455.0,39320,47237.0,11581.0,14679.0,29352.0,97448.0,27032.0,13041.0,21438.0,69791.0,15947.0,113644.0,18763.0,53938.0,4130.0,24874.0,26991.0,14110.0,21232.0,22106.0,70572.0,9967.0,38131.0,95057.0,14999.0,19262.0,74178.0,5773.0,58563.0,20074.0,25661.0,8232.0,21826.0,19473.0,8726.0,3902.0,42945.0,19086,52458.0,16482.0,10699.0,40007.0,44629.0,23704.0,19517.0,99488.0,31857.0,22680.0,11744.0,27431.0,29681.0,8578.0,13816.0,16620.0,14949.0,37010.0,105836.0,70500,104187.0,89440.0
2024-11-27,22362.0,40458,49257.0,10926.0,14795.0,30593.0,55083.0,27131.0,13634.0,20840.0,68555.0,17504.0,114339.0,18265.0,53317.0,3377.0,22813.0,27990.0,10826.0,20382.0,21678.0,70025.0,9652.0,37891.0,86543.0,15674.0,19089.0,94593.0,5023.0,69719.0,20159.0,25935.0,9878.0,21365.0,19638.0,10504.0,3817.0,42413.0,18665,55285.0,15274.0,9474.0,41732.0,43488.0,24467.0,18763.0,113355.0,30734.0,20262.0,10460.0,29217.0,29556.0,8686.0,13677.0,17059.0,14579.0,38402.0,115781.0,62013,104257.0,87531.0
2024-11-28,23080.0,41541,55441.0,11921.0,17093.0,33410.0,52982.0,28520.0,13711.0,22335.0,67989.0,16991.0,123929.0,19976.0,57002.0,3062.0,25653.0,30578.0,10424.0,18961.0,21972.0,87040.0,10420.0,38628.0,96839.0,15331.0,19359.0,113368.0,6578.0,80479.0,21842.0,28560.0,5455.0,23703.0,20671.0,9536.0,3882.0,43726.0,21435,59497.0,18332.0,12511.0,47722.0,49534.0,25576.0,20263.0,111087.0,31863.0,21861.0,10266.0,33252.0,33692.0,9750.0,14227.0,17538.0,16156.0,39526.0,119143.0,60935,110509.0,92485.0
2024-11-29,19929.0,37812,54399.0,9026.0,15741.0,26969.0,51259.0,23414.0,10814.0,19641.0,42222.0,18589.0,101100.0,14837.0,37328.0,2558.0,25740.0,29392.0,7656.0,12839.0,18256.0,63495.0,8356.0,35367.0,100882.0,15459.0,15358.0,118612.0,7070.0,90309.0,22431.0,35083.0,5805.0,27744.0,21891.0,10200.0,3629.0,48431.0,25044,62796.0,18541.0,16171.0,58744.0,58657.0,26101.0,16197.0,103500.0,32479.0,17554.0,6536.0,31623.0,31734.0,6229.0,13293.0,13919.0,12403.0,38615.0,107639.0,50628,103720.0,102431.0
2024-11-30,19036.0,32937,54826.0,5979.0,15212.0,22706.0,52106.0,15324.0,6661.0,18776.0,19095.0,17861.0,96562.0,13137.0,21591.0,2221.0,26655.0,22188.0,4175.0,5885.0,12636.0,38996.0,6581.0,30602.0,99485.0,9920.0,11066.0,136076.0,6676.0,106877.0,18104.0,33341.0,6403.0,29605.0,26771.0,10829.0,2599.0,42175.0,12249,55543.0,18352.0,2569.0,78421.0,57765.0,26906.0,11439.0,104340.0,36245.0,12039.0,3343.0,44378.0,41043.0,3784.0,11710.0,10105.0,7973.0,34148.0,109866.0,40579,109568.0,115356.0
2024-12-01,11745.0,20596,42718.0,3886.0,10184.0,14765.0,38229.0,9087.0,5382.0,14663.0,11480.0,11963.0,61170.0,8483.0,13755.0,1519.0,18876.0,15362.0,3195.0,3166.0,8445.0,22185.0,3353.0,15924.0,57509.0,8511.0,7067.0,70109.0,6074.0,53561.0,15018.0,27057.0,4224.0,24650.0,16443.0,8226.0,1433.0,33177.0,17632,35069.0,11914.0,12801.0,41443.0,37107.0,17086.0,8094.0,62562.0,21188.0,11975.0,4169.0,23211.0,22857.0,2819.0,6874.0,6899.0,4176.0,23810.0,60158.0,27072,65729.0,64246.0
2024-12-02,16475.0,34160,45917.0,9089.0,12656.0,23798.0,44533.0,23267.0,11096.0,18588.0,48429.0,14902.0,90603.0,14165.0,44209.0,2597.0,22768.0,28939.0,9501.0,13734.0,18706.0,66362.0,8265.0,30407.0,80061.0,13668.0,14364.0,85388.0,6018.0,69097.0,19329.0,29405.0,4002.0,21002.0,18382.0,8410.0,3338.0,40223.0,19078,47534.0,15371.0,11401.0,37967.0,40532.0,22412.0,16347.0,89153.0,29635.0,17758.0,7708.0,24560.0,24914.0,7255.0,11592.0,13903.0,12731.0,32808.0,89958.0,51167,82821.0,82898.0
2024-12-03,20779.0,39111,52177.0,10893.0,15325.0,30452.0,49761.0,27032.0,13426.0,20765.0,68138.0,16044.0,112188.0,19073.0,56005.0,2911.0,24917.0,31053.0,10497.0,18439.0,21904.0,83804.0,10080.0,37429.0,85005.0,14579.0,18463.0,102360.0,5978.0,75935.0,20582.0,27264.0,4697.0,21655.0,19936.0,8710.0,3789.0,42673.0,19473,53812.0,16966.0,11378.0,41679.0,44505.0,24660.0,19233.0,103295.0,31407.0,21804.0,10506.0,28687.0,29980.0,9306.0,13407.0,16652.0,15110.0,37896.0,111644.0,61137,99739.0,88668.0
2024-12-04,22975.0,38434,56655.0,11128.0,15936.0,29651.0,52916.0,27490.0,13357.0,20734.0,68667.0,16850.0,117289.0,19536.0,57439.0,3014.0,25022.0,30973.0,10165.0,18865.0,21558.0,86682.0,9778.0,37590.0,91308.0,15018.0,19465.0,108264.0,6510.0,78090.0,20592.0,28539.0,5396.0,23447.0,20344.0,9245.0,4122.0,44645.0,21608,56776.0,17230.0,12672.0,46077.0,48678.0,25645.0,19560.0,110510.0,31979.0,21899.0,9926.0,30909.0,32323.0,9799.0,13385.0,16890.0,15464.0,39459.0,116617.0,60385,103300.0,86736.0
2024-12-05,24421.0,41048,61299.0,11915.0,17636.0,35511.0,57171.0,28403.0,14120.0,23268.0,72293.0,17573.0,127680.0,21993.0,58453.0,3316.0,27264.0,30684.0,10711.0,20741.0,22579.0,89701.0,10762.0,41887.0,90941.0,15685.0,20819.0,114544.0,6679.0,81160.0,22597.0,30215.0,5450.0,24661.0,21385.0,9543.0,4024.0,47626.0,21900,57955.0,18402.0,12528.0,49262.0,52099.0,26483.0,20300.0,117916.0,30085.0,23915.0,10490.0,35066.0,34217.0,10038.0,14077.0,17788.0,16309.0,42056.0,127996.0,61968,111803.0,89432.0
2024-12-06,22451.0,36096,58571.0,9651.0,14253.0,27572.0,52540.0,22929.0,10348.0,21472.0,45783.0,19609.0,108494.0,15051.0,37718.0,2816.0,26992.0,29477.0,8332.0,13738.0,18066.0,65456.0,8503.0,36580.0,94331.0,15410.0,15739.0,114504.0,7094.0,83156.0,21868.0,35771.0,6367.0,29355.0,23218.0,10169.0,3710.0,48249.0,25819,58431.0,18318.0,17312.0,61574.0,57771.0,25830.0,15474.0,107776.0,31529.0,17640.0,6961.0,33444.0,32809.0,6349.0,14010.0,12350.0,13267.0,39940.0,109833.0,50837,106280.0,93409.0
2024-12-07,17107.0,28134,50797.0,5444.0,11338.0,19382.0,46469.0,13422.0,6641.0,18744.0,18070.0,16667.0,86069.0,13543.0,16554.0,1187.0,24200.0,19818.0,4855.0,6135.0,10960.0,35310.0,5406.0,29921.0,98025.0,12197.0,9838.0,116630.0,7552.0,72577.0,19157.0,26997.0,5672.0,19117.0,25391.0,10539.0,2059.0,41505.0,8797,45584.0,16416.0,13083.0,74565.0,57970.0,22517.0,10004.0,98255.0,30321.0,11946.0,3998.0,38517.0,33406.0,4157.0,9849.0,10862.0,6871.0,33681.0,94855.0,39751,96706.0,90523.0
2024-12-08,15380.0,20479,42814.0,3602.0,9255.0,14710.0,38272.0,9434.0,5142.0,14218.0,11602.0,11814.0,57992.0,9235.0,11235.0,795.0,19449.0,15050.0,3191.0,3726.0,9120.0,20807.0,3352.0,18817.0,61050.0,9710.0,7657.0,70156.0,6318.0,48641.0,14372.0,23881.0,4296.0,24727.0,17619.0,8272.0,1255.0,35298.0,19649,36289.0,12074.0,11370.0,45901.0,39054.0,15285.0,9276.0,75354.0,25767.0,6635.0,2853.0,24898.0,22991.0,3249.0,7501.0,7866.0,4795.0,25406.0,56179.0,29932,73546.0,64413.0
2024-12-09,17950.0,33059,45890.0,8995.0,13096.0,24004.0,44242.0,23121.0,10777.0,19379.0,50986.0,15421.0,89185.0,15578.0,42047.0,2720.0,23570.0,29044.0,8573.0,14379.0,17793.0,66876.0,8273.0,30968.0,82515.0,14303.0,15681.0,91601.0,69919.0,19371.0,29120.0,4657.0,19572.0,8607.0,3251.0,43770.0,,,19142,50038.0,15899.0,11049.0,39852.0,41030.0,22713.0,16555.0,93381.0,30929.0,18002.0,7736.0,25867.0,26173.0,7478.0,11637.0,14528.0,10983.0,33375.0,91590.0,52555,86929.0,96272.0
2024-12-10,23132.0,37412,54498.0,10806.0,15792.0,31203.0,49600.0,27667.0,13383.0,20025.0,67697.0,16377.0,111092.0,19417.0,54000.0,3009.0,24842.0,31144.0,10098.0,21559.0,9056.0,37373.0,94189.0,19096.0,,,,,6067.0,20468.0,21735.0,,,,,,,,19176,56923.0,17099.0,10752.0,44339.0,46618.0,25488.0,18951.0,105890.0,32011.0,21953.0,10156.0,9333.0,17125.0,,,,,,,60566,102026.0,86342.0
2024-12-11,22705.0,37685,57453.0,10857.0,16422.0,31976.0,53718.0,27650.0,13063.0,20181.0,66700.0,17300.0,115034.0,19237.0,53412.0,2971.0,23997.0,31409.0,19002.0,84726.0,14709.0,114802.0,,,,,,,6705.0,81912.0,26162.0,5589.0,22813.0,20483.0,9136.0,3951.0,42036.0,,18902,60879.0,17347.0,10934.0,46829.0,47884.0,26168.0,20454.0,113921.0,33565.0,32053.0,33711.0,14258.0,13616.0,40503.0,121230.0,,,,,60139,104776.0,86646.0
2024-12-12,22777.0,35351,58965.0,11653.0,10744.0,34167.0,54002.0,28035.0,13946.0,21952.0,61272.0,17326.0,125830.0,20523.0,55733.0,3272.0,31004.0,,10475.0,19463.0,22358.0,91398.0,9998.0,39635.0,97807.0,15178.0,23075.0,118120.0,6677.0,81368.0,21131.0,28554.0,5150.0,22978.0,20831.0,9620.0,3968.0,43824.0,21000,57524.0,17775.0,11988.0,50728.0,19256.0,114983.0,,,,22515.0,10918.0,34084.0,33904.0,10114.0,13980.0,17745.0,13966.0,42192.0,125913.0,60505,108145.0,90617.0
2024-12-13,21343.0,33630,57895.0,8899.0,14582.0,26657.0,50177.0,22906.0,19480.0,19033.0,2512.0,23830.0,,,,,,,7972.0,13173.0,17061.0,65240.0,8034.0,34381.0,96063.0,14839.0,14929.0,111553.0,7012.0,78027.0,20720.0,31230.0,5624.0,26161.0,21907.0,9840.0,3478.0,42959.0,22729,53495.0,24944.0,104620.0,27168.0,,,,,,16409.0,6498.0,33294.0,30577.0,5967.0,12021.0,11942.0,10563.0,39115.0,104205.0,47323,99496.0,87527.0
2024-12-14,21950.0,31916,59641.0,6515.0,12388.0,23377.0,51272.0,16987.0,7260.0,18501.0,93046.0,13745.0,16781.0,28517.0,23165.0,,,,4313.0,6497.0,13627.0,41842.0,7222.0,30899.0,98931.0,11260.0,11202.0,131055.0,7016.0,107801.0,17936.0,34027.0,5968.0,19554.0,25935.0,10307.0,2624.0,32781.0,60147,15985.0,16942.0,73400.0,41757.0,27357.0,9471.0,33888.0,,,13666.0,4059.0,45491.0,42431.0,3716.0,9125.0,8170.0,37550.0,107780.0,,45795,117970.0,89087.0
2024-12-15,13479.0,21399,38522.0,3815.0,8375.0,15538.0,37265.0,9173.0,5935.0,15690.0,10276.0,12284.0,55999.0,9257.0,11742.0,20632.0,16845.0,,3476.0,3200.0,7860.0,25896.0,3208.0,17221.0,67458.0,8639.0,7136.0,72942.0,6306.0,58716.0,13180.0,26671.0,4594.0,23885.0,16826.0,7322.0,1479.0,30754.0,18729,38838.0,12447.0,17899.0,48124.0,36748.0,15580.0,6985.0,72280.0,21789.0,10463.0,1284.0,24572.0,24835.0,2915.0,6394.0,4479.0,24902.0,60647.0,,33789,70831.0,64360.0
2024-12-16,15439.0,29036,43486.0,7897.0,12398.0,22248.0,40535.0,20041.0,9815.0,16881.0,46383.0,14655.0,84551.0,13862.0,37985.0,2354.0,21509.0,28060.0,7432.0,12932.0,13610.0,61058.0,6626.0,26670.0,81979.0,10998.0,13970.0,89555.0,5689.0,75513.0,16559.0,27154.0,3888.0,21821.0,17923.0,7943.0,2966.0,36298.0,18870,48615.0,14972.0,11758.0,40319.0,41274.0,22247.0,14312.0,86352.0,27115.0,16201.0,7171.0,24919.0,26206.0,6373.0,10464.0,12737.0,9115.0,31614.0,84103.0,45180,80761.0,78056.0
2024-12-17,18699.0,32685,47948.0,8748.0,15271.0,26750.0,44244.0,23376.0,12340.0,15896.0,61950.0,15766.0,101937.0,17212.0,47010.0,2688.0,22196.0,30322.0,7743.0,16555.0,15085.0,76093.0,7915.0,30438.0,94310.0,11425.0,17320.0,104018.0,5535.0,80351.0,16462.0,26360.0,4108.0,21794.0,19112.0,8125.0,3484.0,36423.0,20048,52532.0,15855.0,10768.0,44254.0,45283.0,23637.0,16298.0,99085.0,28295.0,17966.0,8679.0,29255.0,29425.0,7743.0,11852.0,14895.0,9743.0,36013.0,102224.0,51118,93426.0,81789.0
2024-12-18,20751.0,32624,47673.0,8891.0,14579.0,26447.0,44363.0,22200.0,11081.0,17487.0,56450.0,15999.0,100620.0,16051.0,44567.0,2486.0,21577.0,28750.0,8459.0,14951.0,15224.0,72190.0,7493.0,30815.0,86011.0,11769.0,15869.0,104142.0,5633.0,79909.0,16351.0,25905.0,4021.0,20245.0,18481.0,7986.0,3378.0,37862.0,20642,53237.0,16363.0,10416.0,45688.0,45686.0,24521.0,16291.0,103092.0,27446.0,17901.0,8341.0,29859.0,29825.0,7592.0,11903.0,14710.0,9635.0,37155.0,104379.0,49971,95008.0,83649.0
2024-12-19,19843.0,31203,47207.0,9172.0,14629.0,26327.0,45745.0,21541.0,10908.0,17595.0,54234.0,15932.0,105792.0,16470.0,42950.0,2491.0,22923.0,28049.0,8111.0,14880.0,14305.0,70118.0,7472.0,31083.0,86675.0,10912.0,15700.0,107719.0,5809.0,82229.0,16552.0,25284.0,3933.0,20538.0,18315.0,8258.0,3337.0,35909.0,17850,54495.0,16252.0,8424.0,49218.0,45731.0,24905.0,14711.0,103128.0,25440.0,17607.0,7734.0,31087.0,31620.0,7092.0,11012.0,14212.0,9670.0,37309.0,105227.0,48701,96982.0,85064.0
2024-12-20,16517.0,27149,43886.0,6871.0,12744.0,20438.0,39979.0,17285.0,7882.0,15619.0,33258.0,15895.0,85374.0,11582.0,26960.0,2065.0,20681.0,26725.0,5866.0,9698.0,11099.0,52094.0,5905.0,25805.0,88285.0,10496.0,11983.0,102797.0,5581.0,79172.0,15568.0,29290.0,2500.0,23140.0,17972.0,8418.0,2802.0,35870.0,22280,49875.0,15453.0,13370.0,53508.0,50043.0,22162.0,10861.0,91610.0,24291.0,12844.0,5141.0,29207.0,27429.0,4463.0,9711.0,10577.0,7230.0,32872.0,88425.0,41157,87839.0,87232.0
2024-12-21,15827.0,23178,47800.0,4238.0,10240.0,15095.0,39221.0,10478.0,6043.0,14164.0,13199.0,14140.0,70259.0,9731.0,12497.0,3615.0,24063.0,19277.0,3695.0,2410.0,9015.0,32109.0,4359.0,23231.0,94806.0,8505.0,8795.0,107384.0,5408.0,78442.0,13333.0,35142.0,3973.0,28578.0,19847.0,8928.0,1112.0,31006.0,21174,47639.0,13418.0,18008.0,67190.0,51457.0,20590.0,6861.0,87159.0,24961.0,8687.0,2934.0,32899.0,30167.0,2930.0,6832.0,7773.0,4930.0,26649.0,84937.0,37760,95146.0,99035.0
2024-12-22,10567.0,18007,34092.0,3244.0,7402.0,10603.0,30134.0,7976.0,4821.0,12187.0,8513.0,10015.0,53403.0,8473.0,8941.0,2844.0,21511.0,14267.0,3083.0,1975.0,6498.0,18981.0,2646.0,14894.0,63441.0,7779.0,6402.0,69117.0,5283.0,66260.0,11403.0,27500.0,3985.0,6263.0,14068.0,7039.0,480.0,29671.0,19510,35718.0,11498.0,17099.0,45844.0,38518.0,13326.0,6867.0,66380.0,23071.0,7021.0,1777.0,23509.0,21641.0,2558.0,5384.0,5963.0,3109.0,21409.0,56277.0,28827,64518.0,62254.0
2024-12-23,11047.0,22607,38631.0,4864.0,10342.0,13257.0,36850.0,13295.0,6852.0,13195.0,23358.0,11484.0,62762.0,11392.0,19299.0,3456.0,24716.0,22845.0,4595.0,6487.0,9555.0,33363.0,4253.0,19417.0,90130.0,9049.0,11062.0,91011.0,5479.0,85226.0,13809.0,34834.0,3562.0,12873.0,15026.0,7336.0,2017.0,34634.0,23732,43159.0,13202.0,16245.0,51287.0,49343.0,18505.0,9183.0,78921.0,26565.0,9362.0,3861.0,27183.0,25693.0,3879.0,6573.0,8461.0,4645.0,23033.0,65001.0,34081,76805.0,82745.0
2024-12-24,7924.0,15468,20193.0,2897.0,4985.0,8288.0,20487.0,8502.0,4303.0,9224.0,12391.0,8765.0,34577.0,6851.0,9440.0,2395.0,14829.0,18478.0,2383.0,3526.0,5981.0,20376.0,2552.0,11108.0,50923.0,6065.0,6887.0,53842.0,4002.0,47296.0,9565.0,20699.0,2640.0,17941.0,10410.0,5199.0,1227.0,14304.0,12915,26390.0,8098.0,11245.0,30356.0,30692.0,10513.0,5171.0,44342.0,18963.0,4987.0,2025.0,15333.0,14355.0,2569.0,4587.0,5087.0,2528.0,13954.0,35582.0,25775,49452.0,57765.0
2024-12-25,10.0,3,,,,,,,7.0,,,,,,,,,,4.0,7.0,,,,,,,,,,,,,,,,,,,18,,,,,,,,,,,,,,,,,,,,3,,
2024-12-26,4642.0,14974,2778.0,1768.0,3735.0,5072.0,10414.0,4312.0,3121.0,8091.0,5523.0,6279.0,8274.0,5349.0,2018.0,3767.0,14276.0,8645.0,1302.0,1522.0,2418.0,2337.0,1714.0,8540.0,57897.0,5028.0,4774.0,33413.0,3546.0,40152.0,7597.0,30365.0,1713.0,22314.0,8403.0,5922.0,723.0,8821.0,13320,25441.0,5506.0,7190.0,33285.0,37372.0,7032.0,4444.0,45173.0,19987.0,3036.0,664.0,10706.0,13501.0,1856.0,2854.0,3438.0,2233.0,5378.0,17778.0,23898,22412.0,56756.0
2024-12-27,9779.0,23581,50799.0,3505.0,12121.0,10353.0,18072.0,10774.0,5593.0,12137.0,15056.0,9763.0,24723.0,9461.0,10741.0,3964.0,25256.0,17612.0,3932.0,3736.0,10165.0,19450.0,3413.0,18209.0,78471.0,8928.0,8401.0,78613.0,5155.0,58216.0,12806.0,28722.0,2477.0,20208.0,13793.0,7581.0,1291.0,30643.0,21712,37665.0,11195.0,13493.0,55003.0,46007.0,13815.0,8729.0,83347.0,27549.0,6769.0,2697.0,26874.0,24607.0,3293.0,5333.0,6627.0,4073.0,19875.0,64916.0,31266,72247.0,75868.0
2024-12-28,11127.0,23645,48803.0,3420.0,11144.0,11721.0,19317.0,8656.0,5822.0,13033.0,10189.0,11252.0,25889.0,11288.0,8204.0,4140.0,28540.0,15462.0,3534.0,3407.0,8712.0,18985.0,3476.0,20115.0,82576.0,8355.0,9812.0,87692.0,5608.0,60584.0,13457.0,29922.0,2064.0,25318.0,20877.0,8360.0,1426.0,30204.0,21421,40519.0,12140.0,17556.0,61699.0,50232.0,15490.0,7906.0,79653.0,31925.0,7228.0,2640.0,29024.0,27825.0,3774.0,5533.0,7147.0,4436.0,22268.0,70999.0,33110,88913.0,74612.0
2024-12-29,9875.0,21756,42887.0,2874.0,9512.0,10790.0,17444.0,7712.0,5733.0,12819.0,10594.0,9652.0,23646.0,10079.0,6842.0,4035.0,27312.0,13561.0,2899.0,2025.0,7254.0,15170.0,2878.0,16485.0,65090.0,8183.0,8256.0,66150.0,5863.0,45336.0,11711.0,27969.0,3642.0,21068.0,16046.0,7874.0,1147.0,33637.0,19503,35018.0,10062.0,14974.0,49499.0,43657.0,11991.0,8138.0,71362.0,30707.0,6761.0,1995.0,23773.0,23158.0,3474.0,5046.0,6518.0,3554.0,19580.0,55549.0,29545,75963.0,83391.0
2024-12-30,10842.0,25215,40103.0,4378.0,10807.0,13267.0,41757.0,11808.0,6975.0,14660.0,20567.0,11752.0,32347.0,13032.0,14787.0,4994.0,29387.0,21914.0,4260.0,4594.0,8546.0,30560.0,3956.0,18284.0,83149.0,9767.0,10696.0,89361.0,6402.0,67289.0,14396.0,34385.0,3835.0,22680.0,16653.0,8044.0,1772.0,37048.0,23127,42452.0,12602.0,15360.0,54874.0,49296.0,15628.0,10926.0,77683.0,34966.0,11082.0,3334.0,28344.0,27026.0,4380.0,6617.0,8048.0,4891.0,20901.0,68584.0,36441,76433.0,84240.0
2024-12-31,14296.0,23810,31398.0,4589.0,9419.0,19453.0,38095.0,12717.0,7122.0,16942.0,26629.0,14679.0,31328.0,16411.0,13281.0,3000.0,29081.0,23258.0,4317.0,8026.0,7511.0,33467.0,4989.0,35625.0,78974.0,11033.0,12551.0,106861.0,7243.0,50921.0,14132.0,28011.0,4363.0,19888.0,16947.0,9041.0,1776.0,34614.0,14568,49007.0,11803.0,13081.0,43719.0,46565.0,14581.0,18684.0,87206.0,21468.0,12697.0,6478.0,20678.0,37155.0,9811.0,12475.0,14399.0,5664.0,35278.0,71578.0,35760,93820.0,74848.0
