Date,Angel,Baker Street,Euston,Great Portland Street,Marylebone,Old Street,Paddington,Warren Street,Aldgate,Aldgate East,Bank,Bethnal Green,Liverpool Street,Monument,Moorgate,Tower Gateway,Tower Hill,Whitechapel,Barbican,Chancery Lane,Euston Square,Farringdon,Goodge Street,Holborn,Oxford Circus,Russell Square,St Pauls,Tottenham Court Road,Bayswater,Bond Street,Gloucester Road,Knightsbridge,Lancaster Gate,Marble Arch,Notting Hill Gate,Queensway,Regents Park,South Kensington,Covent Garden,Green Park,High Street Kensington,Hyde Park Corner,Leicester Square,Piccadilly Circus,Sloane Square,St James's Park,Victoria,Westminster,Blackfriars,Cannon Street,Charing Cross,Embankment,Mansion House,Pimlico,Southwark,Temple,Vauxhall,Waterloo,Canary Wharf,London Bridge,Stratford
2021-01-04,3201,5335,5964.0,1823.0,1810.0,4734.0,9044.0,5941.0,1700.0,2172.0,3733.0,4653.0,12299.0,1672.0,3987.0,384.0,2934.0,6058.0,1648.0,2716.0,2785.0,4422.0,1206.0,4262.0,11173.0,1915.0,2768.0,4288.0,772.0,7294.0,2585.0,3425.0,966.0,2377.0,3667.0,1407.0,1141.0,6032.0,858.0,6220.0,2550.0,1095.0,2798.0,2923.0,3965.0,2192.0,16506.0,4445.0,2176.0,1333.0,2344.0,2897.0,682.0,2455.0,2422.0,882.0,10685.0,11634.0,9297.0,17152.0,17376.0
2021-01-05,2950,5211,5063.0,1860.0,1655.0,4486.0,8357.0,5554.0,1697.0,2100.0,3495.0,4493.0,11314.0,1489.0,3787.0,370.0,2982.0,5740.0,1654.0,2597.0,2772.0,4284.0,1082.0,4028.0,9660.0,1906.0,2657.0,3984.0,729.0,7180.0,2295.0,2455.0,919.0,2297.0,3521.0,1324.0,1134.0,6177.0,749.0,5872.0,2449.0,1211.0,2395.0,2613.0,3947.0,2109.0,15277.0,4363.0,2086.0,1202.0,2290.0,2794.0,630.0,2437.0,2240.0,906.0,10738.0,10423.0,8751.0,15794.0,15537.0
2021-01-06,2964,5124,4579.0,1802.0,1612.0,4464.0,7805.0,5580.0,1754.0,1998.0,3228.0,4470.0,10959.0,1531.0,3555.0,390.0,2887.0,5935.0,1552.0,2484.0,2755.0,4278.0,1107.0,4049.0,9134.0,1871.0,2610.0,3794.0,694.0,6678.0,2341.0,3039.0,962.0,2289.0,3509.0,1302.0,1052.0,6013.0,768.0,5664.0,2338.0,1227.0,2320.0,2585.0,3718.0,2069.0,14715.0,4515.0,1929.0,1222.0,2194.0,2814.0,598.0,2381.0,2210.0,846.0,10726.0,10129.0,8591.0,15378.0,15388.0
2021-01-07,2914,5005,4381.0,1789.0,1621.0,4330.0,7983.0,5521.0,1719.0,2031.0,3307.0,4249.0,10845.0,1523.0,3648.0,349.0,2795.0,5501.0,1575.0,2524.0,2655.0,4096.0,1065.0,3898.0,9324.0,1854.0,2602.0,3782.0,660.0,6998.0,2218.0,3003.0,799.0,2383.0,3429.0,1295.0,984.0,5992.0,755.0,5545.0,2233.0,1087.0,2314.0,2437.0,3805.0,2082.0,14345.0,4291.0,2042.0,1385.0,2114.0,2718.0,605.0,2437.0,2123.0,812.0,10447.0,10020.0,8420.0,15842.0,14930.0
2021-01-08,3030,4967,4575.0,1817.0,1570.0,4236.0,7730.0,5566.0,1642.0,1999.0,3059.0,4303.0,11049.0,1423.0,3479.0,371.0,2633.0,5463.0,1575.0,2400.0,2555.0,4367.0,917.0,3720.0,9434.0,1846.0,2523.0,3754.0,714.0,6726.0,2357.0,2944.0,897.0,2451.0,3519.0,1434.0,979.0,5733.0,651.0,5474.0,2247.0,1062.0,2290.0,2451.0,3745.0,2003.0,14857.0,4036.0,1953.0,1203.0,2112.0,2543.0,567.0,2322.0,2128.0,808.0,10839.0,10249.0,8619.0,16194.0,15532.0
2021-01-11,2894,4837,4732.0,1669.0,1537.0,4171.0,7920.0,5614.0,1663.0,1919.0,3245.0,4207.0,10752.0,1478.0,3710.0,333.0,2798.0,5524.0,1570.0,2474.0,2583.0,4479.0,967.0,3870.0,9564.0,1786.0,2616.0,3775.0,649.0,6557.0,2325.0,3002.0,931.0,2330.0,3588.0,1437.0,1005.0,5751.0,680.0,5500.0,2118.0,1180.0,2224.0,2323.0,3540.0,2062.0,14206.0,4294.0,1906.0,1187.0,2140.0,2683.0,568.0,2335.0,2159.0,739.0,10976.0,9902.0,8593.0,15727.0,15339.0
2021-01-12,2785,5076,3301.0,1235.0,1551.0,4098.0,7577.0,5757.0,1768.0,2037.0,3262.0,4448.0,10913.0,1482.0,3564.0,216.0,2731.0,5537.0,1505.0,2445.0,1932.0,4460.0,1068.0,4024.0,9726.0,1908.0,2607.0,3834.0,583.0,6521.0,2301.0,3099.0,898.0,2310.0,3551.0,1384.0,1050.0,5910.0,656.0,5593.0,2175.0,1260.0,2143.0,2301.0,3482.0,1987.0,14486.0,4436.0,1354.0,1013.0,2201.0,2698.0,534.0,2466.0,2109.0,792.0,10857.0,10095.0,6381.0,15817.0,14863.0
2021-01-13,2847,4820,4184.0,1579.0,1577.0,4194.0,8386.0,5790.0,1743.0,1923.0,3212.0,4275.0,10608.0,1485.0,3671.0,342.0,2756.0,5802.0,1613.0,2507.0,3049.0,4456.0,1089.0,3894.0,9852.0,1861.0,2569.0,3912.0,659.0,6614.0,2362.0,3051.0,892.0,2242.0,3520.0,1321.0,1088.0,5868.0,673.0,5604.0,2254.0,1179.0,2188.0,2306.0,3808.0,2067.0,14397.0,4438.0,2014.0,1128.0,2194.0,2734.0,549.0,2498.0,2218.0,844.0,11039.0,10064.0,8533.0,15844.0,15617.0
2021-01-14,2929,4805,4190.0,1612.0,1620.0,4262.0,7712.0,5790.0,1726.0,1958.0,3226.0,4373.0,10918.0,1483.0,3608.0,327.0,2876.0,5650.0,1612.0,2472.0,2607.0,4395.0,1084.0,3970.0,10138.0,1856.0,2651.0,3817.0,649.0,6684.0,2341.0,3047.0,904.0,2259.0,3588.0,1356.0,1039.0,5908.0,677.0,5423.0,2260.0,1211.0,2141.0,2339.0,3603.0,1984.0,14474.0,4361.0,1988.0,1207.0,2200.0,2680.0,551.0,2414.0,2224.0,821.0,11099.0,9970.0,8714.0,15725.0,14975.0
2021-01-15,3083,5210,4557.0,1701.0,1589.0,4565.0,7862.0,5755.0,1648.0,2089.0,3425.0,4566.0,10857.0,1653.0,3635.0,405.0,2807.0,5694.0,1695.0,2387.0,2634.0,4292.0,1136.0,3773.0,9038.0,1909.0,2683.0,3946.0,707.0,7004.0,2428.0,3088.0,977.0,2370.0,3695.0,1455.0,1003.0,5815.0,672.0,5680.0,2374.0,1168.0,2343.0,2630.0,3766.0,1973.0,14668.0,4042.0,1934.0,1125.0,2246.0,2743.0,595.0,2522.0,2214.0,788.0,11514.0,10239.0,9052.0,16692.0,16296.0
2021-01-18,2851,5105,5389.0,1702.0,1553.0,4338.0,7987.0,5712.0,1654.0,1961.0,3314.0,4344.0,10931.0,1534.0,3739.0,375.0,2824.0,5872.0,1733.0,2475.0,2695.0,4560.0,1119.0,3889.0,9435.0,1817.0,2475.0,3892.0,685.0,6583.0,2442.0,2999.0,945.0,2270.0,3627.0,1390.0,1057.0,5800.0,646.0,5618.0,2271.0,1160.0,2336.0,2404.0,3655.0,2129.0,14869.0,4341.0,2028.0,1102.0,2177.0,2851.0,586.0,2291.0,2135.0,860.0,11280.0,10140.0,8873.0,15693.0,15957.0
2021-01-19,2845,5130,5199.0,1841.0,1490.0,4328.0,7776.0,6014.0,1739.0,1913.0,3463.0,4484.0,11035.0,1499.0,3634.0,428.0,2876.0,5712.0,1720.0,2530.0,2794.0,4825.0,1160.0,3896.0,9354.0,1925.0,2564.0,3902.0,662.0,6642.0,2402.0,3101.0,907.0,2318.0,3799.0,1450.0,1048.0,6006.0,685.0,5767.0,2438.0,1230.0,2209.0,2440.0,3799.0,2066.0,15011.0,4504.0,1867.0,1152.0,2252.0,2843.0,656.0,2376.0,2277.0,861.0,11702.0,10420.0,8798.0,15795.0,16486.0
2021-01-20,3038,5090,5071.0,1779.0,1621.0,4540.0,8249.0,5921.0,1687.0,2038.0,3504.0,4477.0,10822.0,1469.0,3744.0,374.0,2924.0,6048.0,1721.0,2548.0,2675.0,4695.0,1116.0,4066.0,10194.0,1909.0,2625.0,4062.0,680.0,6771.0,2446.0,3089.0,906.0,2353.0,3701.0,1358.0,1062.0,6177.0,694.0,5743.0,2326.0,1175.0,2270.0,2394.0,3700.0,2081.0,14726.0,4716.0,2059.0,1213.0,2267.0,2944.0,600.0,2400.0,2356.0,902.0,11576.0,10176.0,8780.0,15843.0,15731.0
2021-01-21,3260,5196,5103.0,1869.0,1466.0,4472.0,7934.0,5738.0,1727.0,1986.0,3384.0,4662.0,11044.0,1523.0,3747.0,416.0,2895.0,5988.0,1737.0,2486.0,2608.0,4837.0,1148.0,4133.0,10183.0,1915.0,2581.0,3928.0,748.0,6819.0,2465.0,3143.0,982.0,2497.0,3541.0,1732.0,1071.0,6097.0,688.0,5761.0,2433.0,1246.0,2382.0,2540.0,3767.0,2196.0,15040.0,4597.0,2102.0,1191.0,2260.0,2939.0,638.0,2479.0,2278.0,878.0,11532.0,10371.0,9036.0,16341.0,16378.0
2021-01-22,3366,5314,5608.0,1819.0,1781.0,4550.0,8038.0,5789.0,1671.0,2161.0,3491.0,4705.0,11788.0,1562.0,3744.0,441.0,2948.0,5849.0,1700.0,2523.0,2582.0,4558.0,1166.0,4067.0,10048.0,1855.0,2704.0,4093.0,680.0,7031.0,2556.0,3138.0,929.0,2556.0,3973.0,1763.0,1092.0,6103.0,708.0,5751.0,2624.0,1286.0,2573.0,2754.0,3820.0,2035.0,15269.0,4561.0,2055.0,1178.0,2292.0,3019.0,622.0,2632.0,2459.0,945.0,12035.0,10747.0,9593.0,16801.0,17391.0
2021-01-25,3023,5225,5517.0,1931.0,1749.0,4397.0,8038.0,6019.0,1720.0,2157.0,3470.0,4616.0,11054.0,1661.0,3805.0,417.0,3381.0,6304.0,1688.0,2271.0,2736.0,4039.0,1131.0,4317.0,10574.0,1937.0,2594.0,4025.0,742.0,6665.0,2532.0,3148.0,1020.0,2445.0,3839.0,1657.0,1043.0,6320.0,715.0,5863.0,2418.0,1296.0,2344.0,2520.0,3847.0,2190.0,15611.0,4660.0,2158.0,1257.0,2285.0,3029.0,594.0,2406.0,2170.0,835.0,11626.0,10809.0,9023.0,17488.0,17080.0
2021-01-26,2989,5222,5334.0,1971.0,1681.0,4616.0,7993.0,6025.0,1849.0,2211.0,3591.0,4568.0,11304.0,1633.0,3913.0,342.0,2955.0,6336.0,1789.0,2306.0,2744.0,4939.0,1179.0,4316.0,10520.0,1996.0,2567.0,3967.0,732.0,7004.0,2580.0,3168.0,990.0,2402.0,3753.0,1533.0,1152.0,6218.0,729.0,5955.0,2486.0,1230.0,2359.0,2519.0,3916.0,2249.0,15377.0,4715.0,2182.0,1239.0,2259.0,2890.0,564.0,2635.0,2223.0,911.0,11940.0,10421.0,9220.0,17684.0,15927.0
2021-01-27,3227,5348,5470.0,1925.0,1587.0,4699.0,7922.0,6015.0,1767.0,2125.0,3502.0,4741.0,11342.0,1700.0,3953.0,399.0,2942.0,6289.0,1741.0,2528.0,2913.0,4787.0,1201.0,4274.0,10306.0,1870.0,2631.0,4162.0,671.0,7143.0,2559.0,3287.0,1051.0,2493.0,3775.0,1588.0,1133.0,6336.0,710.0,6016.0,2535.0,1258.0,2358.0,2691.0,4009.0,2157.0,15511.0,4878.0,2204.0,1247.0,2303.0,3117.0,634.0,2517.0,2352.0,873.0,12143.0,10716.0,9287.0,16603.0,15833.0
2021-01-28,3278,5316,5454.0,1873.0,1673.0,4833.0,7836.0,6002.0,1823.0,2203.0,3485.0,4647.0,11106.0,1683.0,3990.0,390.0,3017.0,6226.0,1784.0,2527.0,2817.0,4966.0,1151.0,4195.0,10350.0,1957.0,2667.0,4090.0,7054.0,3285.0,1053.0,1092.0,,,,,,,760.0,5891.0,2508.0,1360.0,2498.0,2471.0,3962.0,2198.0,15437.0,4739.0,2288.0,1262.0,2478.0,3142.0,678.0,2580.0,2402.0,876.0,12206.0,10833.0,9332.0,16773.0,16239.0
2021-01-29,3298,5471,5888.0,1899.0,1676.0,4850.0,8433.0,5886.0,1776.0,2179.0,3438.0,4831.0,11299.0,1649.0,3938.0,448.0,3057.0,6131.0,1803.0,2485.0,2872.0,4753.0,1164.0,4264.0,11020.0,1939.0,2680.0,4341.0,825.0,2627.0,2610.0,3965.0,1722.0,6488.0,,,,,703.0,6020.0,2569.0,1231.0,2624.0,2697.0,4156.0,2172.0,16134.0,4350.0,2016.0,1141.0,2312.0,3088.0,564.0,2593.0,2332.0,820.0,12437.0,11369.0,9948.0,17681.0,17744.0
2021-02-01,3140,5262,5057.0,1917.0,1812.0,4663.0,8590.0,6000.0,1833.0,2060.0,3703.0,4672.0,11396.0,1691.0,3939.0,380.0,3191.0,6266.0,1715.0,2461.0,2724.0,4739.0,1205.0,4161.0,2667.0,4233.0,,,705.0,7295.0,2604.0,3157.0,1064.0,2502.0,3918.0,1543.0,1105.0,6213.0,733.0,6169.0,2537.0,1294.0,2466.0,2528.0,3976.0,2332.0,16139.0,4555.0,1967.0,1308.0,2363.0,3126.0,641.0,2428.0,2270.0,862.0,11947.0,10964.0,8524.0,16888.0,16942.0
2021-02-02,3209,5413,5446.0,1991.0,1605.0,4697.0,8328.0,6057.0,1901.0,2178.0,3642.0,4822.0,11479.0,1688.0,4080.0,416.0,3112.0,6552.0,1831.0,4467.0,10472.0,1940.0,4175.0,,,,,,734.0,7288.0,2592.0,3283.0,713.0,2705.0,3986.0,1651.0,1114.0,6415.0,759.0,6174.0,2501.0,1338.0,2517.0,2708.0,4100.0,2371.0,16134.0,4689.0,2222.0,1261.0,2455.0,3156.0,599.0,2536.0,2330.0,869.0,12309.0,11092.0,9461.0,16995.0,16748.0
2021-02-03,3264,5398,5568.0,1932.0,1599.0,4823.0,8185.0,6180.0,1849.0,2125.0,3576.0,3073.0,6510.0,,,,,,2654.0,2822.0,5053.0,1246.0,10800.0,1881.0,2843.0,,,,834.0,7226.0,2620.0,3225.0,983.0,2543.0,3903.0,1638.0,1173.0,6569.0,2592.0,15740.0,,,,,,,,,2282.0,1274.0,2382.0,3208.0,655.0,2584.0,2437.0,885.0,12448.0,11374.0,9512.0,16974.0,16888.0
2021-02-04,3501,5342,5531.0,1956.0,1641.0,4789.0,8391.0,6301.0,1944.0,4747.0,11602.0,1658.0,4316.0,410.0,,,,,1778.0,2363.0,2857.0,4944.0,833.0,4449.0,10674.0,2025.0,2743.0,4355.0,771.0,7253.0,2733.0,3377.0,1063.0,2605.0,3908.0,1620.0,1111.0,6552.0,738.0,6269.0,1379.0,2490.0,2606.0,4091.0,2431.0,4718.0,,,2251.0,2401.0,3150.0,660.0,2598.0,2355.0,973.0,12157.0,11757.0,,9530.0,17291.0,17059.0
2021-02-05,3724,5958,6236.0,1977.0,1774.0,4925.0,8589.0,6015.0,2359.0,3984.0,5216.0,11872.0,1719.0,3920.0,533.0,3279.0,6242.0,,1836.0,2090.0,2870.0,4996.0,1278.0,4697.0,11720.0,2057.0,2870.0,4478.0,899.0,7574.0,2761.0,3484.0,1257.0,2770.0,4210.0,1807.0,1118.0,6717.0,779.0,6791.0,2799.0,1455.0,3135.0,2970.0,4412.0,2348.0,16771.0,4931.0,2266.0,1226.0,2582.0,3217.0,624.0,2697.0,2532.0,898.0,12837.0,12034.0,10339.0,18908.0,18709.0
2021-02-08,3375,5368,5778.0,1964.0,1807.0,4554.0,8562.0,6456.0,1762.0,2186.0,3579.0,4688.0,11230.0,1577.0,3929.0,386.0,3136.0,6270.0,1765.0,2562.0,2780.0,4863.0,1281.0,4216.0,9255.0,2010.0,2746.0,4591.0,815.0,8123.0,2676.0,3342.0,1073.0,2519.0,3939.0,1662.0,1249.0,6298.0,739.0,6648.0,2477.0,1444.0,2600.0,2963.0,4126.0,2549.0,15040.0,4866.0,2414.0,1289.0,2191.0,2988.0,622.0,2503.0,2161.0,902.0,12209.0,11561.0,8873.0,17006.0,17005.0
2021-02-09,3385,5380,5567.0,1967.0,1817.0,4914.0,8475.0,6199.0,1866.0,2289.0,3766.0,4785.0,11519.0,1657.0,4051.0,442.0,3172.0,6587.0,1876.0,2460.0,2817.0,5060.0,1274.0,4437.0,10662.0,2015.0,2826.0,4291.0,732.0,7326.0,2670.0,3380.0,1093.0,2579.0,3853.0,1627.0,1173.0,6503.0,793.0,6587.0,2550.0,1463.0,3021.0,2459.0,4101.0,2468.0,15669.0,5081.0,2326.0,1318.0,2333.0,3096.0,649.0,2610.0,2317.0,950.0,12460.0,11219.0,9242.0,17068.0,16422.0
2021-02-10,3485,5813,5956.0,1998.0,1834.0,4899.0,8701.0,6359.0,1921.0,2462.0,3811.0,5044.0,11769.0,1779.0,4184.0,467.0,3124.0,6721.0,1831.0,2604.0,3047.0,5410.0,1322.0,4730.0,11331.0,2021.0,2953.0,4579.0,850.0,7706.0,2818.0,3459.0,1214.0,2679.0,4129.0,1709.0,1252.0,6973.0,819.0,6905.0,2662.0,1527.0,3396.0,3078.0,4240.0,2473.0,16751.0,5126.0,2349.0,1294.0,2508.0,3283.0,690.0,2687.0,2454.0,940.0,12973.0,11551.0,9846.0,17592.0,17414.0
2021-02-11,3591,5591,5815.0,2018.0,1865.0,5192.0,8773.0,6333.0,1997.0,2350.0,4042.0,4994.0,12797.0,1798.0,4188.0,416.0,3250.0,6533.0,1991.0,2672.0,2903.0,5442.0,1313.0,4512.0,11717.0,2086.0,2923.0,4680.0,785.0,8010.0,2813.0,3517.0,1118.0,2705.0,4153.0,1687.0,1188.0,6662.0,825.0,6913.0,2780.0,1438.0,3408.0,3136.0,4342.0,2503.0,16721.0,5068.0,2419.0,1255.0,2488.0,3193.0,652.0,2750.0,2439.0,991.0,13036.0,11748.0,9940.0,17817.0,17484.0
2021-02-12,3877,5825,6314.0,2084.0,1887.0,5285.0,9335.0,6323.0,1953.0,2506.0,3777.0,5362.0,15354.0,1780.0,4170.0,403.0,3178.0,6435.0,1928.0,2635.0,2901.0,5151.0,1353.0,4445.0,11046.0,2135.0,2877.0,4575.0,900.0,7782.0,2976.0,3512.0,1177.0,2773.0,4271.0,1783.0,1231.0,6689.0,863.0,6759.0,2712.0,1370.0,3543.0,3302.0,4393.0,2398.0,16733.0,4612.0,2176.0,1214.0,2442.0,3240.0,638.0,2783.0,2486.0,947.0,13025.0,12506.0,10214.0,19288.0,18498.0
2021-02-15,3476,5651,6808.0,2084.0,1764.0,4894.0,9231.0,6235.0,1951.0,2342.0,3703.0,4800.0,12263.0,1810.0,4036.0,405.0,3225.0,6351.0,1856.0,2546.0,2995.0,5085.0,1191.0,4449.0,11409.0,2036.0,2865.0,4444.0,770.0,7586.0,2827.0,3411.0,1199.0,2700.0,3934.0,1671.0,1173.0,6697.0,828.0,6613.0,2657.0,1432.0,2803.0,2856.0,4214.0,2340.0,16568.0,4691.0,2369.0,1274.0,2428.0,3382.0,669.0,2585.0,2350.0,943.0,12480.0,11971.0,9869.0,17941.0,18013.0
2021-02-16,3567,5728,6381.0,2153.0,1820.0,5108.0,9010.0,6212.0,2069.0,2338.0,3849.0,4883.0,12433.0,1866.0,4166.0,475.0,3275.0,6753.0,2081.0,2745.0,2966.0,5263.0,1313.0,4601.0,12836.0,2103.0,2978.0,4399.0,872.0,7716.0,2870.0,3430.0,1179.0,2612.0,4252.0,1594.0,1182.0,6739.0,861.0,6746.0,2605.0,1427.0,2849.0,2874.0,4365.0,2538.0,17234.0,4874.0,2389.0,1260.0,2460.0,3296.0,731.0,2743.0,2349.0,998.0,13029.0,12164.0,8835.0,18343.0,17952.0
2021-02-17,3660,6071,6390.0,2139.0,1890.0,5312.0,9079.0,6436.0,2113.0,2414.0,4108.0,5055.0,12748.0,1984.0,4524.0,452.0,3248.0,6636.0,1896.0,2835.0,2971.0,5237.0,1305.0,4742.0,12029.0,2142.0,2959.0,4699.0,833.0,8024.0,2704.0,3540.0,1236.0,2784.0,4395.0,1683.0,1310.0,7133.0,905.0,7060.0,2864.0,1481.0,2937.0,3041.0,4381.0,2422.0,17942.0,5140.0,2539.0,1581.0,2537.0,3496.0,735.0,2719.0,2671.0,1043.0,13194.0,12551.0,9971.0,19126.0,17903.0
2021-02-18,3557,6107,6689.0,2201.0,1819.0,5276.0,9054.0,6306.0,2037.0,2471.0,3808.0,4800.0,12786.0,1879.0,4310.0,471.0,3502.0,6534.0,2142.0,2823.0,2901.0,5248.0,1304.0,4514.0,12645.0,2070.0,3071.0,4622.0,822.0,8071.0,2896.0,3484.0,1215.0,2802.0,4310.0,1706.0,1244.0,6886.0,861.0,6937.0,2791.0,1479.0,3080.0,2965.0,4545.0,2645.0,17411.0,5204.0,2469.0,1353.0,2609.0,3445.0,731.0,2663.0,2574.0,1020.0,13228.0,12460.0,10320.0,18833.0,18170.0
2021-02-19,3300,6419,7092.0,1982.0,1904.0,5029.0,9852.0,6344.0,1872.0,2494.0,3988.0,5240.0,12605.0,1901.0,4269.0,514.0,3218.0,6398.0,1978.0,2645.0,2978.0,5075.0,1267.0,4656.0,12373.0,2095.0,2906.0,4653.0,858.0,8101.0,2890.0,3531.0,1290.0,2888.0,4521.0,1846.0,1198.0,6997.0,880.0,7058.0,2844.0,1483.0,3107.0,3152.0,4661.0,2570.0,18055.0,4987.0,2393.0,1245.0,2627.0,3447.0,702.0,2790.0,2500.0,829.0,13874.0,13067.0,10749.0,19621.0,19242.0
2021-02-22,3475,6005,6667.0,2154.0,2097.0,5065.0,9431.0,6442.0,2053.0,2374.0,3783.0,4956.0,12311.0,1748.0,4238.0,450.0,3145.0,6777.0,2008.0,2405.0,3060.0,5247.0,1274.0,4868.0,11992.0,1999.0,2908.0,4425.0,776.0,7747.0,2833.0,3388.0,1392.0,2849.0,4326.0,1715.0,1362.0,6753.0,793.0,6592.0,2719.0,1469.0,2701.0,2713.0,4382.0,2455.0,17772.0,5074.0,2404.0,1421.0,2526.0,3403.0,670.0,2649.0,2522.0,962.0,12833.0,12395.0,9807.0,18252.0,17931.0
2021-02-23,3662,6654,6285.0,2286.0,1902.0,5342.0,9433.0,6477.0,2078.0,2480.0,4256.0,5432.0,13021.0,2034.0,4510.0,519.0,3481.0,7230.0,2107.0,2850.0,3068.0,5540.0,1367.0,4882.0,12477.0,2057.0,3071.0,4784.0,928.0,8333.0,2962.0,3635.0,1596.0,3150.0,4815.0,1832.0,1376.0,7295.0,845.0,7328.0,2970.0,1661.0,3270.0,3305.0,4709.0,2780.0,18030.0,5666.0,2462.0,1527.0,2638.0,3723.0,2903.0,2468.0,1085.0,12862.0,,,10409.0,19229.0,18794.0
2021-02-24,3685,6906,6421.0,2304.0,2081.0,5353.0,9600.0,6590.0,2191.0,2593.0,4216.0,5467.0,13095.0,2025.0,4600.0,535.0,3578.0,7016.0,2020.0,2861.0,3147.0,5406.0,1362.0,5099.0,13074.0,2122.0,3045.0,4945.0,846.0,8332.0,2963.0,3765.0,1679.0,3187.0,4742.0,1970.0,1428.0,7325.0,943.0,7611.0,2739.0,1727.0,3160.0,3211.0,4851.0,2585.0,18497.0,5577.0,2575.0,2670.0,770.0,2699.0,13838.0,,,,,,10920.0,20203.0,19270.0
2021-02-25,3858,6217,6759.0,2173.0,1940.0,5570.0,9532.0,6656.0,2108.0,2481.0,4228.0,5371.0,12878.0,1998.0,4523.0,525.0,3531.0,7907.0,2071.0,2922.0,2927.0,5511.0,1384.0,4857.0,13077.0,2142.0,3087.0,4706.0,798.0,8314.0,3029.0,3545.0,1346.0,2845.0,4647.0,1768.0,1257.0,6986.0,944.0,7043.0,2805.0,1526.0,3159.0,3074.0,4605.0,2654.0,18108.0,5446.0,1380.0,3613.0,889.0,2983.0,1015.0,13582.0,13237.0,,,,10665.0,19406.0,18823.0
2021-02-26,4260,7355,7310.0,2352.0,2063.0,5659.0,10150.0,6580.0,2025.0,2697.0,4565.0,5992.0,13947.0,2307.0,4018.0,683.0,3868.0,7076.0,1975.0,2845.0,3103.0,5298.0,1380.0,5117.0,13352.0,2356.0,3246.0,5071.0,964.0,8799.0,3300.0,3780.0,5026.0,1396.0,7028.0,,,,1065.0,8041.0,3065.0,1775.0,3699.0,3570.0,4862.0,2703.0,19054.0,5737.0,2661.0,1385.0,2877.0,3848.0,758.0,3151.0,2654.0,972.0,13985.0,14493.0,12242.0,22080.0,21362.0
2021-03-01,3665,6683,7789.0,2277.0,2006.0,5596.0,9990.0,6561.0,2051.0,2804.0,4104.0,5444.0,13708.0,2166.0,4428.0,459.0,3703.0,6128.0,1948.0,2889.0,3222.0,5399.0,1350.0,4878.0,12333.0,2279.0,3061.0,4851.0,855.0,8459.0,3477.0,3857.0,1409.0,2916.0,4546.0,1923.0,1254.0,6128.0,937.0,7227.0,2862.0,1642.0,3144.0,3118.0,4679.0,2670.0,18829.0,5323.0,2629.0,1393.0,2822.0,3602.0,748.0,2800.0,2455.0,1048.0,13809.0,13537.0,10417.0,21387.0,19799.0
2021-03-02,3973,6925,6822.0,2315.0,1938.0,5593.0,9994.0,6712.0,2270.0,2581.0,4448.0,5411.0,13361.0,2022.0,4813.0,501.0,3707.0,7208.0,2058.0,3048.0,3219.0,5617.0,1326.0,5114.0,12948.0,2388.0,3157.0,4826.0,793.0,8634.0,3640.0,3800.0,1433.0,3085.0,4777.0,1936.0,1348.0,6339.0,898.0,7718.0,2966.0,1768.0,3277.0,3275.0,4966.0,2899.0,18595.0,5702.0,2500.0,1519.0,2887.0,3821.0,786.0,2916.0,3125.0,1076.0,14088.0,12733.0,10757.0,20324.0,19631.0
2021-03-03,3982,6709,7043.0,2448.0,2224.0,5638.0,10010.0,6834.0,2147.0,2733.0,4355.0,5497.0,13542.0,2209.0,4887.0,484.0,3614.0,7203.0,2272.0,3225.0,3254.0,5837.0,1518.0,5233.0,13388.0,2183.0,3260.0,4997.0,896.0,8830.0,3538.0,3813.0,1315.0,2959.0,4639.0,1889.0,1397.0,6656.0,992.0,7804.0,2902.0,1725.0,3129.0,3249.0,4889.0,3129.0,19252.0,5759.0,2704.0,1513.0,2859.0,3742.0,861.0,3050.0,2853.0,1204.0,14306.0,13385.0,10568.0,20208.0,19097.0
2021-03-04,4209,6641,7053.0,2257.0,2114.0,5924.0,9924.0,6576.0,2188.0,2661.0,4337.0,5648.0,13750.0,2139.0,4852.0,502.0,3583.0,6987.0,2088.0,3032.0,3231.0,6006.0,5298.0,,,,,,866.0,8771.0,3712.0,3811.0,1367.0,3017.0,4762.0,1987.0,1334.0,6298.0,971.0,7638.0,3007.0,1604.0,3140.0,3195.0,5009.0,2831.0,18884.0,5693.0,2640.0,1600.0,2861.0,3645.0,823.0,2970.0,2697.0,1128.0,14157.0,13644.0,10792.0,20691.0,19632.0
2021-03-05,4401,7259,7945.0,2419.0,2142.0,5980.0,10969.0,6793.0,2164.0,2914.0,4236.0,5926.0,13984.0,2024.0,4665.0,534.0,3682.0,7097.0,2179.0,1444.0,13877.0,2395.0,3324.0,5045.0,,,,,1043.0,8693.0,3941.0,3903.0,1669.0,3467.0,5432.0,2167.0,1556.0,6763.0,1132.0,7545.0,3132.0,1674.0,3627.0,3450.0,5384.0,2776.0,19872.0,5526.0,2697.0,1422.0,2966.0,3787.0,780.0,3230.0,2811.0,1086.0,15152.0,14694.0,11513.0,22235.0,21646.0
2021-03-08,4515,7609,7774.0,2425.0,2234.0,5871.0,10842.0,6884.0,2146.0,2682.0,4623.0,5864.0,14156.0,2180.0,5301.0,517.0,3835.0,7533.0,2228.0,3121.0,3237.0,5905.0,1458.0,5375.0,14443.0,2275.0,3352.0,5128.0,903.0,8783.0,4092.0,3995.0,1414.0,3254.0,5110.0,2171.0,1442.0,7019.0,934.0,8020.0,3028.0,1597.0,3431.0,3363.0,5623.0,3153.0,20273.0,6086.0,2827.0,1534.0,2893.0,3970.0,879.0,3207.0,2967.0,1006.0,14306.0,14690.0,11450.0,21656.0,21952.0
2021-03-09,4760,8518,7705.0,2709.0,2201.0,6364.0,11135.0,7388.0,2346.0,2984.0,4916.0,6157.0,15227.0,2263.0,5701.0,609.0,4206.0,8075.0,2495.0,3308.0,3313.0,6560.0,1577.0,5819.0,15090.0,2500.0,3651.0,5643.0,987.0,9564.0,4372.0,4191.0,1731.0,3891.0,5562.0,2241.0,1622.0,7969.0,1082.0,8905.0,3357.0,2036.0,3935.0,3874.0,6001.0,3547.0,21365.0,6761.0,3103.0,1641.0,3174.0,4337.0,999.0,3815.0,3148.0,1231.0,15303.0,15562.0,12348.0,23129.0,22785.0
2021-03-10,4653,7846,7845.0,2677.0,2438.0,6447.0,11126.0,7325.0,2855.0,6177.0,14669.0,2347.0,508.0,3783.0,7882.0,,,,2538.0,3391.0,3340.0,6384.0,1645.0,6066.0,14496.0,2541.0,3559.0,5416.0,957.0,9427.0,4289.0,4121.0,1382.0,3265.0,5390.0,2013.0,1528.0,8132.0,972.0,7965.0,3052.0,1592.0,3169.0,3298.0,6035.0,21097.0,,,3106.0,1673.0,2993.0,3883.0,1078.0,3732.0,3161.0,1233.0,15088.0,14831.0,11438.0,21778.0,21122.0
2021-03-11,4971,8223,7883.0,2676.0,2368.0,6536.0,11192.0,7361.0,2432.0,4875.0,6010.0,3931.0,,,,,,,2589.0,3421.0,3276.0,6128.0,1694.0,5962.0,20067.0,2463.0,3568.0,5511.0,976.0,9312.0,4492.0,4277.0,1489.0,3410.0,5589.0,2154.0,1569.0,8644.0,8458.0,3607.0,6424.0,,,,,,,,3103.0,1657.0,3007.0,3967.0,1088.0,4109.0,3194.0,1204.0,14656.0,15999.0,11934.0,22404.0,22081.0
2021-03-12,5169,8597,8458.0,2637.0,2459.0,6556.0,11856.0,7298.0,2330.0,3323.0,4587.0,6770.0,14947.0,2237.0,5528.0,654.0,7488.0,,2590.0,3148.0,3426.0,5443.0,1560.0,5902.0,14381.0,2498.0,3437.0,5468.0,990.0,9318.0,4704.0,4231.0,1592.0,3483.0,5717.0,2367.0,1592.0,8425.0,1132.0,3485.0,1635.0,3769.0,3681.0,6211.0,3457.0,22235.0,5861.0,,2990.0,1563.0,3139.0,3990.0,967.0,4129.0,3191.0,1119.0,15747.0,15831.0,12473.0,24474.0,22951.0
2021-03-15,5107,8117,8386.0,2606.0,2444.0,6306.0,11579.0,7310.0,2278.0,2923.0,4606.0,6223.0,14768.0,2346.0,5619.0,570.0,3860.0,7663.0,2525.0,2676.0,3351.0,5944.0,1572.0,5764.0,15051.0,2462.0,3750.0,5256.0,993.0,9093.0,4572.0,4206.0,1492.0,3366.0,5431.0,2011.0,1528.0,8439.0,1101.0,8228.0,3386.0,1719.0,3588.0,3440.0,6013.0,3347.0,21204.0,6654.0,3537.0,1542.0,3221.0,4117.0,1011.0,3717.0,3116.0,1232.0,14769.0,15610.0,11452.0,23643.0,22067.0
2021-03-16,5286,8311,8016.0,2718.0,2429.0,6445.0,11453.0,7412.0,2413.0,2967.0,4927.0,6465.0,15307.0,2583.0,6063.0,579.0,4044.0,8462.0,2538.0,3401.0,3477.0,6631.0,1646.0,5760.0,15843.0,2443.0,3650.0,5603.0,938.0,9604.0,4549.0,4413.0,1602.0,3604.0,5698.0,2088.0,1542.0,8624.0,1054.0,8621.0,3470.0,1773.0,3748.0,3523.0,6131.0,3672.0,22406.0,7291.0,3169.0,1765.0,3280.0,4278.0,1106.0,4102.0,3205.0,1280.0,15245.0,15515.0,12402.0,23119.0,22136.0
2021-03-17,5528,8967,8307.0,2858.0,2604.0,6878.0,11909.0,7580.0,2415.0,2984.0,5280.0,6644.0,15327.0,2391.0,6110.0,627.0,4192.0,8335.0,2667.0,2880.0,3570.0,7219.0,1618.0,6303.0,16757.0,2537.0,3850.0,5831.0,884.0,10103.0,4784.0,4422.0,1923.0,3936.0,6065.0,2341.0,1745.0,8875.0,1173.0,8843.0,3466.0,1848.0,3893.0,3895.0,6500.0,3794.0,22740.0,6888.0,3151.0,1720.0,3456.0,4357.0,1211.0,4039.0,3337.0,1329.0,15669.0,16320.0,12212.0,24093.0,22618.0
2021-03-18,5374,8388,8301.0,2733.0,2478.0,6702.0,11755.0,7376.0,2347.0,2994.0,5158.0,6384.0,15125.0,2476.0,5870.0,584.0,3933.0,7824.0,2571.0,2868.0,3432.0,6598.0,1662.0,6274.0,16541.0,2530.0,3737.0,5659.0,973.0,9696.0,4785.0,4236.0,1569.0,3565.0,5663.0,2189.0,1504.0,8918.0,1043.0,8571.0,3432.0,1826.0,3506.0,3645.0,6287.0,3679.0,22494.0,6697.0,3144.0,1719.0,3208.0,4137.0,1073.0,4352.0,3301.0,1212.0,15260.0,15733.0,12075.0,24419.0,22289.0
2021-03-19,5971,9432,9478.0,2758.0,2602.0,6888.0,12858.0,7682.0,2276.0,3452.0,5222.0,6959.0,16478.0,2446.0,5866.0,962.0,4645.0,8076.0,2444.0,2827.0,3633.0,6313.0,1609.0,6189.0,16042.0,2614.0,3786.0,5737.0,1139.0,9884.0,4906.0,4513.0,1953.0,4085.0,6310.0,2632.0,1663.0,8835.0,1203.0,9186.0,3776.0,1974.0,4523.0,4242.0,6383.0,3510.0,23685.0,6637.0,3202.0,1664.0,3460.0,4341.0,1107.0,4136.0,3244.0,1246.0,16349.0,17349.0,12830.0,26869.0,25224.0
2021-03-22,5147,9149,8464.0,2754.0,2395.0,6520.0,11617.0,7250.0,2433.0,2945.0,4761.0,6306.0,15038.0,2464.0,5657.0,641.0,4294.0,8112.0,2387.0,3084.0,3522.0,6289.0,1509.0,5755.0,15596.0,2332.0,3588.0,5689.0,1012.0,9682.0,4590.0,4516.0,1637.0,3541.0,5589.0,2188.0,1558.0,8387.0,1039.0,8880.0,3506.0,1917.0,3929.0,3831.0,6308.0,3639.0,22411.0,6818.0,3299.0,1737.0,3255.0,4381.0,1201.0,3983.0,3464.0,1257.0,15187.0,15446.0,12225.0,23997.0,23358.0
2021-03-23,5540,8951,8371.0,2793.0,2452.0,6710.0,12013.0,7700.0,2465.0,3065.0,5202.0,6656.0,15999.0,2663.0,6173.0,648.0,4267.0,8295.0,2809.0,3518.0,3586.0,6942.0,1653.0,6133.0,16705.0,2556.0,4063.0,5927.0,1062.0,10286.0,4796.0,4583.0,1844.0,3665.0,5928.0,2360.0,1676.0,8757.0,1177.0,9142.0,3573.0,2001.0,3916.0,3894.0,6512.0,3743.0,23129.0,6951.0,3308.0,1793.0,3417.0,4607.0,1151.0,4318.0,3433.0,1359.0,15771.0,16569.0,12441.0,24062.0,23065.0
2021-03-24,5434,9288,9034.0,2865.0,2260.0,6859.0,12058.0,7725.0,2571.0,3137.0,5434.0,6592.0,15945.0,2611.0,6171.0,600.0,4138.0,8275.0,2792.0,3577.0,3632.0,7038.0,1633.0,6382.0,17927.0,2650.0,3870.0,6144.0,1017.0,10250.0,4891.0,4551.0,1773.0,3642.0,6078.0,2206.0,1562.0,8938.0,1122.0,9104.0,3579.0,1962.0,4044.0,3887.0,6604.0,3814.0,22738.0,6895.0,3325.0,1810.0,3248.0,4380.0,1183.0,4134.0,3579.0,1289.0,15928.0,16321.0,12582.0,24407.0,23102.0
2021-03-25,5882,9214,8608.0,2791.0,2485.0,6969.0,12468.0,7846.0,2459.0,3105.0,5395.0,6673.0,15945.0,2655.0,6272.0,644.0,4152.0,7916.0,2676.0,3566.0,3479.0,7335.0,1174.0,6289.0,17415.0,2582.0,3838.0,6539.0,1085.0,10174.0,4916.0,4568.0,1727.0,3679.0,6147.0,2251.0,1646.0,9042.0,1183.0,9121.0,3656.0,1886.0,4130.0,3926.0,6590.0,3812.0,23206.0,6720.0,3392.0,1820.0,3304.0,4472.0,1206.0,4126.0,1326.0,16037.0,16939.0,,12694.0,25236.0,23043.0
2021-03-26,6017,9050,9586.0,2799.0,2646.0,6755.0,13259.0,7582.0,2378.0,3259.0,4767.0,6856.0,16266.0,2534.0,5860.0,629.0,4087.0,7637.0,2492.0,3372.0,3683.0,6625.0,1563.0,6192.0,16424.0,2675.0,3649.0,6119.0,1086.0,9991.0,4803.0,4572.0,1671.0,3723.0,6271.0,2318.0,1643.0,9008.0,1141.0,8425.0,3539.0,1646.0,4137.0,3911.0,6551.0,3610.0,23353.0,6044.0,3234.0,1733.0,3347.0,4137.0,1068.0,4226.0,3452.0,1312.0,16015.0,17385.0,12738.0,26205.0,24213.0
2021-03-29,5676,9894,9233.0,2802.0,2599.0,6904.0,13482.0,7666.0,2486.0,3084.0,5079.0,6548.0,16181.0,2604.0,5631.0,743.0,4557.0,7968.0,2295.0,3416.0,3635.0,6639.0,1634.0,5918.0,17062.0,2759.0,3697.0,6425.0,1149.0,10309.0,4761.0,4842.0,4570.0,5754.0,1713.0,8683.0,,,1277.0,10253.0,3762.0,2548.0,5042.0,4441.0,6134.0,3682.0,24336.0,6785.0,3079.0,1750.0,3799.0,4923.0,1017.0,3813.0,3721.0,1305.0,15927.0,18478.0,13618.0,25928.0,25339.0
2021-03-30,6333,12440,9604.0,3298.0,2739.0,7890.0,14207.0,8231.0,2730.0,3606.0,6137.0,7409.0,17908.0,2892.0,6164.0,1035.0,5339.0,8437.0,2663.0,3738.0,3659.0,6415.0,1726.0,6574.0,20278.0,2976.0,3987.0,7638.0,1328.0,11750.0,5072.0,6234.0,2959.0,7119.0,6569.0,3529.0,2396.0,9265.0,1556.0,13476.0,4606.0,5002.0,6143.0,5320.0,6846.0,4205.0,27119.0,8315.0,3646.0,1911.0,4314.0,5932.0,1196.0,4160.0,3906.0,1452.0,17448.0,21548.0,15981.0,30095.0,27935.0
2021-03-31,6276,10957,10065.0,3131.0,2984.0,7689.0,14089.0,8107.0,2787.0,3583.0,5903.0,7153.0,21137.0,2866.0,6329.0,761.0,4965.0,8400.0,2688.0,3750.0,3899.0,7407.0,1741.0,6810.0,19606.0,2813.0,3886.0,7236.0,1263.0,11571.0,5109.0,5498.0,2484.0,5805.0,6260.0,3045.0,2217.0,9235.0,1416.0,11678.0,4242.0,3516.0,5663.0,5083.0,6799.0,3832.0,26440.0,7633.0,3466.0,1938.0,3990.0,5473.0,1149.0,3777.0,3761.0,1448.0,15760.0,20843.0,14936.0,28031.0,26445.0
2021-04-01,6299,10650,5720.0,3106.0,3102.0,7818.0,14797.0,8007.0,2859.0,3490.0,5795.0,7287.0,18073.0,2900.0,6391.0,323.0,5038.0,8278.0,2686.0,3713.0,2251.0,7017.0,1827.0,6812.0,20123.0,2939.0,3931.0,7186.0,1290.0,11397.0,5000.0,5571.0,2455.0,5201.0,6561.0,3051.0,1968.0,8744.0,1535.0,11160.0,4232.0,2929.0,6135.0,5404.0,6630.0,3569.0,27048.0,7334.0,1767.0,2006.0,3906.0,5369.0,1108.0,3814.0,3754.0,1330.0,17377.0,20924.0,8936.0,29730.0,27114.0
2021-04-06,4808,8915,10366.0,2723.0,2997.0,7103.0,14074.0,7645.0,2597.0,3335.0,5848.0,6553.0,16869.0,2943.0,6160.0,691.0,4684.0,8390.0,2439.0,3871.0,3602.0,6749.0,1747.0,6610.0,19720.0,2428.0,4008.0,7079.0,1077.0,11812.0,3043.0,3365.0,1939.0,4280.0,5894.0,2573.0,1552.0,8195.0,1426.0,12400.0,3989.0,1265.0,5915.0,5043.0,6766.0,3321.0,25888.0,7066.0,3548.0,1958.0,4277.0,5230.0,1067.0,3578.0,3471.0,1464.0,15978.0,19581.0,14211.0,27769.0,25147.0
2021-04-07,5258,9577,10227.0,2985.0,2990.0,7535.0,14360.0,7632.0,2656.0,3477.0,6483.0,7029.0,17177.0,3050.0,6506.0,818.0,4987.0,8325.0,2693.0,4134.0,3815.0,7629.0,1951.0,6913.0,21228.0,2607.0,4109.0,7503.0,1177.0,12555.0,4800.0,5547.0,2209.0,4474.0,6326.0,2707.0,1860.0,7887.0,1802.0,11355.0,4161.0,2584.0,6095.0,5565.0,6813.0,3643.0,26592.0,7411.0,3718.0,1912.0,4270.0,5447.0,1214.0,3641.0,3672.0,1593.0,16810.0,20600.0,15007.0,28447.0,26397.0
2021-04-08,5285,9491,9834.0,2794.0,2878.0,7496.0,13875.0,7755.0,2903.0,3444.0,6522.0,6946.0,17158.0,3156.0,6554.0,766.0,4921.0,8019.0,2581.0,4018.0,3515.0,7642.0,1871.0,7040.0,21722.0,2735.0,4237.0,7711.0,1180.0,12709.0,4717.0,5817.0,1949.0,4487.0,6072.0,2721.0,1741.0,7994.0,1687.0,11496.0,4135.0,2563.0,6007.0,5567.0,6821.0,3587.0,26517.0,7285.0,3712.0,1993.0,4147.0,5605.0,1236.0,3681.0,3610.0,1585.0,16953.0,20020.0,15219.0,28396.0,25950.0
2021-04-09,5471,9633,10694.0,2834.0,2779.0,7524.0,14234.0,7679.0,2502.0,3590.0,5844.0,7188.0,17108.0,2936.0,6050.0,796.0,5243.0,8064.0,2486.0,3833.0,3698.0,6915.0,1750.0,6888.0,20896.0,2836.0,4006.0,7528.0,1253.0,12545.0,4702.0,5812.0,2011.0,4374.0,6304.0,2705.0,1737.0,8098.0,1800.0,13608.0,3939.0,2504.0,6312.0,5545.0,6930.0,3701.0,27053.0,7474.0,3569.0,2064.0,4267.0,5663.0,1095.0,3916.0,3461.0,1065.0,17563.0,20600.0,15679.0,33430.0,27213.0
2021-04-12,6670,11095,12412.0,3069.0,3714.0,9233.0,17047.0,9057.0,2684.0,4820.0,8338.0,9180.0,20644.0,3937.0,7150.0,903.0,6384.0,9931.0,2760.0,4908.0,4173.0,8528.0,2502.0,8457.0,47824.0,3253.0,4943.0,17513.0,1287.0,24034.0,5401.0,9587.0,2257.0,6574.0,7915.0,2923.0,1783.0,9077.0,4728.0,14485.0,5229.0,2574.0,13036.0,11107.0,9393.0,3660.0,32882.0,7687.0,4059.0,2357.0,5335.0,7262.0,1411.0,4383.0,4430.0,1726.0,20169.0,25778.0,17849.0,34777.0,45188.0
2021-04-13,6890,11147,11641.0,3393.0,3720.0,9278.0,17002.0,9167.0,2872.0,4418.0,8954.0,8684.0,22867.0,3983.0,7872.0,877.0,5853.0,9407.0,3081.0,5142.0,4227.0,9395.0,2573.0,8628.0,45745.0,3343.0,5070.0,15811.0,1333.0,21887.0,5460.0,8834.0,2370.0,6084.0,7685.0,3023.0,1815.0,9456.0,4421.0,15012.0,5307.0,2606.0,11934.0,10561.0,9701.0,4307.0,31465.0,8481.0,4337.0,3544.0,4697.0,7079.0,1654.0,4375.0,4214.0,1856.0,20191.0,26458.0,18664.0,36877.0,39812.0
2021-04-14,7015,11613,12289.0,3310.0,3914.0,9698.0,16833.0,9280.0,3063.0,24299.0,887.0,9675.0,,,,,,,3026.0,5149.0,4543.0,9369.0,2429.0,8714.0,47521.0,3213.0,5061.0,15989.0,1272.0,21948.0,5824.0,8752.0,2280.0,5903.0,8006.0,2978.0,1877.0,9730.0,5306.0,10723.0,34854.0,8553.0,,,,,,,4414.0,2685.0,5447.0,7581.0,1616.0,4049.0,4769.0,1863.0,17777.0,28254.0,18586.0,36529.0,39455.0
2021-04-15,7323,11044,12685.0,3435.0,4114.0,10180.0,17908.0,9107.0,4752.0,9109.0,8720.0,4130.0,8185.0,5958.0,8848.0,,,,3188.0,5371.0,4559.0,9829.0,2445.0,9047.0,47089.0,3347.0,4987.0,15950.0,1397.0,22050.0,5609.0,9186.0,2651.0,6170.0,8355.0,3295.0,1962.0,9958.0,4562.0,14623.0,5540.0,2379.0,11976.0,10132.0,4102.0,,,,4547.0,2734.0,5612.0,7590.0,1654.0,4774.0,4842.0,1889.0,20641.0,28211.0,18437.0,37660.0,39476.0
2021-04-16,7975,11975,6611.0,3379.0,4333.0,10550.0,19515.0,8988.0,2892.0,5213.0,8509.0,9660.0,26029.0,3762.0,7461.0,359.0,6481.0,,2929.0,5023.0,2577.0,8387.0,2420.0,8981.0,52862.0,3357.0,5092.0,17857.0,1463.0,23082.0,5961.0,9436.0,2527.0,6316.0,8603.0,3428.0,2035.0,9537.0,5272.0,15379.0,2712.0,14772.0,12635.0,10315.0,3881.0,36254.0,7953.0,,2077.0,2652.0,6018.0,8238.0,1447.0,4805.0,4912.0,1707.0,22001.0,30441.0,11091.0,42151.0,42234.0
2021-04-19,7139,10966,5966.0,3278.0,3674.0,8803.0,16401.0,8886.0,2836.0,4176.0,7558.0,8514.0,22125.0,3473.0,7512.0,352.0,5113.0,9612.0,3053.0,4595.0,2448.0,8658.0,2274.0,8171.0,36694.0,3168.0,4431.0,13019.0,1246.0,18659.0,5855.0,8113.0,2234.0,5279.0,7272.0,2898.0,1841.0,10068.0,3369.0,13406.0,4898.0,2391.0,9162.0,8431.0,9243.0,4066.0,31119.0,7373.0,1785.0,2423.0,1426.0,4533.0,4504.0,1806.0,18923.0,,,,9886.0,31512.0,36476.0
2021-04-20,7850,12213,6425.0,3568.0,3973.0,10010.0,16930.0,9699.0,3182.0,4587.0,9338.0,9498.0,24389.0,4045.0,8567.0,366.0,6215.0,10236.0,3374.0,5318.0,2585.0,9834.0,2570.0,8970.0,43767.0,3490.0,5307.0,14304.0,1334.0,22451.0,6320.0,10776.0,2834.0,11926.0,8320.0,3365.0,1989.0,10892.0,3487.0,16042.0,5202.0,7637.0,10811.0,9515.0,10253.0,4585.0,34825.0,8253.0,2309.0,2753.0,5135.0,7434.0,1821.0,5072.0,5247.0,1905.0,21287.0,25919.0,10560.0,35580.0,36157.0
2021-04-21,7475,11874,5905.0,3543.0,3925.0,10215.0,17617.0,9686.0,3231.0,4627.0,9683.0,9107.0,24628.0,4317.0,9147.0,374.0,6116.0,10032.0,3352.0,5458.0,2603.0,10318.0,2229.0,9219.0,42837.0,3291.0,5430.0,14331.0,1423.0,19924.0,6394.0,8470.0,2378.0,5618.0,8375.0,3098.0,1981.0,10923.0,3654.0,14915.0,5304.0,2283.0,10119.0,9484.0,10625.0,4642.0,34890.0,8367.0,2490.0,2807.0,5114.0,7363.0,1783.0,5126.0,5358.0,2023.0,21533.0,26248.0,10969.0,36018.0,36476.0
2021-04-22,8538,12644,6097.0,3619.0,4250.0,11075.0,17790.0,9560.0,3267.0,4934.0,9809.0,9698.0,25814.0,4512.0,9291.0,360.0,6438.0,9735.0,3514.0,5646.0,2690.0,9702.0,2612.0,9478.0,45894.0,3349.0,5552.0,14715.0,1373.0,20795.0,6529.0,8847.0,2456.0,5933.0,8499.0,3037.0,2000.0,11340.0,3901.0,15561.0,5584.0,2601.0,10877.0,9692.0,11151.0,4795.0,36797.0,8416.0,2448.0,2825.0,5253.0,7768.0,1844.0,5358.0,5192.0,2171.0,22249.0,28107.0,10975.0,38267.0,38487.0
2021-04-23,8963,13182,6787.0,3641.0,4410.0,11127.0,20012.0,9502.0,3001.0,5117.0,8881.0,10279.0,27120.0,3819.0,8230.0,391.0,6473.0,9669.0,3334.0,5200.0,2637.0,9114.0,2563.0,9174.0,46995.0,3477.0,5354.0,16159.0,1572.0,6849.0,9437.0,2233.0,11088.0,,,,,,4562.0,15578.0,5837.0,2783.0,13180.0,11193.0,11518.0,4648.0,38653.0,8325.0,2265.0,2845.0,5609.0,8027.0,1631.0,5607.0,5358.0,1985.0,22999.0,30295.0,11484.0,42603.0,41486.0
2021-04-26,7386,11027,12366.0,3385.0,3612.0,8993.0,16385.0,8996.0,2897.0,4228.0,8080.0,8428.0,21965.0,3397.0,7939.0,828.0,5606.0,9876.0,3250.0,4904.0,4449.0,9168.0,2293.0,8292.0,37324.0,3212.0,5009.0,12282.0,1339.0,18464.0,6180.0,7917.0,2103.0,5169.0,7526.0,2961.0,1894.0,10258.0,3250.0,13306.0,4957.0,2285.0,8793.0,8094.0,9696.0,4297.0,32366.0,7782.0,4266.0,2532.0,4793.0,6284.0,1639.0,4824.0,4818.0,1841.0,19296.0,24212.0,17697.0,33229.0,36924.0
2021-04-27,7941,12751,12343.0,3294.0,4029.0,10307.0,18296.0,9961.0,2726.0,4914.0,9646.0,9196.0,24526.0,4293.0,9347.0,953.0,6002.0,10401.0,3527.0,5483.0,4416.0,10286.0,2557.0,9120.0,41863.0,3506.0,5539.0,13814.0,854.0,18293.0,6648.0,8386.0,2468.0,5749.0,8674.0,3390.0,2156.0,10861.0,3496.0,15583.0,5133.0,2403.0,9526.0,9039.0,10485.0,4737.0,34674.0,8471.0,4916.0,2775.0,5169.0,7237.0,1986.0,5354.0,5338.0,2055.0,20767.0,26315.0,19606.0,36497.0,37591.0
2021-04-28,8273,12054,12511.0,3868.0,4207.0,10701.0,17642.0,10057.0,3168.0,4770.0,9728.0,9214.0,25056.0,4427.0,9557.0,934.0,5936.0,10365.0,3562.0,6061.0,4741.0,11037.0,2812.0,9647.0,42624.0,3515.0,5569.0,13654.0,1362.0,20485.0,6629.0,8757.0,2413.0,5141.0,8170.0,2988.0,2137.0,11224.0,3893.0,15200.0,5407.0,2133.0,9359.0,9152.0,10733.0,4982.0,35591.0,8572.0,5155.0,3000.0,5526.0,6927.0,1995.0,5492.0,5689.0,2114.0,21775.0,26460.0,19397.0,37239.0,36761.0
2021-04-29,8764,12638,13264.0,3901.0,4384.0,11373.0,19009.0,9895.0,3296.0,5005.0,10244.0,10059.0,27332.0,4616.0,10207.0,1035.0,6425.0,10222.0,3754.0,6013.0,4877.0,11354.0,2787.0,9690.0,45142.0,3577.0,5745.0,14746.0,1450.0,20686.0,6765.0,8779.0,2609.0,5576.0,8693.0,3148.0,1899.0,11230.0,4001.0,15815.0,5521.0,2388.0,10562.0,10138.0,11094.0,4748.0,38424.0,8357.0,5222.0,3007.0,5459.0,7565.0,2117.0,5256.0,5641.0,2251.0,21169.0,29275.0,20587.0,39850.0,38685.0
2021-04-30,9323,12927,15598.0,3761.0,4676.0,11305.0,21068.0,9662.0,3136.0,5449.0,9016.0,10678.0,28637.0,3825.0,8657.0,1042.0,6718.0,10013.0,3320.0,5460.0,4783.0,9759.0,2656.0,9488.0,49005.0,3858.0,5681.0,16467.0,1542.0,22525.0,7045.0,9228.0,2721.0,5904.0,9237.0,3481.0,2048.0,11311.0,4782.0,14924.0,5679.0,2290.0,13137.0,11242.0,11552.0,4455.0,39757.0,7645.0,4842.0,2698.0,5762.0,7668.0,1701.0,5805.0,5688.0,1959.0,24008.0,30250.0,21224.0,43482.0,44186.0
2021-05-04,7198,12174,14272.0,3648.0,4319.0,10016.0,18411.0,9745.0,3388.0,4523.0,9253.0,9338.0,24473.0,4098.0,9026.0,824.0,5854.0,10622.0,3557.0,5621.0,4730.0,10254.0,2635.0,9045.0,40563.0,3483.0,5369.0,13222.0,1339.0,19132.0,6722.0,8460.0,2279.0,5226.0,8161.0,2894.0,1833.0,11643.0,3572.0,15106.0,5201.0,2212.0,8942.0,8873.0,10297.0,4515.0,34818.0,7963.0,5130.0,2796.0,5098.0,6664.0,1941.0,5421.0,5131.0,2062.0,21153.0,25751.0,18966.0,35660.0,38193.0
2021-05-05,8651,12542,13070.0,4020.0,4447.0,10959.0,18356.0,9975.0,3430.0,4707.0,10057.0,9554.0,26599.0,4645.0,10034.0,1107.0,6230.0,10538.0,6199.0,4924.0,2933.0,9520.0,43795.0,3833.0,14160.0,,,,1391.0,20274.0,7053.0,8839.0,2402.0,5456.0,8322.0,3054.0,2106.0,12145.0,3913.0,16013.0,5754.0,2431.0,9805.0,9720.0,10822.0,5116.0,36440.0,8397.0,5082.0,3080.0,6079.0,7300.0,2126.0,5582.0,5590.0,2149.0,22197.0,26662.0,19872.0,37471.0,38596.0
2021-05-06,9399,12704,13071.0,3900.0,4490.0,11668.0,19102.0,10141.0,3448.0,5177.0,10656.0,9896.0,27717.0,4825.0,10177.0,1016.0,6394.0,10090.0,3968.0,11628.0,9872.0,3535.0,5966.0,,,,,,1433.0,20725.0,7064.0,8910.0,2739.0,5500.0,8490.0,3084.0,2014.0,12156.0,4080.0,16428.0,5569.0,2346.0,10171.0,9783.0,11273.0,5007.0,38763.0,8375.0,5438.0,3752.0,5193.0,7418.0,2187.0,5701.0,5679.0,2313.0,23044.0,28911.0,20833.0,40904.0,38957.0
2021-05-07,9512,13685,14764.0,3914.0,4842.0,11417.0,20622.0,9808.0,3183.0,5449.0,9556.0,10842.0,28771.0,4205.0,9034.0,1075.0,6551.0,10323.0,3697.0,5610.0,4985.0,10105.0,2696.0,47510.0,5719.0,16237.0,,,1635.0,21740.0,7242.0,9289.0,2885.0,6077.0,9496.0,3407.0,2017.0,12261.0,4806.0,16049.0,5820.0,2532.0,12922.0,11190.0,11671.0,4510.0,40199.0,8259.0,5110.0,2840.0,5815.0,8077.0,1821.0,5771.0,5716.0,2066.0,23797.0,30837.0,21475.0,43863.0,43241.0
2021-05-10,7467,11878,12295.0,3315.0,4406.0,9739.0,13987.0,9415.0,3084.0,4490.0,8648.0,8924.0,23265.0,3904.0,8429.0,861.0,5665.0,10663.0,3245.0,5331.0,4108.0,9508.0,2517.0,8584.0,38152.0,3267.0,5096.0,13079.0,1245.0,18652.0,6456.0,8066.0,2263.0,5109.0,8429.0,3076.0,1985.0,11048.0,3435.0,14789.0,4869.0,2318.0,8871.0,8460.0,9851.0,4555.0,33615.0,7720.0,4315.0,2614.0,5035.0,6777.0,1746.0,5155.0,5058.0,1986.0,20040.0,24829.0,17766.0,33868.0,37755.0
2021-05-11,8164,13106,12972.0,3716.0,4512.0,11110.0,15720.0,9667.0,3518.0,4826.0,10551.0,9658.0,26221.0,4648.0,10038.0,994.0,6275.0,11236.0,3513.0,6054.0,5044.0,11223.0,2664.0,9761.0,44308.0,3554.0,5762.0,14757.0,1419.0,20427.0,6953.0,8936.0,2462.0,5672.0,8671.0,3107.0,1932.0,11983.0,3717.0,16448.0,5884.0,2684.0,10668.0,9701.0,10759.0,5436.0,40758.0,11894.0,5290.0,3057.0,6140.0,7915.0,2163.0,4753.0,5562.0,2188.0,17315.0,30109.0,20809.0,38048.0,39795.0
2021-05-12,8282,13361,13221.0,4025.0,4698.0,11626.0,16364.0,10202.0,3334.0,4984.0,11055.0,9764.0,26748.0,4861.0,10502.0,1018.0,6563.0,10338.0,3644.0,6077.0,4913.0,11786.0,2791.0,10024.0,45715.0,3582.0,5978.0,15088.0,1363.0,20853.0,7119.0,8702.0,2327.0,5733.0,8745.0,3153.0,2033.0,12011.0,3959.0,17564.0,5451.0,2548.0,10852.0,10336.0,11197.0,5018.0,38177.0,8773.0,5467.0,3221.0,5728.0,7653.0,2230.0,5636.0,6083.0,2289.0,22225.0,29797.0,21007.0,39542.0,39672.0
2021-05-13,9248,13945,13657.0,3850.0,5131.0,12194.0,16992.0,10086.0,3512.0,5172.0,11451.0,9544.0,28115.0,5112.0,11133.0,1034.0,6736.0,9553.0,3674.0,6470.0,4819.0,11911.0,2902.0,10165.0,46288.0,3753.0,6022.0,15119.0,1468.0,20735.0,7242.0,8643.0,2537.0,5726.0,8644.0,3222.0,1990.0,12060.0,3991.0,17745.0,5428.0,2398.0,10814.0,10322.0,10928.0,5123.0,39483.0,8908.0,5760.0,3328.0,5759.0,7891.0,2364.0,5775.0,6007.0,2360.0,23455.0,30515.0,21480.0,41347.0,37641.0
2021-05-14,9636,13570,15359.0,3682.0,5147.0,12007.0,19155.0,9798.0,3371.0,5451.0,9657.0,10635.0,28570.0,4144.0,9166.0,1027.0,6867.0,9759.0,3340.0,5812.0,5036.0,10470.0,2658.0,9881.0,46994.0,3886.0,5731.0,16219.0,1479.0,21597.0,7420.0,9055.0,2672.0,5961.0,9526.0,3515.0,2022.0,12416.0,4839.0,16939.0,5604.0,2423.0,13466.0,11646.0,11540.0,4887.0,40404.0,8061.0,5162.0,2733.0,5773.0,7846.0,1838.0,5897.0,5850.0,2202.0,24190.0,31565.0,21432.0,44134.0,42204.0
2021-05-17,8658,12857,15236.0,3681.0,4717.0,11363.0,19362.0,9876.0,3332.0,5155.0,10269.0,9808.0,27048.0,4941.0,10032.0,1004.0,7004.0,10212.0,4051.0,6120.0,5384.0,10642.0,3077.0,10717.0,43988.0,4113.0,6037.0,16189.0,1522.0,20767.0,7605.0,9234.0,2491.0,5694.0,8459.0,3566.0,1917.0,13278.0,5056.0,17756.0,5887.0,2629.0,13944.0,12008.0,10743.0,5182.0,38329.0,8910.0,5256.0,3074.0,6313.0,7918.0,2193.0,5940.0,5577.0,2391.0,22815.0,29577.0,19842.0,38372.0,39623.0
2021-05-18,8914,14335,15126.0,4136.0,5135.0,12413.0,21081.0,10638.0,3636.0,5830.0,12692.0,10599.0,30609.0,5874.0,11795.0,1100.0,7550.0,11001.0,4408.0,6870.0,5607.0,12368.0,3428.0,11722.0,49652.0,4472.0,6899.0,18090.0,1745.0,22610.0,8328.0,10148.0,2777.0,6167.0,9312.0,3691.0,2124.0,14528.0,5361.0,20558.0,6378.0,2753.0,15180.0,13221.0,11577.0,5797.0,41336.0,10650.0,6469.0,3633.0,6987.0,9352.0,2755.0,6555.0,6459.0,2570.0,24765.0,32738.0,22279.0,42501.0,41613.0
2021-05-19,9969,14946,16693.0,4337.0,5386.0,13523.0,22850.0,10946.0,6350.0,11039.0,32705.0,8475.0,11106.0,,,,,,4414.0,7306.0,5748.0,13714.0,3341.0,12337.0,53830.0,4420.0,7039.0,19275.0,1655.0,23544.0,8601.0,10381.0,3094.0,6563.0,9882.0,4035.0,2223.0,15953.0,5737.0,6636.0,3065.0,16936.0,14563.0,12305.0,44200.0,10553.0,,,6643.0,3538.0,7854.0,10512.0,2844.0,6502.0,7151.0,2711.0,25949.0,36081.0,23321.0,45746.0,42711.0
2021-05-20,10159,15428,17701.0,4369.0,5693.0,14771.0,24276.0,11055.0,4314.0,14848.0,6714.0,13192.0,1273.0,11165.0,,,,,4538.0,7739.0,5845.0,14083.0,3616.0,12918.0,56770.0,4837.0,7659.0,20608.0,1733.0,24573.0,8933.0,10978.0,3239.0,6614.0,9927.0,3924.0,2081.0,16813.0,21862.0,12598.0,6131.0,,,,,,,,6711.0,3858.0,7970.0,10530.0,2960.0,6893.0,7548.0,2822.0,27518.0,38445.0,23826.0,48740.0,42812.0
2021-05-21,11225,15203,20108.0,4053.0,6939.0,15044.0,26039.0,10939.0,3893.0,7232.0,12720.0,12466.0,36255.0,5568.0,10735.0,1158.0,9023.0,,4366.0,6954.0,6202.0,11568.0,3659.0,12542.0,53405.0,5014.0,7333.0,21993.0,1940.0,24448.0,9308.0,11530.0,3298.0,6820.0,10555.0,4682.0,2098.0,17436.0,7532.0,20724.0,7062.0,2846.0,21494.0,17114.0,5474.0,48175.0,9439.0,,6212.0,3441.0,8519.0,10034.0,2278.0,7231.0,7112.0,2602.0,28381.0,39488.0,23180.0,51584.0,47633.0
2021-05-24,8647,12939,16856.0,3876.0,5185.0,11369.0,21588.0,10104.0,3219.0,5478.0,10526.0,9946.0,27288.0,4768.0,9645.0,1007.0,7281.0,10377.0,3943.0,6055.0,5658.0,10944.0,3137.0,11021.0,45758.0,4189.0,6344.0,16653.0,7739.0,2001.0,13612.0,,,,,,,,5203.0,18029.0,6086.0,2484.0,14804.0,12568.0,10500.0,5158.0,38765.0,9274.0,5509.0,2930.0,6627.0,8188.0,2296.0,6035.0,5878.0,2306.0,22293.0,30078.0,19913.0,38126.0,40666.0
2021-05-25,9327,14549,16440.0,4161.0,5419.0,12816.0,21966.0,10815.0,3738.0,6252.0,13243.0,10604.0,31484.0,5958.0,11856.0,1190.0,7909.0,11429.0,4256.0,7086.0,5799.0,12942.0,3354.0,12425.0,53636.0,4596.0,7134.0,18775.0,1767.0,22884.0,8492.0,9922.0,3049.0,6347.0,9692.0,3971.0,2150.0,14616.0,5482.0,21379.0,6287.0,2875.0,16756.0,13124.0,11904.0,6011.0,43080.0,10401.0,6441.0,3602.0,7115.0,9497.0,2682.0,6936.0,6773.0,2633.0,25107.0,33958.0,22870.0,43426.0,42660.0
2021-05-26,10110,15413,17055.0,4503.0,5758.0,13948.0,23317.0,11136.0,4052.0,6410.0,13957.0,11446.0,33499.0,6455.0,12462.0,1274.0,8603.0,11047.0,4644.0,7557.0,5852.0,13721.0,3530.0,12745.0,55035.0,4750.0,7391.0,20429.0,1850.0,24004.0,8723.0,10854.0,3174.0,6749.0,10126.0,4252.0,2236.0,16907.0,6107.0,22157.0,6812.0,3069.0,18497.0,15678.0,12289.0,5824.0,45601.0,10855.0,6681.0,3650.0,7341.0,10454.0,2838.0,6756.0,7183.0,2760.0,26060.0,37140.0,24378.0,47279.0,44819.0
2021-05-27,10420,16720,18924.0,4572.0,5936.0,15188.0,25241.0,11124.0,4168.0,6884.0,15108.0,11548.0,36323.0,6950.0,12787.0,1417.0,9569.0,11040.0,5014.0,7562.0,6245.0,14521.0,3479.0,13427.0,59255.0,4663.0,7402.0,21641.0,1983.0,25077.0,9040.0,11130.0,3480.0,7228.0,10205.0,4439.0,2352.0,17031.0,6450.0,23144.0,7125.0,3433.0,20291.0,17080.0,13255.0,6178.0,48353.0,10688.0,6967.0,4037.0,8318.0,11549.0,2949.0,7035.0,6704.0,2967.0,27841.0,40989.0,25182.0,50252.0,46143.0
2021-05-28,11475,16606,23645.0,4235.0,7009.0,15012.0,29951.0,11089.0,4342.0,7101.0,12667.0,12283.0,37981.0,5748.0,10082.0,1385.0,10109.0,11008.0,4092.0,6766.0,6203.0,11961.0,3622.0,12901.0,61596.0,5006.0,7403.0,23390.0,2141.0,27144.0,9757.0,12559.0,3571.0,7588.0,11136.0,5222.0,2293.0,18901.0,8068.0,21815.0,7549.0,3352.0,23475.0,18980.0,13641.0,5432.0,51622.0,10275.0,6507.0,3268.0,8820.0,11378.0,2309.0,7205.0,6668.0,2651.0,29190.0,43382.0,24710.0,53698.0,52719.0
2021-06-01,8767,16791,21095.0,4027.0,6183.0,12587.0,25950.0,10696.0,3937.0,6368.0,12053.0,10573.0,33254.0,5994.0,10248.0,1704.0,11287.0,10852.0,3817.0,6545.0,5996.0,11545.0,2942.0,12186.0,61249.0,4833.0,7092.0,20869.0,1870.0,25665.0,8817.0,12287.0,3812.0,9166.0,9273.0,5151.0,2339.0,15608.0,8224.0,22771.0,6662.0,4703.0,22439.0,18247.0,11236.0,5333.0,45730.0,12125.0,6511.0,3266.0,8810.0,11647.0,2475.0,5237.0,6389.0,2690.0,23768.0,40416.0,23352.0,47914.0,49841.0
2021-06-02,9697,17617,20005.0,4280.0,6112.0,14170.0,25348.0,10622.0,4361.0,6646.0,13296.0,10978.0,35436.0,6270.0,11273.0,1545.0,11626.0,10719.0,4004.0,6918.0,5988.0,12588.0,3434.0,13056.0,62122.0,4901.0,7483.0,22348.0,1942.0,26416.0,9085.0,12880.0,4050.0,8845.0,9838.0,4983.0,2583.0,17247.0,8398.0,23834.0,6794.0,4558.0,22638.0,18117.0,12231.0,5649.0,48441.0,13351.0,7022.0,3646.0,9352.0,13103.0,2813.0,5751.0,6897.0,3226.0,25574.0,42059.0,24214.0,50341.0,49223.0
2021-06-03,9826,17641,20502.0,4571.0,6602.0,14338.0,27238.0,11355.0,4572.0,7020.0,14414.0,11341.0,37223.0,6963.0,11720.0,1665.0,12520.0,10766.0,4232.0,7199.0,6200.0,13748.0,3494.0,13858.0,64901.0,5114.0,8094.0,23280.0,2007.0,27015.0,9328.0,12871.0,4273.0,8692.0,10098.0,5280.0,2586.0,17810.0,8857.0,24526.0,7608.0,4443.0,23959.0,19697.0,12722.0,5956.0,49456.0,13163.0,7174.0,3770.0,9793.0,13993.0,2936.0,5970.0,7171.0,3834.0,26709.0,44301.0,25682.0,53027.0,50636.0
2021-06-04,10333,16409,24321.0,3893.0,7240.0,14078.0,28769.0,10845.0,3840.0,7355.0,12770.0,11337.0,37491.0,5681.0,10013.0,1258.0,11158.0,10080.0,4237.0,6953.0,6266.0,15160.0,3688.0,13320.0,62677.0,5265.0,7682.0,23213.0,1985.0,26207.0,9483.0,12893.0,3788.0,7392.0,10050.0,5061.0,2307.0,18226.0,9411.0,21180.0,7262.0,2882.0,24443.0,19914.0,12410.0,5010.0,50617.0,11207.0,6366.0,3399.0,9531.0,11657.0,2431.0,6250.0,7185.0,2536.0,27201.0,46358.0,23568.0,54444.0,51230.0
2021-06-07,8375,14128,17840.0,3948.0,5099.0,11411.0,22450.0,10297.0,3449.0,5407.0,11212.0,10028.0,28657.0,4858.0,9768.0,1154.0,8487.0,10937.0,3787.0,6038.0,5593.0,11313.0,2661.0,4371.0,,,,,1696.0,21708.0,8095.0,9844.0,3090.0,6519.0,8577.0,4117.0,2258.0,12376.0,5360.0,18619.0,5935.0,3410.0,15181.0,12401.0,10792.0,5223.0,40973.0,10324.0,5495.0,2996.0,6820.0,9151.0,2128.0,5673.0,5755.0,2339.0,23175.0,37304.0,21547.0,40891.0,44028.0
2021-06-08,9697,16088,17253.0,4441.0,5508.0,13473.0,23007.0,11162.0,4228.0,6060.0,15049.0,10669.0,32992.0,6048.0,11812.0,1388.0,8776.0,11619.0,4286.0,7244.0,5839.0,13515.0,3329.0,12568.0,56654.0,4876.0,7171.0,19547.0,1780.0,24171.0,8685.0,10870.0,3602.0,7365.0,10013.0,4610.0,2416.0,13899.0,5915.0,22319.0,6552.0,3616.0,16821.0,14368.0,12141.0,6331.0,44208.0,11382.0,6337.0,3670.0,7507.0,10755.0,2742.0,6443.0,6865.0,2748.0,25354.0,45309.0,24304.0,45604.0,45321.0
2021-06-09,10195,16509,17879.0,4611.0,5870.0,14321.0,24389.0,11437.0,4281.0,6648.0,16168.0,11379.0,34447.0,6334.0,12359.0,1466.0,9354.0,11433.0,4388.0,7502.0,6113.0,13922.0,3470.0,12698.0,57620.0,4983.0,7973.0,20587.0,1889.0,25237.0,9286.0,11707.0,3887.0,7866.0,10650.0,4848.0,2540.0,16281.0,6619.0,23590.0,7021.0,3996.0,17670.0,15545.0,13022.0,6338.0,46291.0,11850.0,8138.0,6333.0,26547.0,,,,,,,,25497.0,48609.0,46073.0
2021-06-10,10718,17300,19744.0,4674.0,6377.0,15224.0,25548.0,11740.0,4521.0,7044.0,17400.0,11494.0,37112.0,6793.0,13373.0,1427.0,9538.0,11391.0,4751.0,7775.0,6393.0,14942.0,3575.0,13571.0,59682.0,4903.0,8238.0,20806.0,1865.0,25962.0,9417.0,11792.0,3973.0,7541.0,10781.0,4864.0,2480.0,16708.0,6521.0,23713.0,7006.0,3494.0,18294.0,16449.0,13263.0,6535.0,49328.0,11321.0,7455.0,3877.0,12487.0,3197.0,7387.0,2977.0,54819.0,,,,25889.0,51576.0,46427.0
2021-06-11,10714,16822,22737.0,3779.0,6705.0,14956.0,27486.0,11458.0,3672.0,5063.0,14432.0,12349.0,36704.0,5569.0,10442.0,1580.0,9384.0,10422.0,3435.0,7289.0,5351.0,11120.0,3246.0,13135.0,58636.0,4877.0,7921.0,21438.0,1530.0,24773.0,9909.0,12826.0,4106.0,7868.0,11204.0,5586.0,2581.0,15019.0,7278.0,22707.0,6507.0,3538.0,20502.0,17213.0,12166.0,5195.0,54105.0,10665.0,5820.0,3184.0,8554.0,11766.0,2063.0,6724.0,6991.0,1549.0,27882.0,48302.0,25244.0,53348.0,49920.0
2021-06-14,8275,14734,18092.0,4058.0,5268.0,11723.0,24278.0,10292.0,3828.0,5439.0,12349.0,10253.0,29582.0,4725.0,9783.0,1252.0,8146.0,10760.0,3729.0,6085.0,5722.0,11346.0,2775.0,10673.0,46077.0,4229.0,6256.0,16543.0,1672.0,21455.0,8062.0,10389.0,3166.0,6829.0,8638.0,4296.0,2295.0,13065.0,5118.0,19178.0,5891.0,3520.0,15291.0,12519.0,10893.0,5319.0,42079.0,11233.0,6087.0,2838.0,6928.0,9381.0,2068.0,5721.0,5849.0,2265.0,23949.0,42077.0,22228.0,41717.0,43705.0
2021-06-15,9562,16317,17392.0,4616.0,5806.0,13583.0,24221.0,11318.0,4353.0,6220.0,15296.0,10970.0,34000.0,6074.0,11991.0,1380.0,9387.0,11926.0,4417.0,7367.0,6125.0,13412.0,3385.0,12274.0,55683.0,4701.0,7669.0,18930.0,1915.0,24039.0,8809.0,11201.0,3583.0,7118.0,10159.0,4549.0,2510.0,14416.0,5763.0,22278.0,6654.0,3498.0,16849.0,14748.0,12455.0,6364.0,45066.0,11520.0,6961.0,3513.0,7522.0,10836.0,2724.0,6436.0,6961.0,2702.0,25328.0,49074.0,24867.0,47094.0,45040.0
2021-06-16,9998,16758,18284.0,4926.0,5910.0,14204.0,25302.0,11268.0,4387.0,6266.0,16388.0,11405.0,34865.0,6548.0,12086.0,1416.0,10141.0,11299.0,4623.0,7313.0,6198.0,14006.0,3683.0,13138.0,56979.0,4686.0,7749.0,20031.0,2135.0,24732.0,9457.0,11784.0,3811.0,7828.0,9952.0,4855.0,2714.0,16286.0,6360.0,23023.0,7049.0,4209.0,19093.0,16817.0,13100.0,6567.0,48951.0,11420.0,7118.0,3623.0,7661.0,11000.0,2936.0,6556.0,7216.0,2945.0,26443.0,52302.0,26617.0,50632.0,45154.0
2021-06-17,10649,16129,20160.0,4581.0,6434.0,15641.0,26652.0,11699.0,4546.0,6993.0,18097.0,11802.0,38194.0,7013.0,13435.0,1399.0,9538.0,11291.0,4902.0,8160.0,6462.0,15074.0,3779.0,13969.0,58879.0,5248.0,8405.0,20494.0,2112.0,24851.0,9774.0,12145.0,3730.0,7009.0,10503.0,4694.0,2343.0,17181.0,6770.0,22390.0,7056.0,3741.0,19680.0,17495.0,13117.0,6541.0,49917.0,11106.0,7116.0,3759.0,8567.0,11530.0,3015.0,6766.0,7801.0,3063.0,27745.0,55590.0,25646.0,51088.0,44501.0
2021-06-18,11727,17141,24455.0,4815.0,7658.0,15904.0,30795.0,11421.0,4471.0,7742.0,14423.0,12579.0,38292.0,5835.0,10943.0,1240.0,9571.0,11103.0,4660.0,7113.0,6710.0,13028.0,3853.0,13678.0,60452.0,5202.0,7291.0,21370.0,2331.0,23895.0,10301.0,12337.0,4196.0,7307.0,10784.0,5210.0,2243.0,18883.0,7884.0,21163.0,7591.0,3870.0,24951.0,22203.0,12971.0,5939.0,53033.0,9929.0,6585.0,3412.0,16141.0,11251.0,2418.0,7168.0,7904.0,2760.0,29349.0,56577.0,24734.0,54470.0,48337.0
2021-06-21,8981,13948,18926.0,3929.0,6107.0,12424.0,24540.0,10279.0,3647.0,5612.0,13079.0,10529.0,31447.0,4956.0,10608.0,1026.0,7740.0,10830.0,4122.0,6716.0,5676.0,11979.0,3132.0,11780.0,49550.0,4682.0,6796.0,17153.0,,,,,,,,,,,5736.0,18693.0,6259.0,2500.0,15868.0,13272.0,11089.0,5721.0,43516.0,10585.0,6308.0,2938.0,7909.0,9008.0,2244.0,6256.0,6228.0,2541.0,24170.0,43965.0,21707.0,42095.0,43370.0
2021-06-22,10497,17201,19081.0,4756.0,6386.0,14710.0,26270.0,11476.0,4445.0,6515.0,16529.0,11213.0,35576.0,6414.0,12974.0,1252.0,9071.0,11735.0,4601.0,7935.0,6498.0,14351.0,3408.0,12954.0,57337.0,4957.0,7973.0,19265.0,2043.0,24255.0,9297.0,10644.0,3622.0,6813.0,10051.0,4344.0,2353.0,15190.0,6234.0,22411.0,6891.0,3125.0,17518.0,15768.0,12581.0,6736.0,48075.0,11438.0,7128.0,3767.0,8697.0,11364.0,2899.0,6752.0,7166.0,2851.0,26860.0,52082.0,24608.0,48947.0,44629.0
2021-06-23,10284,17164,19090.0,4620.0,6536.0,14346.0,26472.0,11708.0,6718.0,11569.0,35935.0,1412.0,10067.0,11738.0,,,,,4555.0,7863.0,6508.0,14472.0,3570.0,13671.0,60146.0,4788.0,8173.0,20587.0,2158.0,25617.0,9660.0,11692.0,3948.0,7454.0,10540.0,4947.0,2539.0,17350.0,6948.0,3677.0,19579.0,17060.0,48788.0,12732.0,,,,,7461.0,3705.0,8757.0,12354.0,2968.0,6503.0,7358.0,3215.0,27656.0,52132.0,26229.0,51999.0,45413.0
2021-06-24,11208,17655,19962.0,4606.0,6584.0,16001.0,28501.0,11783.0,4807.0,18104.0,38929.0,7195.0,13532.0,,,,,,4732.0,8064.0,6603.0,15324.0,3694.0,14279.0,62601.0,4986.0,8486.0,21068.0,2068.0,26498.0,9736.0,11859.0,4084.0,7506.0,10735.0,4754.0,2454.0,17405.0,24311.0,7464.0,14080.0,7063.0,,,,,,,7614.0,4018.0,9214.0,12633.0,3113.0,6843.0,7432.0,3231.0,28313.0,55838.0,26968.0,52686.0,47550.0
2021-06-25,11525,16746,24473.0,4070.0,6880.0,15542.0,30494.0,10762.0,4096.0,7347.0,14867.0,12553.0,5943.0,10612.0,1493.0,10605.0,11246.0,,4405.0,7071.0,6427.0,12502.0,3476.0,13915.0,60258.0,4938.0,7287.0,21809.0,2371.0,25955.0,9990.0,12602.0,4167.0,7723.0,11159.0,5236.0,2239.0,18034.0,8284.0,22978.0,7496.0,3294.0,22847.0,18802.0,13747.0,5849.0,54489.0,11032.0,6874.0,3396.0,9415.0,12815.0,2301.0,6923.0,7109.0,2671.0,30324.0,57144.0,25665.0,54592.0,51924.0
2021-06-28,8849,14759,19341.0,3758.0,5538.0,12381.0,24755.0,10388.0,3851.0,5846.0,12985.0,10315.0,30602.0,5314.0,10457.0,1257.0,8309.0,10915.0,4108.0,6832.0,5967.0,11567.0,3068.0,11607.0,48677.0,4481.0,7050.0,17291.0,2011.0,21685.0,8728.0,10254.0,3104.0,6377.0,9217.0,4188.0,1989.0,13859.0,5848.0,19124.0,6323.0,2879.0,15843.0,13782.0,11181.0,5589.0,44683.0,10421.0,6883.0,3435.0,7638.0,9315.0,2436.0,5724.0,6421.0,2621.0,24425.0,44352.0,22016.0,44058.0,43360.0
2021-06-29,10088,19049,19424.0,5128.0,6702.0,14240.0,26384.0,11114.0,4416.0,6170.0,15442.0,11183.0,35990.0,6170.0,12421.0,1230.0,9116.0,11606.0,4577.0,7516.0,7763.0,14161.0,3736.0,13019.0,41752.0,4835.0,7641.0,19180.0,2119.0,24130.0,9455.0,10602.0,3499.0,6710.0,10174.0,4472.0,2248.0,14995.0,6670.0,21849.0,7001.0,2852.0,18444.0,16294.0,12440.0,6713.0,46373.0,11299.0,6746.0,3700.0,8880.0,10283.0,2863.0,6603.0,7213.0,2849.0,26208.0,40197.0,23957.0,48340.0,43698.0
2021-06-30,9854,16384,19633.0,4412.0,6274.0,14122.0,26636.0,11450.0,4388.0,6525.0,16755.0,11387.0,35608.0,6616.0,12686.0,1325.0,10007.0,11522.0,4547.0,7695.0,6412.0,14429.0,3631.0,13720.0,46014.0,4702.0,8063.0,20919.0,2196.0,25216.0,9706.0,11580.0,3676.0,7005.0,10418.0,4917.0,2325.0,16722.0,6970.0,23100.0,7474.0,3315.0,19149.0,17137.0,13552.0,6573.0,48194.0,11708.0,7121.0,3751.0,8601.0,11861.0,2943.0,6702.0,7315.0,3055.0,26599.0,40826.0,25055.0,48555.0,45325.0
2021-07-01,10290,17681,12613.0,4817.0,6887.0,15058.0,27924.0,11802.0,4513.0,6876.0,18062.0,11729.0,37735.0,6891.0,13636.0,709.0,10560.0,11507.0,4709.0,7971.0,4273.0,14671.0,3758.0,14178.0,44516.0,4733.0,8445.0,22864.0,2059.0,27339.0,9855.0,11825.0,4059.0,7684.0,10912.0,5030.0,2723.0,16734.0,7382.0,24591.0,7569.0,3463.0,20315.0,18179.0,13375.0,6537.0,51229.0,11785.0,4098.0,3979.0,9036.0,12225.0,3088.0,6722.0,7382.0,3073.0,29473.0,41921.0,17256.0,52434.0,45665.0
2021-07-02,10574,16741,23819.0,4372.0,6707.0,14536.0,29721.0,10685.0,4051.0,6869.0,14092.0,11942.0,37399.0,5723.0,10302.0,1490.0,11202.0,11226.0,4292.0,6721.0,6277.0,12062.0,3389.0,12952.0,45964.0,4804.0,7284.0,22030.0,2374.0,25663.0,10033.0,12343.0,4049.0,7712.0,11004.0,5737.0,2442.0,16903.0,8290.0,22373.0,7952.0,3513.0,21838.0,18386.0,13434.0,5883.0,51932.0,10769.0,6856.0,3358.0,8888.0,12144.0,2368.0,6568.0,6889.0,2906.0,28467.0,43325.0,25587.0,53804.0,49376.0
2021-07-05,8402,14883,19575.0,3780.0,5628.0,12133.0,24959.0,10422.0,3889.0,5606.0,12929.0,10060.0,31024.0,4872.0,10465.0,1146.0,9254.0,10963.0,4042.0,6965.0,5780.0,11251.0,3300.0,11644.0,39314.0,4340.0,7152.0,18823.0,1885.0,22824.0,8534.0,10609.0,3124.0,6901.0,9271.0,4835.0,2162.0,13410.0,6761.0,19391.0,6526.0,2905.0,17690.0,14710.0,11334.0,6035.0,44211.0,11162.0,6243.0,3046.0,7370.0,9338.0,2428.0,6149.0,6055.0,2574.0,23890.0,35804.0,22520.0,41188.0,43877.0
2021-07-06,9976,17554,19819.0,4757.0,6988.0,14408.0,27518.0,11471.0,4902.0,6358.0,16543.0,11206.0,36321.0,6509.0,12853.0,1365.0,10065.0,11666.0,4946.0,13810.0,8324.0,20631.0,,,,,,,2159.0,25208.0,9403.0,11201.0,3530.0,7057.0,10036.0,4850.0,2337.0,14995.0,7047.0,22927.0,7395.0,2867.0,18273.0,17447.0,12564.0,6712.0,48997.0,11983.0,7473.0,3835.0,9210.0,10619.0,3037.0,6974.0,7462.0,2966.0,26210.0,42077.0,24746.0,48868.0,44351.0
2021-07-07,10802,21283,20713.0,5496.0,7774.0,15451.0,30186.0,11741.0,5144.0,7017.0,17361.0,11790.0,39157.0,6932.0,13355.0,1405.0,10994.0,11566.0,8136.0,8104.0,14929.0,3278.0,45211.0,4845.0,,,,,2200.0,25577.0,9777.0,11508.0,3851.0,7411.0,10468.0,5140.0,2742.0,16571.0,7137.0,24038.0,7754.0,3170.0,21827.0,19428.0,13090.0,6899.0,52226.0,12617.0,7171.0,3946.0,9907.0,12720.0,2979.0,7384.0,7707.0,3167.0,28144.0,45316.0,25812.0,54648.0,45848.0
2021-07-08,10142,17903,19443.0,4706.0,6737.0,15100.0,28186.0,11398.0,4694.0,7001.0,16570.0,11517.0,36634.0,6629.0,12848.0,1367.0,10494.0,11456.0,4585.0,7963.0,6558.0,14282.0,3626.0,14402.0,46425.0,4608.0,7909.0,21647.0,2169.0,25529.0,9638.0,11469.0,3899.0,7447.0,10531.0,5188.0,2999.0,16101.0,7822.0,23926.0,7612.0,3316.0,20216.0,17975.0,13394.0,6476.0,50232.0,11590.0,7455.0,3882.0,8934.0,12456.0,2825.0,6680.0,7345.0,3085.0,27605.0,43950.0,25814.0,50587.0,45375.0
2021-07-09,10364,18830,22839.0,4422.0,6627.0,14945.0,30352.0,11542.0,4175.0,7143.0,14338.0,12036.0,37055.0,6070.0,10284.0,1542.0,11175.0,11069.0,4194.0,6765.0,6618.0,11930.0,3109.0,13714.0,47826.0,4683.0,7415.0,22647.0,2302.0,24892.0,9859.0,11973.0,4159.0,7791.0,10925.0,5534.0,2711.0,16274.0,8533.0,19735.0,7577.0,3686.0,22783.0,19771.0,12861.0,5910.0,52754.0,10738.0,6634.0,3333.0,9354.0,12625.0,2356.0,6853.0,6617.0,2985.0,28957.0,44865.0,24810.0,52351.0,49511.0
2021-07-12,7936,17362,19588.0,3546.0,4390.0,11807.0,26245.0,10830.0,3181.0,4915.0,12316.0,9844.0,28572.0,4867.0,10058.0,1026.0,7779.0,10735.0,3266.0,6745.0,5273.0,10226.0,3358.0,11631.0,37971.0,4433.0,6800.0,16683.0,1491.0,20182.0,9570.0,11281.0,3230.0,4976.0,6204.0,4966.0,1273.0,10609.0,6627.0,19965.0,3849.0,3238.0,15839.0,14567.0,6771.0,4270.0,43944.0,10992.0,4942.0,2443.0,7661.0,8410.0,1654.0,6058.0,6152.0,1962.0,22787.0,35132.0,20743.0,39236.0,41046.0
2021-07-13,9654,15683,17322.0,3743.0,6129.0,13648.0,22886.0,11301.0,4656.0,6128.0,16834.0,11273.0,30233.0,5607.0,11841.0,1191.0,8227.0,11475.0,4107.0,7719.0,5762.0,12616.0,3410.0,13567.0,43394.0,4430.0,8041.0,19595.0,24.0,23621.0,9634.0,11770.0,3811.0,7216.0,10488.0,6074.0,2307.0,11158.0,6863.0,23545.0,1062.0,3367.0,18101.0,16512.0,9197.0,4931.0,45614.0,11507.0,6025.0,2762.0,8537.0,9955.0,2145.0,6536.0,7093.0,2249.0,26449.0,41137.0,24080.0,45247.0,44610.0
2021-07-14,9877,17287,18204.0,4248.0,6315.0,13973.0,25998.0,11426.0,4839.0,6392.0,17647.0,11442.0,32294.0,6038.0,12312.0,1272.0,9957.0,11456.0,4179.0,7779.0,6373.0,13528.0,3523.0,14191.0,46520.0,4608.0,8220.0,20701.0,1136.0,24639.0,10039.0,12680.0,3920.0,7647.0,10340.0,5801.0,2899.0,13903.0,7572.0,24255.0,4527.0,3455.0,19742.0,17575.0,10777.0,5653.0,47885.0,12464.0,6360.0,3153.0,9166.0,11474.0,2445.0,6694.0,7223.0,2360.0,26822.0,42821.0,27268.0,48225.0,47339.0
2021-07-15,9647,17798,18931.0,4514.0,6453.0,14592.0,27378.0,11672.0,4881.0,6819.0,17596.0,11843.0,37009.0,6563.0,12713.0,1394.0,10524.0,11198.0,4323.0,8188.0,6441.0,13929.0,3489.0,14556.0,47749.0,4779.0,8543.0,21158.0,1260.0,25499.0,9737.0,12278.0,3889.0,7784.0,9954.0,5794.0,3235.0,14780.0,7962.0,24286.0,5602.0,3470.0,20010.0,17855.0,11758.0,5821.0,49781.0,11932.0,6874.0,3554.0,9183.0,11831.0,2614.0,6849.0,7532.0,2884.0,27000.0,43337.0,26181.0,50238.0,46689.0
2021-07-16,9937,19627,22998.0,4409.0,6651.0,13947.0,28996.0,11061.0,4389.0,6939.0,13608.0,12209.0,36566.0,5655.0,9779.0,1424.0,11427.0,11419.0,3858.0,6683.0,6313.0,11551.0,3281.0,13528.0,45458.0,4631.0,7399.0,21599.0,1760.0,23765.0,9408.0,12474.0,4116.0,8443.0,10188.0,5733.0,3393.0,15049.0,8551.0,22431.0,6829.0,4081.0,22437.0,18175.0,11624.0,5382.0,50984.0,10878.0,6376.0,3231.0,9361.0,12715.0,2257.0,6596.0,6636.0,2666.0,27587.0,43724.0,25959.0,52803.0,50990.0
2021-07-19,7851,14128,19466.0,3503.0,5725.0,11420.0,25150.0,10133.0,4006.0,5547.0,12799.0,9611.0,31057.0,5589.0,9874.0,1214.0,9174.0,10405.0,3404.0,6430.0,5744.0,11404.0,2843.0,11335.0,37934.0,4110.0,6814.0,17123.0,1708.0,3237.0,1961.0,12556.0,,,,,,,5963.0,19674.0,5617.0,3050.0,16072.0,13784.0,9511.0,7049.0,45488.0,11540.0,6045.0,3029.0,8174.0,10555.0,2218.0,3689.0,5685.0,2551.0,22793.0,36722.0,22067.0,40586.0,43250.0
2021-07-20,8797,16491,18816.0,4049.0,5956.0,13550.0,25039.0,10907.0,4331.0,6252.0,15923.0,9899.0,33638.0,6749.0,12620.0,1371.0,10293.0,10175.0,4068.0,7267.0,5936.0,13113.0,3391.0,12506.0,41183.0,4319.0,7381.0,18913.0,1795.0,22760.0,8221.0,10131.0,3514.0,7240.0,8615.0,4823.0,2151.0,12990.0,6834.0,21934.0,5962.0,3167.0,18339.0,16480.0,10607.0,6067.0,45144.0,12321.0,7084.0,3736.0,8700.0,11170.0,2848.0,5802.0,6694.0,2920.0,24388.0,39248.0,24067.0,45338.0,43270.0
2021-07-21,9318,17340,22630.0,4149.0,6259.0,14041.0,26710.0,11509.0,4828.0,6353.0,16529.0,10646.0,35536.0,7008.0,12324.0,1508.0,11659.0,10309.0,4134.0,7483.0,7298.0,13838.0,3294.0,13731.0,44355.0,4726.0,7907.0,21108.0,1778.0,23818.0,8903.0,11166.0,3737.0,7594.0,9361.0,5284.0,2230.0,16173.0,6897.0,23872.0,6208.0,3392.0,20449.0,17250.0,11090.0,6656.0,49148.0,12781.0,7204.0,3687.0,9583.0,12829.0,2690.0,6207.0,7079.0,3103.0,25844.0,42508.0,24167.0,49019.0,45936.0
2021-07-22,9933,17416,21663.0,4400.0,6515.0,14845.0,28584.0,11332.0,4789.0,6875.0,17905.0,10977.0,37917.0,7559.0,13161.0,1582.0,11753.0,10461.0,4486.0,7906.0,6707.0,14288.0,3366.0,14004.0,46445.0,4665.0,8112.0,22376.0,1873.0,24681.0,9215.0,11415.0,4060.0,7793.0,9391.0,5533.0,2422.0,16096.0,8017.0,24630.0,6726.0,3809.0,21189.0,18198.0,11653.0,6923.0,53253.0,13004.0,8149.0,4032.0,10145.0,13624.0,2917.0,6159.0,6477.0,3397.0,28649.0,45133.0,25476.0,54272.0,47126.0
2021-07-23,10095,17074,25107.0,4069.0,6898.0,14437.0,31571.0,10761.0,4398.0,7218.0,14949.0,11565.0,37542.0,6160.0,10487.0,1519.0,12328.0,10523.0,3986.0,7021.0,6741.0,11188.0,3362.0,13422.0,46652.0,5041.0,7135.0,23577.0,2055.0,24737.0,9678.0,12068.0,4496.0,7988.0,10004.0,5825.0,2015.0,16472.0,9257.0,22745.0,6686.0,3631.0,24846.0,19679.0,11851.0,5666.0,54569.0,12626.0,7016.0,3218.0,10791.0,13514.0,2350.0,6328.0,6456.0,2575.0,27389.0,46204.0,26180.0,53259.0,51525.0
2021-07-26,7966,14501,16176.0,3424.0,5841.0,12056.0,26491.0,10230.0,3936.0,5927.0,13367.0,9674.0,32056.0,5068.0,10043.0,1177.0,10868.0,10809.0,3600.0,6618.0,4944.0,10896.0,3161.0,11794.0,40419.0,4349.0,6861.0,19480.0,1796.0,22338.0,8343.0,10440.0,3241.0,7176.0,7906.0,4840.0,2018.0,14067.0,7007.0,20104.0,5913.0,3181.0,20018.0,15937.0,9898.0,5556.0,45636.0,12105.0,4760.0,3023.0,8602.0,10760.0,2324.0,5454.0,6054.0,2560.0,22662.0,36650.0,18772.0,42188.0,43717.0
2021-07-27,9339,16376,20389.0,4058.0,6523.0,14156.0,27074.0,11180.0,4774.0,6675.0,17063.0,10347.0,35861.0,6401.0,12743.0,1453.0,12010.0,10951.0,4493.0,7809.0,5977.0,13169.0,3315.0,13629.0,47347.0,4906.0,8308.0,21977.0,2086.0,24813.0,9006.0,11564.0,3489.0,7473.0,8892.0,5332.0,2130.0,15710.0,8528.0,22481.0,6861.0,3098.0,22721.0,18976.0,11268.0,6299.0,49655.0,12834.0,7052.0,3640.0,10037.0,12240.0,2962.0,5948.0,7312.0,3074.0,25236.0,42307.0,24249.0,46492.0,47478.0
2021-07-28,10230,16781,21757.0,4310.0,7097.0,15253.0,29061.0,11543.0,7110.0,10741.0,39030.0,13168.0,,,,,,,4974.0,8474.0,6485.0,14142.0,3741.0,15081.0,51404.0,5165.0,8820.0,23364.0,2146.0,26054.0,9395.0,12909.0,3516.0,7642.0,9094.0,5220.0,2337.0,19208.0,10068.0,2993.0,25766.0,53092.0,,,,,,,7567.0,4045.0,11639.0,13125.0,3186.0,6382.0,8315.0,3577.0,26004.0,45863.0,25689.0,51530.0,47759.0
2021-07-29,10777,21305,23885.0,4299.0,7441.0,16316.0,31186.0,11946.0,5054.0,19660.0,42252.0,8150.0,13791.0,1696.0,14381.0,10926.0,,,4873.0,8638.0,7233.0,14805.0,3409.0,16116.0,54442.0,3752.0,9165.0,24595.0,2257.0,27811.0,9929.0,13117.0,4076.0,8613.0,9884.0,6029.0,2585.0,18462.0,10771.0,25516.0,7656.0,3901.0,22583.0,12148.0,7150.0,14676.0,,,8527.0,3954.0,11794.0,14993.0,3241.0,6405.0,8299.0,3792.0,27957.0,51035.0,28275.0,58293.0,51329.0
2021-07-30,11493,16570,27327.0,3523.0,7473.0,15701.0,32919.0,10725.0,4578.0,7781.0,15591.0,12142.0,6780.0,10883.0,1411.0,10549.0,,,4396.0,7266.0,6760.0,11815.0,3488.0,14544.0,50938.0,4985.0,7951.0,24416.0,2246.0,25782.0,10336.0,12856.0,3854.0,7918.0,9923.0,5992.0,2082.0,19126.0,22046.0,7219.0,27830.0,22182.0,11168.0,5510.0,58530.0,12322.0,,,6799.0,3611.0,11381.0,13800.0,2442.0,6461.0,6680.0,3199.0,28696.0,50566.0,25644.0,56102.0,53429.0
2021-08-02,8388,16043,22513.0,3489.0,6152.0,12379.0,27828.0,10083.0,4291.0,6439.0,13951.0,9720.0,33472.0,5509.0,10393.0,1381.0,11621.0,10592.0,3921.0,6501.0,6368.0,11285.0,2890.0,12575.0,43315.0,4070.0,7318.0,20034.0,2066.0,23294.0,8526.0,11463.0,3179.0,7349.0,8069.0,5478.0,2037.0,15144.0,8259.0,19661.0,6165.0,3323.0,23429.0,18001.0,9857.0,5299.0,47963.0,12776.0,9339.0,2302.0,2675.0,24865.0,40038.0,,,,,,23289.0,44799.0,47357.0
2021-08-03,9613,20311,21025.0,4137.0,6662.0,13887.0,28003.0,10840.0,4586.0,7078.0,17755.0,10255.0,36763.0,7052.0,12425.0,1580.0,12972.0,10731.0,4544.0,7144.0,6392.0,13305.0,3247.0,14466.0,48853.0,4729.0,8389.0,22143.0,2099.0,25066.0,9107.0,12230.0,3573.0,7800.0,8576.0,5605.0,2282.0,16036.0,9501.0,22699.0,6614.0,3307.0,25012.0,20575.0,10546.0,5954.0,49466.0,14203.0,7059.0,3542.0,13281.0,2763.0,6000.0,7667.0,3131.0,44409.0,,,25648.0,49028.0,47370.0
2021-08-04,11006,18423,22874.0,4307.0,6914.0,15394.0,29993.0,11191.0,7816.0,7467.0,25156.0,11200.0,40633.0,6339.0,13138.0,1781.0,5.0,10675.0,4683.0,8098.0,6772.0,14425.0,3426.0,17799.0,53324.0,4968.0,11628.0,25862.0,1620.0,26398.0,14955.0,18234.0,4350.0,8653.0,9956.0,6706.0,2361.0,,12103.0,27262.0,6268.0,4371.0,29896.0,22702.0,1.0,50778.0,17319.0,,10.0,19007.0,6231.0,9070.0,26041.0,50885.0,,,,,27155.0,54928.0,49266.0
2021-08-05,10809,18373,23264.0,4292.0,7587.0,16251.0,30042.0,11332.0,7064.0,7329.0,25871.0,11523.0,42080.0,6019.0,14135.0,1609.0,4.0,10409.0,5123.0,8714.0,6870.0,15324.0,3646.0,17593.0,53182.0,5143.0,11530.0,24746.0,1473.0,26303.0,16283.0,18375.0,4029.0,8232.0,9459.0,6492.0,2238.0,,12309.0,25878.0,5975.0,3841.0,29249.0,22833.0,51860.0,15423.0,,,2.0,17829.0,6733.0,9351.0,26940.0,51425.0,,,,,27100.0,57051.0,50152.0
2021-08-06,11012,17357,27162.0,3813.0,7681.0,15444.0,32978.0,10600.0,6157.0,7486.0,20607.0,12121.0,41467.0,4563.0,10918.0,1442.0,7.0,9881.0,4397.0,7400.0,6622.0,12160.0,3423.0,16199.0,50499.0,5063.0,10266.0,,1536.0,24912.0,15870.0,17453.0,4072.0,8305.0,9510.0,6599.0,2117.0,,12155.0,24189.0,5823.0,3502.0,30125.0,22908.0,52183.0,13815.0,,,17479.0,6595.0,8576.0,26870.0,50652.0,,,,,,25961.0,56932.0,52347.0
2021-08-09,8408,15926,18489.0,3533.0,6699.0,12799.0,29334.0,9998.0,5501.0,6393.0,18716.0,10000.0,34538.0,4761.0,11089.0,1334.0,1.0,10012.0,3980.0,8276.0,5517.0,11539.0,3350.0,12006.0,42824.0,4788.0,9379.0,21221.0,1298.0,23006.0,13865.0,15262.0,3445.0,7679.0,7889.0,5722.0,1960.0,,9408.0,21873.0,5074.0,3495.0,23983.0,18162.0,45333.0,13749.0,,,14944.0,5912.0,7675.0,1.0,22744.0,39080.0,,,,,20053.0,47262.0,45548.0
2021-08-10,10299,19308,22586.0,4109.0,7181.0,15087.0,29441.0,11215.0,6327.0,6657.0,23772.0,11111.0,40472.0,5025.0,13625.0,1926.0,21.0,11096.0,4789.0,8364.0,6452.0,14186.0,3422.0,16206.0,50310.0,4967.0,11210.0,24115.0,1502.0,25883.0,15261.0,17211.0,4298.0,8619.0,9158.0,6697.0,2252.0,,10915.0,27081.0,5638.0,4519.0,28659.0,22391.0,48726.0,16877.0,,,17936.0,6316.0,8686.0,25553.0,51840.0,,,,,,29094.0,57682.0,51164.0
2021-08-11,10968,20492,23908.0,4553.0,7716.0,15840.0,32098.0,11423.0,6971.0,6756.0,25559.0,11447.0,42635.0,5298.0,13826.0,1862.0,11.0,10670.0,4787.0,8826.0,6961.0,14912.0,3572.0,17103.0,52374.0,4998.0,11682.0,25580.0,1614.0,26548.0,16373.0,18632.0,4931.0,9093.0,9869.0,6880.0,2536.0,1.0,11925.0,28862.0,6179.0,4909.0,31326.0,23566.0,51599.0,17441.0,,,19047.0,6431.0,9508.0,26245.0,55176.0,,,,,,30019.0,59771.0,52235.0
2021-08-12,11247,22687,23975.0,4471.0,7852.0,16274.0,32636.0,11480.0,6790.0,7086.0,26002.0,11690.0,43759.0,5046.0,13985.0,1654.0,3.0,10554.0,4723.0,8995.0,7013.0,15382.0,3763.0,17858.0,53557.0,4835.0,11597.0,27139.0,1517.0,26827.0,15949.0,18737.0,4486.0,8789.0,9457.0,6995.0,2480.0,13.0,11712.0,28287.0,6128.0,4265.0,30345.0,23215.0,1.0,54282.0,16585.0,,19101.0,6666.0,9943.0,1.0,27074.0,57630.0,,,,,29417.0,60975.0,51474.0
2021-08-13,11358,22182,27590.0,3885.0,8090.0,15744.0,35340.0,10689.0,4812.0,8044.0,16732.0,11742.0,41847.0,6022.0,10672.0,1692.0,12595.0,10808.0,3873.0,7069.0,6949.0,11941.0,3083.0,15002.0,51123.0,5075.0,8477.0,25723.0,2322.0,25843.0,10728.0,14489.0,4464.0,8724.0,10015.0,6930.0,2197.0,15595.0,10893.0,23965.0,7295.0,3748.0,30916.0,22945.0,9734.0,4709.0,58304.0,13975.0,5590.0,2681.0,12899.0,12197.0,2078.0,6386.0,8097.0,2726.0,27362.0,54512.0,27212.0,58561.0,53605.0
2021-08-16,8837,19691,24912.0,3588.0,7001.0,12622.0,31241.0,10091.0,4047.0,7176.0,15401.0,9811.0,35545.0,6202.0,10706.0,1649.0,12581.0,10414.0,4156.0,6604.0,6693.0,11765.0,3224.0,13482.0,44815.0,4560.0,7746.0,21737.0,2132.0,3535.0,,,,,,,,,9221.0,20690.0,6033.0,3290.0,24549.0,19232.0,9107.0,5125.0,49887.0,13472.0,5833.0,2756.0,10511.0,10629.0,2243.0,5692.0,7400.0,2452.0,23244.0,45308.0,24563.0,48373.0,48633.0
2021-08-17,10560,19532,23646.0,4254.0,7462.0,15192.0,31513.0,11259.0,4585.0,7710.0,19395.0,9745.0,39574.0,7816.0,13897.0,1712.0,14330.0,11340.0,4908.0,7753.0,7003.0,14218.0,3722.0,15529.0,50845.0,5075.0,8830.0,23851.0,2550.0,25781.0,10288.0,13302.0,3795.0,8243.0,8931.0,6041.0,2308.0,16680.0,10823.0,24047.0,7304.0,3407.0,28386.0,22262.0,9985.0,6093.0,52721.0,15108.0,7077.0,3481.0,12405.0,13313.0,3056.0,6350.0,8263.0,3044.0,25309.0,49538.0,28685.0,53654.0,51185.0
2021-08-18,11209,20601,24307.0,4231.0,7319.0,16017.0,32217.0,11640.0,5545.0,7863.0,21657.0,11231.0,41790.0,7953.0,14279.0,1872.0,14174.0,11118.0,4624.0,8497.0,6557.0,14603.0,3803.0,16809.0,53581.0,5220.0,10189.0,26525.0,1689.0,27414.0,11714.0,15009.0,4590.0,9020.0,10116.0,7371.0,2638.0,16170.0,12321.0,26398.0,5744.0,4063.0,31488.0,24281.0,9597.0,5811.0,55867.0,16713.0,6007.0,3431.0,13828.0,14428.0,2741.0,6526.0,8980.0,3080.0,27419.0,53611.0,28929.0,56732.0,50977.0
2021-08-19,11168,20228,25521.0,4438.0,8013.0,17428.0,33533.0,11816.0,5168.0,8399.0,21587.0,11228.0,44711.0,8223.0,14545.0,1737.0,15881.0,10994.0,5091.0,8809.0,7124.0,15950.0,3804.0,17965.0,57726.0,5137.0,10158.0,28725.0,2453.0,27969.0,10969.0,14310.0,4772.0,9666.0,9893.0,6954.0,2503.0,17984.0,12913.0,26374.0,7739.0,4225.0,31796.0,25642.0,10987.0,6496.0,58960.0,16733.0,7925.0,3804.0,15107.0,15806.0,3237.0,6482.0,7697.0,3682.0,27285.0,53570.0,29659.0,57465.0,50907.0
2021-08-20,11355,19637,29533.0,3975.0,7997.0,15942.0,37014.0,11331.0,4753.0,8185.0,16601.0,11569.0,44276.0,6869.0,11248.0,1457.0,15721.0,11012.0,4385.0,7343.0,6949.0,12450.0,3609.0,17136.0,51904.0,5581.0,8712.0,28153.0,2644.0,26776.0,11362.0,14572.0,4667.0,9095.0,9972.0,7069.0,2371.0,18094.0,12870.0,24432.0,7899.0,3853.0,33194.0,24801.0,11228.0,5945.0,60315.0,14944.0,7285.0,3386.0,14895.0,16159.0,2742.0,6603.0,7682.0,3682.0,30547.0,53208.0,28672.0,60647.0,54745.0
2021-08-23,8233,17642,24868.0,3503.0,7059.0,12902.0,31241.0,10231.0,4734.0,7440.0,15879.0,10083.0,36371.0,6346.0,10769.0,1572.0,12952.0,11537.0,3829.0,6938.0,6216.0,11740.0,3166.0,14077.0,46007.0,4810.0,8247.0,22773.0,804.0,24152.0,9829.0,12827.0,4420.0,8164.0,9132.0,7019.0,2434.0,14197.0,11244.0,21293.0,5259.0,3778.0,26295.0,20183.0,9451.0,5502.0,50153.0,14389.0,6633.0,3001.0,11815.0,12426.0,2485.0,5771.0,6940.0,2126.0,22940.0,45581.0,25530.0,49578.0,65904.0
2021-08-24,10200,19845,23847.0,4168.0,7510.0,15468.0,32652.0,11479.0,5143.0,8067.0,19837.0,10552.0,40290.0,7908.0,13858.0,2065.0,15425.0,12083.0,4858.0,8109.0,6783.0,14440.0,3747.0,15889.0,52488.0,5122.0,9343.0,25750.0,2389.0,26782.0,10389.0,14053.0,4464.0,8948.0,9623.0,6796.0,2505.0,16749.0,11488.0,25341.0,7299.0,4099.0,30126.0,24175.0,10916.0,6541.0,55552.0,16362.0,7522.0,3713.0,13332.0,15035.0,3282.0,6253.0,7099.0,3116.0,25685.0,49851.0,29886.0,54471.0,52105.0
2021-08-25,11613,20692,25028.0,4713.0,7902.0,16263.0,33970.0,12063.0,5166.0,8586.0,21001.0,11238.0,42829.0,8456.0,15173.0,1933.0,16876.0,12342.0,4909.0,8281.0,7209.0,15008.0,3767.0,17924.0,55852.0,5237.0,9773.0,29104.0,2609.0,30494.0,11010.0,15028.0,4944.0,10043.0,10095.0,6826.0,2782.0,19968.0,13387.0,27730.0,8483.0,4293.0,32770.0,27251.0,11644.0,6988.0,60327.0,16381.0,8169.0,4023.0,14473.0,16826.0,3389.0,6310.0,8602.0,3669.0,27018.0,53771.0,29992.0,57164.0,54224.0
2021-08-26,11319,20476,27159.0,4026.0,8694.0,16938.0,35278.0,12103.0,5008.0,7899.0,23148.0,11865.0,48420.0,8415.0,15001.0,1851.0,13892.0,11620.0,4692.0,9097.0,6727.0,15683.0,3803.0,18371.0,59861.0,5387.0,10751.0,29417.0,2362.0,28135.0,13042.0,15949.0,4796.0,9487.0,10389.0,7176.0,2640.0,14899.0,13929.0,26875.0,7889.0,4226.0,33339.0,25428.0,9965.0,6007.0,64362.0,15848.0,7028.0,3411.0,14813.0,15582.0,2813.0,6811.0,8719.0,3152.0,28382.0,55156.0,29553.0,59293.0,54323.0
2021-08-27,11380,19904,31863.0,4044.0,8092.0,16368.0,38094.0,10753.0,4952.0,9352.0,16976.0,15073.0,45873.0,7132.0,12060.0,1812.0,15881.0,11950.0,4495.0,6753.0,7425.0,12601.0,3528.0,16328.0,55208.0,5140.0,9813.0,28371.0,2782.0,28287.0,11540.0,14746.0,4923.0,9285.0,10588.0,7406.0,2456.0,18281.0,13731.0,24690.0,8102.0,4046.0,34735.0,26145.0,11949.0,6046.0,64088.0,14603.0,7701.0,3714.0,13706.0,15715.0,2689.0,6536.0,6906.0,3515.0,28363.0,54971.0,28731.0,60148.0,59536.0
2021-08-31,10256,18999,25295.0,4376.0,7412.0,15120.0,32643.0,11271.0,4892.0,7950.0,20109.0,11024.0,39759.0,9977.0,13724.0,1615.0,13376.0,12049.0,4826.0,7826.0,6944.0,13559.0,3513.0,15163.0,51470.0,4902.0,8800.0,24941.0,2390.0,26505.0,10140.0,12364.0,4005.0,8396.0,9707.0,6314.0,2340.0,16780.0,10598.0,23738.0,7418.0,3343.0,26820.0,21631.0,11047.0,6121.0,55783.0,13819.0,7107.0,3777.0,11527.0,13126.0,3239.0,6341.0,7754.0,3106.0,24907.0,47442.0,28091.0,54928.0,53069.0
2021-09-01,11657,19573,24864.0,4885.0,8140.0,16159.0,32946.0,12539.0,7922.0,11469.0,43212.0,1619.0,13307.0,12558.0,,,,,5311.0,9313.0,7150.0,15928.0,4071.0,17637.0,56643.0,5362.0,9491.0,26678.0,2501.0,27872.0,11062.0,12891.0,4487.0,8841.0,10565.0,6378.0,2513.0,19929.0,8240.0,3777.0,22385.0,12255.0,58674.0,,,,,,8081.0,4156.0,13389.0,14797.0,3486.0,6993.0,8281.0,3741.0,27596.0,51988.0,30507.0,54932.0,53853.0
2021-09-02,12310,20353,26288.0,5255.0,8520.0,17826.0,34675.0,12385.0,5545.0,24009.0,48289.0,8778.0,17815.0,1866.0,12516.0,,,,6209.0,9601.0,7964.0,17151.0,4232.0,18083.0,51468.0,5284.0,10386.0,28746.0,30349.0,11548.0,13649.0,4817.0,9000.0,11104.0,6476.0,2554.0,19030.0,,11456.0,27014.0,8590.0,3661.0,28193.0,7273.0,14544.0,,,,8649.0,4591.0,13058.0,15149.0,3948.0,7259.0,7589.0,3962.0,31430.0,54684.0,32064.0,59965.0,53481.0
2021-09-03,12423,19793,29108.0,4611.0,8266.0,17134.0,37063.0,11560.0,4835.0,9144.0,18889.0,12980.0,7394.0,12913.0,14148.0,,,,5099.0,8170.0,7429.0,13460.0,3729.0,16803.0,55196.0,5376.0,9328.0,27043.0,2940.0,27338.0,12428.0,13633.0,4658.0,9049.0,11484.0,6983.0,2309.0,18062.0,11805.0,24955.0,30054.0,23671.0,12897.0,6433.0,64991.0,13871.0,,,7787.0,3712.0,12881.0,14884.0,3108.0,7391.0,6427.0,3583.0,32948.0,52402.0,28091.0,59903.0,56383.0
2021-09-06,11093,18068,22812.0,4750.0,7061.0,14306.0,31902.0,11814.0,4809.0,7637.0,19075.0,10868.0,39028.0,6385.0,14460.0,1584.0,10474.0,12429.0,4949.0,8062.0,7157.0,14017.0,3510.0,14365.0,44796.0,4658.0,8714.0,22006.0,2502.0,25211.0,10322.0,10940.0,4184.0,8274.0,10062.0,5911.0,2374.0,15108.0,7415.0,21885.0,7203.0,3850.0,19864.0,17650.0,12331.0,7884.0,46769.0,13849.0,8543.0,3974.0,10025.0,11610.0,3290.0,5935.0,6669.0,3298.0,26437.0,45556.0,28541.0,50000.0,49451.0
2021-09-07,12538,20124,23245.0,5405.0,7614.0,16407.0,32685.0,12848.0,5482.0,8224.0,24655.0,11746.0,43673.0,8478.0,17743.0,1868.0,11885.0,13362.0,,,,,,,,,,,2776.0,27103.0,11335.0,12580.0,4739.0,9101.0,11287.0,6252.0,2521.0,17492.0,8777.0,27660.0,8113.0,4076.0,22722.0,19382.0,13280.0,7835.0,58481.0,14978.0,8648.0,4733.0,11299.0,13979.0,4224.0,7487.0,7518.0,4135.0,28012.0,51796.0,34032.0,55980.0,51689.0
2021-09-08,12102,21525,24936.0,5684.0,8020.0,16633.0,35402.0,13249.0,5838.0,8903.0,25973.0,12241.0,47651.0,9385.0,18281.0,1984.0,13225.0,13093.0,6310.0,10053.0,8062.0,18009.0,4241.0,18595.0,52041.0,5497.0,10372.0,26392.0,2711.0,27820.0,12011.0,12458.0,4991.0,9477.0,11793.0,6576.0,2744.0,19762.0,10437.0,28618.0,8502.0,4050.0,25966.0,21973.0,13989.0,8155.0,63352.0,15646.0,9274.0,5228.0,12788.0,15602.0,4596.0,7754.0,7644.0,4790.0,28329.0,54202.0,34860.0,59005.0,52457.0
2021-09-09,13732,23054,25853.0,5704.0,8983.0,18881.0,37625.0,13821.0,6379.0,9260.0,28537.0,12765.0,50323.0,10027.0,20171.0,1942.0,13355.0,12908.0,6943.0,11348.0,8341.0,20391.0,4566.0,20248.0,56205.0,5640.0,11241.0,27803.0,2636.0,29084.0,12360.0,12703.0,4995.0,9087.0,12206.0,6436.0,2618.0,20033.0,10329.0,29363.0,8614.0,3523.0,25581.0,22009.0,14219.0,8404.0,65141.0,13933.0,9744.0,5182.0,13010.0,15481.0,4587.0,8399.0,8048.0,4879.0,31103.0,58011.0,36014.0,61346.0,52624.0
2021-09-10,13299,20996,30078.0,5142.0,8736.0,17374.0,38950.0,12532.0,5311.0,9650.0,21046.0,13128.0,46602.0,7477.0,14766.0,1778.0,12702.0,12981.0,5657.0,8956.0,7944.0,15231.0,4120.0,17495.0,53923.0,5531.0,9581.0,27114.0,2908.0,27626.0,12926.0,13269.0,4895.0,8647.0,12373.0,7035.0,2547.0,19892.0,10771.0,25363.0,8805.0,3631.0,27526.0,23013.0,14637.0,7177.0,65743.0,13139.0,8214.0,3838.0,12862.0,14518.0,3428.0,8010.0,8094.0,4087.0,30997.0,54901.0,32283.0,62031.0,56579.0
2021-09-13,11172,19327,24542.0,4745.0,7183.0,14854.0,34201.0,12634.0,6709.0,7334.0,23898.0,11346.0,41160.0,7632.0,15551.0,1949.0,8690.0,13169.0,5224.0,9256.0,7362.0,15232.0,3924.0,16660.0,48210.0,5086.0,9778.0,23295.0,2324.0,25298.0,11884.0,11329.0,4475.0,8115.0,11033.0,6221.0,2358.0,14652.0,8096.0,25002.0,7331.0,3347.0,20235.0,17593.0,12052.0,6410.0,56785.0,13864.0,6567.0,2961.0,9960.0,11563.0,3392.0,7150.0,7877.0,3327.0,26888.0,47010.0,30892.0,51460.0,50807.0
2021-09-14,13679,20997,26253.0,5907.0,9339.0,18481.0,37995.0,14221.0,6911.0,7318.0,29117.0,12294.0,48367.0,10064.0,20390.0,2688.0,12366.0,13500.0,6477.0,11505.0,8520.0,20000.0,4749.0,19611.0,54589.0,5962.0,10859.0,25983.0,,,,,,,,,,,8520.0,29160.0,8531.0,3196.0,22026.0,20600.0,14234.0,8685.0,64162.0,14236.0,10424.0,5443.0,12346.0,14350.0,4953.0,8533.0,8719.0,4730.0,30238.0,56218.0,35074.0,57736.0,50796.0
2021-09-15,13956,22250,26037.0,5992.0,8728.0,19540.0,38152.0,14484.0,6536.0,8799.0,30387.0,13131.0,50475.0,10353.0,20689.0,3205.0,13521.0,13980.0,6813.0,11906.0,8700.0,20439.0,4765.0,21227.0,58215.0,4945.0,11621.0,28493.0,2921.0,30124.0,12856.0,12991.0,5143.0,9427.0,12442.0,6892.0,2743.0,18892.0,9329.0,30999.0,8953.0,3805.0,26123.0,23090.0,15601.0,8777.0,66214.0,15924.0,9960.0,5386.0,13021.0,15853.0,4988.0,8171.0,9748.0,4836.0,30424.0,56960.0,37616.0,61776.0,53691.0
2021-09-16,15013,23275,28456.0,6031.0,8938.0,20073.0,39721.0,14546.0,7342.0,9073.0,31544.0,13391.0,53741.0,10895.0,21532.0,3066.0,13927.0,13274.0,7495.0,12111.0,8901.0,20803.0,4889.0,21598.0,60211.0,6090.0,12008.0,29827.0,2341.0,30428.0,13377.0,13471.0,5887.0,9716.0,12459.0,7374.0,2941.0,19127.0,11623.0,30163.0,8991.0,3941.0,27900.0,24264.0,15613.0,8663.0,68945.0,15914.0,10143.0,5381.0,13320.0,16166.0,5119.0,8333.0,10211.0,4726.0,31569.0,60020.0,39071.0,65504.0,55261.0
2021-09-17,14471,21420,30727.0,5375.0,8770.0,18617.0,40834.0,13180.0,5666.0,9787.0,22039.0,13829.0,50327.0,7813.0,15315.0,2246.0,13810.0,13534.0,6191.0,9746.0,8363.0,16223.0,4471.0,19402.0,56651.0,6249.0,10158.0,29405.0,2469.0,29927.0,13680.0,13675.0,3899.0,10010.0,12870.0,7972.0,2703.0,19080.0,11899.0,28832.0,9246.0,4052.0,30414.0,24905.0,15339.0,6982.0,67852.0,13435.0,8600.0,4180.0,12793.0,15467.0,3631.0,8193.0,7582.0,4362.0,32599.0,55431.0,33387.0,64311.0,58404.0
2021-09-20,11819,21084,25484.0,5151.0,7597.0,15938.0,35202.0,13270.0,5530.0,8381.0,23576.0,11590.0,42874.0,7675.0,16528.0,1789.0,11268.0,13645.0,6105.0,9749.0,8481.0,16435.0,4275.0,18689.0,50286.0,5531.0,9673.0,24752.0,2419.0,27411.0,12251.0,11598.0,4523.0,8630.0,11009.0,6110.0,2532.0,16833.0,8424.0,26024.0,7691.0,3217.0,21364.0,18196.0,15578.0,7288.0,55206.0,13512.0,8554.0,4769.0,10388.0,11584.0,3761.0,7516.0,8905.0,4496.0,26399.0,49592.0,32483.0,54028.0,52565.0
2021-09-21,13877,22574,26727.0,6257.0,8751.0,19454.0,38252.0,15020.0,6491.0,9444.0,30837.0,12878.0,50163.0,9984.0,20682.0,2013.0,13575.0,14568.0,7166.0,11837.0,9701.0,20509.0,5197.0,21741.0,58656.0,6499.0,11570.0,27886.0,2665.0,30218.0,13043.0,12768.0,5370.0,9909.0,12322.0,6853.0,2735.0,18315.0,9172.0,31365.0,8752.0,3770.0,25815.0,22603.0,22647.0,8561.0,63968.0,15679.0,10140.0,5447.0,12692.0,15445.0,5132.0,9093.0,10155.0,5231.0,29890.0,56612.0,38121.0,60429.0,54937.0
2021-09-22,16390,24761,29187.0,6363.0,10160.0,20502.0,41669.0,15414.0,6517.0,10053.0,32142.0,13289.0,53914.0,10887.0,21404.0,2224.0,15191.0,14729.0,7385.0,11818.0,9810.0,22110.0,5064.0,24145.0,61773.0,6543.0,12374.0,30217.0,2816.0,31570.0,13784.0,12640.0,5757.0,10398.0,12899.0,7086.0,2820.0,21610.0,10673.0,34006.0,9693.0,4032.0,27730.0,23587.0,25006.0,9206.0,71983.0,16179.0,11127.0,5812.0,14113.0,17938.0,5392.0,9363.0,10625.0,5701.0,33763.0,61319.0,37930.0,65962.0,56586.0
2021-09-23,15540,24950,31260.0,6680.0,9673.0,22017.0,42905.0,15554.0,7242.0,10989.0,34404.0,13654.0,58419.0,12502.0,22509.0,2542.0,15654.0,14227.0,7973.0,12816.0,10094.0,23257.0,5252.0,24009.0,64206.0,6574.0,12744.0,31577.0,2897.0,32211.0,14172.0,13670.0,5997.0,10371.0,13213.0,7464.0,2827.0,21714.0,12032.0,32480.0,9757.0,4017.0,29317.0,25507.0,27937.0,9279.0,73011.0,15252.0,11663.0,5956.0,14622.0,18351.0,5279.0,8834.0,11379.0,6164.0,63829.0,,40917.0,69260.0,57944.0
2021-09-24,15689,24200,36089.0,5888.0,9658.0,20381.0,45809.0,14055.0,6361.0,11737.0,24107.0,14455.0,55870.0,9135.0,16294.0,2362.0,16337.0,14512.0,6689.0,9850.0,9768.0,17273.0,4925.0,21349.0,64543.0,6893.0,10745.0,32457.0,3371.0,31472.0,15151.0,15717.0,6353.0,10749.0,13847.0,8242.0,2881.0,23627.0,13629.0,29953.0,9850.0,4393.0,34243.0,27631.0,28893.0,7798.0,74669.0,15053.0,33414.0,62531.0,,,,,,,,,35199.0,70660.0,63682.0
2021-09-27,12900,22489,26940.0,5744.0,7990.0,17153.0,36269.0,14736.0,6031.0,9672.0,23676.0,12120.0,45498.0,8088.0,16986.0,1706.0,12016.0,14408.0,6628.0,9967.0,9928.0,17395.0,4739.0,19943.0,53266.0,6648.0,10016.0,25811.0,2784.0,27696.0,12001.0,12023.0,4487.0,8960.0,11276.0,6467.0,2480.0,17023.0,9180.0,25481.0,8080.0,3309.0,21634.0,19090.0,14310.0,7454.0,58470.0,12670.0,8958.0,4568.0,11580.0,12435.0,3994.0,8085.0,9099.0,5435.0,27429.0,51471.0,33670.0,55342.0,56305.0
2021-09-28,15381,26494,28056.0,7020.0,9358.0,20401.0,39968.0,16550.0,7217.0,10602.0,32691.0,13324.0,53425.0,11612.0,22648.0,2437.0,13663.0,14809.0,8331.0,12929.0,10900.0,21921.0,5981.0,23228.0,62118.0,7275.0,13895.0,29561.0,2863.0,30208.0,13184.0,12667.0,4981.0,9755.0,12570.0,6824.0,2907.0,19146.0,10330.0,29884.0,9404.0,3509.0,26630.0,23797.0,15683.0,8955.0,65731.0,13443.0,11126.0,6093.0,13634.0,15713.0,5278.0,9001.0,10225.0,5622.0,30922.0,60477.0,37993.0,61857.0,59383.0
2021-09-29,16126,25613,29735.0,6763.0,9687.0,21896.0,42692.0,16752.0,7408.0,11487.0,33857.0,13908.0,56305.0,11002.0,23049.0,2632.0,15467.0,14942.0,8188.0,13278.0,11798.0,23369.0,5711.0,24519.0,65048.0,7205.0,13295.0,31840.0,2983.0,33161.0,13799.0,13858.0,5581.0,10229.0,13350.0,7525.0,2964.0,21535.0,11950.0,32832.0,10281.0,3846.0,29770.0,26010.0,16640.0,9370.0,71919.0,15041.0,11388.0,6863.0,14340.0,16487.0,5640.0,8996.0,10912.0,6176.0,32370.0,64842.0,41625.0,71200.0,61155.0
2021-09-30,17791,26724,33068.0,7121.0,9033.0,23811.0,44982.0,17485.0,7705.0,11707.0,36397.0,14790.0,60964.0,12127.0,24919.0,2895.0,16283.0,14716.0,9288.0,14387.0,11987.0,25117.0,6195.0,26248.0,68589.0,7806.0,14467.0,33618.0,2971.0,33027.0,14249.0,13442.0,5655.0,10158.0,13383.0,7388.0,2870.0,20857.0,12962.0,32751.0,10083.0,3668.0,31657.0,27229.0,16496.0,9548.0,73756.0,15016.0,12172.0,6616.0,15161.0,17711.0,5189.0,9781.0,12300.0,7134.0,35231.0,78062.0,43446.0,73819.0,74129.0
2021-10-01,16768,24933,35538.0,6306.0,8141.0,21241.0,45987.0,15421.0,6333.0,11739.0,24596.0,14969.0,56085.0,9233.0,16871.0,3620.0,16846.0,14831.0,7178.0,10618.0,10678.0,17938.0,5554.0,22383.0,64824.0,8119.0,10649.0,32711.0,2965.0,31808.0,14546.0,14468.0,5547.0,10138.0,13849.0,8274.0,2697.0,21340.0,12760.0,29686.0,9247.0,3742.0,35360.0,29119.0,15859.0,8056.0,73030.0,14261.0,9174.0,4773.0,14868.0,16496.0,3811.0,9178.0,10079.0,6002.0,33011.0,64763.0,34846.0,70534.0,64504.0
2021-10-04,14110,23045,26832.0,6151.0,6443.0,17679.0,36890.0,15512.0,6370.0,10175.0,24819.0,12466.0,46111.0,8185.0,18513.0,1754.0,13135.0,14492.0,7569.0,10992.0,10819.0,18321.0,5453.0,21340.0,56171.0,7449.0,10499.0,26610.0,2789.0,28800.0,13302.0,12789.0,4750.0,8950.0,11476.0,6487.0,2660.0,20316.0,9527.0,27148.0,8888.0,3739.0,22755.0,20489.0,13972.0,8137.0,59681.0,13318.0,9171.0,4849.0,12287.0,13142.0,4201.0,8600.0,9448.0,6144.0,28084.0,52617.0,33643.0,55815.0,57296.0
2021-10-05,16374,25621,26549.0,7009.0,8917.0,21118.0,39354.0,17441.0,7196.0,11144.0,33432.0,13671.0,54325.0,11082.0,23186.0,2049.0,13616.0,15279.0,8530.0,13276.0,11397.0,22592.0,6384.0,24309.0,62744.0,7935.0,12857.0,30445.0,2635.0,31260.0,14207.0,13324.0,5814.0,9671.0,13027.0,7138.0,2693.0,21672.0,9977.0,31904.0,9133.0,3791.0,25522.0,23362.0,15142.0,9180.0,63596.0,12158.0,9783.0,5924.0,13304.0,15593.0,5306.0,9281.0,11138.0,7508.0,32231.0,58056.0,38117.0,64575.0,57992.0
2021-10-06,16604,25435,31429.0,6933.0,10000.0,21989.0,41223.0,17827.0,11408.0,14425.0,2570.0,15699.0,,,,,,,8658.0,13673.0,12372.0,23769.0,5774.0,25833.0,66207.0,7952.0,13427.0,32775.0,2853.0,32718.0,14284.0,14509.0,5808.0,10245.0,13577.0,7082.0,2872.0,23558.0,12058.0,9793.0,4233.0,29293.0,25511.0,16848.0,68951.0,,,,11597.0,6077.0,14515.0,17443.0,5685.0,9434.0,11405.0,6963.0,33218.0,65488.0,42650.0,67958.0,61254.0
2021-10-07,17952,27036,31810.0,7735.0,10132.0,23947.0,43679.0,17898.0,8125.0,12050.0,37080.0,61359.0,12754.0,24974.0,15569.0,15309.0,,,9624.0,14334.0,13154.0,25670.0,6575.0,27714.0,68049.0,8379.0,13656.0,34172.0,2807.0,33799.0,15337.0,14393.0,5959.0,10185.0,13475.0,7092.0,2900.0,24180.0,34367.0,9639.0,15080.0,,,,,,,,12578.0,6358.0,15403.0,18082.0,6004.0,9737.0,12006.0,8134.0,33833.0,70281.0,43358.0,72620.0,61579.0
2021-10-08,17796,24394,34404.0,6360.0,9538.0,21671.0,45175.0,15851.0,6439.0,24993.0,15141.0,55648.0,9095.0,17047.0,2065.0,15166.0,,,7435.0,10863.0,11577.0,18784.0,5510.0,23783.0,64611.0,8045.0,11335.0,33162.0,3119.0,31918.0,14781.0,14717.0,5780.0,10393.0,13936.0,7898.0,2763.0,22557.0,12594.0,29947.0,9522.0,3992.0,34905.0,28532.0,15849.0,7425.0,73711.0,13997.0,9641.0,4577.0,14435.0,17680.0,3970.0,9183.0,10319.0,5737.0,33335.0,65132.0,36262.0,69610.0,64774.0
2021-10-11,13621,23516,27565.0,5994.0,7965.0,17820.0,38431.0,15896.0,6332.0,10198.0,25696.0,12750.0,47849.0,8915.0,18336.0,1933.0,13185.0,14868.0,7788.0,10881.0,11267.0,18873.0,5463.0,21950.0,7411.0,10876.0,,,3005.0,13436.0,5199.0,,,,,,,,9870.0,28019.0,8899.0,3816.0,24640.0,21577.0,14361.0,8292.0,58401.0,14809.0,10128.0,4700.0,12664.0,16134.0,4249.0,8584.0,9973.0,3771.0,27996.0,55837.0,35758.0,57430.0,57224.0
2021-10-12,16624,28187,30482.0,7666.0,10156.0,21683.0,42208.0,18409.0,7639.0,11280.0,34710.0,13963.0,59383.0,11586.0,24352.0,2028.0,14958.0,15738.0,9632.0,13782.0,13934.0,24421.0,6445.0,25834.0,65495.0,8434.0,13248.0,31253.0,32930.0,14643.0,5799.0,10161.0,13245.0,7155.0,3319.0,21134.0,,,10464.0,33462.0,9636.0,3846.0,27751.0,25220.0,16373.0,9558.0,69991.0,16546.0,11552.0,6231.0,14327.0,16967.0,5804.0,9649.0,11812.0,7569.0,31558.0,68307.0,42160.0,68508.0,59477.0
2021-10-13,16505,26839,31275.0,7671.0,10014.0,22822.0,43390.0,18544.0,7625.0,12098.0,36243.0,14518.0,58033.0,12016.0,24846.0,2026.0,15547.0,15657.0,9198.0,14400.0,12832.0,24720.0,5873.0,26881.0,67066.0,7984.0,13559.0,33236.0,3070.0,33935.0,15192.0,14859.0,5972.0,10486.0,13520.0,7410.0,4128.0,23876.0,12352.0,35443.0,10284.0,4072.0,31264.0,27412.0,17269.0,10029.0,72383.0,16540.0,12223.0,6182.0,15572.0,19023.0,5826.0,9717.0,12346.0,6273.0,32591.0,67968.0,42888.0,68972.0,59652.0
2021-10-14,17859,28310,33216.0,8294.0,10388.0,24470.0,46091.0,18678.0,8056.0,12770.0,38203.0,14987.0,63378.0,12817.0,25654.0,2300.0,16369.0,15517.0,9919.0,15113.0,13608.0,26295.0,6729.0,28148.0,70526.0,8728.0,14867.0,35189.0,3088.0,34297.0,15573.0,14908.0,6497.0,10584.0,13985.0,7681.0,4257.0,24368.0,12983.0,35950.0,10093.0,4167.0,33045.0,28440.0,17479.0,9956.0,75848.0,16728.0,12986.0,6474.0,16287.0,20135.0,5957.0,10156.0,12744.0,7449.0,34728.0,71653.0,45367.0,73964.0,60802.0
2021-10-15,17489,25929,35876.0,7060.0,9674.0,21844.0,46753.0,16783.0,6586.0,12795.0,25561.0,15221.0,57215.0,9077.0,17383.0,1978.0,15999.0,15154.0,7945.0,10948.0,12194.0,18689.0,5826.0,24724.0,66920.0,8722.0,11904.0,34565.0,3446.0,33060.0,15658.0,15283.0,5785.0,10490.0,14211.0,8365.0,4249.0,23732.0,13961.0,31353.0,10173.0,3841.0,36913.0,30371.0,16775.0,8080.0,74481.0,14785.0,9937.0,5055.0,15451.0,18315.0,4111.0,9554.0,10472.0,6784.0,33817.0,65303.0,36947.0,70988.0,64943.0
2021-10-18,14443,23430,28577.0,6024.0,8714.0,18345.0,39071.0,15901.0,6643.0,10741.0,25578.0,12666.0,48332.0,9112.0,18904.0,2017.0,13801.0,14746.0,7215.0,12000.0,11092.0,18546.0,5304.0,22859.0,55321.0,7972.0,10410.0,27775.0,2925.0,29621.0,13455.0,13638.0,4730.0,9540.0,11549.0,7031.0,2489.0,21538.0,10460.0,27522.0,8989.0,3666.0,26072.0,22078.0,13719.0,8178.0,62485.0,15293.0,9640.0,4851.0,12842.0,13984.0,4173.0,8319.0,10073.0,7094.0,28323.0,55615.0,36068.0,58236.0,58470.0
2021-10-19,16138,26257,28435.0,7197.0,9652.0,21555.0,42076.0,18032.0,7349.0,11575.0,34380.0,14059.0,55951.0,11894.0,23726.0,2193.0,15273.0,15722.0,8807.0,13463.0,12839.0,23815.0,6550.0,25837.0,64342.0,8636.0,12893.0,31759.0,3082.0,32723.0,15185.0,13655.0,5695.0,10110.0,12734.0,7228.0,2854.0,21083.0,11224.0,32735.0,9967.0,3888.0,27718.0,25567.0,16066.0,9605.0,72284.0,17502.0,11822.0,7193.0,12353.0,16214.0,5508.0,9468.0,11094.0,8055.0,31472.0,64533.0,41357.0,67993.0,59394.0
2021-10-20,16361,25766,31941.0,6712.0,9854.0,23292.0,44711.0,17815.0,7420.0,12853.0,35412.0,14872.0,59308.0,12472.0,23479.0,2237.0,16284.0,15749.0,9067.0,14053.0,12849.0,24345.0,6710.0,26495.0,67753.0,8532.0,13224.0,33608.0,3179.0,33781.0,15432.0,14642.0,5776.0,10723.0,13766.0,7544.0,3036.0,24506.0,14537.0,33313.0,9957.0,4029.0,32882.0,29382.0,16962.0,9875.0,75249.0,18307.0,12231.0,6355.0,15914.0,18049.0,5628.0,9785.0,12242.0,7680.0,32893.0,67124.0,43134.0,70329.0,61233.0
2021-10-21,17340,27716,33650.0,7410.0,10689.0,24573.0,45923.0,19081.0,7841.0,13195.0,36843.0,15139.0,64123.0,12985.0,25115.0,2413.0,16725.0,15444.0,9402.0,14566.0,13868.0,26152.0,6609.0,29013.0,63353.0,8905.0,14089.0,37968.0,3382.0,37383.0,15405.0,15251.0,6233.0,11064.0,13766.0,7860.0,3147.0,25767.0,13975.0,33928.0,10214.0,4135.0,34117.0,31191.0,17476.0,10141.0,77655.0,17940.0,12937.0,6571.0,15688.0,19228.0,6128.0,10033.0,12594.0,7524.0,33661.0,73091.0,46024.0,76254.0,75748.0
2021-10-22,17673,25980,38150.0,6206.0,10380.0,22443.0,47897.0,16824.0,6905.0,12562.0,25816.0,15629.0,58675.0,9461.0,17671.0,2260.0,15324.0,15260.0,7258.0,11173.0,12091.0,18725.0,5478.0,25043.0,62220.0,8906.0,11581.0,37298.0,3121.0,35876.0,16307.0,16874.0,6372.0,11296.0,14206.0,8903.0,2851.0,26433.0,15319.0,31260.0,9813.0,4239.0,38323.0,32423.0,15751.0,7100.0,77478.0,16565.0,8879.0,4287.0,15418.0,17624.0,3427.0,9043.0,10689.0,6205.0,34339.0,69797.0,37329.0,72348.0,68382.0
2021-10-25,13057,25476,30951.0,5208.0,9243.0,18179.0,40791.0,15378.0,6220.0,11418.0,25013.0,12256.0,50354.0,9960.0,17198.0,2171.0,18349.0,14447.0,6466.0,10696.0,11363.0,17202.0,5444.0,22014.0,64713.0,8083.0,12087.0,31644.0,3401.0,32891.0,14541.0,16794.0,5209.0,10739.0,11855.0,8094.0,2804.0,25069.0,13958.0,29646.0,9115.0,4308.0,35870.0,28632.0,13634.0,8179.0,64397.0,19824.0,10512.0,4569.0,14989.0,17031.0,4394.0,7616.0,9786.0,5326.0,27976.0,59791.0,35926.0,61650.0,63460.0
2021-10-26,16293,29211,32713.0,6878.0,10669.0,21785.0,46540.0,17614.0,7460.0,12807.0,32839.0,13786.0,59041.0,13015.0,22189.0,2461.0,21143.0,15499.0,8416.0,13068.0,13393.0,22821.0,6319.0,26735.0,75965.0,9264.0,14141.0,36749.0,3784.0,36549.0,16073.0,18053.0,6121.0,11641.0,13362.0,8462.0,3031.0,26997.0,16521.0,35066.0,10633.0,4525.0,39666.0,34572.0,15711.0,9867.0,76846.0,23255.0,12638.0,6148.0,16851.0,20828.0,5565.0,8618.0,11578.0,7470.0,32052.0,71256.0,42729.0,71874.0,65502.0
2021-10-27,15367,28487,34590.0,6612.0,11460.0,23314.0,47126.0,17598.0,7702.0,13313.0,34318.0,14310.0,58809.0,12703.0,21935.0,2397.0,21230.0,15371.0,8761.0,13718.0,12945.0,23040.0,6323.0,27203.0,77836.0,8809.0,14643.0,39288.0,3944.0,37552.0,16070.0,18966.0,6427.0,12351.0,13965.0,8888.0,3070.0,29563.0,17965.0,36651.0,11691.0,4738.0,44742.0,36596.0,16705.0,10396.0,79378.0,23477.0,12961.0,6469.0,18655.0,22305.0,5697.0,8878.0,12164.0,7585.0,32279.0,75230.0,43837.0,76683.0,86745.0
2021-10-28,16515,30047,34926.0,7391.0,11475.0,26133.0,49599.0,18068.0,8176.0,14371.0,35985.0,15323.0,67603.0,14068.0,23193.0,2711.0,23051.0,14559.0,9608.0,14520.0,13805.0,24620.0,6924.0,29567.0,83164.0,9443.0,15682.0,41978.0,3820.0,39663.0,17237.0,20317.0,6754.0,12732.0,14357.0,9480.0,3000.0,31175.0,19365.0,37449.0,11584.0,4894.0,46558.0,38149.0,16426.0,10232.0,83694.0,23048.0,13604.0,6397.0,19962.0,23171.0,6056.0,9305.0,12913.0,8581.0,33956.0,78273.0,46287.0,84678.0,69169.0
2021-10-29,15311,28084,39273.0,6408.0,10639.0,22955.0,50030.0,17213.0,6576.0,14588.0,25662.0,15922.0,61514.0,10042.0,17862.0,2207.0,21038.0,14895.0,8718.0,10823.0,12942.0,18400.0,3180.0,25931.0,79747.0,9434.0,12659.0,42387.0,4136.0,37755.0,17601.0,20874.0,6655.0,12227.0,14861.0,9583.0,2598.0,31554.0,18911.0,33824.0,11223.0,4503.0,45571.0,37053.0,15797.0,8314.0,81988.0,20152.0,11058.0,4906.0,17976.0,20960.0,4172.0,9237.0,11876.0,7210.0,34732.0,74406.0,38973.0,75905.0,70999.0
2021-11-01,13644,23690,31231.0,5778.0,8606.0,18759.0,40109.0,15559.0,7009.0,10699.0,26458.0,12754.0,49474.0,8886.0,18884.0,2532.0,13762.0,14298.0,7701.0,11199.0,11911.0,18889.0,4941.0,20645.0,55190.0,7821.0,11460.0,29249.0,3141.0,30502.0,14161.0,14163.0,5226.0,9758.0,12554.0,7067.0,2637.0,22561.0,10459.0,29149.0,9202.0,3843.0,25979.0,23037.0,14621.0,8563.0,63879.0,16065.0,9836.0,4760.0,12721.0,13381.0,4397.0,7720.0,10039.0,4927.0,27184.0,54999.0,37488.0,58714.0,58904.0
2021-11-02,16601,27396,30304.0,7147.0,9905.0,22138.0,43529.0,18021.0,7771.0,11879.0,36211.0,14423.0,57117.0,11944.0,25006.0,3252.0,15849.0,15647.0,9487.0,14200.0,13159.0,25011.0,6359.0,24316.0,64234.0,8735.0,13576.0,32494.0,3075.0,35017.0,14865.0,14317.0,5863.0,10944.0,13911.0,7365.0,2773.0,22225.0,11270.0,33856.0,10209.0,4139.0,28038.0,26918.0,16669.0,9956.0,72404.0,17244.0,12293.0,6180.0,14060.0,16603.0,5904.0,9403.0,12120.0,6173.0,32134.0,64264.0,44967.0,69070.0,61235.0
2021-11-03,16752,26375,32414.0,7065.0,10270.0,24082.0,44936.0,18363.0,8269.0,12814.0,38218.0,14847.0,61634.0,12617.0,26002.0,2610.0,16292.0,15775.0,9328.0,15205.0,13069.0,26026.0,6543.0,26900.0,69811.0,6732.0,14357.0,34985.0,3196.0,35596.0,15121.0,15390.0,6066.0,10992.0,14193.0,7660.0,2978.0,24985.0,13673.0,35651.0,10750.0,4138.0,31653.0,29550.0,17857.0,10828.0,77239.0,17626.0,13263.0,6506.0,15539.0,18726.0,5958.0,9960.0,12830.0,6662.0,33775.0,68360.0,46318.0,74701.0,62195.0
2021-11-04,18898,28185,35773.0,7440.0,11036.0,25304.0,48544.0,18841.0,8668.0,13783.0,39627.0,15172.0,67952.0,13171.0,26512.0,2207.0,16707.0,15499.0,9925.0,15679.0,14040.0,27322.0,6813.0,27294.0,73711.0,9084.0,14761.0,37173.0,3220.0,35801.0,15925.0,16329.0,6312.0,11705.0,14615.0,7982.0,2892.0,25381.0,14354.0,36417.0,10984.0,4152.0,34246.0,31402.0,17799.0,10910.0,80833.0,18240.0,13504.0,6603.0,16710.0,19867.0,6275.0,10402.0,13349.0,7108.0,35475.0,72800.0,46981.0,78199.0,63762.0
2021-11-05,18716,25962,36351.0,5845.0,10346.0,21922.0,46871.0,16417.0,6604.0,13252.0,26038.0,15552.0,57897.0,9521.0,17856.0,2027.0,16593.0,15027.0,8111.0,11191.0,12423.0,18972.0,5899.0,22621.0,70631.0,9087.0,11676.0,36744.0,3626.0,35284.0,16660.0,17076.0,6452.0,11566.0,14990.0,8514.0,2811.0,26556.0,14583.0,33153.0,10402.0,4541.0,37632.0,34173.0,16985.0,8936.0,77312.0,19028.0,10196.0,4676.0,16704.0,19719.0,4063.0,9506.0,11047.0,5608.0,33456.0,66705.0,38835.0,72741.0,67083.0
2021-11-08,12907,23775,27741.0,5496.0,8784.0,18036.0,40189.0,15407.0,4768.0,11637.0,27588.0,12847.0,49006.0,9190.0,19413.0,1811.0,12679.0,14470.0,6869.0,11849.0,9417.0,18027.0,4954.0,22183.0,58003.0,7247.0,11775.0,28673.0,2644.0,30929.0,13732.0,13785.0,4787.0,9720.0,12578.0,6996.0,2854.0,21230.0,10047.0,28570.0,8356.0,3812.0,24353.0,22088.0,15136.0,8400.0,61769.0,14636.0,9844.0,4813.0,12573.0,13823.0,4465.0,8304.0,9974.0,6184.0,28169.0,55298.0,38014.0,57902.0,57663.0
2021-11-09,15079,27474,29585.0,7010.0,9843.0,21487.0,43447.0,17817.0,6802.0,12480.0,36986.0,14441.0,57914.0,12109.0,24654.0,2579.0,14774.0,15723.0,8152.0,11103.0,24352.0,5764.0,25914.0,67165.0,7589.0,33465.0,,,2783.0,3079.0,,,,,,,,,11404.0,33938.0,9656.0,4126.0,27911.0,25566.0,16577.0,10206.0,70197.0,17199.0,12124.0,6299.0,14007.0,16511.0,5722.0,9499.0,11971.0,7901.0,31784.0,64199.0,45687.0,68847.0,61499.0
2021-11-10,16852,27140,31288.0,7178.0,10514.0,23159.0,45176.0,17869.0,12904.0,14873.0,61636.0,15627.0,14926.0,,,,,,14971.0,5809.0,14074.0,,,,,,,,35909.0,15256.0,15397.0,5862.0,10822.0,14304.0,7612.0,26235.0,,,13256.0,4124.0,30812.0,28449.0,17352.0,75696.0,16348.0,,,,12665.0,6633.0,15674.0,18095.0,5913.0,9955.0,12742.0,7912.0,33416.0,68679.0,46331.0,71652.0,62120.0
2021-11-11,18219,27661,33411.0,7879.0,10698.0,25497.0,45963.0,18446.0,8418.0,39890.0,67702.0,13285.0,26634.0,2668.0,,,,,9086.0,15603.0,12290.0,27305.0,29743.0,73847.0,7986.0,15208.0,37567.0,,3179.0,37112.0,16411.0,16346.0,6679.0,11499.0,14854.0,7603.0,2824.0,26031.0,36988.0,10781.0,4445.0,11238.0,18584.0,,,,,,13490.0,6960.0,16568.0,20858.0,6447.0,10455.0,13023.0,8851.0,35016.0,72799.0,49699.0,78148.0,63390.0
2021-11-12,18705,26862,38695.0,6689.0,11676.0,23071.0,50671.0,16113.0,7549.0,13764.0,27151.0,16345.0,9851.0,18223.0,2124.0,17565.0,15408.0,,7998.0,11541.0,12449.0,19768.0,5784.0,26041.0,69295.0,8261.0,12088.0,38145.0,3872.0,36871.0,17203.0,17607.0,6172.0,11866.0,15168.0,9084.0,2700.0,27100.0,16103.0,33676.0,10144.0,39696.0,34660.0,18297.0,8968.0,81456.0,,,10747.0,4875.0,17258.0,18914.0,4424.0,9724.0,11251.0,7327.0,33155.0,70008.0,39061.0,76826.0,65743.0
2021-11-15,12778,24147,27356.0,6073.0,8193.0,18308.0,40197.0,16541.0,6594.0,10818.0,26533.0,12843.0,49286.0,8747.0,19349.0,1790.0,12643.0,15005.0,7610.0,11138.0,11134.0,18945.0,5154.0,22554.0,57034.0,7809.0,11307.0,29091.0,2875.0,30905.0,13689.0,13764.0,5230.0,9939.0,12439.0,6775.0,2792.0,20331.0,10733.0,29524.0,8736.0,3920.0,24819.0,22778.0,15178.0,8782.0,61492.0,15113.0,9942.0,4892.0,13054.0,14562.0,4333.0,8649.0,10056.0,6399.0,27798.0,55130.0,38352.0,57809.0,57321.0
2021-11-16,16388,26941,30837.0,7498.0,9971.0,22277.0,44830.0,18975.0,7940.0,12248.0,36637.0,14319.0,58290.0,12039.0,24719.0,2354.0,15019.0,15794.0,9467.0,12317.0,13187.0,26021.0,6621.0,27058.0,65932.0,8804.0,13824.0,33374.0,2748.0,35864.0,14595.0,13715.0,5972.0,10879.0,13600.0,6966.0,2988.0,22798.0,10759.0,35257.0,9941.0,3987.0,28331.0,27556.0,17047.0,10375.0,71793.0,17256.0,8364.0,,,,,,,,,,46127.0,68800.0,61738.0
2021-11-17,16727,26613,33055.0,7393.0,10621.0,23580.0,46042.0,19844.0,8125.0,13088.0,38282.0,15099.0,62787.0,13091.0,25100.0,2398.0,15901.0,15850.0,9332.0,15104.0,13580.0,25877.0,4122.0,27762.0,72446.0,8661.0,14323.0,37084.0,2961.0,36830.0,15115.0,15968.0,6209.0,11517.0,14283.0,7490.0,3039.0,25250.0,14107.0,37137.0,10836.0,4312.0,32940.0,31043.0,17234.0,10691.0,76006.0,18125.0,13164.0,6583.0,16690.0,19816.0,5993.0,9980.0,12818.0,33575.0,70287.0,,48104.0,73891.0,62456.0
2021-11-18,18472,29124,34474.0,7864.0,11087.0,25605.0,48222.0,21194.0,8148.0,13815.0,40599.0,15864.0,68578.0,13636.0,26647.0,2351.0,16966.0,15753.0,9193.0,16749.0,13966.0,26337.0,4190.0,29553.0,77752.0,9410.0,15932.0,39093.0,3132.0,38602.0,16268.0,16746.0,6796.0,13031.0,14842.0,7827.0,3085.0,26594.0,14674.0,37944.0,10590.0,5095.0,34215.0,32120.0,18490.0,11113.0,80288.0,17950.0,14039.0,6687.0,17525.0,20657.0,6338.0,10322.0,13481.0,8635.0,34429.0,74219.0,49247.0,77658.0,63440.0
2021-11-19,18186,28350,40814.0,6767.0,9072.0,23017.0,51814.0,16743.0,7058.0,14342.0,27129.0,16101.0,63125.0,9780.0,18298.0,2086.0,17196.0,15517.0,8302.0,11702.0,13044.0,19708.0,5541.0,26064.0,76604.0,9332.0,12340.0,38476.0,3762.0,39756.0,17937.0,20314.0,6740.0,17379.0,15548.0,8905.0,2490.0,28323.0,17443.0,35505.0,10568.0,9972.0,41852.0,36153.0,18398.0,8898.0,82575.0,16289.0,10444.0,4833.0,17241.0,20574.0,4141.0,9927.0,11532.0,7406.0,35159.0,72254.0,40939.0,76407.0,67847.0
2021-11-22,13789,23900,26134.0,6003.0,9025.0,18360.0,39751.0,16479.0,6753.0,11571.0,27606.0,13075.0,50702.0,8767.0,18574.0,1721.0,13516.0,15286.0,7424.0,11271.0,10859.0,18682.0,5691.0,23325.0,61561.0,8291.0,11531.0,30171.0,2874.0,33921.0,14555.0,16512.0,5323.0,15947.0,12894.0,7012.0,2651.0,21891.0,12559.0,30947.0,9142.0,9165.0,27967.0,25830.0,15669.0,8585.0,63945.0,16976.0,9495.0,4788.0,13824.0,14966.0,4427.0,8714.0,10217.0,6606.0,27935.0,53869.0,37269.0,59498.0,59197.0
2021-11-23,16676,27588,32705.0,7348.0,10479.0,22485.0,45222.0,19129.0,8301.0,12673.0,38655.0,14830.0,57821.0,12627.0,24265.0,2106.0,16523.0,15721.0,9096.0,14760.0,13533.0,24885.0,6937.0,28036.0,71362.0,9440.0,14096.0,34484.0,3270.0,38075.0,16304.0,18196.0,6175.0,16206.0,14286.0,7108.0,2881.0,24860.0,13770.0,37210.0,10740.0,9344.0,30375.0,29969.0,18463.0,11033.0,75657.0,18346.0,12870.0,6504.0,15515.0,18655.0,5888.0,10114.0,12034.0,8432.0,32593.0,67243.0,46641.0,71052.0,64606.0
2021-11-24,17453,26457,34442.0,7276.0,10229.0,23721.0,48079.0,18745.0,8433.0,14024.0,40710.0,15502.0,64087.0,12871.0,24665.0,2432.0,16927.0,15517.0,9216.0,15347.0,13456.0,26619.0,6585.0,28850.0,74578.0,9350.0,14597.0,36371.0,3277.0,38820.0,16481.0,18919.0,6331.0,16708.0,14914.0,7754.0,2952.0,27176.0,16054.0,38848.0,11790.0,9357.0,34784.0,33590.0,18831.0,11250.0,78710.0,18338.0,12818.0,6576.0,17512.0,20228.0,5976.0,10216.0,12965.0,8035.0,33882.0,71311.0,47372.0,73026.0,64157.0
2021-11-25,18507,29045,38710.0,8255.0,11882.0,26346.0,50407.0,19874.0,9186.0,14579.0,43112.0,16235.0,71213.0,13591.0,26617.0,2550.0,18497.0,16061.0,10526.0,15271.0,14656.0,27872.0,7202.0,31481.0,82808.0,10011.0,15857.0,39640.0,3445.0,43303.0,17353.0,20701.0,6814.0,18873.0,15383.0,8423.0,3285.0,28268.0,17646.0,39964.0,12255.0,11088.0,37313.0,36434.0,20053.0,11499.0,84733.0,18606.0,14206.0,6762.0,18779.0,21664.0,6586.0,10900.0,13923.0,9341.0,35161.0,77599.0,48714.0,82072.0,68319.0
2021-11-26,9267,28565,30951.0,9830.0,10535.0,14138.0,63940.0,13411.0,8342.0,15081.0,12515.0,7688.0,64648.0,12698.0,18840.0,3153.0,19683.0,15817.0,8776.0,6.0,19612.0,23598.0,3837.0,105.0,53849.0,76.0,5.0,18896.0,6923.0,37296.0,13816.0,1.0,12.0,10648.0,43.0,3546.0,30646.0,,35218.0,11007.0,21.0,17410.0,31704.0,20337.0,8992.0,74246.0,14594.0,,13736.0,7019.0,20981.0,33054.0,6729.0,6351.0,8481.0,10780.0,22357.0,60397.0,26706.0,49938.0,69198.0
2021-11-29,13470,23299,29486.0,6110.0,9055.0,18366.0,40770.0,16148.0,6897.0,11695.0,27323.0,13267.0,52349.0,9184.0,19095.0,1697.0,13793.0,14552.0,8127.0,11543.0,11666.0,18532.0,5582.0,22794.0,66158.0,8444.0,11355.0,30751.0,3181.0,36092.0,14747.0,18702.0,5235.0,16752.0,12748.0,7135.0,2578.0,22704.0,13478.0,31031.0,9423.0,10268.0,27914.0,27346.0,15788.0,8861.0,66040.0,15933.0,10135.0,4849.0,13732.0,14247.0,4447.0,9059.0,10625.0,6528.0,28609.0,55894.0,38699.0,60831.0,63600.0
2021-11-30,16350,26694,30599.0,7166.0,10044.0,21792.0,42658.0,18584.0,7880.0,12625.0,37346.0,14263.0,58026.0,11527.0,23716.0,2019.0,15531.0,15541.0,9013.0,14144.0,13094.0,24181.0,6630.0,26042.0,70888.0,8917.0,13291.0,34103.0,3007.0,37174.0,15249.0,17243.0,5841.0,16477.0,13490.0,7292.0,2700.0,22658.0,12995.0,36540.0,10699.0,8056.0,29107.0,29049.0,17203.0,10327.0,71237.0,17801.0,12024.0,5985.0,15207.0,17444.0,5541.0,9798.0,12236.0,7744.0,31682.0,67259.0,46026.0,69768.0,63900.0
2021-12-01,17002,25747,32845.0,7137.0,10916.0,23777.0,44619.0,17955.0,8214.0,13688.0,39282.0,15107.0,62997.0,12303.0,24420.0,2064.0,15792.0,15324.0,9155.0,14999.0,12594.0,25211.0,6289.0,26911.0,73226.0,8275.0,14105.0,35750.0,3290.0,39733.0,15367.0,18823.0,6144.0,18398.0,14074.0,7684.0,2895.0,26134.0,15198.0,37624.0,11281.0,10736.0,33459.0,31607.0,18194.0,10851.0,76653.0,17727.0,12551.0,6419.0,16685.0,19185.0,5917.0,9847.0,12882.0,7356.0,33207.0,71691.0,46814.0,76755.0,78530.0
2021-12-02,18075,28338,36561.0,7664.0,11474.0,25068.0,48174.0,18397.0,8641.0,14293.0,42360.0,15473.0,71326.0,13523.0,25658.0,2200.0,16860.0,15343.0,9831.0,15120.0,13564.0,26430.0,6731.0,29171.0,78756.0,8822.0,14391.0,37936.0,3416.0,41402.0,16453.0,20303.0,6346.0,20059.0,14768.0,7848.0,2904.0,27225.0,17102.0,39277.0,11723.0,12588.0,35660.0,34076.0,18961.0,10836.0,81904.0,17647.0,13154.0,6872.0,18353.0,20482.0,6073.0,10185.0,13662.0,7967.0,36155.0,76908.0,47721.0,80029.0,67598.0
2021-12-03,17372,25956,40828.0,6814.0,10969.0,22947.0,49607.0,16503.0,7340.0,14080.0,27711.0,16473.0,64475.0,9748.0,18269.0,2295.0,17166.0,15082.0,7921.0,11086.0,12911.0,19849.0,5907.0,25209.0,76532.0,8986.0,12156.0,37204.0,3873.0,42260.0,17110.0,22803.0,5927.0,18282.0,14761.0,8214.0,2613.0,26716.0,18365.0,38367.0,11027.0,13363.0,40951.0,35642.0,18452.0,8780.0,79624.0,15977.0,10366.0,5390.0,17922.0,21255.0,4507.0,9880.0,11580.0,7204.0,34743.0,73540.0,40454.0,77300.0,71162.0
2021-12-06,13730,23267,29582.0,6102.0,9333.0,18538.0,39764.0,15711.0,6992.0,12071.0,27345.0,13602.0,51167.0,8942.0,18186.0,1764.0,14384.0,15066.0,7222.0,11473.0,11421.0,19121.0,5545.0,22978.0,64228.0,8214.0,11580.0,30174.0,2990.0,35540.0,14139.0,19087.0,5263.0,17869.0,12522.0,6973.0,2706.0,22111.0,13984.0,32050.0,9572.0,11752.0,29163.0,26901.0,15748.0,8890.0,63812.0,16268.0,10525.0,5295.0,14626.0,14792.0,4569.0,8980.0,10548.0,6761.0,28972.0,58598.0,38712.0,61090.0,60745.0
2021-12-07,17032,26192,31231.0,7378.0,10586.0,22407.0,43576.0,18783.0,7967.0,13285.0,37252.0,14358.0,59100.0,11951.0,23502.0,2115.0,16196.0,15509.0,8252.0,14497.0,13116.0,24300.0,6581.0,26935.0,58233.0,7060.0,14101.0,37387.0,3011.0,42377.0,15039.0,18303.0,5579.0,16828.0,13555.0,7356.0,3112.0,23383.0,14115.0,37420.0,9855.0,9370.0,30450.0,31679.0,17722.0,10772.0,72114.0,17590.0,12754.0,6607.0,16669.0,17461.0,6037.0,9746.0,12221.0,7930.0,32395.0,68139.0,41847.0,71299.0,62905.0
2021-12-08,17183,25562,32600.0,7045.0,10939.0,23465.0,45794.0,17816.0,8084.0,14192.0,39038.0,15460.0,62890.0,12057.0,23322.0,1991.0,16235.0,15926.0,8892.0,14764.0,12721.0,25138.0,6510.0,27459.0,77158.0,8705.0,13933.0,37217.0,40221.0,6324.0,2821.0,,,,,,,,16035.0,39180.0,11207.0,11062.0,34297.0,32152.0,18440.0,10817.0,76243.0,19039.0,12580.0,6428.0,17234.0,19869.0,5619.0,10099.0,12520.0,7395.0,33208.0,71791.0,45060.0,74176.0,64697.0
2021-12-09,18165,27146,34368.0,7393.0,11380.0,24223.0,46655.0,18310.0,8358.0,14481.0,37616.0,16075.0,65803.0,12273.0,22884.0,2200.0,16671.0,15266.0,8864.0,13399.0,12854.0,24557.0,5781.0,28048.0,77865.0,8601.0,13948.0,39892.0,3279.0,15864.0,19118.0,19781.0,14585.0,7960.0,26316.0,,,,16729.0,40745.0,11084.0,11177.0,36646.0,34069.0,19127.0,9835.0,79716.0,16634.0,12361.0,6226.0,18116.0,20563.0,5710.0,10236.0,12451.0,8320.0,34225.0,75597.0,45073.0,78589.0,77086.0
2021-12-10,17540,25506,36888.0,6605.0,10810.0,22095.0,49256.0,16491.0,7213.0,14520.0,27645.0,13615.0,62482.0,10144.0,17627.0,2134.0,16804.0,15661.0,8004.0,9110.0,12816.0,20293.0,5754.0,78364.0,8880.0,9620.0,,,4538.0,45625.0,16428.0,22654.0,5335.0,14281.0,15103.0,7203.0,2686.0,25133.0,19509.0,39117.0,11133.0,14510.0,44303.0,37803.0,18402.0,8844.0,78438.0,15768.0,10367.0,5244.0,17965.0,20900.0,4625.0,9809.0,10994.0,7632.0,33450.0,72020.0,37402.0,75051.0,69892.0
2021-12-13,11620,19463,24332.0,5065.0,7548.0,14194.0,32655.0,13341.0,5354.0,9983.0,19526.0,12111.0,40703.0,13830.0,1418.0,11588.0,,,5511.0,8017.0,9240.0,14199.0,4536.0,17615.0,58717.0,7090.0,8904.0,27552.0,2695.0,33774.0,12308.0,18455.0,4437.0,17846.0,11406.0,6175.0,2274.0,20141.0,28493.0,8352.0,11442.0,24915.0,14657.0,6606.0,55999.0,13647.0,,,7639.0,3707.0,11476.0,12816.0,3047.0,7541.0,8121.0,4324.0,25169.0,46826.0,27901.0,51647.0,57806.0
2021-12-14,12967,19682,23171.0,5298.0,7317.0,15363.0,31945.0,13477.0,4929.0,9776.0,21799.0,7390.0,11393.0,14147.0,,,,,5778.0,8651.0,8662.0,15458.0,4614.0,17488.0,60306.0,6709.0,8887.0,27978.0,2794.0,33777.0,12313.0,16852.0,4638.0,16514.0,11645.0,6378.0,2179.0,19595.0,12099.0,29874.0,10064.0,26781.0,6778.0,,,,,,7354.0,3831.0,11856.0,13745.0,3200.0,7659.0,7862.0,4481.0,25715.0,47531.0,28505.0,52791.0,56444.0
2021-12-15,13544,18470,24276.0,4877.0,7502.0,14950.0,33229.0,12925.0,12899.0,42689.0,6687.0,12480.0,1506.0,13833.0,,,,,5249.0,7337.0,8461.0,14958.0,4242.0,18548.0,59375.0,6649.0,8750.0,27228.0,2898.0,33455.0,12547.0,16527.0,4610.0,16247.0,11261.0,6459.0,2171.0,21876.0,13261.0,8819.0,31320.0,27030.0,15092.0,59042.0,12430.0,,,,7337.0,3582.0,12705.0,14184.0,2897.0,7584.0,8031.0,4109.0,25667.0,49571.0,28693.0,53112.0,59515.0
2021-12-16,12254,17767,23444.0,4775.0,6674.0,13709.0,32521.0,12290.0,5003.0,9396.0,18940.0,11897.0,40528.0,6579.0,11586.0,1666.0,11635.0,12900.0,5237.0,7627.0,7872.0,13841.0,3565.0,16711.0,57243.0,6317.0,8530.0,25935.0,2918.0,33547.0,12087.0,18008.0,4519.0,17007.0,11162.0,5730.0,2106.0,19134.0,12603.0,28082.0,8365.0,11211.0,28680.0,25264.0,13746.0,6380.0,56821.0,12124.0,6951.0,3488.0,12000.0,13646.0,2659.0,7098.0,7517.0,3967.0,24206.0,46732.0,27696.0,51368.0,57855.0
2021-12-17,10605,16119,28033.0,4151.0,7220.0,13086.0,34685.0,10810.0,4625.0,9787.0,15928.0,11441.0,41452.0,5735.0,9475.0,1544.0,11998.0,12031.0,4361.0,6688.0,8285.0,11886.0,3516.0,14693.0,57208.0,6103.0,7145.0,25626.0,2883.0,33444.0,11553.0,18938.0,4162.0,14480.0,10564.0,6418.0,1841.0,19382.0,13826.0,25850.0,8377.0,11196.0,30170.0,26045.0,12696.0,5031.0,55590.0,10549.0,5819.0,2926.0,11924.0,13149.0,2214.0,6683.0,6891.0,3316.0,23568.0,46722.0,27321.0,51764.0,61241.0
2021-12-20,7768,13767,21630.0,3252.0,6128.0,10463.0,27490.0,9136.0,4291.0,8138.0,14303.0,9647.0,33036.0,5301.0,7819.0,1247.0,11266.0,10969.0,3460.0,5696.0,6398.0,9814.0,3131.0,12877.0,57393.0,4869.0,7307.0,22797.0,2566.0,34632.0,10102.0,20348.0,3633.0,18152.0,8432.0,5809.0,1622.0,16043.0,13965.0,23781.0,6992.0,13333.0,29618.0,26664.0,10937.0,4745.0,45043.0,11040.0,5175.0,2843.0,11042.0,11462.0,1227.0,5041.0,5978.0,2454.0,18800.0,38279.0,23221.0,41975.0,57480.0
2021-12-21,8628,14236,18971.0,3264.0,6384.0,10397.0,25850.0,9065.0,4032.0,7636.0,14386.0,9474.0,32149.0,5296.0,7903.0,1088.0,11462.0,10990.0,3335.0,5703.0,5678.0,9752.0,2848.0,12584.0,57455.0,4925.0,6935.0,22810.0,2660.0,34271.0,9177.0,20164.0,3564.0,16724.0,8439.0,5964.0,1537.0,13154.0,14443.0,23633.0,6743.0,13126.0,29873.0,26988.0,10406.0,4641.0,46054.0,10937.0,4695.0,2350.0,11397.0,11673.0,2029.0,5022.0,5883.0,2527.0,19025.0,37913.0,23417.0,42421.0,55023.0
2021-12-22,8237,13108,19111.0,3003.0,5759.0,9612.0,24882.0,8707.0,3496.0,7074.0,13146.0,9227.0,32258.0,4847.0,7153.0,1030.0,10298.0,10083.0,2898.0,5407.0,5551.0,8965.0,2809.0,11695.0,56094.0,4586.0,6566.0,22444.0,2549.0,34566.0,9333.0,19485.0,3392.0,17946.0,7825.0,5409.0,1430.0,14629.0,13528.0,23292.0,6880.0,12366.0,29328.0,25641.0,9961.0,4309.0,45355.0,9960.0,4465.0,2250.0,11148.0,11352.0,1823.0,4879.0,5382.0,2110.0,18135.0,35982.0,23228.0,41989.0,56460.0
2021-12-23,7715,11828,18748.0,2487.0,5124.0,8072.0,23074.0,7759.0,3048.0,6244.0,8934.0,9047.0,28476.0,4282.0,5862.0,931.0,8928.0,9174.0,2499.0,4616.0,4939.0,7637.0,2373.0,10232.0,53686.0,3956.0,5989.0,20878.0,2300.0,32990.0,8093.0,18870.0,3072.0,17152.0,7253.0,5078.0,1175.0,13905.0,11711.0,21494.0,6074.0,11549.0,27287.0,23498.0,9329.0,3397.0,41862.0,8517.0,4080.0,1992.0,9748.0,10219.0,1702.0,4491.0,4614.0,701.0,16484.0,32606.0,21976.0,39571.0,56247.0
