Date,Angel,Baker Street,Euston,Great Portland Street,Marylebone,Old Street,Paddington,Warren Street,Aldgate,Aldgate East,Bank,Bethnal Green,Liverpool Street,Monument,Moorgate,Tower Gateway,Tower Hill,Whitechapel,Barbican,Chancery Lane,Euston Square,Farringdon,Goodge Street,Holborn,Oxford Circus,Russell Square,St Pauls,Tottenham Court Road,Bayswater,Bond Street,Gloucester Road,Knightsbridge,Lancaster Gate,Marble Arch,Notting Hill Gate,Queensway,Regents Park,South Kensington,Covent Garden,Green Park,High Street Kensington,Hyde Park Corner,Leicester Square,Piccadilly Circus,Sloane Square,St James's Park,Victoria,Westminster,Blackfriars,Cannon Street,Charing Cross,Embankment,Mansion House,Pimlico,Southwark,Temple,Vauxhall,Waterloo,Canary Wharf,London Bridge,Stratford
2025-01-02,12291,25095,29952.0,5341.0,10362.0,15199.0,37661.0,14082.0,7516.0,28889.0,59221.0,14273.0,21302.0,2399.0,28221.0,,,,5028.0,7329.0,9397.0,38568.0,4806.0,72602.0,11300.0,,,,6077.0,28639.0,3710.0,22152.0,,,,,,,12815.0,46506.0,32753.0,,,,,,,,12701.0,4310.0,25065.0,5040.0,5796.0,66791.0,,,,,32573.0,67145.0,70459.0
2025-01-03,12838,25813,36385.0,5238.0,11825.0,15602.0,36082.0,14426.0,15287.0,12373.0,21737.0,,,,,,,,21663.0,10678.0,85588.0,,,,,,,,57118.0,14315.0,17643.0,7893.0,2399.0,36683.0,,,,,20152.0,37866.0,13460.0,49605.0,16161.0,12264.0,74780.0,,,,25819.0,7509.0,8777.0,22899.0,,,,,,,32630.0,68170.0,70567.0
2025-01-06,13391,23172,33012.0,6866.0,10059.0,18874.0,31391.0,18575.0,8209.0,12946.0,40450.0,12396.0,70147.0,10438.0,36241.0,1887.0,14604.0,25167.0,6828.0,11775.0,12052.0,54298.0,6400.0,21719.0,55877.0,8760.0,11019.0,65512.0,4354.0,47658.0,13922.0,17236.0,2769.0,10120.0,13107.0,6164.0,2570.0,32878.0,10264.0,32399.0,12244.0,3224.0,26217.0,25255.0,15365.0,11871.0,70652.0,21142.0,14554.0,6427.0,18566.0,18457.0,5691.0,9007.0,10822.0,7408.0,26881.0,67959.0,41657.0,60999.0,66682.0
2025-01-07,17222,27912,38585.0,8605.0,12158.0,23969.0,35893.0,22591.0,10666.0,15070.0,55567.0,13794.0,85460.0,13957.0,47357.0,2291.0,16666.0,27315.0,7692.0,15065.0,14642.0,67751.0,7437.0,24652.0,61934.0,9741.0,13551.0,77729.0,3988.0,53914.0,14785.0,17158.0,2936.0,10781.0,14455.0,5839.0,3023.0,32014.0,12150.0,37028.0,13048.0,3564.0,30157.0,29161.0,18138.0,15084.0,82739.0,23450.0,17471.0,8109.0,22281.0,22411.0,7302.0,7824.0,13916.0,9225.0,32269.0,83577.0,49868.0,74240.0,71357.0
2025-01-08,16390,28133,38852.0,8991.0,12386.0,24702.0,36869.0,22302.0,10923.0,14678.0,55424.0,13498.0,89058.0,13961.0,46925.0,2301.0,17401.0,26738.0,8520.0,14719.0,14750.0,68857.0,7412.0,26739.0,65149.0,9494.0,13818.0,79586.0,4083.0,54139.0,15156.0,16791.0,3082.0,10933.0,14695.0,5992.0,2927.0,33413.0,12338.0,39311.0,13667.0,3448.0,30970.0,30225.0,18396.0,15660.0,89879.0,23790.0,17127.0,7887.0,23006.0,23231.0,7215.0,53.0,14125.0,9255.0,34928.0,84891.0,50111.0,74579.0,68569.0
2025-01-09,18179,29861,39348.0,9550.0,12778.0,26876.0,37847.0,22708.0,11030.0,16166.0,60772.0,14124.0,92045.0,15418.0,50119.0,2611.0,19389.0,27231.0,9466.0,16015.0,15032.0,73672.0,7770.0,29034.0,69794.0,10186.0,14833.0,86010.0,4474.0,57303.0,15868.0,17221.0,3234.0,11266.0,12913.0,7153.0,3231.0,33882.0,13519.0,40145.0,14296.0,3798.0,33990.0,33111.0,19293.0,16364.0,91965.0,24049.0,19060.0,8559.0,24032.0,25317.0,8005.0,1304.0,14865.0,10476.0,34335.0,89529.0,51392.0,80350.0,70701.0
2025-01-10,16890,25963,34600.0,6701.0,10774.0,20231.0,33699.0,18529.0,7506.0,13821.0,34299.0,14236.0,70382.0,9719.0,29765.0,2074.0,16207.0,25139.0,6459.0,10905.0,11447.0,50204.0,6243.0,23365.0,60305.0,10112.0,11135.0,77033.0,4566.0,49897.0,15571.0,17662.0,3256.0,11071.0,15366.0,6567.0,2842.0,33024.0,13212.0,35564.0,13474.0,3552.0,35833.0,34649.0,18014.0,11522.0,75533.0,18603.0,12945.0,5686.0,20210.0,19499.0,5049.0,8951.0,10066.0,7439.0,29173.0,70144.0,40292.0,69169.0,68268.0
2025-01-13,14941,28417,38160.0,8146.0,10527.0,21834.0,34243.0,22315.0,9648.0,14658.0,46330.0,13251.0,76209.0,12407.0,41516.0,2387.0,16934.0,27175.0,7972.0,13664.0,16837.0,62374.0,7642.0,25244.0,57887.0,11333.0,12867.0,69999.0,4287.0,49744.0,15748.0,15848.0,2903.0,10134.0,14693.0,6189.0,2773.0,32295.0,10636.0,35007.0,13114.0,3499.0,26689.0,26006.0,17594.0,14041.0,75020.0,22019.0,16396.0,7388.0,18516.0,20026.0,6257.0,10440.0,11981.0,11352.0,30035.0,75620.0,45673.0,69170.0,71436.0
2025-01-14,19203,32547,44997.0,10104.0,12877.0,27936.0,42652.0,26246.0,11997.0,17643.0,63342.0,14586.0,93619.0,16348.0,51883.0,2744.0,19211.0,29262.0,9201.0,16683.0,20244.0,76587.0,8896.0,30620.0,61514.0,12185.0,14925.0,84747.0,4438.0,59125.0,17068.0,16968.0,3403.0,11103.0,16195.0,6392.0,3320.0,36555.0,12297.0,41734.0,14616.0,4147.0,31025.0,31251.0,20123.0,17644.0,89590.0,25952.0,19965.0,9483.0,23445.0,25578.0,8476.0,11780.0,15495.0,13150.0,35366.0,97600.0,56056.0,84400.0,91422.0
2025-01-15,21119,32513,44771.0,10266.0,13714.0,27798.0,42909.0,24599.0,12654.0,17457.0,62019.0,15241.0,96022.0,15424.0,52192.0,2791.0,19908.0,28269.0,9696.0,16751.0,19650.0,77375.0,8950.0,31573.0,70058.0,11590.0,15357.0,87676.0,4790.0,58563.0,16960.0,16805.0,3432.0,11523.0,16168.0,6676.0,3538.0,35745.0,12742.0,43164.0,14972.0,4139.0,32851.0,32376.0,20628.0,17264.0,95198.0,25958.0,19269.0,9120.0,24290.0,26050.0,8029.0,12051.0,15242.0,12606.0,36813.0,98456.0,55968.0,86196.0,76795.0
2025-01-16,20223,33922,47564.0,10589.0,13836.0,30373.0,42311.0,26467.0,12678.0,18355.0,65883.0,15208.0,103166.0,17026.0,54185.0,2685.0,20766.0,28826.0,10077.0,17461.0,20111.0,82030.0,9348.0,33290.0,71390.0,12438.0,16234.0,93693.0,4933.0,61484.0,17713.0,17410.0,3303.0,11937.0,16667.0,6902.0,3479.0,38154.0,14601.0,42681.0,15037.0,4045.0,36232.0,34662.0,21057.0,17294.0,95087.0,25258.0,20389.0,9485.0,25220.0,27282.0,8350.0,12200.0,15780.0,13638.0,37109.0,99915.0,55901.0,90774.0,76060.0
2025-01-17,17821,28790,42151.0,8003.0,11251.0,22982.0,37561.0,21618.0,8504.0,16838.0,37170.0,15264.0,78630.0,11379.0,32861.0,2071.0,18216.0,27352.0,7322.0,11645.0,15673.0,54741.0,6857.0,26231.0,63212.0,12069.0,11972.0,87131.0,5271.0,53972.0,17862.0,18658.0,3904.0,11630.0,17090.0,7250.0,3104.0,38524.0,14456.0,38749.0,14147.0,3946.0,41082.0,34554.0,20488.0,13146.0,82478.0,22097.0,14119.0,5915.0,23465.0,23317.0,5529.0,10613.0,10753.0,10749.0,31760.0,76821.0,42858.0,76492.0,75088.0
2025-01-20,15288,30912,40940.0,8802.0,11184.0,22697.0,38115.0,23050.0,10505.0,15056.0,48132.0,13620.0,79960.0,13251.0,42686.0,2176.0,18729.0,27903.0,8206.0,13936.0,17436.0,63278.0,8027.0,26931.0,60103.0,11967.0,13199.0,74275.0,4874.0,51817.0,16963.0,16754.0,2098.0,11035.0,15406.0,6704.0,2611.0,34744.0,11281.0,37003.0,13872.0,3651.0,27885.0,27823.0,18464.0,14570.0,77331.0,24387.0,17607.0,7477.0,18392.0,20986.0,6738.0,10914.0,12620.0,12124.0,30585.0,78468.0,48432.0,71759.0,71436.0
2025-01-21,21243,36085,47313.0,10940.0,13339.0,29022.0,42710.0,26832.0,13016.0,18132.0,63630.0,14744.0,97651.0,16496.0,53582.0,2709.0,21042.0,29868.0,10186.0,17393.0,20741.0,78033.0,9302.0,33497.0,68743.0,12249.0,15738.0,88775.0,5111.0,59307.0,18032.0,17575.0,3655.0,12031.0,16801.0,5641.0,3275.0,38129.0,12826.0,42061.0,15056.0,3985.0,31603.0,31995.0,21407.0,17662.0,89583.0,27071.0,20342.0,9397.0,22402.0,24374.0,8656.0,12286.0,15877.0,14222.0,36392.0,97915.0,59541.0,89969.0,76391.0
2025-01-22,22287,33983,49832.0,10673.0,13878.0,28528.0,44590.0,26169.0,13265.0,18352.0,63553.0,14992.0,100501.0,16574.0,53496.0,3486.0,21185.0,30186.0,9773.0,17180.0,19738.0,80183.0,9163.0,33883.0,69916.0,12723.0,15971.0,94061.0,5123.0,60769.0,18112.0,17561.0,3478.0,12193.0,16501.0,7501.0,3627.0,38064.0,13989.0,44439.0,15357.0,4344.0,34760.0,34417.0,21806.0,17901.0,93046.0,26741.0,20666.0,9104.0,22977.0,25916.0,8234.0,12341.0,16112.0,13195.0,35857.0,101655.0,59865.0,90161.0,77343.0
2025-01-23,21929,36370,50854.0,11580.0,14785.0,31167.0,44735.0,27581.0,13391.0,19408.0,67658.0,15737.0,106961.0,17353.0,54378.0,3601.0,21954.0,29249.0,10252.0,18579.0,20660.0,83949.0,8800.0,35447.0,75678.0,13753.0,16815.0,100111.0,5449.0,61794.0,18770.0,18390.0,3494.0,12836.0,16937.0,7413.0,3614.0,40470.0,14942.0,44892.0,15673.0,4204.0,35550.0,37123.0,22035.0,17544.0,96547.0,26135.0,21199.0,9461.0,24164.0,26894.0,8642.0,16753.0,15045.0,37576.0,105661.0,,60530.0,94086.0,78529.0
2025-01-24,19418,31319,41977.0,8538.0,11781.0,23497.0,40263.0,22132.0,8790.0,17461.0,37249.0,15763.0,81447.0,12015.0,31855.0,2944.0,19767.0,28151.0,7545.0,11668.0,15627.0,56614.0,7352.0,27337.0,67331.0,12402.0,12137.0,89972.0,5582.0,52673.0,18162.0,19435.0,3896.0,12540.0,17419.0,7961.0,2787.0,41942.0,14035.0,38703.0,14506.0,4295.0,39306.0,34794.0,20558.0,12935.0,83153.0,23379.0,14237.0,6160.0,22387.0,23066.0,5318.0,10974.0,11128.0,10759.0,33085.0,82550.0,35432.0,82893.0,77107.0
2025-01-27,16222,32095,41596.0,8882.0,11481.0,23400.0,44677.0,23176.0,9754.0,16611.0,48292.0,13707.0,81343.0,13364.0,41770.0,2647.0,18704.0,27088.0,10117.0,15654.0,17763.0,57360.0,8303.0,29327.0,62954.0,12547.0,14417.0,70425.0,5316.0,48146.0,17005.0,16867.0,3989.0,11419.0,15144.0,6717.0,2865.0,36526.0,12123.0,36850.0,13723.0,3776.0,30167.0,29659.0,18127.0,14644.0,79122.0,24800.0,17171.0,7375.0,19174.0,20351.0,6806.0,10959.0,13806.0,12265.0,31047.0,78353.0,52935.0,72709.0,73320.0
2025-01-28,19905,37323,48716.0,10501.0,14651.0,29967.0,47319.0,26770.0,12084.0,19624.0,66386.0,15053.0,99319.0,17099.0,52194.0,2799.0,21049.0,28799.0,10137.0,18785.0,20381.0,76753.0,9667.0,35050.0,70211.0,13626.0,16839.0,88808.0,5141.0,56383.0,18190.0,17601.0,4136.0,12432.0,16585.0,6813.0,3539.0,39453.0,13912.0,42807.0,14854.0,3871.0,34498.0,33701.0,20418.0,18266.0,89940.0,27157.0,21376.0,9926.0,23352.0,24199.0,8726.0,12397.0,16889.0,14559.0,36438.0,98773.0,60160.0,89669.0,80807.0
2025-01-29,19299,35022,48869.0,10684.0,14348.0,28826.0,53198.0,25847.0,12234.0,18977.0,65735.0,15702.0,103522.0,17436.0,51935.0,3162.0,21360.0,28551.0,11290.0,18987.0,20242.0,73357.0,8800.0,35237.0,74099.0,12833.0,17418.0,87981.0,5228.0,57825.0,17982.0,17755.0,4441.0,12527.0,16947.0,7541.0,3588.0,38379.0,13445.0,44449.0,14942.0,4160.0,38669.0,37209.0,20649.0,18230.0,96556.0,27706.0,21133.0,9228.0,23942.0,26217.0,8398.0,9171.0,16564.0,13514.0,22161.0,107042.0,67564.0,90655.0,79521.0
2025-01-30,19540,40815,52803.0,11806.0,13421.0,32305.0,46349.0,27981.0,13438.0,19705.0,68053.0,16180.0,118733.0,18158.0,56012.0,3041.0,22498.0,29473.0,10224.0,18397.0,21018.0,86621.0,8854.0,36465.0,68895.0,13371.0,17331.0,102524.0,5250.0,65081.0,19190.0,18284.0,4349.0,13180.0,17951.0,7768.0,3398.0,39830.0,15286.0,46279.0,16439.0,4194.0,38441.0,37686.0,21824.0,18505.0,98873.0,28037.0,21575.0,9547.0,25422.0,28229.0,8971.0,12485.0,16916.0,15354.0,38022.0,105009.0,63338.0,97344.0,82579.0
2025-01-31,19922,32096,45486.0,8262.0,12428.0,25409.0,39960.0,22345.0,8630.0,18194.0,38456.0,16323.0,87546.0,11748.0,33430.0,2418.0,19662.0,28052.0,7505.0,12452.0,15704.0,59342.0,6884.0,29813.0,66773.0,13134.0,12315.0,93749.0,5903.0,54852.0,18327.0,19888.0,3939.0,12787.0,17614.0,8060.0,3064.0,42555.0,15354.0,40105.0,15616.0,4037.0,42714.0,37415.0,20110.0,13071.0,87117.0,22462.0,15305.0,6055.0,22454.0,23475.0,5373.0,11432.0,12411.0,11210.0,34094.0,83837.0,50451.0,83748.0,79255.0
2025-02-03,16646,32102,42364.0,8878.0,11300.0,22732.0,38731.0,22704.0,10059.0,16637.0,46512.0,13357.0,80411.0,12504.0,41828.0,2288.0,19291.0,28219.0,8487.0,13801.0,17668.0,67829.0,7875.0,28261.0,60013.0,12633.0,13643.0,74692.0,5297.0,51240.0,17203.0,17010.0,3214.0,11076.0,15754.0,6874.0,2946.0,36330.0,11529.0,36587.0,13717.0,3651.0,29147.0,28896.0,18548.0,14710.0,79961.0,24846.0,17717.0,7226.0,18902.0,20116.0,7382.0,10971.0,13035.0,12308.0,31091.0,78939.0,48369.0,72891.0,73246.0
2025-02-04,20625,36585,47375.0,10879.0,13232.0,28622.0,44552.0,26300.0,12718.0,18851.0,62919.0,14319.0,99806.0,16824.0,53785.0,2991.0,20174.0,29824.0,9881.0,16298.0,20712.0,86889.0,9400.0,33610.0,69475.0,13411.0,15116.0,90159.0,5861.0,59198.0,17629.0,17429.0,2908.0,10670.0,17144.0,5443.0,3513.0,37914.0,12356.0,42334.0,14951.0,4113.0,32076.0,32273.0,20124.0,17897.0,89271.0,27951.0,21165.0,9418.0,23033.0,24252.0,8741.0,12351.0,15912.0,14364.0,35639.0,98207.0,56304.0,88584.0,80391.0
2025-02-05,21582,34998,48797.0,10386.0,13558.0,28598.0,42640.0,25627.0,12786.0,17840.0,64437.0,15535.0,100673.0,16344.0,52104.0,3069.0,20872.0,29767.0,9717.0,17824.0,19941.0,84185.0,8980.0,34521.0,70555.0,12217.0,16619.0,93641.0,5062.0,59785.0,17772.0,17466.0,3806.0,12299.0,17274.0,7302.0,3431.0,38022.0,13674.0,44114.0,15847.0,4414.0,35109.0,34574.0,20323.0,17676.0,93427.0,27532.0,20552.0,9122.0,23593.0,25121.0,8534.0,12110.0,15876.0,13049.0,35792.0,98105.0,57017.0,89482.0,79046.0
2025-02-06,21512,37264,49963.0,11376.0,14300.0,31248.0,45062.0,27026.0,13388.0,19104.0,68122.0,15852.0,109203.0,18396.0,53354.0,3066.0,22559.0,29898.0,10143.0,18174.0,20909.0,89620.0,9673.0,35865.0,76143.0,13291.0,17204.0,99259.0,5415.0,63529.0,18564.0,18684.0,4048.0,12879.0,18394.0,7654.0,3487.0,40693.0,14372.0,41915.0,16108.0,4666.0,37965.0,37790.0,21114.0,18138.0,98774.0,28011.0,21612.0,9638.0,25532.0,26418.0,8799.0,12820.0,16532.0,14650.0,38101.0,102152.0,57060.0,94899.0,79853.0
2025-02-07,19431,32139,47428.0,8407.0,12669.0,23658.0,40487.0,21944.0,9208.0,17926.0,38393.0,16305.0,85694.0,12071.0,33036.0,2203.0,19429.0,27373.0,7841.0,12872.0,16797.0,59826.0,8199.0,30241.0,66334.0,14014.0,12567.0,89279.0,5930.0,53381.0,18226.0,21196.0,3739.0,13364.0,17889.0,7936.0,3175.0,44178.0,16338.0,40050.0,16072.0,4241.0,42881.0,39276.0,20023.0,13769.0,88524.0,23765.0,15404.0,6236.0,24049.0,22415.0,5517.0,11395.0,11934.0,11468.0,35828.0,85137.0,42524.0,83160.0,79406.0
2025-02-10,16151,32245,43085.0,8962.0,11655.0,23161.0,37841.0,22735.0,,,,,,,,,,,,,,,,,,,,,18199.0,,,,,,,,,,13376.0,38182.0,14192.0,3820.0,30000.0,30807.0,18069.0,16226.0,79999.0,27634.0,17923.0,7364.0,21684.0,21438.0,6998.0,11312.0,12770.0,12991.0,30957.0,79987.0,47072.0,72048.0,72878.0
2025-02-11,19501,37054,47981.0,10738.0,13146.0,28154.0,42905.0,26530.0,12807.0,19019.0,64432.0,15682.0,99129.0,16355.0,52370.0,2826.0,21448.0,29828.0,10006.0,17131.0,20670.0,82496.0,9500.0,34911.0,70296.0,13007.0,16387.0,88564.0,4886.0,59119.0,18159.0,3847.0,12277.0,17168.0,6818.0,3326.0,39440.0,,14022.0,44150.0,16117.0,3982.0,32617.0,32843.0,21075.0,18412.0,91729.0,28709.0,20834.0,9333.0,23030.0,24719.0,8538.0,12503.0,16063.0,14508.0,36680.0,97215.0,56926.0,89908.0,78805.0
2025-02-12,19126,34515,49532.0,11009.0,13653.0,29175.0,43518.0,24958.0,12744.0,18986.0,63621.0,15678.0,100563.0,16144.0,52131.0,3070.0,20827.0,29786.0,10004.0,17132.0,20337.0,80346.0,9459.0,35190.0,62449.0,12958.0,16586.0,95999.0,5149.0,63671.0,17751.0,18183.0,3729.0,12718.0,16790.0,6989.0,3441.0,38474.0,14908.0,45562.0,15813.0,4310.0,36089.0,36632.0,21354.0,18726.0,93893.0,27546.0,20439.0,9148.0,24512.0,25795.0,8293.0,12378.0,15492.0,13693.0,33285.0,92709.0,54924.0,88744.0,78457.0
2025-02-13,20259,37238,50442.0,11394.0,14509.0,31341.0,45844.0,27174.0,13019.0,19678.0,67406.0,16185.0,111709.0,17570.0,53807.0,2700.0,21728.0,29855.0,10242.0,18115.0,21309.0,86033.0,9554.0,35903.0,77318.0,11978.0,17157.0,98987.0,4855.0,63131.0,18549.0,17548.0,3973.0,12973.0,17422.0,7208.0,3487.0,39034.0,14697.0,45400.0,15745.0,3900.0,38273.0,36719.0,21952.0,18060.0,99654.0,25313.0,22989.0,9301.0,26442.0,27616.0,8844.0,12872.0,16429.0,14948.0,38123.0,104247.0,56027.0,95097.0,82483.0
2025-02-14,19129,33588,45657.0,7983.0,11529.0,24086.0,43318.0,21294.0,9072.0,17705.0,37898.0,15935.0,88434.0,12693.0,32169.0,2479.0,19912.0,28185.0,7669.0,11430.0,16056.0,56916.0,7829.0,29156.0,71143.0,13280.0,12692.0,99057.0,5706.0,59250.0,18322.0,21671.0,3942.0,13323.0,18547.0,7967.0,3010.0,43903.0,18327.0,41830.0,16147.0,4440.0,50865.0,40793.0,21939.0,12845.0,94337.0,24476.0,14852.0,6139.0,23858.0,25362.0,5542.0,11066.0,12281.0,10698.0,34131.0,82460.0,46104.0,87970.0,86904.0
2025-02-17,15634,33717,45818.0,8341.0,11955.0,23090.0,42444.0,20485.0,10106.0,17685.0,46308.0,14307.0,85663.0,14583.0,38078.0,2602.0,23673.0,27582.0,7974.0,13215.0,15889.0,63262.0,7279.0,29010.0,70440.0,12731.0,14042.0,83566.0,5654.0,55994.0,19232.0,22296.0,3934.0,13534.0,16221.0,7979.0,3015.0,42821.0,39000.0,4492.0,15133.0,85168.0,29901.0,,,,,,17823.0,7018.0,6827.0,13399.0,9653.0,84304.0,,,,,47770.0,79051.0,78932.0
2025-02-18,19281,37412,49738.0,9931.0,14031.0,28230.0,46933.0,24114.0,12402.0,19941.0,61219.0,15311.0,100663.0,19585.0,47984.0,3204.0,26613.0,29595.0,8951.0,15755.0,18372.0,78453.0,8859.0,34582.0,75340.0,12800.0,15918.0,98984.0,6030.0,63278.0,20278.0,22312.0,4180.0,14076.0,18558.0,8450.0,3404.0,44554.0,19082.0,44256.0,16258.0,4884.0,45676.0,40781.0,20638.0,17722.0,94742.0,31026.0,21295.0,9179.0,26204.0,28363.0,8578.0,11929.0,15876.0,11961.0,35318.0,100967.0,56949.0,91431.0,83730.0
2025-02-19,19053,35993,49364.0,9549.0,14457.0,28202.0,46358.0,23841.0,13789.0,16281.0,59526.0,16079.0,101062.0,17467.0,47031.0,3081.0,26217.0,29085.0,9330.0,15798.0,17766.0,76439.0,8580.0,34612.0,78933.0,13273.0,16263.0,100249.0,6142.0,62683.0,20682.0,22434.0,4294.0,14160.0,18337.0,8418.0,3428.0,46994.0,19345.0,44957.0,16626.0,5259.0,46706.0,42280.0,22231.0,18658.0,99168.0,32423.0,20489.0,8843.0,27544.0,29698.0,8281.0,12901.0,15361.0,11591.0,35868.0,100484.0,54297.0,94047.0,82676.0
2025-02-20,19601,38731,52616.0,8682.0,11196.0,31048.0,50572.0,25344.0,9850.0,20724.0,64157.0,17635.0,102405.0,19030.0,48767.0,3024.0,25170.0,28830.0,7366.0,17491.0,17205.0,79250.0,8765.0,36053.0,80011.0,12960.0,17539.0,106457.0,5774.0,63914.0,21744.0,23191.0,4459.0,14660.0,18330.0,8908.0,3928.0,45859.0,20039.0,44994.0,16357.0,5016.0,48878.0,42806.0,21199.0,17355.0,103728.0,29603.0,21571.0,9013.0,28384.0,30007.0,8464.0,13024.0,16142.0,12530.0,36682.0,106907.0,55480.0,99233.0,84044.0
2025-02-21,18563,33951,50254.0,7874.0,13371.0,24034.0,46241.0,20155.0,9369.0,18797.0,38388.0,16881.0,88041.0,14174.0,29942.0,2788.0,24690.0,28461.0,7259.0,11545.0,14977.0,57927.0,6692.0,30772.0,75128.0,11620.0,13015.0,101948.0,6610.0,59106.0,21575.0,24706.0,4561.0,14792.0,19184.0,9210.0,3104.0,45739.0,18473.0,43017.0,16806.0,5085.0,52736.0,41511.0,22051.0,13903.0,91558.0,27765.0,15548.0,6272.0,27048.0,28516.0,5684.0,10612.0,12116.0,10574.0,33713.0,90616.0,45616.0,90274.0,81376.0
2025-02-24,15588,29451,43101.0,8673.0,11780.0,22356.0,38424.0,22189.0,10181.0,16343.0,47929.0,13868.0,85790.0,12807.0,41302.0,2325.0,19039.0,28102.0,8641.0,13760.0,17515.0,64292.0,7570.0,27125.0,59240.0,11938.0,13603.0,72115.0,4676.0,50968.0,17283.0,16891.0,3360.0,11060.0,14824.0,6869.0,2935.0,34968.0,12550.0,37855.0,13805.0,3789.0,30270.0,28727.0,18415.0,14962.0,80708.0,24505.0,16842.0,7321.0,23109.0,21856.0,6831.0,11632.0,13118.0,11699.0,32127.0,79141.0,47153.0,71573.0,72069.0
2025-02-25,18878,35939,50013.0,11161.0,14020.0,28226.0,47152.0,25861.0,13206.0,19304.0,65350.0,15587.0,106330.0,17491.0,52369.0,2870.0,22525.0,30480.0,11281.0,18361.0,21821.0,76042.0,9866.0,32537.0,57691.0,13229.0,17280.0,92625.0,5301.0,64293.0,19087.0,17952.0,4235.0,12376.0,17245.0,7283.0,3555.0,37680.0,14284.0,46641.0,15954.0,4826.0,33452.0,36387.0,21807.0,19576.0,97383.0,29948.0,21474.0,9477.0,24291.0,27134.0,9243.0,12172.0,16442.0,13954.0,36081.0,101126.0,56915.0,91257.0,79268.0
2025-02-26,20989,35718,52650.0,10915.0,14913.0,29757.0,48155.0,26687.0,13608.0,19624.0,65211.0,15889.0,108832.0,17651.0,51988.0,2807.0,22612.0,29358.0,10123.0,17622.0,21045.0,82977.0,9583.0,34284.0,73063.0,14428.0,17065.0,94333.0,6068.0,61993.0,19521.0,19858.0,4629.0,13006.0,17494.0,8018.0,3527.0,41080.0,16067.0,48882.0,15902.0,5047.0,36619.0,38644.0,21412.0,20666.0,100928.0,30903.0,21024.0,9531.0,26055.0,26288.0,8710.0,12915.0,16642.0,13496.0,37777.0,104564.0,53618.0,84940.0,79081.0
2025-02-27,22519,37711,54190.0,11216.0,14684.0,31692.0,48360.0,27248.0,13731.0,21396.0,70285.0,17250.0,113478.0,18914.0,53109.0,3009.0,24691.0,30185.0,10388.0,18799.0,22139.0,86275.0,9711.0,35648.0,79490.0,14077.0,19432.0,99767.0,6154.0,64061.0,20238.0,19518.0,4865.0,13849.0,18595.0,8396.0,3633.0,40647.0,16666.0,47388.0,16709.0,4957.0,40745.0,39808.0,23264.0,19079.0,103320.0,29717.0,21649.0,10122.0,26757.0,28926.0,9371.0,13261.0,16984.0,14674.0,38225.0,107934.0,58761.0,101226.0,97243.0
2025-02-28,19055,33000,47804.0,8249.0,12106.0,24118.0,43438.0,21477.0,9933.0,18286.0,40148.0,16485.0,88570.0,13620.0,33106.0,2617.0,22137.0,30788.0,7907.0,12223.0,16439.0,60591.0,7619.0,27974.0,70476.0,13487.0,14069.0,94523.0,6732.0,56910.0,19670.0,20877.0,5081.0,13666.0,20979.0,8496.0,3132.0,44084.0,17129.0,42936.0,15816.0,4835.0,46265.0,40546.0,22421.0,15463.0,89336.0,27799.0,15779.0,6353.0,24673.0,25765.0,6157.0,11212.0,13169.0,11032.0,34885.0,84717.0,44665.0,86469.0,81234.0
2025-03-03,14839,32928,41124.0,8976.0,11067.0,22543.0,39357.0,22297.0,10359.0,16931.0,47120.0,13273.0,81970.0,13219.0,40897.0,2449.0,21519.0,26534.0,8251.0,13761.0,17025.0,63112.0,7827.0,27924.0,60962.0,12862.0,13907.0,73868.0,5595.0,51213.0,17738.0,18210.0,3799.0,11778.0,16839.0,7527.0,3189.0,37176.0,12810.0,37334.0,14592.0,4405.0,30487.0,30801.0,19365.0,16169.0,79888.0,27612.0,16945.0,7191.0,20125.0,21578.0,7066.0,11000.0,13648.0,11960.0,30840.0,80960.0,48780.0,75038.0,70849.0
2025-03-04,18861,37230,47373.0,10596.0,13179.0,28220.0,44517.0,26208.0,13029.0,19030.0,63714.0,14441.0,100045.0,17758.0,51491.0,3039.0,23509.0,29000.0,9326.0,17023.0,20296.0,79359.0,9256.0,33307.0,67218.0,13445.0,16425.0,88097.0,5542.0,58796.0,18691.0,17941.0,4039.0,12255.0,17852.0,7432.0,3570.0,39320.0,14745.0,43022.0,15927.0,4824.0,33066.0,33635.0,21278.0,19432.0,91878.0,30846.0,20475.0,9572.0,24099.0,26302.0,8802.0,12289.0,14516.0,14586.0,35932.0,99651.0,54208.0,91547.0,78059.0
2025-03-05,18785,35839,46181.0,10585.0,14008.0,28065.0,43020.0,25793.0,12718.0,18845.0,63236.0,15875.0,100302.0,17060.0,50312.0,3007.0,22913.0,29563.0,9851.0,17471.0,20059.0,80397.0,9066.0,33609.0,71596.0,12875.0,16722.0,92191.0,5842.0,59662.0,18782.0,17507.0,4178.0,13130.0,18197.0,7987.0,3497.0,40763.0,13422.0,45120.0,16612.0,4868.0,34516.0,33585.0,22166.0,19272.0,94468.0,30092.0,20271.0,9195.0,24439.0,27684.0,8544.0,12687.0,16014.0,13726.0,36878.0,102013.0,56081.0,89396.0,77825.0
2025-03-06,20233,38364,50824.0,11532.0,14238.0,30519.0,47464.0,26139.0,13047.0,20086.0,67700.0,15448.0,111960.0,18567.0,52345.0,2901.0,23550.0,29696.0,10091.0,17700.0,20448.0,85240.0,9753.0,34857.0,64495.0,13567.0,17607.0,100810.0,5772.0,65990.0,19846.0,18678.0,4374.0,13410.0,18822.0,8213.0,3723.0,42372.0,15552.0,47080.0,16352.0,4994.0,38734.0,38133.0,22465.0,19139.0,99872.0,29328.0,20861.0,9713.0,26143.0,28544.0,9039.0,12520.0,17149.0,14670.0,37956.0,106712.0,57720.0,98355.0,80004.0
2025-03-07,17721,34071,46890.0,8648.0,10941.0,23505.0,42016.0,21756.0,9541.0,18031.0,38296.0,15947.0,85891.0,12715.0,33276.0,2435.0,21902.0,28763.0,7894.0,11635.0,16446.0,58525.0,7503.0,28114.0,65940.0,12911.0,12666.0,91513.0,6205.0,55294.0,19540.0,19691.0,4243.0,13114.0,18962.0,8597.0,2914.0,41370.0,16244.0,42009.0,15870.0,4952.0,43415.0,37075.0,21710.0,15450.0,88281.0,26613.0,14517.0,6111.0,23646.0,25622.0,5960.0,10786.0,11567.0,11173.0,34821.0,83961.0,44404.0,84262.0,77405.0
2025-03-10,15960,32575,42891.0,9041.0,11573.0,22448.0,39102.0,22390.0,10548.0,17565.0,47670.0,13576.0,82971.0,13764.0,40593.0,2436.0,21265.0,28444.0,7934.0,13778.0,17790.0,65808.0,7669.0,28651.0,59452.0,12674.0,13987.0,74611.0,5456.0,51740.0,18025.0,17207.0,3806.0,11691.0,16069.0,7465.0,3099.0,38442.0,12996.0,37573.0,14468.0,3938.0,29760.0,28779.0,19074.0,17411.0,82122.0,26210.0,17290.0,7557.0,20323.0,21655.0,6871.0,10910.0,13450.0,11982.0,31111.0,81594.0,49013.0,75668.0,88398.0
2025-03-11,17919,36880,50958.0,10694.0,14108.0,26517.0,44955.0,27405.0,12767.0,19717.0,62100.0,14799.0,101811.0,17462.0,51780.0,2873.0,22656.0,29961.0,9507.0,17456.0,20712.0,80873.0,9352.0,34407.0,68625.0,13616.0,16723.0,88402.0,5261.0,58151.0,18448.0,17269.0,4328.0,12160.0,17313.0,7203.0,3538.0,39866.0,14207.0,42994.0,15895.0,4290.0,32964.0,32520.0,20805.0,19154.0,93108.0,28724.0,19666.0,9708.0,23526.0,25774.0,8729.0,12220.0,16546.0,14367.0,35638.0,99511.0,57725.0,88758.0,78828.0
2025-03-12,19289,35676,51745.0,10925.0,13975.0,28590.0,46255.0,25823.0,12690.0,18779.0,62734.0,15225.0,103547.0,16783.0,52163.0,3072.0,22262.0,29380.0,9959.0,18156.0,20366.0,83793.0,9012.0,32656.0,70212.0,13884.0,17075.0,93231.0,5935.0,59910.0,18424.0,17231.0,4073.0,12654.0,17654.0,7924.0,3521.0,40039.0,14599.0,44785.0,16405.0,4210.0,37177.0,33591.0,22719.0,19399.0,95856.0,29012.0,20251.0,9272.0,24808.0,27246.0,8637.0,12619.0,16493.0,13981.0,36509.0,100593.0,56248.0,90564.0,77595.0
2025-03-13,20326,37500,52305.0,10971.0,15161.0,31168.0,48661.0,26473.0,12776.0,20623.0,66351.0,15941.0,113856.0,18147.0,52894.0,2802.0,24592.0,29357.0,10633.0,18178.0,20333.0,84205.0,9585.0,36009.0,75344.0,13576.0,17578.0,97785.0,5977.0,61088.0,19734.0,18132.0,4201.0,13535.0,18093.0,8090.0,3576.0,41768.0,16163.0,44455.0,16875.0,4540.0,38787.0,36021.0,22748.0,19487.0,105867.0,28415.0,21682.0,10002.0,26777.0,28790.0,9219.0,13004.0,16565.0,15227.0,38456.0,107046.0,55641.0,95011.0,78552.0
2025-03-14,19375,32403,47303.0,8200.0,11981.0,23387.0,42945.0,21239.0,9066.0,18422.0,37548.0,16335.0,84770.0,12998.0,32194.0,2326.0,21789.0,28733.0,7545.0,11741.0,16429.0,58591.0,7774.0,29488.0,65588.0,12653.0,12996.0,90256.0,6222.0,54200.0,19455.0,19436.0,4297.0,13188.0,18506.0,8255.0,3167.0,42714.0,16699.0,39841.0,15567.0,4489.0,43683.0,37385.0,22995.0,14836.0,90260.0,25599.0,14473.0,6223.0,23789.0,24035.0,5887.0,11142.0,12416.0,11500.0,33906.0,83057.0,45092.0,84895.0,77746.0
2025-03-17,15780,32531,42798.0,8925.0,10936.0,23185.0,40371.0,22415.0,10453.0,17462.0,47290.0,11947.0,80544.0,13898.0,41777.0,2306.0,21805.0,29417.0,8251.0,12469.0,17610.0,66479.0,7750.0,27532.0,58494.0,12813.0,12881.0,79632.0,6009.0,54038.0,18426.0,18070.0,3484.0,10486.0,16322.0,7120.0,2862.0,38378.0,13932.0,38004.0,14471.0,3763.0,32316.0,30989.0,19787.0,17163.0,80710.0,26830.0,17132.0,7729.0,20382.0,21909.0,7254.0,11153.0,13772.0,12400.0,31110.0,80879.0,48624.0,73220.0,73283.0
2025-03-18,18436,36796,48796.0,10794.0,13287.0,27440.0,44474.0,25943.0,13210.0,18398.0,63253.0,14808.0,101486.0,17706.0,53159.0,3033.0,23397.0,30363.0,12536.0,19851.0,21070.0,69467.0,9162.0,34401.0,69271.0,13214.0,18012.0,89144.0,5465.0,59467.0,18770.0,18136.0,4156.0,12495.0,17320.0,6917.0,3656.0,39260.0,14522.0,44511.0,15660.0,4596.0,33429.0,33295.0,21480.0,18783.0,94228.0,30339.0,23887.0,9369.0,23325.0,26100.0,8983.0,12288.0,16568.0,14208.0,35805.0,97482.0,57133.0,91771.0,78964.0
2025-03-19,19401,35663,50721.0,10723.0,13940.0,28010.0,44664.0,25414.0,12844.0,18216.0,63871.0,15553.0,103529.0,17606.0,50875.0,3035.0,23273.0,29922.0,9576.0,16857.0,20484.0,81509.0,7774.0,33895.0,70535.0,12428.0,16643.0,92029.0,5665.0,60530.0,19092.0,17318.0,4445.0,12784.0,17694.0,7806.0,3769.0,39490.0,14079.0,45907.0,16253.0,4523.0,34306.0,33265.0,22034.0,18578.0,94809.0,28889.0,20026.0,9443.0,24084.0,28135.0,8598.0,12499.0,15510.0,14120.0,35757.0,102207.0,55664.0,92210.0,78752.0
2025-03-20,22259,39434,51303.0,11676.0,14122.0,31096.0,47219.0,25768.0,13117.0,20071.0,67804.0,114003.0,19166.0,52093.0,3185.0,26301.0,30483.0,,10167.0,17466.0,20595.0,85099.0,9166.0,35461.0,69478.0,12971.0,17489.0,100899.0,5739.0,65488.0,19973.0,17949.0,4704.0,14096.0,18472.0,3963.0,38455.0,,15258.0,46481.0,16650.0,5131.0,38881.0,37036.0,23426.0,18951.0,99499.0,29272.0,21072.0,9669.0,25818.0,30855.0,9272.0,12511.0,16910.0,15207.0,37628.0,109769.0,59047.0,102227.0,80325.0
2025-03-21,21519,35321,46786.0,9118.0,12393.0,23308.0,41073.0,20858.0,16167.0,12626.0,2521.0,21853.0,,,,,,,63943.0,88240.0,,,,,,,,,6178.0,4663.0,13050.0,8374.0,41005.0,,,,,,16082.0,40543.0,15482.0,4645.0,43672.0,37003.0,21205.0,14655.0,89200.0,25569.0,14980.0,6131.0,23638.0,25516.0,5954.0,10863.0,11625.0,11363.0,33899.0,86198.0,44475.0,87554.0,75908.0
2025-03-24,15296,33996,43284.0,9346.0,12326.0,22373.0,40867.0,21707.0,10968.0,15932.0,47370.0,13548.0,84983.0,13786.0,40863.0,2387.0,20784.0,28523.0,8731.0,13445.0,17357.0,66242.0,7084.0,27790.0,59319.0,11810.0,13746.0,74602.0,5565.0,51272.0,17049.0,17332.0,3776.0,11011.0,16287.0,7057.0,3144.0,35609.0,12950.0,38263.0,14510.0,4219.0,30064.0,29082.0,19599.0,15900.0,82034.0,26444.0,17317.0,7247.0,20146.0,22687.0,6908.0,10546.0,11973.0,11937.0,31072.0,82480.0,48927.0,75466.0,72927.0
2025-03-25,18762,36309,48657.0,10463.0,12709.0,27918.0,44367.0,25081.0,12784.0,18198.0,64006.0,14956.0,101820.0,16838.0,51643.0,2913.0,23416.0,30429.0,9964.0,17181.0,20135.0,81102.0,8490.0,34438.0,69469.0,12178.0,17332.0,89385.0,5129.0,60505.0,18200.0,17457.0,4041.0,12662.0,17300.0,7449.0,3494.0,37315.0,14160.0,43334.0,15033.0,4573.0,35135.0,33102.0,21829.0,19029.0,94267.0,29584.0,20079.0,9422.0,23414.0,25614.0,9045.0,12348.0,16335.0,14327.0,35811.0,100003.0,57343.0,90968.0,78677.0
2025-03-26,19473,35948,49618.0,10589.0,12658.0,28164.0,45752.0,25279.0,12631.0,18601.0,63688.0,15614.0,104082.0,17135.0,50351.0,3013.0,22121.0,30214.0,10007.0,16765.0,19555.0,79990.0,8534.0,33836.0,72613.0,12937.0,16881.0,93098.0,5719.0,61779.0,17845.0,17981.0,4348.0,13310.0,17992.0,8216.0,3620.0,37539.0,14480.0,46090.0,16157.0,4858.0,36287.0,34706.0,22330.0,19705.0,95079.0,30080.0,20047.0,9364.0,24356.0,27709.0,8843.0,12317.0,15854.0,13345.0,36368.0,100192.0,55884.0,90754.0,78915.0
2025-03-27,18805,38546,50609.0,11370.0,13724.0,29019.0,48219.0,25181.0,13363.0,19885.0,66685.0,15670.0,112793.0,18846.0,52239.0,3014.0,24518.0,30680.0,10682.0,17094.0,20994.0,84677.0,8506.0,36105.0,74663.0,12888.0,17473.0,100772.0,5884.0,64958.0,18751.0,18464.0,3507.0,13300.0,18386.0,8296.0,3550.0,38287.0,16258.0,46058.0,16276.0,5099.0,40151.0,37849.0,22835.0,19556.0,102192.0,29010.0,20783.0,9599.0,25664.0,29960.0,9170.0,12207.0,17498.0,15071.0,39668.0,104551.0,55956.0,95028.0,82596.0
2025-03-28,17951,32816,46339.0,8483.0,11795.0,22964.0,42279.0,20577.0,9142.0,17567.0,38710.0,16438.0,85892.0,12908.0,32547.0,2508.0,21698.0,29913.0,8241.0,11499.0,15493.0,58148.0,6892.0,28944.0,70201.0,13273.0,13378.0,91333.0,5935.0,55980.0,18007.0,21271.0,4400.0,13101.0,18620.0,8705.0,3035.0,43626.0,17061.0,39963.0,15949.0,4651.0,44006.0,37623.0,21801.0,14557.0,89668.0,24745.0,15048.0,6220.0,23912.0,25374.0,6370.0,10721.0,12426.0,10880.0,34518.0,85486.0,43636.0,84462.0,80554.0
2025-03-31,13903,32354,43170.0,8514.0,10818.0,21469.0,39919.0,19620.0,9458.0,15507.0,45431.0,12736.0,80218.0,13091.0,36408.0,2505.0,20325.0,25701.0,7700.0,12041.0,14282.0,60538.0,6278.0,25244.0,60340.0,10226.0,13055.0,74061.0,5128.0,52600.0,15903.0,17588.0,3076.0,12226.0,15376.0,7567.0,3103.0,33476.0,13221.0,37504.0,13946.0,4396.0,31860.0,29567.0,19158.0,15176.0,79043.0,26676.0,16198.0,6663.0,19148.0,22442.0,6498.0,9830.0,12370.0,8846.0,28873.0,78143.0,48838.0,71099.0,74233.0
2025-04-01,19274,36716,48051.0,10434.0,13269.0,26390.0,43906.0,24432.0,12500.0,17954.0,61905.0,14754.0,98715.0,17143.0,50537.0,3230.0,22159.0,29403.0,9269.0,16000.0,17256.0,78193.0,7826.0,30748.0,69808.0,11277.0,16512.0,88247.0,5205.0,59542.0,16427.0,17744.0,4187.0,12763.0,16496.0,7503.0,3578.0,35805.0,13553.0,42733.0,15190.0,4540.0,32618.0,21122.0,28596.0,,,,22457.0,26016.0,11828.0,15333.0,95240.0,,,,,,56908.0,88831.0,78154.0
2025-04-02,17984,35589,48691.0,10349.0,13694.0,27156.0,45008.0,23904.0,12503.0,17825.0,63018.0,15270.0,103563.0,17417.0,48986.0,3765.0,22312.0,29846.0,9208.0,16084.0,17769.0,80984.0,7831.0,32976.0,71950.0,11396.0,15921.0,91539.0,4960.0,61350.0,17061.0,18091.0,4249.0,12704.0,17064.0,7923.0,3717.0,36679.0,34399.0,19038.0,93200.0,,,,,,,,19335.0,9191.0,23509.0,7914.0,12022.0,35498.0,,,,,54437.0,87584.0,77973.0
2025-04-03,18071,36348,50327.0,11447.0,14080.0,27336.0,47021.0,23765.0,12025.0,18684.0,65537.0,15751.0,112136.0,17623.0,51562.0,3730.0,22208.0,29596.0,10362.0,15874.0,18975.0,84743.0,6693.0,34389.0,67650.0,11425.0,16442.0,98366.0,5330.0,63706.0,17726.0,18240.0,4163.0,12887.0,17203.0,7807.0,3841.0,36078.0,15701.0,45128.0,16099.0,5183.0,35242.0,36895.0,22587.0,19223.0,98329.0,27767.0,20911.0,9955.0,30274.0,8890.0,11435.0,16751.0,12617.0,39691.0,103453.0,,57208.0,94480.0,79069.0
2025-04-04,17498,32426,45766.0,8368.0,11205.0,22094.0,40765.0,18828.0,8237.0,17008.0,36740.0,16135.0,82953.0,12056.0,30262.0,3046.0,20277.0,28366.0,7222.0,10816.0,13932.0,58165.0,6251.0,26587.0,64974.0,10831.0,12025.0,87786.0,5663.0,54209.0,16384.0,19472.0,4406.0,12804.0,17449.0,8151.0,3269.0,33409.0,15032.0,39545.0,15053.0,5198.0,41505.0,34231.0,20481.0,13416.0,83490.0,23191.0,13913.0,5944.0,21596.0,24518.0,5475.0,9791.0,11294.0,8807.0,33058.0,81821.0,44931.0,84014.0,78200.0
2025-04-07,15717,31354,42761.0,8893.0,10960.0,21347.0,39288.0,19580.0,9943.0,16129.0,44082.0,12980.0,79695.0,12835.0,37732.0,2694.0,21861.0,27073.0,7317.0,11986.0,14684.0,61823.0,6484.0,24439.0,63568.0,10283.0,12725.0,76014.0,5610.0,53843.0,16247.0,19067.0,3815.0,12112.0,15089.0,7369.0,3229.0,33873.0,13714.0,38004.0,14038.0,4844.0,33445.0,31416.0,19259.0,14892.0,80731.0,26634.0,16118.0,6982.0,20119.0,22843.0,6473.0,9435.0,12560.0,8479.0,29873.0,78717.0,47454.0,74091.0,74414.0
2025-04-08,20292,35609,48530.0,10666.0,12806.0,25436.0,45128.0,22783.0,12271.0,18072.0,59381.0,14579.0,97750.0,16802.0,48685.0,3079.0,24644.0,29225.0,8988.0,15483.0,17258.0,76955.0,7573.0,30396.0,74266.0,11662.0,15612.0,91216.0,5628.0,60026.0,17271.0,20594.0,4306.0,13285.0,16520.0,7992.0,3688.0,37128.0,16115.0,43370.0,15392.0,5277.0,38893.0,36386.0,21175.0,17808.0,92737.0,28648.0,19315.0,8749.0,23512.0,26861.0,8260.0,10890.0,15022.0,10537.0,34949.0,97460.0,56051.0,91170.0,81049.0
2025-04-09,20728,34311,48750.0,10120.0,13047.0,26301.0,44934.0,22329.0,11801.0,18423.0,58966.0,14816.0,98321.0,16381.0,46445.0,2943.0,25079.0,28841.0,8806.0,15325.0,16806.0,75932.0,7648.0,31099.0,74775.0,11844.0,15712.0,95354.0,5828.0,61661.0,17323.0,20585.0,4561.0,13417.0,16970.0,8149.0,3745.0,39181.0,17142.0,45050.0,16334.0,5039.0,39742.0,37785.0,21633.0,18458.0,94410.0,27811.0,19675.0,8870.0,24351.0,27672.0,8357.0,10893.0,14525.0,10953.0,34141.0,98597.0,55191.0,93857.0,78688.0
2025-04-10,20291,36089,48740.0,10710.0,13808.0,28455.0,46869.0,23541.0,12151.0,19524.0,63142.0,14987.0,109573.0,18333.0,48346.0,3138.0,25560.0,29636.0,9055.0,15267.0,17430.0,80097.0,6685.0,30767.0,66996.0,12122.0,16267.0,100861.0,6053.0,65903.0,18038.0,21152.0,4725.0,13720.0,17254.0,8413.0,3705.0,38617.0,17228.0,45051.0,15729.0,5281.0,41346.0,39399.0,22466.0,17875.0,97986.0,28168.0,19863.0,9246.0,25021.0,30057.0,8696.0,11044.0,15631.0,10884.0,35751.0,103675.0,54491.0,97660.0,82196.0
2025-04-11,17513,33440,46304.0,8162.0,11222.0,22360.0,42261.0,18689.0,9110.0,16664.0,37310.0,15513.0,84049.0,12697.0,30093.0,2704.0,23194.0,28120.0,6758.0,10140.0,13699.0,57431.0,6341.0,24855.0,66425.0,11508.0,12636.0,90025.0,5984.0,55781.0,16981.0,22196.0,4916.0,14338.0,18341.0,9223.0,3593.0,37307.0,17251.0,41756.0,14687.0,6554.0,45194.0,37231.0,20998.0,13897.0,88074.0,28280.0,14072.0,5960.0,23160.0,27353.0,5479.0,9438.0,11826.0,7773.0,28766.0,86464.0,46132.0,88056.0,78813.0
2025-04-14,13338,29679,41689.0,7826.0,11107.0,21247.0,40396.0,19405.0,9952.0,16268.0,45052.0,12440.0,79706.0,14514.0,35620.0,2712.0,24909.0,26877.0,7469.0,11566.0,14530.0,57816.0,5752.0,23797.0,65938.0,11382.0,13250.0,78581.0,6087.0,54219.0,17187.0,21225.0,3806.0,12308.0,16828.0,7941.0,3252.0,38659.0,15788.0,38389.0,14903.0,5032.0,37799.0,35415.0,18964.0,15975.0,80938.0,30062.0,16697.0,6822.0,21673.0,24517.0,6986.0,9657.0,12788.0,8362.0,28783.0,80225.0,45861.0,73170.0,72054.0
2025-04-15,17054,34379,45586.0,9416.0,13295.0,26197.0,44415.0,22628.0,11992.0,19021.0,60060.0,14505.0,97013.0,18263.0,44869.0,2958.0,27001.0,27752.0,8480.0,15188.0,16104.0,72323.0,7151.0,29537.0,71870.0,12359.0,16196.0,91718.0,6256.0,60568.0,19443.0,23022.0,4155.0,13151.0,17423.0,8372.0,3476.0,42441.0,17791.0,43673.0,16014.0,4885.0,41655.0,40553.0,20727.0,17507.0,93362.0,29495.0,20288.0,9031.0,24936.0,27893.0,8840.0,11505.0,15315.0,10545.0,32471.0,97687.0,52148.0,91646.0,75617.0
2025-04-16,17883,34093,46114.0,9227.0,13098.0,26517.0,45265.0,21594.0,11393.0,19326.0,58173.0,14951.0,99967.0,18246.0,42663.0,2979.0,28332.0,28807.0,8385.0,14380.0,16220.0,72209.0,7238.0,29300.0,76978.0,12362.0,16440.0,95269.0,6477.0,62620.0,18903.0,22709.0,4827.0,14486.0,19053.0,8675.0,3486.0,41985.0,18441.0,46191.0,16655.0,6096.0,45522.0,42208.0,21739.0,18465.0,97385.0,34131.0,20444.0,8380.0,23685.0,30800.0,8453.0,11184.0,15544.0,10385.0,33718.0,97583.0,53493.0,94046.0,80464.0
2025-04-17,17104,34206,45303.0,9206.0,13091.0,25653.0,46414.0,19536.0,10490.0,19349.0,50567.0,15172.0,98612.0,17407.0,37292.0,3171.0,28480.0,27646.0,7953.0,12844.0,14238.0,67280.0,6406.0,27677.0,75128.0,10662.0,15484.0,95050.0,6540.0,60981.0,18778.0,23411.0,4986.0,14442.0,18989.0,9101.0,3526.0,38601.0,18366.0,42167.0,16848.0,6205.0,47898.0,42599.0,21090.0,16559.0,98146.0,32268.0,18179.0,7584.0,23566.0,31007.0,7770.0,10504.0,13922.0,9538.0,33655.0,94550.0,49307.0,94286.0,80867.0
2025-04-22,14578,31238,47328.0,8535.0,12331.0,22631.0,43985.0,19845.0,10459.0,16146.0,52215.0,14051.0,84008.0,15738.0,41098.0,2502.0,22342.0,26724.0,7822.0,12746.0,15811.0,63668.0,6290.0,24928.0,63147.0,10051.0,13602.0,75851.0,5211.0,52328.0,15868.0,18519.0,3886.0,11817.0,15878.0,6893.0,3259.0,33846.0,12703.0,38292.0,14036.0,4613.0,32423.0,32570.0,18624.0,16170.0,85043.0,27841.0,17492.0,7619.0,19208.0,23954.0,7435.0,9994.0,13562.0,9341.0,30855.0,87474.0,49220.0,79019.0,71246.0
2025-04-23,18913,34181,48879.0,9394.0,15168.0,27332.0,46103.0,22720.0,11893.0,18059.0,64141.0,14397.0,105550.0,17146.0,40451.0,2997.0,23530.0,27884.0,9175.0,15199.0,17052.0,79473.0,7330.0,29421.0,68837.0,12402.0,16014.0,86782.0,5773.0,58254.0,17834.0,20326.0,4082.0,12403.0,16894.0,7387.0,3407.0,40362.0,14523.0,44394.0,15633.0,4759.0,36604.0,36328.0,20645.0,19613.0,96470.0,32597.0,20459.0,9209.0,22634.0,27376.0,8494.0,12470.0,15669.0,10529.0,34484.0,101281.0,53936.0,87929.0,73578.0
2025-04-24,18123,36827,49445.0,10445.0,14219.0,29273.0,48761.0,24247.0,12437.0,19511.0,67643.0,15336.0,110505.0,19346.0,50101.0,3660.0,26661.0,28533.0,9265.0,16328.0,18184.0,81596.0,7164.0,32084.0,78703.0,12475.0,17451.0,98565.0,6274.0,63881.0,18912.0,21110.0,4854.0,13672.0,18929.0,8485.0,3779.0,40207.0,16499.0,47811.0,16210.0,5575.0,40105.0,39859.0,22706.0,20204.0,99138.0,32577.0,21130.0,9096.0,24148.0,30788.0,9160.0,12661.0,16502.0,11658.0,35944.0,106230.0,57706.0,98511.0,77615.0
2025-04-25,17147,33136,45609.0,8529.0,11661.0,22706.0,43415.0,19165.0,8791.0,17753.0,39350.0,16114.0,85566.0,14158.0,32076.0,3514.0,25082.0,27350.0,7228.0,11045.0,14223.0,57859.0,6174.0,26272.0,71094.0,12655.0,13658.0,91255.0,6978.0,57438.0,19337.0,23098.0,4931.0,13655.0,19849.0,9271.0,3425.0,42852.0,16745.0,45061.0,15660.0,6109.0,45958.0,42362.0,21908.0,16047.0,88633.0,29501.0,15738.0,6307.0,22267.0,28123.0,6324.0,11252.0,12363.0,9183.0,34217.0,84024.0,45524.0,86464.0,75993.0
2025-04-28,14273,31419,43371.0,9163.0,10866.0,22090.0,41116.0,20594.0,10671.0,16997.0,47175.0,13049.0,83199.0,14400.0,40682.0,2784.0,23082.0,28290.0,7900.0,11384.0,16168.0,65723.0,6506.0,24339.0,62849.0,11364.0,12810.0,74852.0,54639.0,17809.0,3823.0,11502.0,16339.0,7425.0,3241.0,37239.0,,,12617.0,41468.0,14962.0,5160.0,31548.0,30748.0,19641.0,17935.0,83595.0,29588.0,17329.0,7771.0,18275.0,25070.0,7658.0,11085.0,13303.0,9667.0,31144.0,81331.0,49202.0,73228.0,73280.0
2025-04-29,18730,36075,48961.0,10792.0,13166.0,27042.0,47302.0,24349.0,65264.0,18640.0,52254.0,24372.0,,,,,,,9251.0,19415.0,12700.0,16822.0,,,,,,,5926.0,18829.0,5210.0,,,,,,,,13576.0,46171.0,16027.0,5438.0,33763.0,34044.0,22244.0,19818.0,94737.0,30346.0,20942.0,9444.0,21302.0,28922.0,9123.0,12188.0,15676.0,11820.0,35879.0,101137.0,57261.0,92401.0,79723.0
2025-04-30,17745,36025,49233.0,10821.0,13210.0,27771.0,46445.0,24366.0,13034.0,19032.0,15416.0,107626.0,3545.0,30059.0,,,,,15932.0,83226.0,7928.0,31621.0,73849.0,94028.0,,,,,6585.0,62130.0,18946.0,19838.0,14156.0,18799.0,8561.0,3832.0,38653.0,,14344.0,48073.0,16492.0,5941.0,36567.0,36163.0,22820.0,21033.0,97842.0,32014.0,21367.0,9749.0,22532.0,30085.0,9060.0,12287.0,15547.0,12024.0,36533.0,103397.0,59310.0,93928.0,82194.0
2025-05-01,19204,38910,50500.0,10240.0,15227.0,29125.0,47791.0,25639.0,11058.0,20606.0,67015.0,15789.0,115210.0,19564.0,51313.0,3385.0,27432.0,29770.0,7979.0,15916.0,16741.0,82654.0,8051.0,32563.0,78968.0,12674.0,17716.0,99038.0,6509.0,65042.0,19978.0,21125.0,5581.0,15410.0,20682.0,9909.0,4383.0,41710.0,15733.0,48970.0,16001.0,6460.0,39683.0,40200.0,23300.0,20713.0,102700.0,33615.0,22862.0,9440.0,24056.0,31382.0,9658.0,12349.0,15844.0,12518.0,38337.0,105906.0,58179.0,100041.0,80778.0
2025-05-02,17606,35384,43084.0,7927.0,13080.0,21722.0,42620.0,19829.0,8078.0,18376.0,37078.0,15804.0,80634.0,14447.0,30508.0,3032.0,27562.0,28187.0,7275.0,9844.0,13823.0,56461.0,5670.0,26058.0,72372.0,12071.0,13976.0,93040.0,7360.0,55187.0,19312.0,23377.0,5604.0,15509.0,21145.0,9671.0,3682.0,44077.0,16512.0,41131.0,15800.0,6926.0,46075.0,41968.0,22444.0,17808.0,86608.0,33186.0,15893.0,6148.0,23515.0,29937.0,6376.0,11122.0,10938.0,9664.0,32847.0,84904.0,45023.0,85908.0,78699.0
2025-05-06,16578,33123,48566.0,8871.0,13188.0,25263.0,44371.0,24302.0,10481.0,17875.0,59723.0,14378.0,93682.0,16006.0,47675.0,2819.0,22491.0,29188.0,8548.0,15371.0,16960.0,74294.0,7194.0,29478.0,67804.0,11135.0,15246.0,81560.0,4774.0,56500.0,17184.0,17688.0,4324.0,11910.0,17060.0,7513.0,3689.0,37330.0,12473.0,41196.0,14178.0,4275.0,31235.0,30814.0,20150.0,18221.0,88660.0,27637.0,19031.0,8431.0,20006.0,24764.0,7860.0,11810.0,14983.0,10795.0,33882.0,93280.0,54841.0,84465.0,75898.0
2025-05-07,17984,33486,48365.0,10245.0,13521.0,27139.0,45200.0,24106.0,12232.0,17951.0,63458.0,15168.0,102392.0,17071.0,50692.0,3125.0,24246.0,29573.0,9683.0,15942.0,18441.0,79561.0,7783.0,31517.0,69760.0,11697.0,16643.0,88222.0,5435.0,61523.0,18350.0,18685.0,4417.0,13329.0,17539.0,7931.0,3701.0,38068.0,13808.0,46447.0,16043.0,5132.0,35680.0,35160.0,21603.0,21001.0,95135.0,30649.0,20377.0,9117.0,21202.0,27822.0,8660.0,12405.0,15800.0,11634.0,35167.0,100172.0,58598.0,90629.0,77510.0
2025-05-08,18602,35953,50554.0,9130.0,14400.0,29890.0,51287.0,26056.0,10248.0,19850.0,67928.0,15774.0,111786.0,18892.0,52178.0,2967.0,27757.0,29506.0,7750.0,18288.0,16521.0,81729.0,8059.0,32799.0,79293.0,11490.0,18290.0,95786.0,5758.0,62751.0,19483.0,18017.0,4875.0,13583.0,18820.0,8752.0,4172.0,40154.0,13577.0,47999.0,16044.0,4926.0,39067.0,37168.0,22444.0,22315.0,101254.0,33634.0,22237.0,9711.0,26330.0,33425.0,9390.0,13123.0,16524.0,12534.0,37314.0,106390.0,57789.0,97078.0,78523.0
2025-05-09,15719,31533,46379.0,8258.0,11552.0,21964.0,41532.0,19921.0,9223.0,17129.0,38717.0,15042.0,81556.0,13718.0,32336.0,2724.0,24528.0,28310.0,7499.0,10667.0,15552.0,59180.0,6442.0,25384.0,67992.0,11179.0,12886.0,86710.0,6468.0,55994.0,19039.0,18988.0,4808.0,12860.0,19689.0,8628.0,3351.0,39615.0,13829.0,44877.0,15541.0,5191.0,41761.0,35866.0,21153.0,16471.0,83831.0,28780.0,17108.0,6109.0,20814.0,27826.0,5970.0,10670.0,12609.0,8964.0,34338.0,84937.0,45406.0,87777.0,79740.0
2025-05-12,14439,31973,45751.0,9692.0,6640.0,21596.0,40501.0,22337.0,10600.0,15568.0,48818.0,13980.0,86014.0,14035.0,41895.0,3378.0,20700.0,28034.0,8464.0,13810.0,17598.0,66301.0,6142.0,26592.0,58207.0,10633.0,14398.0,69677.0,5695.0,49080.0,25633.0,17346.0,4661.0,10171.0,15836.0,6577.0,957.0,10461.0,10220.0,42868.0,13866.0,4819.0,25116.0,11869.0,18976.0,15714.0,81681.0,26964.0,16664.0,7156.0,16362.0,22677.0,6591.0,10526.0,9628.0,10064.0,31439.0,70216.0,43002.0,70530.0,72760.0
2025-05-13,18381,35021,48367.0,10315.0,13181.0,26148.0,45402.0,24390.0,12679.0,17546.0,64657.0,14839.0,102028.0,17647.0,51404.0,3358.0,23879.0,30185.0,9793.0,15956.0,18898.0,81498.0,7861.0,31013.0,70255.0,11425.0,16108.0,88145.0,5811.0,61268.0,18530.0,18275.0,4312.0,12656.0,17380.0,7388.0,3633.0,38025.0,13315.0,44678.0,15997.0,4981.0,32624.0,31415.0,21405.0,20189.0,91932.0,31256.0,20719.0,9271.0,19982.0,28635.0,8725.0,11986.0,15942.0,10635.0,35267.0,100538.0,59110.0,91851.0,79478.0
2025-05-14,18892,35777,49319.0,10698.0,13503.0,27143.0,47396.0,23464.0,12593.0,18229.0,63602.0,15652.0,105695.0,17489.0,50711.0,3379.0,23307.0,30169.0,8964.0,16019.0,19382.0,83965.0,7880.0,31389.0,61094.0,12311.0,16634.0,94740.0,5892.0,65955.0,18948.0,19259.0,4884.0,13490.0,17466.0,7721.0,3750.0,38813.0,13992.0,48660.0,16130.0,5926.0,36760.0,34976.0,22902.0,20030.0,95594.0,32924.0,20312.0,9207.0,21970.0,30412.0,8644.0,11879.0,16231.0,12082.0,35517.0,102228.0,59968.0,92963.0,79302.0
2025-05-15,19176,36193,50943.0,10770.0,14113.0,29091.0,48898.0,24422.0,12951.0,19995.0,67300.0,15719.0,112078.0,17828.0,51461.0,3076.0,24383.0,29439.0,9323.0,17193.0,19824.0,85921.0,8188.0,34161.0,77265.0,12690.0,17656.0,96439.0,7122.0,63831.0,19781.0,20070.0,5163.0,13672.0,18783.0,5420.0,3552.0,41389.0,15523.0,46546.0,16071.0,4673.0,39581.0,37181.0,23466.0,20609.0,99497.0,29916.0,21989.0,9536.0,23240.0,30445.0,9051.0,12781.0,16943.0,12297.0,37398.0,110626.0,59374.0,97831.0,80392.0
2025-05-16,17912,32498,43870.0,8030.0,11250.0,20777.0,43196.0,19491.0,9226.0,17162.0,38073.0,15836.0,83335.0,12981.0,31201.0,2851.0,23094.0,27862.0,6822.0,10792.0,15164.0,59517.0,5974.0,25623.0,66215.0,11991.0,12821.0,87307.0,6644.0,54677.0,18872.0,20222.0,4891.0,13410.0,19236.0,8114.0,3312.0,38876.0,14656.0,41898.0,16012.0,4999.0,33428.0,22883.0,16117.0,88695.0,,,16296.0,5806.0,11174.0,11589.0,9019.0,34428.0,,,,,47114.0,85047.0,79119.0
2025-05-19,14264,30490,43872.0,8315.0,11384.0,21405.0,40677.0,21649.0,10002.0,15416.0,47328.0,13517.0,81842.0,13638.0,40357.0,2685.0,21687.0,28179.0,7689.0,12705.0,15859.0,63599.0,4902.0,24982.0,62886.0,10387.0,13391.0,74885.0,5721.0,48467.0,17695.0,18165.0,4331.0,11987.0,16261.0,7036.0,3038.0,35686.0,11408.0,39545.0,14522.0,4443.0,29599.0,27179.0,27875.0,16196.0,82286.0,27423.0,17101.0,7447.0,17295.0,23621.0,7384.0,10506.0,12819.0,9037.0,30813.0,80604.0,50141.0,73429.0,72906.0
2025-05-20,17521,35395,51489.0,9923.0,14550.0,26532.0,46174.0,24877.0,11634.0,18035.0,62678.0,14554.0,102041.0,17609.0,50212.0,3058.0,23768.0,29802.0,8895.0,16102.0,17995.0,82915.0,7716.0,30697.0,69607.0,11915.0,16806.0,88082.0,5557.0,60471.0,19065.0,19322.0,4970.0,13229.0,17700.0,7753.0,3705.0,38512.0,12767.0,46524.0,15697.0,5407.0,33332.0,32233.0,43300.0,19710.0,95779.0,29381.0,21068.0,9377.0,20725.0,28654.0,8774.0,12255.0,15352.0,11102.0,35326.0,102018.0,57360.0,90041.0,78674.0
2025-05-21,19279,34294,52483.0,10279.0,14254.0,28088.0,48013.0,24022.0,12422.0,18328.0,62849.0,15689.0,105859.0,15993.0,50021.0,3054.0,23055.0,29044.0,10115.0,15941.0,18584.0,84895.0,7934.0,31498.0,72262.0,12000.0,16367.0,90489.0,6061.0,60240.0,18838.0,19407.0,4807.0,12877.0,17863.0,7363.0,3447.0,39447.0,14081.0,45884.0,16859.0,4814.0,36400.0,33300.0,40964.0,19788.0,100161.0,29448.0,21105.0,9770.0,21255.0,29486.0,8703.0,12914.0,16278.0,11401.0,38220.0,104689.0,56445.0,93790.0,78057.0
2025-05-22,18901,35487,52196.0,10278.0,14250.0,29108.0,50201.0,24355.0,13488.0,18421.0,64737.0,15719.0,109121.0,16719.0,50128.0,3314.0,26260.0,29105.0,10016.0,16489.0,18666.0,86463.0,8021.0,32661.0,76305.0,12320.0,17001.0,95159.0,6467.0,62245.0,19684.0,20928.0,4687.0,13543.0,18473.0,7550.0,3509.0,39824.0,14587.0,46094.0,16918.0,5481.0,38824.0,35043.0,42245.0,18619.0,103565.0,28615.0,21088.0,9587.0,22121.0,29587.0,7801.0,12689.0,15750.0,11051.0,37721.0,106761.0,56491.0,93845.0,79952.0
2025-05-23,16762,30631,49163.0,7736.0,11528.0,21431.0,43830.0,18847.0,8712.0,16496.0,35246.0,15596.0,81964.0,12089.0,30180.0,2502.0,22410.0,27917.0,7117.0,10055.0,14538.0,56177.0,6106.0,24980.0,65151.0,12162.0,12024.0,84459.0,6363.0,54103.0,19089.0,21386.0,2525.0,13253.0,18461.0,8567.0,3073.0,40285.0,14330.0,38873.0,16401.0,5158.0,45493.0,33671.0,45048.0,14014.0,92925.0,26069.0,15536.0,6102.0,21127.0,28292.0,5490.0,10602.0,10607.0,8412.0,35183.0,84462.0,43343.0,84724.0,78851.0
2025-05-27,15764,31502,47013.0,9161.0,13007.0,24131.0,48635.0,22005.0,11922.0,15420.0,54617.0,13834.0,89934.0,15789.0,43895.0,2973.0,25226.0,27383.0,9578.0,15545.0,17121.0,65210.0,8011.0,30254.0,68307.0,10965.0,15185.0,84508.0,5380.0,56882.0,18454.0,20325.0,4394.0,12790.0,15267.0,7559.0,3035.0,45271.0,15151.0,40714.0,14753.0,4388.0,38415.0,33931.0,19690.0,15228.0,89213.0,24694.0,19516.0,8109.0,20869.0,24432.0,7489.0,9998.0,13958.0,9580.0,31334.0,92630.0,53701.0,85777.0,79993.0
2025-05-28,17059,33733,45320.0,9703.0,13368.0,26172.0,43774.0,22627.0,11857.0,17928.0,58333.0,14984.0,98818.0,17488.0,45863.0,3196.0,27030.0,28282.0,8671.0,14405.0,17039.0,73973.0,7493.0,30594.0,73122.0,10844.0,16230.0,93972.0,5949.0,62154.0,18736.0,19866.0,4529.0,13215.0,16822.0,8285.0,3025.0,40852.0,15834.0,45686.0,15512.0,5176.0,42183.0,36809.0,21042.0,18142.0,97729.0,26555.0,21478.0,8912.0,22552.0,30217.0,8103.0,10935.0,14516.0,10694.0,33944.0,97713.0,53689.0,94104.0,80228.0
2025-05-29,16838,37286,45229.0,10212.0,14053.0,26601.0,46636.0,23287.0,12408.0,18538.0,62397.0,15177.0,105735.0,18215.0,48550.0,3276.0,28736.0,28630.0,9398.0,15592.0,17514.0,77357.0,7518.0,32291.0,79300.0,11561.0,17106.0,102299.0,6261.0,64636.0,19871.0,20883.0,4923.0,14141.0,17761.0,8947.0,3608.0,43210.0,15170.0,46643.0,16564.0,5884.0,42150.0,38564.0,22456.0,18125.0,100502.0,31103.0,20539.0,9048.0,24211.0,32281.0,8753.0,11099.0,15421.0,11052.0,35958.0,105125.0,56176.0,97486.0,82047.0
2025-05-30,16134,33667,43881.0,8364.0,12488.0,20668.0,42999.0,19129.0,10847.0,15849.0,37440.0,15639.0,85315.0,13359.0,30670.0,3199.0,28891.0,28565.0,6990.0,10260.0,14513.0,57914.0,6109.0,26004.0,72594.0,11628.0,13082.0,94173.0,6299.0,58493.0,19249.0,22495.0,5227.0,14490.0,19026.0,9636.0,3481.0,44205.0,17011.0,42708.0,15601.0,5971.0,47814.0,37841.0,21289.0,15101.0,88525.0,30098.0,15685.0,6060.0,21356.0,28687.0,5634.0,9871.0,11575.0,7287.0,33250.0,91661.0,44475.0,86961.0,85808.0
2025-06-02,13795,29548,41916.0,7869.0,10945.0,21077.0,38356.0,20349.0,8471.0,15660.0,45724.0,13073.0,80743.0,12368.0,39551.0,2672.0,20629.0,27713.0,6756.0,12379.0,14384.0,60907.0,5743.0,24535.0,60137.0,10001.0,13182.0,73004.0,4760.0,52784.0,17182.0,16933.0,4151.0,12157.0,15430.0,7921.0,3217.0,35281.0,9899.0,38387.0,12980.0,3231.0,28833.0,26130.0,19150.0,15025.0,75878.0,25628.0,17078.0,7516.0,17204.0,22715.0,6435.0,9927.0,12192.0,8288.0,29811.0,80268.0,48690.0,72567.0,73464.0
2025-06-03,17537,33617,47655.0,10182.0,13723.0,27327.0,44664.0,23777.0,11991.0,17703.0,63189.0,14848.0,100232.0,16701.0,51400.0,2850.0,23035.0,29359.0,9210.0,16195.0,17832.0,76353.0,7889.0,30186.0,74716.0,12045.0,16506.0,88723.0,5345.0,48221.0,18338.0,18491.0,4311.0,13581.0,16535.0,7904.0,3354.0,41654.0,12974.0,43550.0,15189.0,4147.0,31982.0,30908.0,21455.0,18947.0,92675.0,28750.0,20831.0,9630.0,19077.0,24849.0,8354.0,12115.0,14754.0,10645.0,38439.0,99794.0,57186.0,90014.0,77898.0
2025-06-04,17819,34768,51078.0,10375.0,13663.0,28019.0,45391.0,23772.0,12437.0,18009.0,63274.0,15404.0,106495.0,17739.0,50932.0,3318.0,23684.0,30274.0,9458.0,15895.0,18341.0,77798.0,7317.0,30022.0,71471.0,11817.0,16558.0,92508.0,5964.0,62441.0,18691.0,19187.0,4318.0,13194.0,17262.0,8138.0,3658.0,38967.0,13871.0,46003.0,15248.0,4849.0,36096.0,34296.0,21670.0,19356.0,94283.0,32969.0,21368.0,9568.0,21329.0,27737.0,8546.0,11954.0,15044.0,11127.0,35557.0,102406.0,57368.0,92365.0,80200.0
2025-06-05,18580,35747,54836.0,10564.0,15297.0,30920.0,47946.0,24327.0,12508.0,19055.0,61250.0,15985.0,116555.0,18139.0,53694.0,3183.0,24666.0,29207.0,9975.0,17978.0,18782.0,80953.0,8015.0,32218.0,76713.0,12533.0,17521.0,96861.0,5717.0,62363.0,19485.0,19651.0,4831.0,13815.0,18006.0,8880.0,3491.0,43068.0,15376.0,45573.0,15962.0,4592.0,38085.0,36263.0,22706.0,19200.0,103570.0,29919.0,22811.0,11053.0,23992.0,30705.0,9363.0,12697.0,19301.0,11770.0,39965.0,88592.0,55803.0,97143.0,80119.0
2025-06-06,16752,34285,51308.0,7730.0,12668.0,21749.0,44267.0,19075.0,8623.0,16903.0,38996.0,17968.0,86830.0,13387.0,32648.0,2805.0,28282.0,,7242.0,10563.0,14897.0,58722.0,5362.0,24856.0,11917.0,12858.0,,,6303.0,55647.0,19234.0,5226.0,9020.0,3092.0,,,,,16490.0,41394.0,15087.0,5141.0,44413.0,36001.0,20454.0,14711.0,91274.0,27006.0,15943.0,6132.0,20133.0,26198.0,5528.0,10656.0,11126.0,7611.0,35678.0,91181.0,43196.0,87448.0,109281.0
2025-06-09,13515,31815,44076.0,9279.0,11590.0,21192.0,42645.0,19738.0,10020.0,15633.0,47355.0,13508.0,83197.0,14300.0,40200.0,2799.0,24157.0,27052.0,8457.0,12916.0,15840.0,60633.0,6312.0,25357.0,63137.0,10151.0,14052.0,78543.0,6125.0,55279.0,18197.0,18241.0,4563.0,12952.0,17163.0,8348.0,3261.0,37696.0,11061.0,41343.0,15188.0,4172.0,31791.0,30984.0,19963.0,17113.0,84062.0,31522.0,18298.0,7442.0,18238.0,25045.0,7072.0,10679.0,12616.0,8736.0,28838.0,84843.0,50784.0,74602.0,72535.0
2025-06-10,17081,36048,54140.0,9804.0,14348.0,25784.0,44488.0,24363.0,11691.0,17562.0,63576.0,15016.0,107174.0,16799.0,50352.0,3117.0,25189.0,29564.0,8470.0,16279.0,16159.0,76416.0,7765.0,32079.0,72039.0,10212.0,17506.0,92019.0,5123.0,63455.0,19365.0,20909.0,5555.0,13979.0,18928.0,10081.0,3757.0,40255.0,14354.0,46625.0,15248.0,5542.0,35525.0,34498.0,21987.0,18625.0,96996.0,32005.0,21002.0,9121.0,20673.0,28747.0,8719.0,12464.0,15405.0,10505.0,37249.0,102871.0,57730.0,93760.0,80004.0
2025-06-11,17229,38959,52026.0,10780.0,13185.0,26264.0,48094.0,23438.0,12358.0,18395.0,62064.0,16211.0,106293.0,17676.0,50173.0,3452.0,26192.0,29715.0,9680.0,15859.0,18985.0,80625.0,7161.0,31216.0,73591.0,12065.0,16707.0,96682.0,6681.0,64750.0,19171.0,21804.0,5415.0,14992.0,18609.0,8828.0,3962.0,38636.0,15128.0,49851.0,16311.0,5266.0,36723.0,36954.0,23111.0,21064.0,98940.0,32418.0,20763.0,9481.0,21975.0,31337.0,8580.0,12756.0,15359.0,10760.0,36867.0,105368.0,58703.0,94315.0,79431.0
2025-06-12,18821,41986,53706.0,11086.0,14554.0,28755.0,49020.0,23475.0,12592.0,18546.0,65652.0,16090.0,115819.0,18592.0,52408.0,3395.0,26862.0,29143.0,10435.0,16247.0,19154.0,82607.0,7720.0,31737.0,77999.0,11852.0,17534.0,99654.0,6103.0,64851.0,20149.0,20690.0,5433.0,14322.0,18594.0,9041.0,3743.0,40927.0,14118.0,49335.0,16857.0,5594.0,38168.0,36403.0,23734.0,19996.0,103473.0,32027.0,21509.0,9627.0,22932.0,31257.0,8941.0,13438.0,15606.0,10863.0,41332.0,109621.0,57581.0,101668.0,80400.0
2025-06-13,15754,36824,47053.0,8089.0,11661.0,20915.0,43925.0,18646.0,10060.0,15383.0,37880.0,17490.0,84697.0,12901.0,32152.0,2945.0,23696.0,28833.0,6987.0,10233.0,14257.0,56870.0,6133.0,24492.0,66401.0,11295.0,12598.0,88769.0,6713.0,56962.0,19209.0,20404.0,5041.0,14011.0,18850.0,9400.0,3371.0,38261.0,15668.0,43836.0,15381.0,6530.0,43110.0,35488.0,21513.0,15116.0,91358.0,28575.0,14854.0,5962.0,19602.0,26535.0,5354.0,10744.0,10798.0,7478.0,34064.0,89214.0,45441.0,88254.0,79525.0
2025-06-16,12686,30907,48763.0,8702.0,11361.0,19804.0,42193.0,20397.0,9674.0,15162.0,47135.0,14334.0,88824.0,13752.0,40095.0,2612.0,23663.0,27564.0,7990.0,12431.0,16991.0,62528.0,6022.0,24467.0,63196.0,10601.0,13989.0,76122.0,5993.0,55353.0,17920.0,19697.0,4596.0,12490.0,16671.0,8310.0,3122.0,35159.0,12925.0,41273.0,14813.0,4937.0,29968.0,29853.0,19909.0,17097.0,89588.0,29253.0,17421.0,7307.0,17590.0,25279.0,7258.0,10655.0,12293.0,8534.0,32938.0,84505.0,48825.0,72271.0,74590.0
2025-06-17,17793,35569,50537.0,10772.0,13023.0,26294.0,46158.0,23621.0,12625.0,17330.0,62817.0,15300.0,103716.0,16901.0,49862.0,3254.0,25927.0,29281.0,9364.0,17767.0,18555.0,77424.0,7468.0,30913.0,72622.0,11622.0,17078.0,90750.0,6474.0,63298.0,19290.0,20555.0,5120.0,14093.0,18359.0,8641.0,3835.0,38587.0,14251.0,46366.0,16092.0,6074.0,33877.0,33487.0,22538.0,20020.0,96472.0,33284.0,21063.0,9432.0,20074.0,29372.0,8790.0,11911.0,14766.0,11519.0,35186.0,102354.0,57304.0,93081.0,80359.0
2025-06-18,17055,38326,52187.0,11344.0,13715.0,26378.0,47472.0,23472.0,12236.0,17533.0,62443.0,15969.0,105084.0,17816.0,50396.0,3200.0,25649.0,28790.0,9597.0,15245.0,18902.0,79537.0,7651.0,30153.0,75109.0,12001.0,16725.0,94426.0,6529.0,65694.0,19444.0,20707.0,5233.0,14204.0,18431.0,8560.0,4554.0,40351.0,14805.0,48463.0,16726.0,5928.0,36334.0,34128.0,23394.0,20476.0,98014.0,33847.0,21183.0,8822.0,21379.0,30715.0,8889.0,12207.0,15154.0,11027.0,38233.0,107341.0,58947.0,94909.0,81141.0
2025-06-19,17502,45816,50542.0,13101.0,14359.0,26807.0,50246.0,23766.0,13631.0,17750.0,63016.0,16175.0,116190.0,18179.0,51922.0,3342.0,27832.0,29336.0,10154.0,14762.0,19912.0,83961.0,7505.0,30723.0,70924.0,12074.0,16547.0,100393.0,6741.0,71511.0,20414.0,22069.0,5687.0,9122.0,18313.0,8867.0,5473.0,42086.0,13714.0,48235.0,17140.0,6840.0,37743.0,37169.0,23760.0,19886.0,101456.0,33098.0,21468.0,10251.0,22528.0,31463.0,9083.0,11864.0,15489.0,11328.0,37086.0,112418.0,58387.0,98682.0,83211.0
2025-06-20,16388,38478,46973.0,10049.0,12965.0,21424.0,47148.0,19173.0,9813.0,16256.0,36834.0,15383.0,86931.0,11750.0,32048.0,2854.0,25207.0,27484.0,7373.0,9809.0,16293.0,58651.0,5810.0,23774.0,67642.0,11072.0,12427.0,90306.0,6861.0,58806.0,19652.0,21332.0,5691.0,13915.0,18567.0,8991.0,4941.0,40485.0,14698.0,43794.0,15888.0,6283.0,40177.0,35158.0,22514.0,16361.0,88237.0,31377.0,15141.0,5944.0,20464.0,27157.0,5968.0,10633.0,11484.0,8021.0,36643.0,93209.0,47547.0,90366.0,80799.0
2025-06-23,13270,31301,43217.0,8505.0,11502.0,20811.0,41961.0,19913.0,10675.0,15027.0,48258.0,13603.0,83740.0,14053.0,41120.0,2716.0,23016.0,27481.0,7806.0,12471.0,15523.0,62289.0,6367.0,24440.0,67487.0,11221.0,14317.0,79892.0,5297.0,57678.0,18098.0,19760.0,4636.0,12504.0,16976.0,8445.0,3161.0,36869.0,13758.0,40778.0,14429.0,5366.0,33563.0,31467.0,20172.0,16142.0,84150.0,30003.0,16560.0,7268.0,19109.0,25063.0,7165.0,10479.0,12660.0,8741.0,30653.0,83040.0,48900.0,73721.0,73691.0
2025-06-24,17291,37889,50336.0,10584.0,14144.0,25709.0,48834.0,23474.0,12823.0,17913.0,64306.0,15340.0,106630.0,17845.0,51799.0,3278.0,25914.0,29163.0,9863.0,15657.0,18660.0,80398.0,7711.0,30181.0,76679.0,11611.0,17382.0,93050.0,5891.0,65566.0,19373.0,20558.0,4409.0,13637.0,17620.0,8883.0,3742.0,39474.0,13689.0,47925.0,16504.0,5252.0,35189.0,33841.0,22455.0,19538.0,96500.0,33055.0,21195.0,9413.0,21960.0,29543.0,9206.0,12114.0,15333.0,11510.0,36162.0,103926.0,58952.0,94438.0,80783.0
2025-06-25,17116,35788,51350.0,10631.0,13519.0,25498.0,47802.0,22865.0,12217.0,17332.0,62357.0,15867.0,105259.0,17573.0,51262.0,3185.0,26786.0,28986.0,9674.0,15536.0,19254.0,79421.0,7670.0,30408.0,75526.0,12053.0,17154.0,94648.0,6371.0,66723.0,19937.0,21418.0,4872.0,14036.0,18537.0,9004.0,3484.0,43013.0,15786.0,49611.0,16920.0,6328.0,37503.0,35853.0,23552.0,20531.0,99753.0,34678.0,20753.0,9674.0,22091.0,30825.0,9421.0,12310.0,15103.0,10905.0,36270.0,102974.0,57358.0,91742.0,80337.0
2025-06-26,17931,38399,51134.0,11158.0,15605.0,27964.0,51793.0,22604.0,13178.0,17926.0,64994.0,15812.0,114805.0,17863.0,52393.0,3175.0,27276.0,28646.0,9778.0,15781.0,21160.0,84963.0,7886.0,31881.0,74402.0,12037.0,17697.0,101600.0,6659.0,70113.0,20792.0,21916.0,5297.0,14569.0,18719.0,9209.0,3676.0,44565.0,15843.0,48255.0,17111.0,6626.0,40019.0,39759.0,24814.0,20012.0,105486.0,32262.0,21724.0,9524.0,23526.0,31631.0,9247.0,9723.0,15914.0,11567.0,28893.0,112526.0,56517.0,99825.0,83289.0
2025-06-27,16315,35197,48344.0,7511.0,13263.0,21312.0,46702.0,19815.0,6609.0,16888.0,38248.0,15858.0,87427.0,13258.0,32377.0,2876.0,25779.0,27861.0,6718.0,10694.0,15069.0,56137.0,6495.0,24518.0,73803.0,13428.0,14031.0,94519.0,6488.0,68319.0,19486.0,26851.0,6820.0,20160.0,20055.0,10100.0,3479.0,43101.0,15617.0,48858.0,16487.0,11676.0,45890.0,40488.0,23093.0,15301.0,94725.0,28868.0,15678.0,6172.0,21018.0,27471.0,6322.0,5200.0,12036.0,8256.0,34869.0,89743.0,46454.0,89087.0,81449.0
2025-06-30,12705,30970,41843.0,8553.0,11016.0,19438.0,47800.0,19130.0,9956.0,15247.0,46172.0,11959.0,82532.0,14368.0,40478.0,2843.0,24573.0,27147.0,7868.0,11463.0,15459.0,63382.0,6171.0,22907.0,63662.0,10591.0,13087.0,77265.0,6762.0,57056.0,17909.0,20276.0,4336.0,13114.0,15969.0,7857.0,2976.0,37320.0,12638.0,38881.0,15575.0,5225.0,31119.0,28468.0,20744.0,16623.0,87065.0,30693.0,18289.0,7599.0,17592.0,25543.0,7267.0,7831.0,12036.0,8840.0,31021.0,81608.0,41386.0,70915.0,73980.0
2025-07-01,15289,34723,47939.0,10344.0,11083.0,23982.0,49740.0,22676.0,12993.0,17218.0,59681.0,13892.0,101013.0,17552.0,49944.0,3253.0,25441.0,28429.0,8861.0,14130.0,19021.0,77038.0,7246.0,27716.0,69527.0,11435.0,15230.0,90015.0,6032.0,64673.0,18683.0,20645.0,2715.0,13347.0,16886.0,8180.0,3294.0,38590.0,,,,,,,,,,,21268.0,9222.0,8403.0,10723.0,,,,,,,53674.0,88110.0,78082.0
2025-07-02,18019,37781,52493.0,10398.0,15654.0,27090.0,53800.0,24589.0,15476.0,11781.0,66725.0,15842.0,110470.0,16926.0,52497.0,4401.0,25624.0,30596.0,9426.0,16124.0,18710.0,80243.0,8454.0,31736.0,77260.0,13001.0,17905.0,95634.0,6595.0,70785.0,19789.0,23550.0,3201.0,15125.0,19284.0,9627.0,3789.0,40916.0,16259.0,51024.0,17261.0,7115.0,42728.0,40237.0,23303.0,18723.0,100932.0,36806.0,27587.0,30622.0,12275.0,15605.0,37003.0,110456.0,,,,,58726.0,97932.0,81844.0
2025-07-03,18558,41401,57156.0,11301.0,16990.0,28733.0,58152.0,25291.0,15901.0,10591.0,69166.0,16955.0,120334.0,16794.0,56412.0,4298.0,27504.0,30813.0,14733.0,19543.0,21570.0,62123.0,8062.0,33758.0,85199.0,13111.0,19943.0,105601.0,6712.0,72434.0,20793.0,24227.0,5225.0,16804.0,20195.0,10159.0,4002.0,40717.0,17683.0,52677.0,17472.0,7940.0,41088.0,41385.0,24130.0,17752.0,108549.0,35030.0,20785.0,8423.0,26815.0,30637.0,8442.0,12249.0,17030.0,10038.0,40626.0,119517.0,59798.0,105673.0,86510.0
2025-07-04,17141,38226,58053.0,8449.0,14453.0,22331.0,53411.0,20282.0,9723.0,17507.0,38800.0,17110.0,93834.0,13581.0,32961.0,2828.0,26667.0,28304.0,6991.0,10519.0,17335.0,60015.0,6388.0,26238.0,78456.0,12884.0,13924.0,93585.0,7024.0,71260.0,20957.0,27321.0,6473.0,21329.0,22533.0,10562.0,3613.0,42629.0,17704.0,51790.0,17281.0,12114.0,44056.0,40596.0,23241.0,15787.0,99322.0,31518.0,15698.0,6137.0,22357.0,29027.0,5957.0,10575.0,12821.0,8605.0,39900.0,98041.0,48168.0,95723.0,83891.0
2025-07-07,14115,33289,46873.0,8901.0,11140.0,21720.0,44917.0,20703.0,10526.0,16232.0,49124.0,14397.0,86795.0,13967.0,39418.0,2837.0,26481.0,27939.0,7871.0,12444.0,16822.0,63734.0,7144.0,26992.0,66658.0,12183.0,14390.0,81999.0,6272.0,61157.0,18294.0,22243.0,4295.0,14400.0,18128.0,8975.0,2927.0,37054.0,14221.0,41549.0,15002.0,5966.0,36613.0,34148.0,20617.0,17460.0,88971.0,33209.0,18132.0,7649.0,19128.0,26055.0,7118.0,9582.0,13309.0,9075.0,25250.0,93786.0,49654.0,76534.0,77082.0
2025-07-08,17255,37529,51764.0,10573.0,14067.0,26403.0,50858.0,24440.0,13891.0,16594.0,64890.0,16250.0,106360.0,18356.0,50845.0,3253.0,28191.0,32908.0,9240.0,15417.0,18885.0,79497.0,8091.0,31642.0,78096.0,12767.0,17450.0,96262.0,6358.0,69495.0,19435.0,23370.0,354.0,16807.0,19065.0,10003.0,3812.0,38241.0,16699.0,48692.0,16259.0,7322.0,38971.0,38585.0,21828.0,19952.0,99793.0,34280.0,21176.0,9226.0,22270.0,31443.0,8873.0,11898.0,15510.0,11232.0,34843.0,108045.0,58547.0,96655.0,84164.0
2025-07-09,18269,37261,52350.0,10592.0,13985.0,26535.0,51866.0,23284.0,12522.0,18037.0,63083.0,14830.0,108396.0,19390.0,50873.0,3333.0,29125.0,29823.0,10004.0,13982.0,19834.0,81450.0,7712.0,30009.0,78566.0,12397.0,16096.0,93985.0,7379.0,68089.0,19607.0,22704.0,4398.0,14867.0,19121.0,8413.0,3663.0,40148.0,15839.0,50022.0,16768.0,6513.0,39460.0,38402.0,23268.0,21223.0,101715.0,37779.0,21904.0,9524.0,22789.0,32595.0,9263.0,10536.0,15703.0,11395.0,33847.0,106827.0,58716.0,97362.0,83530.0
2025-07-10,18366,44420,54685.0,11337.0,14775.0,27360.0,54241.0,23811.0,13435.0,18393.0,63636.0,15314.0,118042.0,18669.0,51848.0,3417.0,28833.0,30032.0,9735.0,13848.0,21124.0,85009.0,7790.0,34260.0,75157.0,12557.0,16320.0,105375.0,7364.0,73172.0,19916.0,23199.0,4690.0,15319.0,19701.0,8832.0,3706.0,38996.0,9227.0,49977.0,16532.0,8198.0,45839.0,39890.0,23454.0,19216.0,109873.0,35505.0,22266.0,9692.0,24370.0,33759.0,9738.0,10936.0,16397.0,12477.0,35891.0,117494.0,59195.0,104594.0,84789.0
2025-07-11,16623,39220,52914.0,8384.0,13120.0,21945.0,48057.0,19257.0,9376.0,16622.0,38459.0,15387.0,89032.0,12407.0,32498.0,2712.0,25659.0,27980.0,7269.0,8895.0,16677.0,59761.0,5965.0,25702.0,68962.0,12299.0,12805.0,92406.0,6944.0,65609.0,18704.0,22323.0,5399.0,19529.0,19127.0,9493.0,3191.0,32287.0,13795.0,48967.0,14527.0,11488.0,44001.0,36851.0,20059.0,13264.0,96301.0,30207.0,15276.0,5797.0,20495.0,28023.0,5409.0,9921.0,12682.0,8108.0,37588.0,96495.0,48079.0,91789.0,80214.0
2025-07-14,13132,36215,43009.0,8802.0,12054.0,20394.0,44646.0,20158.0,10724.0,16811.0,40518.0,12987.0,85994.0,13309.0,39906.0,3181.0,25570.0,27828.0,7778.0,11186.0,16383.0,64566.0,5888.0,24932.0,66538.0,12118.0,13936.0,80290.0,6460.0,58272.0,17656.0,21456.0,3601.0,13254.0,16861.0,8148.0,3310.0,35462.0,14790.0,40559.0,14429.0,5691.0,34865.0,33421.0,19549.0,16267.0,86934.0,32105.0,18354.0,9169.0,19127.0,27007.0,7426.0,9837.0,13189.0,8948.0,31472.0,88515.0,50255.0,76732.0,75725.0
2025-07-15,16368,35170,49030.0,10367.0,13468.0,26077.0,48274.0,23665.0,12811.0,18593.0,14235.0,104384.0,49946.0,3005.0,27126.0,,,,15289.0,30149.0,78088.0,15962.0,93785.0,,,,,,6021.0,65522.0,22302.0,3734.0,13455.0,17658.0,8281.0,3509.0,39190.0,,15496.0,45976.0,15517.0,6169.0,39779.0,39703.0,21346.0,19148.0,95543.0,34242.0,21156.0,9329.0,22548.0,28975.0,8528.0,11384.0,15133.0,10882.0,34921.0,102587.0,55994.0,93025.0,81460.0
2025-07-16,16776,41222,54816.0,9835.0,14572.0,26012.0,49483.0,23402.0,11328.0,18868.0,62206.0,15322.0,17771.0,49336.0,3442.0,28447.0,29689.0,,9289.0,14882.0,19060.0,77205.0,7589.0,12512.0,16959.0,,,,18384.0,14293.0,17958.0,3718.0,38175.0,,,,,,16660.0,48734.0,15635.0,6248.0,39670.0,39423.0,21215.0,19750.0,101141.0,36071.0,20495.0,9019.0,23254.0,31542.0,8439.0,11519.0,15383.0,10939.0,36195.0,109156.0,58882.0,95724.0,81545.0
2025-07-17,16560,37097,52094.0,10595.0,13799.0,27662.0,49649.0,23485.0,63820.0,111701.0,18182.0,28826.0,,,,,,,9704.0,19379.0,80928.0,7855.0,31745.0,81541.0,12654.0,101241.0,,,6396.0,66604.0,18480.0,21281.0,4264.0,9001.0,,,,,17366.0,46822.0,15468.0,5930.0,41506.0,40845.0,21244.0,18726.0,101108.0,33649.0,20727.0,9159.0,23836.0,31572.0,8543.0,11637.0,15925.0,11370.0,36761.0,109637.0,57998.0,97427.0,82524.0
2025-07-18,14803,32372,48656.0,7549.0,11425.0,20220.0,44408.0,18842.0,8289.0,16533.0,36273.0,15200.0,88174.0,12863.0,31212.0,2758.0,25288.0,27520.0,6569.0,9940.0,14074.0,57819.0,5862.0,23595.0,68767.0,12366.0,12147.0,91597.0,6363.0,58348.0,18006.0,21352.0,3435.0,13443.0,18126.0,9801.0,3581.0,38761.0,15974.0,42636.0,13808.0,6191.0,43338.0,36088.0,19310.0,14218.0,87028.0,29558.0,14996.0,5772.0,20669.0,28085.0,5449.0,9740.0,11791.0,8041.0,32799.0,89280.0,45861.0,83964.0,79442.0
2025-07-21,12745,30508,45673.0,7919.0,11647.0,20198.0,44767.0,19223.0,9520.0,15717.0,41223.0,11686.0,82903.0,12941.0,37847.0,2210.0,24513.0,28311.0,7281.0,10989.0,16167.0,59015.0,6062.0,24469.0,65929.0,9656.0,13924.0,79510.0,5653.0,55703.0,16971.0,19254.0,3841.0,12165.0,15388.0,7904.0,2956.0,35811.0,12569.0,38451.0,13145.0,4537.0,34226.0,30926.0,17965.0,15290.0,86646.0,30453.0,17348.0,7353.0,19262.0,25097.0,7038.0,9198.0,12423.0,8843.0,24872.0,57627.0,38589.0,72150.0,69943.0
2025-07-22,15051,34418,48570.0,9951.0,13581.0,25202.0,45970.0,23132.0,12041.0,18233.0,61259.0,13942.0,106455.0,17733.0,49712.0,2851.0,26957.0,28131.0,8789.0,14095.0,19015.0,75013.0,6924.0,29419.0,70708.0,11268.0,16369.0,93715.0,6168.0,64963.0,17709.0,20337.0,4059.0,13029.0,16504.0,8170.0,3439.0,38554.0,14751.0,45306.0,15211.0,4747.0,36912.0,36898.0,19670.0,18096.0,98941.0,33058.0,20491.0,8640.0,18670.0,29630.0,8861.0,10607.0,15129.0,10603.0,37045.0,100826.0,55042.0,92129.0,79059.0
2025-07-23,15494,34417,50072.0,9921.0,13420.0,24614.0,47444.0,23142.0,11894.0,18182.0,59965.0,14865.0,106347.0,17340.0,46425.0,3028.0,26714.0,28224.0,8599.0,14419.0,18516.0,75885.0,7309.0,30254.0,77408.0,11862.0,16156.0,97595.0,6395.0,65756.0,18074.0,21483.0,4526.0,13491.0,17509.0,8818.0,3258.0,39344.0,16207.0,45439.0,15134.0,5462.0,40386.0,39006.0,20297.0,17971.0,99937.0,32488.0,20046.0,9019.0,22304.0,30493.0,8287.0,10830.0,14864.0,10690.0,36343.0,104718.0,56170.0,91018.0,80530.0
2025-07-24,15305,36606,49033.0,10686.0,14118.0,26217.0,48590.0,23526.0,12638.0,19365.0,64318.0,14902.0,109846.0,19190.0,49186.0,3056.0,28541.0,27534.0,9398.0,15203.0,19872.0,79720.0,7210.0,32478.0,81246.0,12734.0,16871.0,102638.0,6202.0,67867.0,18341.0,21423.0,4149.0,13402.0,17636.0,8861.0,3480.0,42419.0,19002.0,46182.0,15658.0,6015.0,43157.0,42518.0,20523.0,17221.0,100729.0,30447.0,21075.0,9242.0,24223.0,30911.0,9067.0,10860.0,15941.0,11330.0,35926.0,107321.0,54829.0,97384.0,81006.0
2025-07-25,15062,37417,51516.0,8849.0,12510.0,20457.0,46352.0,18618.0,9756.0,15789.0,38670.0,15434.0,93378.0,13245.0,31001.0,3010.0,26344.0,26745.0,7204.0,9754.0,17049.0,57164.0,5991.0,25442.0,73560.0,12157.0,13064.0,92249.0,6859.0,61278.0,17324.0,18838.0,4486.0,13999.0,17972.0,9578.0,3454.0,41540.0,17551.0,42834.0,15011.0,7760.0,46970.0,40585.0,19223.0,14042.0,93038.0,32543.0,15286.0,6124.0,22612.0,29291.0,5862.0,9424.0,12244.0,8166.0,33808.0,96400.0,46315.0,91363.0,85454.0
2025-07-28,12937,31205,43375.0,8121.0,10706.0,19509.0,41450.0,18577.0,9721.0,15895.0,44734.0,12486.0,80036.0,13586.0,37284.0,2850.0,25435.0,26145.0,7366.0,10893.0,15398.0,60397.0,5977.0,23039.0,67910.0,10985.0,13310.0,78367.0,5703.0,57328.0,16622.0,20998.0,4147.0,13168.0,15254.0,7932.0,3181.0,35991.0,13763.0,38448.0,13751.0,5569.0,36602.0,33683.0,17527.0,14544.0,81894.0,28919.0,17226.0,6627.0,19854.0,25272.0,6379.0,8902.0,12146.0,8272.0,28013.0,81494.0,47295.0,74111.0,72782.0
2025-07-29,15338,34973,48333.0,9813.0,13123.0,24404.0,46724.0,22266.0,12045.0,18531.0,60450.0,13605.0,99733.0,17695.0,47815.0,3086.0,27541.0,27642.0,8854.0,14398.0,17567.0,74330.0,7330.0,28943.0,79860.0,11527.0,15647.0,93304.0,5982.0,65688.0,17984.0,21379.0,4359.0,13684.0,16331.0,8549.0,3413.0,38898.0,16204.0,49413.0,14941.0,6006.0,42113.0,41938.0,19805.0,19939.0,96369.0,31527.0,20922.0,8558.0,23737.0,31107.0,8282.0,10672.0,15202.0,8306.0,33467.0,99977.0,55237.0,91224.0,77916.0
2025-07-30,15613,38636,43689.0,10058.0,15389.0,24940.0,48071.0,21114.0,12826.0,17868.0,59357.0,14485.0,104248.0,17320.0,46832.0,3187.0,27176.0,27625.0,8452.0,13812.0,19282.0,76348.0,7191.0,28135.0,77242.0,11743.0,15293.0,95051.0,6430.0,66357.0,17481.0,21758.0,4771.0,13405.0,16630.0,8641.0,3403.0,38450.0,16111.0,45459.0,15225.0,5583.0,40941.0,39664.0,19408.0,18917.0,97248.0,32035.0,19955.0,8234.0,23243.0,30059.0,8052.0,10352.0,14514.0,9981.0,31356.0,105194.0,54026.0,91605.0,77811.0
2025-07-31,15826,34873,48670.0,9704.0,14310.0,27096.0,47954.0,21760.0,11924.0,18673.0,61130.0,14697.0,107765.0,17427.0,47749.0,3240.0,27261.0,26909.0,8877.0,14668.0,17256.0,77411.0,7127.0,29865.0,79387.0,11971.0,15731.0,101423.0,5975.0,66252.0,18204.0,21960.0,4378.0,13571.0,16638.0,8783.0,3261.0,41616.0,18455.0,43690.0,14759.0,5176.0,39481.0,41058.0,19603.0,16726.0,99399.0,28431.0,20635.0,8660.0,23935.0,30913.0,8271.0,10782.0,16176.0,10292.0,38656.0,114972.0,54117.0,95310.0,78472.0
2025-08-01,14930,29911,45588.0,7038.0,11244.0,19753.0,42314.0,17367.0,8318.0,16384.0,34903.0,14689.0,80934.0,12541.0,28959.0,2887.0,24916.0,25874.0,6434.0,8802.0,13550.0,53085.0,5635.0,23944.0,72183.0,11650.0,12428.0,91416.0,6287.0,59341.0,16652.0,22714.0,4512.0,13473.0,17306.0,8859.0,2851.0,40032.0,15991.0,41084.0,14341.0,3820.0,44553.0,39107.0,18350.0,13059.0,85419.0,28011.0,14282.0,5623.0,21307.0,25721.0,5231.0,9337.0,11918.0,7247.0,34145.0,88167.0,43822.0,86170.0,76592.0
2025-08-04,12233,29203,40032.0,7571.0,10609.0,19760.0,41090.0,18480.0,10401.0,14390.0,42550.0,12346.0,80513.0,12503.0,35877.0,2689.0,25093.0,25941.0,6635.0,14528.0,60072.0,5772.0,27870.0,65841.0,10487.0,13710.0,77333.0,,5852.0,56280.0,15796.0,21528.0,3821.0,12303.0,14841.0,7696.0,2854.0,37839.0,14219.0,36804.0,12776.0,3940.0,35675.0,33508.0,16643.0,14232.0,81750.0,28375.0,16224.0,5998.0,18903.0,23882.0,5929.0,8989.0,12506.0,7373.0,29823.0,77005.0,44853.0,71293.0,71030.0
2025-08-05,15036,39201,46880.0,9537.0,12563.0,23340.0,45141.0,21771.0,12658.0,16385.0,57018.0,13874.0,93869.0,17268.0,47321.0,3318.0,28733.0,28100.0,8107.0,12625.0,17825.0,72912.0,6798.0,27159.0,72570.0,11111.0,15264.0,90550.0,6252.0,62886.0,16701.0,21836.0,4294.0,12996.0,16582.0,8437.0,3366.0,39550.0,15509.0,42525.0,14531.0,5137.0,39423.0,37749.0,19121.0,17214.0,94309.0,31654.0,19937.0,8212.0,21108.0,28632.0,7913.0,10212.0,14933.0,8654.0,32228.0,97460.0,54438.0,91281.0,77927.0
2025-08-06,16414,34944,46715.0,9328.0,12339.0,23788.0,44713.0,21287.0,11813.0,17536.0,55643.0,13597.0,97481.0,16723.0,44442.0,3302.0,29725.0,28020.0,8133.0,4356.0,17180.0,75641.0,6890.0,31608.0,75950.0,11721.0,15717.0,95090.0,6576.0,62565.0,16724.0,22384.0,4345.0,13376.0,16281.0,8336.0,3449.0,39922.0,16972.0,44526.0,14744.0,5504.0,42587.0,40246.0,18904.0,17675.0,95667.0,32585.0,19082.0,7868.0,22747.0,29903.0,7599.0,10316.0,14882.0,8980.0,32953.0,100146.0,54131.0,89399.0,77619.0
2025-08-07,15678,35463,46956.0,8255.0,13488.0,25585.0,38158.0,22224.0,11154.0,19476.0,58450.0,14004.0,102313.0,17096.0,45172.0,3150.0,27397.0,27624.0,6957.0,12882.0,14728.0,74376.0,6784.0,29071.0,79916.0,11553.0,15659.0,99752.0,2048.0,63147.0,16811.0,22285.0,4776.0,13566.0,17850.0,11023.0,3993.0,40107.0,17369.0,42609.0,9624.0,5669.0,43082.0,40821.0,18290.0,15919.0,96849.0,30394.0,19561.0,7949.0,23885.0,29818.0,8080.0,10046.0,14681.0,9158.0,33013.0,99783.0,51907.0,91640.0,76767.0
2025-08-08,14200,31487,43518.0,7193.0,10076.0,18430.0,42661.0,16628.0,8294.0,15638.0,35559.0,14114.0,80041.0,14005.0,28452.0,2961.0,26727.0,25946.0,6222.0,8319.0,14237.0,52142.0,5309.0,22770.0,67768.0,11680.0,12247.0,87967.0,6093.0,54947.0,15895.0,21702.0,4599.0,12826.0,16871.0,8533.0,3117.0,39252.0,15784.0,39310.0,13733.0,6028.0,43393.0,37495.0,19144.0,13529.0,89496.0,29487.0,14530.0,6160.0,20589.0,27333.0,5336.0,8592.0,11308.0,7023.0,30680.0,80671.0,43486.0,74516.0,75448.0
2025-08-11,11929,29836,37137.0,7493.0,10243.0,18507.0,40560.0,17199.0,9662.0,14851.0,40544.0,11053.0,76500.0,13098.0,34500.0,2997.0,25589.0,25809.0,6225.0,9569.0,13623.0,58868.0,5391.0,20463.0,61027.0,10338.0,11772.0,73423.0,5890.0,52673.0,15115.0,20988.0,3920.0,11441.0,14263.0,7357.0,2854.0,36075.0,13709.0,35211.0,12745.0,5324.0,33621.0,31967.0,16274.0,14154.0,82750.0,28718.0,16335.0,6449.0,17878.0,24312.0,6032.0,8405.0,11472.0,7051.0,26943.0,79537.0,44048.0,70495.0,70101.0
2025-08-12,14252,34189,44302.0,9595.0,11390.0,23287.0,43260.0,20315.0,11412.0,18140.0,53768.0,12602.0,94217.0,16616.0,44351.0,3215.0,29921.0,27920.0,7783.0,11322.0,16485.0,73227.0,6429.0,25231.0,67740.0,11094.0,13766.0,88171.0,6396.0,59471.0,15760.0,21544.0,4172.0,12115.0,15203.0,7463.0,3191.0,39047.0,14508.0,40122.0,13828.0,5810.0,36742.0,35160.0,17771.0,17066.0,96488.0,31510.0,20634.0,8084.0,20254.0,28036.0,7892.0,9327.0,13914.0,9404.0,31729.0,93054.0,50447.0,92538.0,74132.0
2025-08-13,15207,33422,44252.0,9357.0,11252.0,23433.0,44232.0,19973.0,11290.0,17908.0,54073.0,13256.0,99168.0,16900.0,44477.0,3023.0,28577.0,26981.0,8061.0,12094.0,17153.0,72583.0,6926.0,26468.0,63554.0,11549.0,14313.0,91763.0,6479.0,62381.0,15690.0,21871.0,4016.0,12517.0,15530.0,7774.0,3224.0,39106.0,15922.0,41309.0,14314.0,5562.0,40292.0,38241.0,18274.0,17817.0,95062.0,32669.0,19282.0,8203.0,21422.0,29690.0,7710.0,9720.0,14290.0,8894.0,28767.0,96588.0,50747.0,87690.0,74013.0
2025-08-14,16247,39983,45722.0,9528.0,12233.0,23085.0,45721.0,20458.0,11543.0,18383.0,55568.0,12570.0,101497.0,17374.0,44359.0,3163.0,29043.0,27180.0,8474.0,11245.0,17046.0,75031.0,6557.0,28356.0,73856.0,11266.0,14827.0,94128.0,6474.0,61275.0,16418.0,21579.0,4317.0,12702.0,15858.0,8248.0,3231.0,39481.0,14245.0,40755.0,14583.0,5601.0,44846.0,18928.0,16599.0,96807.0,32020.0,,19507.0,8235.0,22884.0,30291.0,7910.0,9932.0,14859.0,9113.0,98413.0,,50746.0,92081.0,75894.0
2025-08-15,14237,32787,44444.0,7464.0,10957.0,18746.0,42855.0,16313.0,9136.0,16270.0,32585.0,15038.0,79185.0,12737.0,27678.0,2719.0,26984.0,26273.0,6133.0,7377.0,15214.0,57159.0,5410.0,21562.0,63701.0,11600.0,11330.0,87613.0,6511.0,54780.0,15665.0,21430.0,4476.0,12409.0,16264.0,8926.0,2964.0,38652.0,37555.0,,,,,,,,,,20373.0,29431.0,82433.0,,,,,,,,42051.0,82765.0,74426.0
2025-08-18,11906,29434,42009.0,7262.0,9993.0,18358.0,39479.0,17618.0,9779.0,14273.0,40779.0,11742.0,75499.0,12781.0,34199.0,2791.0,24954.0,25483.0,6297.0,9141.0,13995.0,55914.0,5384.0,21052.0,61990.0,9992.0,11604.0,73518.0,5205.0,52008.0,14498.0,20302.0,3494.0,11361.0,14556.0,7717.0,2778.0,35328.0,12136.0,34703.0,12404.0,4822.0,36330.0,31961.0,15882.0,13825.0,78926.0,27076.0,15121.0,5966.0,17650.0,23160.0,5649.0,8463.0,11420.0,6855.0,27741.0,79054.0,42836.0,68640.0,69216.0
2025-08-19,13951,33086,43465.0,8948.0,11864.0,22979.0,43106.0,20766.0,11425.0,16957.0,54554.0,12933.0,91296.0,16235.0,43307.0,3072.0,27192.0,27383.0,7589.0,9959.0,16456.0,71017.0,6393.0,26463.0,70589.0,10602.0,14916.0,85744.0,5602.0,58206.0,15387.0,21501.0,3671.0,12382.0,15922.0,8015.0,3167.0,37805.0,14146.0,40393.0,13864.0,1015.0,38056.0,35970.0,18227.0,16084.0,88470.0,29272.0,18337.0,8002.0,20408.0,27234.0,7267.0,10194.0,14138.0,8621.0,31073.0,91294.0,50168.0,85365.0,73806.0
2025-08-20,15464,37769,45098.0,8713.0,12579.0,23488.0,44281.0,20010.0,11414.0,17018.0,53462.0,13727.0,93470.0,16133.0,42811.0,3180.0,27668.0,27064.0,8024.0,11676.0,16580.0,68585.0,6575.0,25765.0,72560.0,10928.0,14516.0,89880.0,5817.0,59997.0,15343.0,20544.0,3766.0,12631.0,15589.0,7524.0,3316.0,38397.0,16424.0,40254.0,14068.0,4957.0,40418.0,36466.0,18471.0,17101.0,94006.0,30077.0,17870.0,7650.0,21497.0,28007.0,7179.0,10041.0,14370.0,8822.0,32910.0,96185.0,50226.0,88459.0,74748.0
2025-08-21,16422,34052,46005.0,9145.0,12436.0,24233.0,44220.0,20046.0,11419.0,17552.0,55093.0,13343.0,97783.0,16463.0,43499.0,3026.0,27412.0,26437.0,8217.0,12017.0,16250.0,70116.0,6321.0,26325.0,76146.0,10720.0,14605.0,94431.0,5714.0,59886.0,15761.0,20353.0,4169.0,12529.0,15868.0,8034.0,3326.0,37926.0,17361.0,38691.0,14179.0,5010.0,42014.0,38737.0,18546.0,16244.0,95642.0,28605.0,18087.0,7789.0,22524.0,28561.0,7484.0,10101.0,14061.0,8727.0,35053.0,94516.0,49189.0,89798.0,75176.0
2025-08-22,13763,32534,46638.0,6574.0,11920.0,18216.0,43636.0,16560.0,9401.0,16295.0,32006.0,17050.0,80381.0,12014.0,27189.0,2760.0,25307.0,26353.0,6173.0,7636.0,14338.0,52739.0,5080.0,21872.0,67550.0,10485.0,11765.0,86591.0,5217.0,56417.0,15850.0,20837.0,5276.0,12889.0,16875.0,9537.0,2984.0,37285.0,16558.0,38139.0,12906.0,5135.0,43570.0,36629.0,17463.0,13123.0,85924.0,27763.0,13498.0,5050.0,20487.0,25131.0,4716.0,8728.0,11751.0,6531.0,29663.0,83791.0,41902.0,82488.0,95530.0
2025-08-26,13537,33613,47133.0,9171.0,11929.0,21271.0,45627.0,18720.0,11627.0,16078.0,47140.0,12420.0,87573.0,15312.0,39727.0,2862.0,25392.0,26341.0,7527.0,11020.0,18222.0,64722.0,6248.0,23763.0,62156.0,10982.0,12844.0,82750.0,5989.0,58029.0,15328.0,19738.0,3903.0,11976.0,14455.0,7879.0,3177.0,36819.0,13520.0,37864.0,13791.0,4811.0,38765.0,36253.0,17361.0,15180.0,87117.0,28740.0,17108.0,7092.0,20250.0,25757.0,6710.0,7641.0,13205.0,8354.0,21142.0,92106.0,45099.0,81478.0,72252.0
2025-08-27,15015,34506,46476.0,9311.0,14400.0,23128.0,46664.0,20745.0,13174.0,16517.0,52784.0,13252.0,93642.0,16951.0,43721.0,3505.0,26286.0,27124.0,8095.0,12220.0,17836.0,71188.0,6581.0,25287.0,74064.0,11601.0,13990.0,90912.0,5856.0,60121.0,15707.0,21369.0,3820.0,11723.0,15571.0,7887.0,3419.0,40031.0,15991.0,40706.0,14559.0,4995.0,40814.0,38341.0,18756.0,16658.0,91315.0,25106.0,18371.0,7801.0,22727.0,28340.0,7391.0,10239.0,12640.0,8694.0,29741.0,93932.0,44711.0,78861.0,74097.0
2025-08-28,16061,34504,47241.0,9243.0,12927.0,25370.0,45223.0,21148.0,11971.0,17753.0,55894.0,13687.0,98622.0,17870.0,45773.0,3227.0,27153.0,27060.0,8778.0,12939.0,16159.0,74976.0,6903.0,27909.0,79762.0,11205.0,14988.0,96855.0,5268.0,62804.0,16372.0,21403.0,4065.0,12602.0,16519.0,7991.0,3304.0,40806.0,19180.0,40300.0,14080.0,4992.0,44362.0,39375.0,19559.0,16022.0,95809.0,28581.0,22689.0,8757.0,22734.0,30245.0,8254.0,10250.0,16036.0,9925.0,31518.0,93273.0,50316.0,90924.0,77506.0
2025-08-29,15139,29530,44327.0,7513.0,10760.0,19254.0,41574.0,16753.0,8433.0,16107.0,33682.0,14319.0,76823.0,12178.0,28799.0,2083.0,24172.0,25265.0,6500.0,8901.0,13578.0,51356.0,5507.0,22584.0,69605.0,10737.0,11457.0,87166.0,4036.0,55740.0,16263.0,21415.0,4423.0,13143.0,17792.0,9498.0,3041.0,43180.0,16180.0,36892.0,14603.0,4725.0,45126.0,37263.0,19115.0,12679.0,83414.0,24836.0,14201.0,5725.0,19777.0,25351.0,5097.0,8833.0,11571.0,7143.0,28600.0,73790.0,32272.0,77796.0,72569.0
2025-09-01,12272,28882,40852.0,8286.0,10766.0,19269.0,39711.0,18495.0,9810.0,14131.0,43359.0,12191.0,78195.0,12559.0,38084.0,2771.0,21410.0,26250.0,6749.0,10572.0,14436.0,60846.0,5913.0,22666.0,64795.0,9489.0,12312.0,75025.0,5261.0,53975.0,15240.0,18939.0,3431.0,11879.0,14628.0,6942.0,3203.0,36295.0,8736.0,36164.0,13971.0,4380.0,36051.0,29814.0,18198.0,14560.0,73735.0,24546.0,16280.0,6882.0,18095.0,22642.0,6295.0,8948.0,10147.0,7627.0,27649.0,77959.0,38320.0,65032.0,70812.0
2025-09-02,15130,31400,43645.0,9469.0,12585.0,23450.0,42841.0,22049.0,11794.0,16457.0,60760.0,13600.0,93295.0,17328.0,48254.0,3173.0,24031.0,27879.0,8117.0,13662.0,16634.0,74281.0,6958.0,26183.0,71895.0,9952.0,15285.0,86973.0,5151.0,59086.0,15645.0,17921.0,3370.0,11874.0,15473.0,6790.0,3174.0,34242.0,12605.0,38738.0,13776.0,4182.0,35535.0,32693.0,19900.0,17364.0,88242.0,26872.0,19760.0,8863.0,20174.0,25313.0,7906.0,10446.0,11088.0,9899.0,32216.0,89385.0,43791.0,76412.0,76856.0
2025-09-03,17659,33724,47166.0,10239.0,14821.0,25102.0,46967.0,22421.0,12536.0,16852.0,58394.0,14123.0,102122.0,16770.0,49535.0,2780.0,23236.0,27680.0,9135.0,13832.0,18495.0,74202.0,7406.0,25835.0,72365.0,11812.0,15404.0,89725.0,5787.0,61284.0,17033.0,18621.0,3761.0,12132.0,16417.0,7543.0,3323.0,39054.0,13870.0,43050.0,15220.0,4392.0,36807.0,34839.0,20555.0,18460.0,95896.0,28280.0,20938.0,9319.0,22736.0,26510.0,8209.0,11587.0,14963.0,9963.0,35600.0,89367.0,49616.0,87351.0,72862.0
2025-09-04,17255,42441,48406.0,10729.0,15273.0,27293.0,48983.0,22792.0,13338.0,17958.0,63377.0,15101.0,111186.0,18051.0,52232.0,2914.0,24502.0,27585.0,10387.0,14560.0,20090.0,81077.0,7174.0,30008.0,79610.0,11837.0,16667.0,93789.0,6267.0,64531.0,18334.0,20237.0,4082.0,12749.0,17715.0,8355.0,3390.0,38176.0,14675.0,45512.0,15461.0,5049.0,40374.0,38063.0,22366.0,18320.0,102573.0,29775.0,21232.0,9361.0,23660.0,28647.0,8833.0,10247.0,16383.0,10405.0,35523.0,106669.0,55952.0,94162.0,75604.0
2025-09-05,16039,30959,42583.0,8109.0,10789.0,19775.0,47410.0,17833.0,8720.0,15510.0,36700.0,14387.0,86071.0,12333.0,31622.0,2835.0,23382.0,26359.0,7626.0,9663.0,14127.0,54728.0,5534.0,23049.0,67123.0,11370.0,12340.0,85200.0,6439.0,54980.0,17559.0,19243.0,4292.0,12710.0,17652.0,8049.0,3166.0,37421.0,14441.0,40788.0,14653.0,5106.0,42810.0,35903.0,20715.0,14629.0,83565.0,26455.0,15069.0,6094.0,19740.0,25966.0,5642.0,10362.0,10474.0,7276.0,32249.0,79098.0,44739.0,80718.0,74097.0
2025-09-08,47,1,7.0,,,,,,20.0,53559.0,5155.0,24427.0,4728.0,4.0,29037.0,,,,53915.0,6.0,68755.0,,,,,,,,50826.0,,,,,,,,,,21.0,1.0,,23.0,5.0,,,,,,42.0,,,,,,,,,,3.0,62742.0,
2025-09-09,1,33,10430.0,3226.0,31.0,3025.0,,,2076.0,65220.0,1.0,33993.0,5.0,33374.0,,,,,62479.0,1639.0,3.0,1.0,86478.0,,,,,,1.0,61429.0,5.0,,,,,,,,97.0,11.0,3046.0,1.0,,,,,,,2547.0,2083.0,25.0,6163.0,,,,,,,130.0,6100.0,65583.0
2025-09-10,4,18,2.0,1154.0,,,,,2.0,57826.0,5675.0,32114.0,6654.0,1.0,32682.0,,,,56525.0,83117.0,,,,,,,,,60926.0,1.0,,,,,,,,,2.0,,,,,,,,,,1.0,31.0,,,,,,,,,67224.0,,
2025-09-11,402,4,5.0,7.0,,,,,3.0,71214.0,5.0,33691.0,36238.0,,,,,,63086.0,8.0,98009.0,,,,,,,,2.0,67895.0,1.0,4.0,,,,,,,7.0,5.0,2.0,3.0,,,,,,,1.0,11.0,13.0,82.0,,,,,,,9.0,66845.0,
2025-09-12,13483,27477,41671.0,6643.0,9310.0,16484.0,35619.0,15694.0,6832.0,12001.0,31105.0,10327.0,82223.0,10900.0,28563.0,3125.0,17796.0,29425.0,6052.0,4989.0,13009.0,56658.0,5489.0,20957.0,56570.0,9164.0,10049.0,87401.0,5103.0,57570.0,14917.0,17552.0,3374.0,9833.0,14541.0,6670.0,2317.0,34493.0,12577.0,34399.0,11722.0,4523.0,40366.0,32050.0,16064.0,12331.0,68393.0,25730.0,11875.0,4723.0,16948.0,21122.0,4823.0,7967.0,7650.0,5901.0,24110.0,69323.0,31068.0,65082.0,78092.0
2025-09-15,14091,31568,42497.0,8312.0,10398.0,20610.0,41453.0,20024.0,10056.0,14864.0,49043.0,12726.0,84612.0,14149.0,43155.0,2671.0,22075.0,29739.0,8037.0,12080.0,15389.0,62068.0,6353.0,23728.0,64536.0,10190.0,13197.0,77897.0,5550.0,57662.0,17137.0,17804.0,2545.0,11234.0,15259.0,7047.0,2947.0,33167.0,12102.0,38695.0,13759.0,4349.0,31309.0,29490.0,19438.0,17141.0,82020.0,28679.0,17131.0,7282.0,17546.0,22743.0,7120.0,10504.0,12740.0,8772.0,29572.0,70879.0,44446.0,70757.0,70240.0
2025-09-16,17513,38516,49851.0,10333.0,13639.0,26660.0,47231.0,23436.0,12156.0,17130.0,64849.0,13845.0,107699.0,17731.0,53504.0,3283.0,24145.0,31409.0,9560.0,15455.0,18426.0,79814.0,7754.0,29731.0,75981.0,10980.0,16415.0,89580.0,5918.0,65891.0,18206.0,18101.0,3409.0,12529.0,16474.0,7477.0,3506.0,35198.0,13563.0,43501.0,15068.0,4580.0,35235.0,34328.0,21599.0,19347.0,93068.0,30620.0,20662.0,9345.0,19861.0,27344.0,8880.0,11810.0,15081.0,10816.0,36854.0,101960.0,57214.0,89205.0,80291.0
2025-09-17,18535,37617,50452.0,10573.0,13671.0,26656.0,47481.0,23238.0,12233.0,17472.0,64585.0,14728.0,106391.0,16869.0,53236.0,3205.0,23423.0,30492.0,10009.0,15039.0,18437.0,79541.0,7545.0,30601.0,78179.0,10917.0,16443.0,95870.0,5994.0,66042.0,18503.0,19107.0,3493.0,13222.0,16945.0,8307.0,3529.0,37147.0,14191.0,45579.0,16044.0,5106.0,37552.0,36499.0,21809.0,20914.0,96503.0,31203.0,20630.0,9111.0,22858.0,29473.0,8668.0,12781.0,14954.0,11018.0,36089.0,98234.0,54919.0,90288.0,79377.0
2025-09-18,18652,39556,48685.0,11342.0,13894.0,28701.0,59705.0,24092.0,12992.0,18803.0,69474.0,15156.0,114005.0,19215.0,54694.0,3583.0,25259.0,29911.0,10989.0,16008.0,21082.0,83914.0,7886.0,32146.0,63066.0,11581.0,17325.0,101636.0,6357.0,71318.0,18616.0,18853.0,5876.0,13529.0,17570.0,7780.0,3610.0,38170.0,15303.0,47287.0,15317.0,5650.0,41018.0,39933.0,22229.0,19669.0,100160.0,29369.0,20707.0,9338.0,23528.0,29832.0,9177.0,8662.0,15853.0,11946.0,30173.0,108975.0,61362.0,96114.0,80824.0
2025-09-19,14206,35253,48258.0,8258.0,10782.0,21410.0,45770.0,18873.0,9576.0,15023.0,37971.0,14846.0,85877.0,12617.0,33124.0,3194.0,23628.0,29335.0,8310.0,9454.0,15392.0,59836.0,5798.0,25188.0,71864.0,11457.0,12189.0,90688.0,6939.0,59646.0,18114.0,20868.0,1992.0,13326.0,17600.0,7716.0,3163.0,37922.0,16017.0,42005.0,15238.0,5776.0,44376.0,36017.0,21000.0,14713.0,86079.0,27865.0,14509.0,6027.0,19866.0,26166.0,5564.0,10212.0,11395.0,8618.0,33836.0,86009.0,45961.0,83823.0,81414.0
2025-09-22,15561,33233,43781.0,9348.0,11041.0,20815.0,41268.0,21563.0,9894.0,16073.0,49232.0,12676.0,84694.0,17034.0,42252.0,2928.0,22839.0,29759.0,8402.0,12112.0,18070.0,67955.0,7173.0,25556.0,62768.0,11581.0,13461.0,80839.0,5946.0,58498.0,17036.0,18138.0,3668.0,11886.0,15267.0,8071.0,3116.0,34131.0,11959.0,38042.0,13702.0,4469.0,31850.0,31069.0,19241.0,15837.0,78961.0,23442.0,17048.0,7001.0,17641.0,23180.0,6697.0,10289.0,12118.0,11773.0,31005.0,83406.0,45152.0,73269.0,76592.0
2025-09-23,18980,38294,50367.0,10752.0,13244.0,25315.0,46999.0,24343.0,12759.0,18375.0,64410.0,14050.0,103642.0,16925.0,52343.0,3106.0,24452.0,31760.0,9982.0,15332.0,21487.0,81975.0,8048.0,30714.0,77054.0,12481.0,16362.0,93557.0,5725.0,64770.0,18150.0,18848.0,3881.0,12563.0,16201.0,7618.0,3449.0,37376.0,13687.0,44477.0,14854.0,4430.0,34721.0,33715.0,20864.0,18203.0,91177.0,27146.0,19884.0,8904.0,20349.0,26691.0,8361.0,11864.0,15050.0,12476.0,35398.0,102150.0,56815.0,89450.0,84200.0
2025-09-24,18883,38047,54237.0,10537.0,13424.0,26243.0,48231.0,24325.0,12472.0,19154.0,64627.0,14582.0,108602.0,17693.0,52093.0,3272.0,24601.0,31116.0,9908.0,15110.0,21636.0,84058.0,8283.0,31589.0,77497.0,13372.0,16699.0,97476.0,6178.0,67917.0,18721.0,18593.0,4223.0,13359.0,17074.0,8095.0,3529.0,38772.0,14746.0,43946.0,15966.0,4859.0,38008.0,35481.0,22212.0,19193.0,94672.0,27501.0,19837.0,9005.0,21689.0,27929.0,8452.0,12284.0,13864.0,12408.0,37514.0,105983.0,58581.0,91977.0,85142.0
2025-09-25,19859,41551,55254.0,11098.0,13824.0,29386.0,51889.0,25493.0,12650.0,20290.0,68300.0,14741.0,116123.0,19580.0,55183.0,3501.0,26847.0,31797.0,10567.0,15623.0,21640.0,90366.0,8469.0,32802.0,83032.0,13074.0,16973.0,107972.0,6555.0,69746.0,19387.0,19744.0,3727.0,12919.0,17662.0,8173.0,3611.0,38500.0,15186.0,46579.0,15945.0,5235.0,40432.0,38724.0,25305.0,19290.0,99381.0,29035.0,21363.0,9726.0,22840.0,29713.0,9156.0,10830.0,15651.0,13367.0,37736.0,108746.0,59142.0,98675.0,96288.0
2025-09-26,18219,35827,52565.0,8795.0,11811.0,21811.0,46671.0,19949.0,8957.0,17222.0,39068.0,16065.0,98303.0,12904.0,34623.0,3022.0,24561.0,29972.0,7332.0,10545.0,17738.0,61749.0,7327.0,26174.0,58042.0,13445.0,12987.0,100394.0,6425.0,66758.0,19035.0,21069.0,4181.0,13387.0,18288.0,8518.0,3218.0,41200.0,15281.0,42864.0,15473.0,5276.0,46823.0,41061.0,23377.0,15088.0,90161.0,27059.0,15928.0,5922.0,20610.0,26380.0,5553.0,8365.0,12121.0,9447.0,25861.0,93409.0,46534.0,87741.0,84680.0
2025-09-29,16390,35629,47281.0,9086.0,11262.0,21726.0,42035.0,22483.0,10915.0,16833.0,49393.0,13016.0,84687.0,13624.0,43352.0,2797.0,22477.0,29889.0,8529.0,12387.0,20879.0,70738.0,7757.0,27176.0,67515.0,12345.0,14156.0,81214.0,5701.0,58063.0,18224.0,18425.0,3927.0,11746.0,15461.0,7789.0,3122.0,38414.0,12939.0,4235.0,,,,,,,,,,,,,,,,,,,51684.0,79619.0,78997.0
2025-09-30,19219,39290,55705.0,11178.0,12201.0,26296.0,47644.0,26121.0,13368.0,19426.0,63813.0,14296.0,105146.0,17194.0,53709.0,3293.0,24954.0,32281.0,9999.0,15391.0,24091.0,85112.0,9206.0,32488.0,75205.0,13660.0,16315.0,94153.0,5838.0,65390.0,19547.0,18216.0,4428.0,12398.0,16528.0,7623.0,3174.0,41458.0,13805.0,44161.0,15703.0,4581.0,35017.0,32626.0,21820.0,19092.0,93890.0,26665.0,20806.0,9435.0,20419.0,27457.0,8686.0,12774.0,15516.0,14854.0,36517.0,104154.0,59118.0,93014.0,88911.0
2025-10-01,20016,36629,55099.0,10921.0,13336.0,26653.0,47490.0,24701.0,12668.0,14675.0,23933.0,31345.0,,,,,,,13608.0,,,,,,,,,,19197.0,18380.0,4043.0,12724.0,16594.0,42241.0,,,,,14594.0,45580.0,15995.0,4340.0,36799.0,35276.0,21477.0,18470.0,95084.0,26619.0,19659.0,8812.0,21326.0,26976.0,8377.0,12360.0,15534.0,14247.0,37937.0,92127.0,52908.0,91368.0,80734.0
2025-10-02,19523,39514,51419.0,11293.0,13293.0,28057.0,49391.0,26197.0,19529.0,66250.0,110895.0,18184.0,54136.0,3201.0,25393.0,,,,10416.0,15727.0,25363.0,86600.0,9178.0,33326.0,79794.0,16302.0,101906.0,,6133.0,67307.0,8053.0,3636.0,,,,,,,14820.0,45725.0,15723.0,4803.0,38528.0,37456.0,22187.0,19381.0,99245.0,27240.0,20880.0,9368.0,23208.0,30944.0,8968.0,13004.0,15805.0,15143.0,38023.0,109321.0,58907.0,97485.0,85343.0
2025-10-03,19439,35658,50599.0,8594.0,12747.0,23160.0,52485.0,21349.0,9361.0,18555.0,40315.0,15741.0,93036.0,13796.0,35333.0,2785.0,28153.0,,9304.0,11967.0,19222.0,60978.0,7994.0,28675.0,74465.0,14071.0,10906.0,93487.0,6698.0,56342.0,19894.0,22169.0,5408.0,13361.0,17758.0,8950.0,3254.0,44372.0,16335.0,41791.0,15511.0,4472.0,47238.0,40112.0,20967.0,14721.0,90833.0,26343.0,16341.0,6643.0,21437.0,26247.0,6273.0,12166.0,12561.0,12729.0,35941.0,92230.0,48805.0,89075.0,84133.0
2025-10-06,16716,35124,44550.0,9745.0,10682.0,21533.0,42389.0,21879.0,10437.0,17722.0,47141.0,12922.0,92328.0,13272.0,43893.0,2875.0,23431.0,30588.0,8680.0,12221.0,20666.0,69098.0,7951.0,27776.0,58737.0,13550.0,13227.0,82329.0,5533.0,60078.0,19060.0,18615.0,4040.0,11899.0,15338.0,7620.0,3205.0,40114.0,12472.0,38938.0,13728.0,4555.0,33523.0,32207.0,19054.0,16707.0,78838.0,26454.0,17214.0,7383.0,18407.0,24015.0,6691.0,10853.0,13064.0,13102.0,27674.0,88675.0,50729.0,74777.0,78627.0
2025-10-07,19687,38386,51460.0,11102.0,12754.0,26073.0,45740.0,25843.0,12774.0,19570.0,63773.0,14178.0,106655.0,18027.0,54553.0,3181.0,25178.0,31931.0,10180.0,15621.0,23924.0,84977.0,9207.0,32869.0,74334.0,14132.0,16302.0,93678.0,5747.0,64827.0,19445.0,18479.0,4254.0,12786.0,16649.0,8492.0,3486.0,42782.0,13598.0,44530.0,14768.0,4339.0,35920.0,34034.0,21117.0,18711.0,92340.0,26818.0,20813.0,9492.0,21457.0,27011.0,8402.0,13087.0,15619.0,15908.0,35046.0,103035.0,58190.0,92804.0,85406.0
2025-10-08,19429,36382,53435.0,10599.0,13535.0,26678.0,46095.0,25231.0,11514.0,17792.0,63151.0,14671.0,106710.0,16476.0,53170.0,3251.0,23870.0,31964.0,9579.0,14992.0,21740.0,85209.0,8908.0,31961.0,76771.0,14197.0,16004.0,97664.0,5543.0,67168.0,20190.0,19777.0,4332.0,12748.0,16943.0,8503.0,3451.0,44325.0,14832.0,47378.0,15481.0,4667.0,38505.0,36912.0,21405.0,18069.0,94165.0,27181.0,19124.0,8816.0,22221.0,28732.0,8036.0,13085.0,15414.0,13954.0,36684.0,105527.0,57245.0,91776.0,85013.0
2025-10-09,20798,44195,55823.0,12078.0,15796.0,29515.0,52181.0,26507.0,13747.0,20436.0,68054.0,15626.0,119749.0,19315.0,56104.0,3130.0,26092.0,31853.0,10866.0,16000.0,25928.0,91144.0,9609.0,33491.0,82547.0,14856.0,17559.0,103630.0,6249.0,70141.0,21137.0,20378.0,4523.0,13584.0,17853.0,8747.0,3391.0,43521.0,14932.0,48116.0,16676.0,4989.0,40493.0,40169.0,23284.0,18968.0,99750.0,29289.0,21345.0,9511.0,24385.0,30993.0,8811.0,13403.0,16915.0,15490.0,37912.0,118359.0,60635.0,101816.0,87381.0
2025-10-10,19422,34941,50843.0,9172.0,11341.0,22069.0,45748.0,21571.0,9103.0,18266.0,40127.0,15489.0,87847.0,13246.0,35133.0,2586.0,24738.0,30190.0,7896.0,11085.0,19153.0,64391.0,7113.0,28145.0,73946.0,14388.0,13127.0,95779.0,6721.0,61647.0,19833.0,21513.0,4768.0,13175.0,18318.0,8567.0,3226.0,45516.0,15828.0,44486.0,14766.0,4761.0,44125.0,38461.0,21425.0,14915.0,88497.0,26901.0,15277.0,6225.0,21297.0,27050.0,5756.0,11662.0,12348.0,11920.0,36611.0,91481.0,48100.0,88775.0,84317.0
2025-10-13,15641,34453,47084.0,9392.0,11361.0,21834.0,42919.0,22586.0,10502.0,17648.0,47478.0,13286.0,87075.0,14851.0,44026.0,2651.0,24688.0,29522.0,8602.0,12216.0,20766.0,70592.0,7972.0,28120.0,68837.0,13044.0,13957.0,81449.0,6337.0,59289.0,18679.0,19809.0,4152.0,12039.0,16157.0,7692.0,3230.0,39855.0,12099.0,42165.0,14185.0,4364.0,33359.0,33409.0,19886.0,17361.0,82928.0,28657.0,18716.0,8015.0,19143.0,26597.0,7203.0,11957.0,13607.0,14209.0,33071.0,99620.0,49993.0,77718.0,77609.0
2025-10-14,19230,38919,53089.0,11202.0,13345.0,27087.0,49020.0,26743.0,13051.0,20974.0,65842.0,14511.0,103478.0,18433.0,54971.0,3358.0,26880.0,31726.0,10304.0,15391.0,23853.0,85482.0,9776.0,33694.0,79372.0,14446.0,16774.0,94950.0,6195.0,68043.0,19950.0,20641.0,4026.0,13395.0,17171.0,8184.0,3966.0,42842.0,14543.0,48491.0,15364.0,5147.0,36321.0,37298.0,22014.0,20567.0,95209.0,32355.0,21211.0,9556.0,21944.0,28756.0,8693.0,13675.0,16230.0,16169.0,36366.0,109334.0,58975.0,96113.0,83786.0
2025-10-15,19071,37574,54021.0,11706.0,13822.0,27563.0,49206.0,25865.0,12577.0,19989.0,64580.0,15189.0,109571.0,18542.0,54474.0,3415.0,26238.0,31365.0,10926.0,15819.0,23096.0,86143.0,9103.0,33770.0,79853.0,14092.0,17317.0,98289.0,6726.0,68593.0,20070.0,21011.0,4187.0,13580.0,17564.0,8707.0,5613.0,44306.0,15539.0,49335.0,16058.0,5045.0,39370.0,38869.0,23353.0,20277.0,98723.0,32503.0,21060.0,9753.0,22872.0,29783.0,8649.0,13384.0,16084.0,14618.0,37784.0,110101.0,59445.0,94077.0,84361.0
2025-10-16,19899,40664,55934.0,12714.0,14126.0,28931.0,52653.0,26621.0,13327.0,20594.0,66974.0,15088.0,115990.0,19671.0,57262.0,3515.0,26843.0,31990.0,11166.0,14763.0,24287.0,94210.0,9464.0,31298.0,82385.0,14319.0,14460.0,105666.0,7030.0,72071.0,20803.0,20618.0,3255.0,11965.0,18143.0,8190.0,5620.0,45335.0,15404.0,48951.0,16445.0,4943.0,41199.0,40765.0,24761.0,19172.0,100073.0,30547.0,22147.0,10132.0,24542.0,31922.0,10124.0,13932.0,16329.0,17060.0,38860.0,115714.0,59302.0,98692.0,85370.0
2025-10-17,18888,36134,51498.0,10366.0,12184.0,23056.0,48919.0,22097.0,9231.0,18983.0,39433.0,16220.0,88604.0,13399.0,35491.0,2984.0,24452.0,29159.0,8255.0,10889.0,17211.0,62199.0,7731.0,27790.0,76219.0,11628.0,12896.0,95575.0,6742.0,61016.0,19923.0,14388.0,4928.0,13569.0,18823.0,8831.0,5523.0,47108.0,11661.0,46864.0,15625.0,3756.0,45136.0,37470.0,23387.0,14660.0,90400.0,26540.0,16014.0,6454.0,20981.0,28845.0,5594.0,12697.0,12796.0,12552.0,34854.0,95020.0,48306.0,92332.0,82722.0
2025-10-20,14728,33254,47743.0,9066.0,11431.0,19896.0,42850.0,21974.0,10494.0,18196.0,48948.0,11566.0,84348.0,17716.0,41707.0,2890.0,24633.0,29844.0,9012.0,12312.0,21180.0,70879.0,7640.0,27526.0,67261.0,14754.0,13377.0,79330.0,6551.0,57528.0,18599.0,22223.0,3946.0,12144.0,15662.0,7634.0,3069.0,45127.0,13874.0,39224.0,14400.0,4070.0,32199.0,34121.0,18692.0,16466.0,83143.0,29859.0,18076.0,7762.0,18995.0,23815.0,6663.0,11737.0,13734.0,13384.0,34125.0,90902.0,48567.0,74514.0,91775.0
2025-10-21,15026,38707,51568.0,11351.0,12661.0,20901.0,47035.0,26830.0,12624.0,19916.0,62032.0,13251.0,105419.0,21067.0,50517.0,3176.0,26921.0,32513.0,10756.0,14872.0,24967.0,86168.0,7846.0,32729.0,76756.0,14124.0,15676.0,92398.0,6435.0,65219.0,19395.0,19250.0,4410.0,12727.0,17670.0,8200.0,3690.0,43109.0,14787.0,44588.0,15421.0,4570.0,34496.0,37397.0,21423.0,18211.0,96372.0,32303.0,21029.0,9777.0,20350.0,27461.0,8488.0,12644.0,15901.0,15146.0,41933.0,106794.0,57643.0,88088.0,85020.0
2025-10-22,15446,36580,49953.0,11034.0,13554.0,21060.0,55366.0,25564.0,12353.0,19833.0,61394.0,14808.0,106225.0,21384.0,48453.0,3274.0,26108.0,31005.0,10637.0,15246.0,24440.0,81390.0,7544.0,32804.0,79396.0,14315.0,16396.0,94517.0,6836.0,64823.0,19152.0,20263.0,5137.0,13072.0,17385.0,8383.0,3671.0,43058.0,16972.0,45745.0,16099.0,4849.0,39477.0,40341.0,22025.0,18892.0,100470.0,31221.0,21399.0,10143.0,21524.0,29356.0,8900.0,12396.0,15650.0,14447.0,39412.0,94038.0,53930.0,85727.0,81417.0
2025-10-23,17943,39490,51998.0,11275.0,14336.0,25980.0,49806.0,26193.0,12621.0,20666.0,66135.0,15527.0,113118.0,20347.0,52186.0,3183.0,25088.0,30502.0,11053.0,15847.0,24297.0,86099.0,8972.0,34446.0,83813.0,15044.0,16180.0,95975.0,6454.0,67468.0,20200.0,21578.0,4318.0,12986.0,16881.0,8313.0,3559.0,47427.0,17455.0,44470.0,15833.0,4143.0,41196.0,42923.0,22182.0,18018.0,96843.0,28842.0,22131.0,9786.0,23431.0,28854.0,8539.0,12954.0,16448.0,15759.0,40752.0,113279.0,55130.0,92864.0,84568.0
2025-10-24,18877,34909,50800.0,8547.0,11690.0,21940.0,46054.0,20806.0,9056.0,18357.0,40092.0,15684.0,88015.0,15707.0,33960.0,2921.0,25491.0,30171.0,7966.0,10425.0,19225.0,63329.0,7317.0,27788.0,76497.0,13530.0,12570.0,98105.0,6530.0,62599.0,19442.0,21294.0,4725.0,13666.0,18430.0,8729.0,3557.0,47023.0,17068.0,41589.0,15691.0,4975.0,48362.0,41535.0,21438.0,13645.0,81959.0,26836.0,15400.0,6460.0,21333.0,26212.0,5439.0,11268.0,12213.0,11705.0,35563.0,95069.0,46911.0,88941.0,85825.0
2025-10-27,14489,34120,49419.0,8337.0,11793.0,21580.0,44990.0,21524.0,10189.0,17876.0,49409.0,13305.0,86634.0,17073.0,40249.0,3131.0,28091.0,28523.0,8070.0,11739.0,20576.0,65880.0,7744.0,27680.0,74115.0,13721.0,13498.0,87184.0,5737.0,62181.0,19804.0,25075.0,4294.0,13025.0,16879.0,8168.0,3177.0,46016.0,16179.0,42094.0,15061.0,4705.0,41543.0,39194.0,19361.0,15507.0,87926.0,32447.0,17720.0,7099.0,20911.0,25516.0,6530.0,11345.0,12463.0,12984.0,32314.0,91211.0,50178.0,79388.0,84440.0
2025-10-28,18906,39084,53533.0,10409.0,13638.0,26494.0,47646.0,25691.0,12693.0,20469.0,64494.0,13470.0,104815.0,21714.0,50777.0,3690.0,30727.0,32047.0,9351.0,14099.0,22392.0,82099.0,9377.0,33887.0,65821.0,14725.0,15762.0,105738.0,6271.0,73918.0,20559.0,24913.0,4411.0,13716.0,18324.0,8293.0,3952.0,47660.0,18135.0,46966.0,16216.0,5189.0,45346.0,44725.0,21853.0,17518.0,98049.0,33963.0,20774.0,9265.0,23232.0,29617.0,8122.0,12199.0,14176.0,14978.0,36046.0,112004.0,55542.0,96282.0,89070.0
2025-10-29,19180,37905,56554.0,8344.0,15349.0,28376.0,49698.0,26229.0,9015.0,21762.0,65194.0,14560.0,109295.0,21600.0,52475.0,3222.0,28047.0,29870.0,9066.0,15412.0,18483.0,78423.0,9475.0,35232.0,85568.0,15379.0,17547.0,104523.0,5882.0,69546.0,22144.0,27120.0,4746.0,14363.0,17640.0,9296.0,3744.0,47986.0,20115.0,48449.0,15969.0,5040.0,48092.0,45105.0,22063.0,18206.0,103312.0,33498.0,21159.0,9132.0,25399.0,30014.0,8314.0,12521.0,16155.0,14502.0,36958.0,116904.0,56143.0,98124.0,91476.0
2025-10-30,19167,39674,58250.0,8734.0,15707.0,29270.0,50246.0,26688.0,9224.0,22085.0,69231.0,15146.0,112089.0,21973.0,51749.0,3350.0,30506.0,30511.0,9346.0,15181.0,11271.0,82902.0,9335.0,35563.0,90504.0,14594.0,17431.0,112914.0,5862.0,73339.0,21543.0,25292.0,3949.0,14971.0,19130.0,8841.0,3813.0,47888.0,19925.0,47636.0,16477.0,5206.0,49948.0,45635.0,23148.0,17343.0,98591.0,32303.0,22757.0,9293.0,25246.0,32045.0,8819.0,12752.0,16425.0,15514.0,37970.0,115163.0,58243.0,107398.0,90882.0
2025-10-31,18111,31800,53775.0,5671.0,13724.0,23233.0,45484.0,22159.0,6920.0,19318.0,41468.0,16794.0,87182.0,15328.0,33031.0,2408.0,25277.0,28888.0,6545.0,11135.0,13981.0,56771.0,7510.0,29161.0,78316.0,14355.0,13140.0,101171.0,5919.0,61286.0,19883.0,24242.0,4351.0,13472.0,19643.0,8973.0,3356.0,50597.0,17743.0,43444.0,17089.0,4759.0,52690.0,43349.0,20515.0,12821.0,89111.0,25149.0,15134.0,6173.0,23279.0,25261.0,5072.0,11879.0,12803.0,11300.0,37642.0,93547.0,47045.0,89048.0,88417.0
2025-11-03,14358,32950,43875.0,7984.0,11924.0,21141.0,40957.0,20906.0,8057.0,15952.0,50692.0,12390.0,85272.0,13796.0,43878.0,2394.0,20232.0,28377.0,7926.0,12293.0,14994.0,62474.0,6929.0,25233.0,67434.0,10664.0,13368.0,75747.0,4940.0,58656.0,17499.0,17526.0,3052.0,11381.0,14426.0,6341.0,3062.0,40514.0,12164.0,38368.0,13577.0,3969.0,30942.0,28915.0,19680.0,14613.0,79178.0,23945.0,17200.0,7656.0,17375.0,22141.0,6783.0,11138.0,12615.0,9417.0,30801.0,74018.0,46546.0,72946.0,73039.0
2025-11-04,17421,37772,50375.0,9808.0,13957.0,26930.0,47161.0,24870.0,9586.0,19137.0,68819.0,14552.0,109238.0,18301.0,53962.0,4169.0,22930.0,31158.0,9842.0,16184.0,17774.0,82370.0,8500.0,31351.0,76714.0,11379.0,16694.0,93331.0,4932.0,66833.0,18951.0,17817.0,3842.0,12723.0,16320.0,7312.0,3688.0,41160.0,12985.0,44721.0,15458.0,4516.0,34974.0,33054.0,22055.0,18594.0,91197.0,27924.0,20630.0,9770.0,20618.0,26188.0,8462.0,12482.0,16012.0,11786.0,36743.0,103748.0,59775.0,90499.0,84646.0
2025-11-05,18761,35914,53225.0,9314.0,14486.0,27065.0,57100.0,23976.0,9006.0,18881.0,69084.0,14884.0,103738.0,18251.0,52413.0,3838.0,23211.0,30824.0,9056.0,16726.0,17836.0,76532.0,8321.0,32590.0,78195.0,12695.0,17124.0,92279.0,5507.0,67123.0,19332.0,18150.0,6025.0,13392.0,16501.0,7970.0,3446.0,39355.0,13460.0,46420.0,15456.0,4778.0,36679.0,35613.0,22396.0,18914.0,93443.0,29328.0,20156.0,9679.0,21337.0,27678.0,8473.0,11971.0,15569.0,11714.0,36319.0,91250.0,54898.0,92941.0,81393.0
2025-11-06,19125,39167,51983.0,10031.0,15393.0,29301.0,49003.0,25585.0,9573.0,19261.0,72058.0,15285.0,114670.0,19780.0,55290.0,3806.0,24945.0,30990.0,9663.0,16274.0,19295.0,86412.0,8313.0,33058.0,85892.0,12140.0,17289.0,101285.0,5589.0,72291.0,19906.0,19372.0,3970.0,13505.0,17757.0,8185.0,3811.0,41850.0,14167.0,48721.0,15421.0,4759.0,39087.0,41456.0,24093.0,19094.0,94260.0,26839.0,21923.0,9403.0,23250.0,29907.0,9176.0,13048.0,16324.0,12334.0,39132.0,109316.0,59072.0,96495.0,83018.0
2025-11-07,18394,34761,50279.0,7608.0,12782.0,22833.0,45062.0,20088.0,6652.0,17598.0,41585.0,15356.0,88208.0,13943.0,35422.0,2731.0,23570.0,29644.0,7204.0,11058.0,14603.0,58080.0,6849.0,26038.0,76272.0,11899.0,12663.0,92717.0,6418.0,64401.0,19389.0,23286.0,2919.0,13672.0,17743.0,8647.0,3345.0,43913.0,15785.0,44355.0,15016.0,4722.0,46519.0,42066.0,22374.0,14299.0,86519.0,25619.0,15248.0,6435.0,21471.0,25344.0,5487.0,12475.0,12035.0,8762.0,35424.0,87149.0,47248.0,83832.0,80568.0
2025-11-10,15017,33553,45762.0,9004.0,11944.0,22331.0,42554.0,23340.0,10193.0,17433.0,51788.0,13141.0,87366.0,15611.0,44936.0,2581.0,22913.0,28919.0,9628.0,13150.0,19700.0,69170.0,7885.0,29777.0,70453.0,11679.0,14326.0,78611.0,5914.0,59957.0,18993.0,20977.0,3842.0,12347.0,16200.0,7412.0,3241.0,42476.0,14510.0,40363.0,14246.0,4278.0,34574.0,34057.0,19926.0,16538.0,84014.0,26651.0,18182.0,7797.0,20351.0,24492.0,7051.0,12114.0,13515.0,13502.0,32839.0,86230.0,50195.0,74816.0,77180.0
2025-11-11,19121,39332,53913.0,11148.0,13067.0,27785.0,45671.0,26752.0,14807.0,106399.0,2981.0,31537.0,,,,,,,10340.0,16041.0,85777.0,75890.0,16942.0,93524.0,,,,,5789.0,70321.0,13798.0,7586.0,3340.0,,,,,,15209.0,46964.0,15926.0,4871.0,37351.0,36119.0,22381.0,18341.0,93122.0,29649.0,20949.0,9743.0,22741.0,28243.0,8533.0,13032.0,16088.0,15588.0,37070.0,105202.0,59170.0,93079.0,85221.0
2025-11-12,19157,37355,53883.0,10956.0,14293.0,27265.0,47190.0,25654.0,12040.0,18600.0,67834.0,18309.0,56104.0,22540.0,,,,,21821.0,8937.0,34027.0,13091.0,,,,,,,5499.0,19314.0,19193.0,4214.0,17544.0,3786.0,39938.0,,,,17257.0,15729.0,4896.0,39664.0,37891.0,29098.0,,,,,,,,,,,,,,,59880.0,93129.0,85513.0
2025-11-13,21074,42516,57101.0,11946.0,15744.0,31248.0,53303.0,26775.0,13506.0,20294.0,72905.0,15722.0,120428.0,20292.0,58495.0,3185.0,25002.0,30635.0,11207.0,17391.0,24532.0,94442.0,10048.0,36550.0,84778.0,13940.0,17838.0,103609.0,73354.0,20310.0,20704.0,4735.0,15267.0,18840.0,8285.0,44084.0,,,19086.0,49788.0,16659.0,24216.0,18691.0,102248.0,,,,,22520.0,10427.0,26394.0,31239.0,8895.0,13529.0,16992.0,16699.0,39275.0,116285.0,58906.0,100996.0,85725.0
2025-11-14,20496,34423,49498.0,8458.0,10829.0,21232.0,48105.0,20884.0,8710.0,17793.0,42297.0,16769.0,93552.0,14008.0,38171.0,2580.0,21912.0,28559.0,8221.0,11603.0,18745.0,62728.0,7670.0,28968.0,74191.0,14235.0,12988.0,92570.0,6492.0,66026.0,20540.0,25062.0,4351.0,18693.0,16979.0,8937.0,3431.0,48860.0,45652.0,8312.0,45519.0,41993.0,22699.0,13865.0,93572.0,23611.0,,,15516.0,6572.0,23249.0,26573.0,5628.0,12285.0,12736.0,12082.0,36205.0,94172.0,48155.0,88293.0,83581.0
2025-11-17,3,34130,47829.0,8846.0,11749.0,24727.0,42527.0,22770.0,9953.0,16693.0,52352.0,13597.0,89169.0,14967.0,44408.0,2759.0,21496.0,28668.0,8877.0,12914.0,20624.0,70225.0,8069.0,28294.0,70861.0,13249.0,13561.0,81292.0,5568.0,62953.0,18363.0,21367.0,3773.0,16621.0,16746.0,7510.0,3251.0,38435.0,15087.0,41316.0,14397.0,7471.0,35027.0,33487.0,22655.0,15387.0,85242.0,27381.0,17339.0,7591.0,20324.0,24480.0,6693.0,11690.0,13538.0,13790.0,32551.0,88731.0,52231.0,77419.0,80270.0
2025-11-18,38257,52603,11351.0,14121.0,29810.0,47667.0,25258.0,,12436.0,19566.0,69360.0,14713.0,106721.0,18555.0,57060.0,3169.0,22459.0,30742.0,10477.0,16401.0,23480.0,86747.0,10404.0,35056.0,76801.0,14050.0,16969.0,95634.0,5572.0,71319.0,19183.0,20685.0,4361.0,14264.0,17655.0,7762.0,3775.0,41363.0,14438.0,47005.0,15565.0,5151.0,40276.0,38158.0,24464.0,18573.0,96126.0,29523.0,20663.0,9874.0,24412.0,28630.0,8583.0,13519.0,16101.0,16218.0,37000.0,108018.0,60015.0,92093.0,84124.0
2025-11-19,63,35948,56099.0,10813.0,14702.0,31599.0,50036.0,26238.0,12158.0,19425.0,69987.0,15317.0,111224.0,18331.0,55142.0,2843.0,22161.0,30125.0,10707.0,17048.0,22008.0,83758.0,9532.0,35467.0,82260.0,13505.0,17327.0,97238.0,6099.0,69993.0,19893.0,21992.0,4156.0,18120.0,17660.0,8234.0,3667.0,42503.0,16661.0,50243.0,16664.0,8005.0,40131.0,39145.0,25480.0,18568.0,99961.0,28627.0,21527.0,9997.0,24673.0,28022.0,8522.0,14054.0,16300.0,15628.0,38470.0,108561.0,57851.0,93138.0,82590.0
2025-11-20,3,40182,57684.0,11399.0,15536.0,33849.0,52214.0,27978.0,12520.0,21000.0,77418.0,16065.0,121701.0,21147.0,59392.0,3371.0,24646.0,30826.0,10801.0,17965.0,22808.0,92540.0,10086.0,36665.0,93214.0,14158.0,17976.0,109002.0,6347.0,74966.0,20585.0,22870.0,4227.0,18955.0,18977.0,8833.0,4000.0,43106.0,18463.0,50991.0,17368.0,8357.0,45476.0,43240.0,26927.0,18938.0,108318.0,28991.0,22555.0,10557.0,26807.0,31196.0,9117.0,13980.0,16926.0,16505.0,40171.0,115201.0,59594.0,100755.0,85323.0
2025-11-21,14893,34939,51927.0,8656.0,13333.0,24879.0,49484.0,22508.0,8805.0,18928.0,43468.0,16248.0,94203.0,15357.0,37097.0,2837.0,24520.0,29484.0,8307.0,11711.0,19325.0,63265.0,7902.0,29754.0,87915.0,14564.0,13456.0,100736.0,6825.0,72889.0,20358.0,28418.0,4796.0,22229.0,20713.0,9436.0,3307.0,44783.0,19260.0,49734.0,17121.0,11522.0,56185.0,48279.0,25897.0,14357.0,97728.0,27974.0,15395.0,6646.0,25714.0,29559.0,5657.0,12350.0,13054.0,12198.0,37400.0,96912.0,50709.0,93987.0,87628.0
2025-11-24,15249,34162,48003.0,8953.0,12184.0,22838.0,51947.0,23202.0,10355.0,17639.0,54318.0,13953.0,92788.0,14653.0,44705.0,2601.0,21415.0,27351.0,9209.0,13486.0,19504.0,66330.0,8243.0,30815.0,75441.0,13721.0,14513.0,82658.0,4782.0,63137.0,18578.0,24148.0,4955.0,14058.0,17532.0,9074.0,3226.0,41154.0,16566.0,44597.0,14641.0,5073.0,37963.0,36275.0,22011.0,14701.0,84600.0,28468.0,16415.0,7507.0,21305.0,24359.0,6709.0,12280.0,14115.0,12889.0,33859.0,90224.0,52928.0,80532.0,81261.0
2025-11-25,18525,40436,53986.0,11772.0,14691.0,28846.0,51740.0,26917.0,12614.0,20276.0,70450.0,15326.0,111445.0,20217.0,56538.0,3118.0,25714.0,31152.0,10277.0,16948.0,25041.0,84239.0,10635.0,34541.0,72031.0,15000.0,17269.0,103797.0,6462.0,80952.0,20258.0,23558.0,4302.0,15893.0,19017.0,8613.0,3868.0,43099.0,18477.0,39865.0,16529.0,6997.0,43407.0,46012.0,26694.0,20614.0,100572.0,33990.0,22157.0,10304.0,25099.0,31558.0,8958.0,11445.0,16251.0,16408.0,33031.0,111997.0,61498.0,99228.0,86933.0
2025-11-26,22498,38886,59689.0,11019.0,15705.0,29795.0,54211.0,27014.0,12400.0,20560.0,70409.0,15661.0,112670.0,19692.0,57623.0,3078.0,25376.0,31015.0,10422.0,18176.0,22288.0,86849.0,9847.0,36113.0,89865.0,14056.0,17902.0,109152.0,6700.0,79305.0,20797.0,23626.0,4880.0,15803.0,18930.0,9298.0,3841.0,43368.0,18562.0,56015.0,17739.0,10326.0,47198.0,43820.0,28639.0,20604.0,106309.0,31649.0,21840.0,9899.0,28533.0,34042.0,9221.0,14032.0,16075.0,16975.0,40625.0,113830.0,57926.0,99804.0,87152.0
2025-11-27,20691,38506,60606.0,11294.0,11914.0,30670.0,54715.0,27487.0,12670.0,21306.0,73876.0,16157.0,122285.0,21061.0,57724.0,3429.0,26452.0,30873.0,10492.0,17987.0,23097.0,90617.0,10381.0,38102.0,92868.0,14619.0,18574.0,114299.0,6856.0,83544.0,21664.0,26731.0,4494.0,20945.0,20106.0,9666.0,3874.0,44566.0,20645.0,55633.0,17891.0,9842.0,47211.0,47335.0,28793.0,19594.0,107538.0,30129.0,22610.0,10242.0,27249.0,33938.0,9451.0,14435.0,16318.0,16698.0,40911.0,117819.0,57250.0,101554.0,89475.0
2025-11-28,19046,37327,58862.0,8816.0,14411.0,25567.0,51266.0,22977.0,9160.0,19757.0,44360.0,17173.0,100653.0,15858.0,37197.0,2661.0,27243.0,30283.0,8270.0,12518.0,18767.0,65144.0,8589.0,35200.0,102939.0,15902.0,14476.0,118311.0,7151.0,90084.0,21812.0,33867.0,5158.0,25778.0,22220.0,10552.0,3499.0,48351.0,13101.0,57489.0,18094.0,14100.0,68063.0,57011.0,29839.0,15892.0,98542.0,31749.0,16693.0,6568.0,28442.0,34191.0,5717.0,13120.0,13646.0,12737.0,39857.0,102224.0,50903.0,100082.0,102455.0
2025-12-01,16358,34009,48458.0,9193.0,12628.0,22837.0,44340.0,23210.0,10305.0,17732.0,53379.0,13812.0,89854.0,14851.0,46374.0,2771.0,23515.0,28848.0,9302.0,13690.0,18801.0,70693.0,8263.0,31007.0,78770.0,13950.0,14529.0,87201.0,6363.0,68650.0,20181.0,26778.0,4486.0,18584.0,17352.0,8382.0,3282.0,41940.0,9929.0,46290.0,15724.0,8218.0,43883.0,38090.0,23984.0,16303.0,83142.0,27568.0,18860.0,7986.0,22217.0,25286.0,6950.0,12947.0,14550.0,13958.0,33475.0,92734.0,51903.0,83119.0,82912.0
2025-12-02,20557,39348,55256.0,11076.0,14482.0,29122.0,50245.0,26760.0,12943.0,20029.0,71691.0,15127.0,111549.0,19675.0,57687.0,3324.0,25643.0,31084.0,10750.0,17941.0,23368.0,85242.0,10011.0,35761.0,88000.0,15202.0,18143.0,101936.0,6234.0,76038.0,20619.0,24655.0,4334.0,19998.0,18902.0,8313.0,3727.0,42004.0,19339.0,51943.0,17424.0,9218.0,43206.0,43131.0,26695.0,18989.0,106312.0,30705.0,21216.0,10614.0,24901.0,30190.0,9242.0,14029.0,16329.0,16320.0,38555.0,113075.0,61575.0,99149.0,86716.0
2025-12-03,21494,38410,58294.0,10767.0,14737.0,29800.0,52270.0,26231.0,12849.0,19859.0,69808.0,16319.0,116875.0,20005.0,58338.0,3120.0,25439.0,31303.0,10265.0,17125.0,22685.0,87728.0,9560.0,36948.0,90144.0,15041.0,18970.0,107699.0,6787.0,79009.0,20412.0,26989.0,4524.0,21441.0,19706.0,9054.0,3969.0,42547.0,20413.0,56684.0,17488.0,10536.0,47202.0,46498.0,27692.0,20069.0,108989.0,32716.0,21486.0,10897.0,26831.0,32562.0,9602.0,14596.0,16662.0,15363.0,41309.0,117399.0,63434.0,104711.0,88928.0
2025-12-04,22737,40845,64389.0,11570.0,17137.0,34119.0,56148.0,27474.0,13619.0,21655.0,78607.0,17012.0,119366.0,21461.0,63929.0,3396.0,28250.0,30765.0,11013.0,19740.0,23641.0,94122.0,10877.0,41728.0,98074.0,16620.0,20901.0,116334.0,7080.0,80089.0,21985.0,28889.0,4712.0,22352.0,20596.0,9900.0,4097.0,48018.0,23656.0,57079.0,18556.0,11250.0,51755.0,50517.0,28552.0,19998.0,114892.0,31090.0,25522.0,11369.0,30617.0,34504.0,9642.0,15016.0,18335.0,17646.0,42622.0,127120.0,62550.0,112173.0,88599.0
2025-12-05,20788,36911,60736.0,8914.0,14097.0,25907.0,52181.0,22062.0,9897.0,20038.0,48560.0,17700.0,105734.0,16404.0,38409.0,3078.0,27621.0,30254.0,8555.0,13232.0,18765.0,68777.0,8585.0,34682.0,96544.0,16438.0,15371.0,111071.0,7561.0,81109.0,22164.0,33684.0,5612.0,25473.0,22461.0,10111.0,3594.0,48336.0,26060.0,58567.0,18438.0,14359.0,65154.0,49393.0,29028.0,15872.0,100169.0,30530.0,16794.0,7464.0,29138.0,32722.0,5686.0,13347.0,13757.0,13498.0,40599.0,109263.0,52624.0,105048.0,91586.0
2025-12-08,18472,33738,49282.0,9130.0,12287.0,23755.0,46044.0,22994.0,10400.0,19015.0,54833.0,13948.0,91992.0,16796.0,47259.0,2717.0,25867.0,28807.0,9079.0,14215.0,18963.0,69387.0,8315.0,30453.0,81083.0,14799.0,15530.0,88727.0,6677.0,72743.0,19920.0,28806.0,4017.0,19965.0,19625.0,8483.0,3220.0,43149.0,20070.0,48911.0,17024.0,10059.0,42421.0,42436.0,24778.0,17835.0,88990.0,31039.0,19540.0,8244.0,23084.0,28692.0,7920.0,12750.0,14414.0,14007.0,33273.0,96889.0,52652.0,89990.0,82782.0
2025-12-09,21333,38360,57349.0,10761.0,14555.0,29280.0,50203.0,27179.0,12447.0,20117.0,73615.0,15600.0,116019.0,19841.0,56354.0,3036.0,26266.0,31552.0,9882.0,18182.0,23290.0,89299.0,9997.0,37081.0,90639.0,15357.0,18954.0,105114.0,6696.0,77613.0,20531.0,25655.0,4378.0,19302.0,19772.0,8777.0,3765.0,44387.0,20295.0,54104.0,17320.0,9171.0,44559.0,44703.0,27259.0,19426.0,98478.0,30938.0,22136.0,10574.0,25797.0,30756.0,9365.0,14174.0,16816.0,15771.0,40688.0,115080.0,61732.0,102779.0,87687.0
2025-12-10,20051,36896,58626.0,10788.0,15000.0,30250.0,56979.0,25819.0,12376.0,20448.0,75343.0,16809.0,122111.0,19936.0,55805.0,3353.0,26080.0,30745.0,9890.0,17962.0,21974.0,87748.0,9582.0,36858.0,95184.0,14972.0,18460.0,109269.0,7125.0,81369.0,20688.0,25827.0,5538.0,21762.0,19974.0,9020.0,3912.0,43116.0,21115.0,57205.0,17775.0,10582.0,49406.0,47350.0,29404.0,19387.0,106725.0,32004.0,21491.0,11925.0,26211.0,34614.0,9070.0,13888.0,16308.0,14964.0,40787.0,119709.0,60486.0,109394.0,93112.0
2025-12-11,22021,38975,61102.0,11408.0,15591.0,32698.0,54629.0,26932.0,12798.0,20995.0,76488.0,16588.0,127030.0,20694.0,58129.0,3330.0,27267.0,31271.0,10452.0,17886.0,22555.0,94245.0,9985.0,38711.0,98833.0,15352.0,18975.0,114872.0,6788.0,83547.0,21545.0,26501.0,5003.0,21698.0,20714.0,9503.0,3708.0,42902.0,22925.0,57725.0,18329.0,10834.0,51471.0,49165.0,29291.0,18172.0,112647.0,29487.0,23721.0,10913.0,31077.0,35850.0,9708.0,14354.0,17778.0,15997.0,42557.0,126449.0,61996.0,113408.0,90993.0
2025-12-12,19984,34136,58912.0,8870.0,14026.0,25454.0,50289.0,21888.0,9243.0,18649.0,47962.0,17310.0,106648.0,15694.0,37687.0,2884.0,26781.0,29496.0,7818.0,12808.0,17940.0,66468.0,8056.0,32455.0,95284.0,15402.0,14944.0,111188.0,7323.0,81907.0,21002.0,30336.0,5385.0,24319.0,21553.0,10086.0,3440.0,43853.0,24724.0,56382.0,17008.0,13733.0,60724.0,54007.0,28387.0,13739.0,100944.0,26823.0,16007.0,6893.0,30702.0,32627.0,6191.0,12934.0,13637.0,12321.0,39534.0,104535.0,51401.0,103245.0,89869.0
2025-12-15,14568,29328,46625.0,8106.0,11692.0,21618.0,42116.0,19907.0,9472.0,16557.0,51367.0,13682.0,86786.0,14838.0,41307.0,2372.0,23503.0,27982.0,8011.0,12890.0,14484.0,63698.0,6906.0,26124.0,81260.0,12154.0,13564.0,88165.0,6114.0,72320.0,16820.0,26264.0,3890.0,19776.0,17559.0,7589.0,2762.0,37772.0,19408.0,48339.0,15716.0,10545.0,42535.0,39723.0,25131.0,15065.0,86804.0,28271.0,16843.0,7474.0,22449.0,27083.0,6547.0,11414.0,13180.0,10136.0,32377.0,89018.0,48829.0,81914.0,79066.0
2025-12-16,17614,32767,50919.0,9748.0,14326.0,25590.0,45615.0,23422.0,11295.0,18754.0,68548.0,14971.0,106984.0,18161.0,49858.0,2735.0,24888.0,29875.0,8851.0,16219.0,16968.0,79019.0,7962.0,31258.0,91913.0,12127.0,16612.0,100985.0,5663.0,75856.0,16655.0,24455.0,3841.0,19143.0,17970.0,7604.0,3163.0,37812.0,20100.0,52316.0,16791.0,9290.0,46590.0,43931.0,26315.0,17867.0,97837.0,28346.0,19899.0,9625.0,26671.0,30695.0,8389.0,13072.0,15708.0,11782.0,36593.0,106907.0,55683.0,95126.0,82676.0
2025-12-17,18788,31904,50957.0,8495.0,14205.0,25868.0,45067.0,22661.0,9278.0,18001.0,66119.0,15990.0,106359.0,17390.0,49379.0,2686.0,23230.0,29276.0,8104.0,15219.0,15230.0,76908.0,7595.0,30949.0,92153.0,11517.0,16045.0,104348.0,5331.0,78043.0,16563.0,23808.0,3949.0,19225.0,18053.0,8080.0,3203.0,36420.0,20247.0,52853.0,15919.0,9888.0,48036.0,44239.0,26198.0,17426.0,98605.0,28588.0,18621.0,9298.0,27490.0,31527.0,7644.0,12648.0,15037.0,10779.0,37266.0,108474.0,54859.0,98762.0,84059.0
2025-12-18,18503,31349,51517.0,9546.0,15052.0,27515.0,45560.0,22127.0,10870.0,18094.0,64222.0,15097.0,108534.0,17823.0,47372.0,2540.0,22783.0,27057.0,9012.0,15795.0,15196.0,76988.0,8284.0,31599.0,90051.0,12448.0,15915.0,101808.0,5888.0,74630.0,16285.0,26823.0,4064.0,17346.0,16502.0,8015.0,3209.0,41233.0,22982.0,51056.0,16160.0,8837.0,49908.0,46384.0,24960.0,16426.0,100771.0,23689.0,19694.0,9140.0,27964.0,30015.0,7526.0,12830.0,15406.0,11311.0,36652.0,110769.0,50607.0,99487.0,81974.0
2025-12-19,13798,28974,49115.0,6936.0,12079.0,21550.0,41490.0,17992.0,7723.0,16450.0,39847.0,15886.0,90630.0,13240.0,30400.0,2480.0,24365.0,27556.0,6612.0,10629.0,12356.0,55490.0,6009.0,25583.0,88842.0,11158.0,12886.0,104162.0,6228.0,80315.0,16006.0,28734.0,4087.0,22745.0,18056.0,8576.0,2748.0,36136.0,23146.0,52938.0,15948.0,13323.0,60361.0,52032.0,26103.0,11671.0,92042.0,25822.0,13676.0,6004.0,26464.0,29780.0,5153.0,10412.0,11107.0,8250.0,35069.0,93857.0,45722.0,95844.0,88344.0
2025-12-22,8681,26355,40703.0,6131.0,11384.0,15582.0,37513.0,15208.0,7426.0,15016.0,35419.0,13972.0,24823.0,2065.0,27243.0,23616.0,,,5483.0,8290.0,10641.0,42621.0,5257.0,97912.0,10925.0,11656.0,,,6285.0,85828.0,15009.0,2636.0,37646.0,,,,,,24701.0,50510.0,14913.0,16309.0,60211.0,46075.0,23009.0,11742.0,81806.0,28213.0,13039.0,4882.0,27731.0,30549.0,4406.0,8101.0,9691.0,5977.0,27083.0,79770.0,36601.0,81902.0,82101.0
2025-12-23,12583,23408,37234.0,5230.0,10492.0,13433.0,34363.0,13771.0,6225.0,13321.0,29258.0,11293.0,64352.0,11872.0,20908.0,1811.0,24008.0,22510.0,4998.0,6693.0,9543.0,38529.0,4337.0,20544.0,87343.0,9185.0,10475.0,90770.0,5831.0,75174.0,13841.0,32240.0,3136.0,23826.0,14940.0,7387.0,2156.0,35996.0,23669.0,41860.0,13708.0,14174.0,57068.0,46922.0,20989.0,9405.0,77874.0,24403.0,10828.0,4204.0,25814.0,26344.0,3853.0,7590.0,8344.0,5243.0,25201.0,72470.0,35676.0,76919.0,80821.0
