Date,Angel,Baker Street,Euston,Great Portland Street,Marylebone,Old Street,Paddington,Warren Street,Aldgate,Aldgate East,Bank,Bethnal Green,Liverpool Street,Monument,Moorgate,Tower Gateway,Tower Hill,Whitechapel,Barbican,Chancery Lane,Euston Square,Farringdon,Goodge Street,Holborn,Oxford Circus,Russell Square,St Pauls,Tottenham Court Road,Bayswater,Bond Street,Gloucester Road,Knightsbridge,Lancaster Gate,Marble Arch,Notting Hill Gate,Queensway,Regents Park,South Kensington,Covent Garden,Green Park,High Street Kensington,Hyde Park Corner,Leicester Square,Piccadilly Circus,Sloane Square,St James's Park,Victoria,Westminster,Blackfriars,Cannon Street,Charing Cross,Embankment,Mansion House,Pimlico,Southwark,Temple,Vauxhall,Waterloo,Canary Wharf,London Bridge,Stratford
2021-01-04,,,,,,,,,,,,,,,,,,,,,,,,,,,,,,,,,,,,,,,,,,,,,,,,,,,,,,,,,,,,,
2021-01-05,,,,,,,,,,,,,,,,,,,,,,,,,,,,,,,,,,,,,,,,,,,,,,,,,,,,,,,,,,,,,
2021-01-06,,,,,,,,,,,,,,,,,,,,,,,,,,,,,,,,,,,,,,,,,,,,,,,,,,,,,,,,,,,,,
2021-01-07,,,,,,,,,,,,,,,,,,,,,,,,,,,,,,,,,,,,,,,,,,,,,,,,,,,,,,,,,,,,,
2021-01-08,,,,,,,,,,,,,,,,,,,,,,,,,,,,,,,,,,,,,,,,,,,,,,,,,,,,,,,,,,,,,
2021-01-11,,,,,,,,,,,,,,,,,,,,,,,,,,,,,,,,,,,,,,,,,,,,,,,,,,,,,,,,,,,,,
2021-01-12,,,,,,,,,,,,,,,,,,,,,,,,,,,,,,,,,,,,,,,,,,,,,,,,,,,,,,,,,,,,,
2021-01-13,,,,,,,,,,,,,,,,,,,,,,,,,,,,,,,,,,,,,,,,,,,,,,,,,,,,,,,,,,,,,
2021-01-14,,,,,,,,,,,,,,,,,,,,,,,,,,,,,,,,,,,,,,,,,,,,,,,,,,,,,,,,,,,,,
2021-01-15,,,,,,,,,,,,,,,,,,,,,,,,,,,,,,,,,,,,,,,,,,,,,,,,,,,,,,,,,,,,,
2021-01-18,,,,,,,,,,,,,,,,,,,,,,,,,,,,,,,,,,,,,,,,,,,,,,,,,,,,,,,,,,,,,
2021-01-19,,,,,,,,,,,,,,,,,,,,,,,,,,,,,,,,,,,,,,,,,,,,,,,,,,,,,,,,,,,,,
2021-01-20,,,,,,,,,,,,,,,,,,,,,,,,,,,,,,,,,,,,,,,,,,,,,,,,,,,,,,,,,,,,,
2021-01-21,,,,,,,,,,,,,,,,,,,,,,,,,,,,,,,,,,,,,,,,,,,,,,,,,,,,,,,,,,,,,
2021-01-22,,,,,,,,,,,,,,,,,,,,,,,,,,,,,,,,,,,,,,,,,,,,,,,,,,,,,,,,,,,,,
2021-01-25,,,,,,,,,,,,,,,,,,,,,,,,,,,,,,,,,,,,,,,,,,,,,,,,,,,,,,,,,,,,,
2021-01-26,,,,,,,,,,,,,,,,,,,,,,,,,,,,,,,,,,,,,,,,,,,,,,,,,,,,,,,,,,,,,
2021-01-27,,,,,,,,,,,,,,,,,,,,,,,,,,,,,,,,,,,,,,,,,,,,,,,,,,,,,,,,,,,,,
2021-01-28,,,,,,,,,,,,,,,,,,,,,,,,,,,,,,,,,,,,,,,,,,,,,,,,,,,,,,,,,,,,,
2021-01-29,,,,,,,,,,,,,,,,,,,,,,,,,,,,,,,,,,,,,,,,,,,,,,,,,,,,,,,,,,,,,
2021-02-01,,,,,,,,,,,,,,,,,,,,,,,,,,,,,,,,,,,,,,,,,,,,,,,,,,,,,,,,,,,,,
2021-02-02,,,,,,,,,,,,,,,,,,,,,,,,,,,,,,,,,,,,,,,,,,,,,,,,,,,,,,,,,,,,,
2021-02-03,,,,,,,,,,,,,,,,,,,,,,,,,,,,,,,,,,,,,,,,,,,,,,,,,,,,,,,,,,,,,
2021-02-04,,,,,,,,,,,,,,,,,,,,,,,,,,,,,,,,,,,,,,,,,,,,,,,,,,,,,,,,,,,,,
2021-02-05,,,,,,,,,,,,,,,,,,,,,,,,,,,,,,,,,,,,,,,,,,,,,,,,,,,,,,,,,,,,,
2021-02-08,,,,,,,,,,,,,,,,,,,,,,,,,,,,,,,,,,,,,,,,,,,,,,,,,,,,,,,,,,,,,
2021-02-09,,,,,,,,,,,,,,,,,,,,,,,,,,,,,,,,,,,,,,,,,,,,,,,,,,,,,,,,,,,,,
2021-02-10,,,,,,,,,,,,,,,,,,,,,,,,,,,,,,,,,,,,,,,,,,,,,,,,,,,,,,,,,,,,,
2021-02-11,,,,,,,,,,,,,,,,,,,,,,,,,,,,,,,,,,,,,,,,,,,,,,,,,,,,,,,,,,,,,
2021-02-12,3177.4333333333334,5271.9,5227.566666666667,1843.3333333333333,1668.6666666666667,4596.8,8217.033333333333,5940.4,1795.2666666666667,2268.233333333333,3818.266666666667,4702.733333333334,10677.6,,,,,,1754.0,2560.7,3072.9,4475.966666666666,1569.6666666666667,,,,,,944.0,6813.633333333333,2482.0333333333333,3133.9666666666667,,,,,,,793.9,6330.5,,,,,,,,,2100.4333333333334,1260.9,2327.133333333333,2877.766666666667,679.4333333333333,2503.633333333333,2247.6666666666665,1246.6666666666667,11746.6,,9077.4,16756.466666666667,16459.6
2021-02-15,3186.6,5282.433333333333,5255.7,1852.0333333333333,1667.1333333333334,4602.133333333333,8223.266666666666,5950.2,1803.6333333333334,2273.9,3817.266666666667,4707.633333333333,10676.4,,,,,,1760.9333333333334,2555.0333333333333,3079.9,4498.066666666667,1569.1666666666667,,,,,,943.9333333333333,6823.366666666667,2490.1,3133.5,,,,,,,792.9,6343.6,,,,,,,,,2106.866666666667,1258.9333333333334,2329.9333333333334,2893.9333333333334,679.0,2507.9666666666667,2245.266666666667,1248.7,11806.433333333332,,9096.466666666667,16782.766666666666,16480.833333333332
2021-02-16,3207.1666666666665,5299.666666666667,5299.633333333333,1861.8,1672.6333333333334,4622.866666666667,8245.033333333333,5972.133333333333,1816.0333333333333,2281.8333333333335,3829.0666666666666,4720.633333333333,10713.7,,,,,,1775.1666666666667,2559.9666666666667,3086.366666666667,4530.7,1576.8666666666666,,,,,,948.7,6841.233333333334,2509.266666666667,3166.0,,,,,,,796.6333333333333,6372.733333333334,,,,,,,,,2116.9666666666667,1260.8666666666666,2335.6,2910.6666666666665,682.3666666666667,2518.1666666666665,2248.9,1251.7666666666667,11882.8,,9099.266666666666,16867.733333333334,16561.333333333332
2021-02-17,3230.366666666667,5331.233333333334,5360.0,1873.0333333333333,1681.9,4651.133333333333,8287.5,6000.666666666667,1828.0,2295.7,3858.4,4740.133333333333,10773.333333333334,,,,,,1786.6333333333334,2571.6666666666665,3093.5666666666666,4562.666666666667,1583.4666666666667,,,,,,953.3333333333334,6886.1,2521.366666666667,3182.7,,,,,,,801.2,6419.266666666666,,,,,,,,,2137.3,1272.8333333333333,2347.0333333333333,2933.4,686.9333333333333,2529.4333333333334,2264.266666666667,1258.3333333333333,11965.066666666668,,9145.266666666666,16992.666666666668,16645.166666666668
2021-02-18,3251.8,5367.966666666666,5436.933333333333,1886.7666666666667,1688.5,4682.666666666667,8323.2,6026.833333333333,1838.6,2310.366666666667,3875.1,4758.5,10838.033333333333,,,,,,1805.5333333333333,2581.633333333333,3101.766666666667,4601.066666666667,1591.4333333333334,,,,,,958.7333333333333,6921.866666666667,2543.9666666666667,3198.733333333333,,,,,,,804.7333333333333,6465.666666666667,,,,,,,,,2151.5333333333333,1271.7666666666667,2363.5333333333333,2957.633333333333,691.1333333333333,2536.9666666666667,2279.3,1265.2666666666667,12057.766666666666,,9208.6,17092.366666666665,16753.166666666668
2021-02-19,3260.8,5416.366666666667,5520.833333333333,1892.2666666666667,1699.6333333333334,4709.1,8393.933333333332,6052.766666666666,1846.2666666666667,2326.866666666667,3906.0666666666666,4789.733333333334,10889.9,,,,,,1818.9666666666667,2589.8,3115.866666666667,4624.666666666667,1603.1,,,,,,963.5333333333333,6967.7,2561.733333333333,3218.3,,,,,,,812.3666666666667,6518.466666666666,,,,,,,,,2166.2,1273.1666666666667,2380.7,2987.766666666667,695.6333333333333,2552.5666666666666,2291.7,1265.9666666666667,12158.933333333332,,9279.6,17206.6,16876.833333333332
2021-02-22,3280.1666666666665,5455.3,5585.333333333333,1908.4333333333334,1718.3,4738.9,8444.3,6080.366666666667,1859.2666666666667,2342.0333333333333,3924.0,4814.7,10941.866666666667,,,,,,1833.5666666666666,2587.5,3131.766666666667,4650.266666666666,1613.3333333333333,,,,,,967.7666666666667,7007.366666666667,2578.6666666666665,3231.1666666666665,,,,,,,816.1333333333333,6554.866666666667,,,,,,,,,2182.8,1280.9666666666667,2393.5666666666666,3011.766666666667,699.0333333333333,2563.0333333333333,2303.8,1273.4,12220.833333333334,,9320.066666666668,17290.766666666666,16963.233333333334
2021-02-23,3309.4,5507.9,5684.8,1943.4666666666667,1730.0,4780.366666666667,8506.166666666666,6104.366666666667,1869.6,2356.8,3957.133333333333,4847.5,11012.133333333333,,,,,,1853.6333333333334,2601.0,3169.633333333333,4686.266666666666,1623.3,,,,,,979.2666666666667,7067.766666666666,2600.7,3249.0333333333333,,,,,,,822.4333333333333,6612.7,,,,,,,,,2219.733333333333,1298.1,2408.133333333333,3045.9333333333334,778.0,2563.1,2269.6666666666665,1675.7333333333333,,,9454.333333333334,17404.5,17094.266666666666
2021-02-24,3337.3333333333335,5577.433333333333,5759.366666666667,1967.6333333333334,1746.8,4819.0,8546.633333333333,6131.033333333334,1884.5333333333333,2379.133333333333,3990.6,4887.233333333334,11095.033333333333,,,,,,1867.2,2612.8,3172.9,4717.933333333333,1632.4,,,,,,985.5,7125.033333333334,2620.733333333333,3272.8333333333335,,,,,,,831.4333333333333,6679.6,,,,,,,,,2238.4333333333334,1349.5,2360.6666666666665,3044.766666666667,1220.9666666666667,,,,,,9533.9,17549.8,17216.033333333333
2021-02-25,3368.3,5624.5,5845.0,1986.3333333333333,1757.4666666666667,4862.6,8607.3,6159.9,1897.2666666666667,2396.5666666666666,4024.0,4920.5,11160.366666666667,,,,,,1882.5,2627.8,3183.5666666666666,4755.133333333333,1642.4,,,,,,990.4666666666667,7179.366666666667,2643.6666666666665,3289.4333333333334,,,,,,,840.3333333333334,6733.6,,,,,,,,,2218.1666666666665,1429.7,2316.9666666666667,3054.866666666667,1236.4333333333334,,,,,,9598.933333333332,17672.5,17344.3
2021-02-26,3407.5333333333333,5696.0,5936.766666666666,2008.0333333333333,1773.2666666666667,4899.066666666667,8683.566666666668,6187.4,1909.8333333333333,2416.8333333333335,4062.0,4968.033333333334,11263.366666666667,,,,,,1891.8333333333333,2643.0666666666666,3199.2,4788.666666666667,1650.5333333333333,,,,,,999.0333333333333,7239.2,2672.733333333333,3312.5,,,,,,,853.4333333333333,6812.3,,,,,,,,,2242.4,1438.3666666666666,2338.0,3091.7,1241.8666666666666,,,,,,9705.266666666666,17852.1,17513.166666666668
2021-03-01,3434.6666666666665,5748.6,6016.766666666666,2027.2,1788.3666666666666,4941.0,8750.333333333334,6215.7,1923.0666666666666,2444.9333333333334,4088.3333333333335,5004.7,11355.933333333332,,,,,,1899.0,2656.866666666667,3216.766666666667,4816.633333333333,1658.2333333333333,,,,,,1004.7,7301.733333333334,2707.233333333333,3341.1,,,,,,,863.1333333333333,6865.933333333333,,,,,,,,,2262.4333333333334,1448.0666666666666,2359.5,3116.733333333333,1247.2666666666667,,,,,,9756.733333333334,18041.9,17641.233333333334
2021-03-02,3472.266666666667,5808.433333333333,6070.866666666667,2043.0,1803.3,4983.166666666667,8824.266666666666,6238.966666666666,1940.7666666666667,2467.2,4121.166666666667,5035.6,11433.466666666667,,,,,,1910.2666666666667,2674.133333333333,3230.9333333333334,4843.033333333334,1663.7666666666667,,,,,,1009.0666666666667,7368.133333333333,2748.5,3364.4,,,,,,,870.2333333333333,6930.966666666666,,,,,,,,,2283.5333333333333,1460.3,2380.6666666666665,3149.3333333333335,1251.6,,,,,,9822.033333333333,18192.866666666665,17746.066666666666
2021-03-03,3503.733333333333,5862.4,6136.6,2065.3,1823.4,5019.766666666666,8882.966666666667,6269.4,1956.1,2490.366666666667,4149.533333333334,5069.6,11524.133333333333,,,,,,1928.6333333333334,2696.7,3250.233333333333,4881.1,1677.1666666666667,,,,,,1016.2666666666667,7436.766666666666,2784.9,3388.5333333333333,,,,,,,880.1666666666666,6999.666666666667,,,,,,,,,2305.0333333333333,1470.3,2400.4,3175.9333333333334,1260.3,,,,,,9881.633333333333,18338.366666666665,17858.266666666666
2021-03-04,3535.366666666667,5910.566666666667,6201.6,2078.233333333333,1845.0,5068.166666666667,8949.3,6297.333333333333,1971.4666666666667,2512.866666666667,4181.3,5102.466666666666,11614.333333333334,,,,,,1940.3333333333333,2714.9,3271.0,4920.066666666667,1815.5,,,,,,1020.2,7501.833333333333,2826.4666666666667,3410.8,,,,,,,889.6,7062.233333333334,,,,,,,,,2322.9666666666667,1483.9333333333334,2420.4333333333334,3199.4666666666667,1266.4666666666667,,,,,,9940.166666666666,18483.366666666665,17966.733333333334
2021-03-05,3569.866666666667,5975.4,6279.5,2098.233333333333,1857.0333333333333,5115.833333333333,9047.0,6330.8,1987.9,2537.9666666666667,4206.133333333333,5143.166666666667,11687.533333333333,,,,,,1956.3,2678.9333333333334,3647.5,4847.966666666666,1887.4333333333334,,,,,,1032.3,7557.233333333334,2872.633333333333,3436.3,,,,,,,903.7333333333333,7122.033333333334,,,,,,,,,2344.366666666667,1492.0666666666666,2442.9,3225.0666666666666,1271.7333333333333,,,,,,10004.166666666666,18664.5,18108.566666666666
2021-03-08,3619.6,6054.866666666667,6354.733333333334,2114.7,1873.2,5164.966666666666,9140.466666666667,6359.633333333333,2002.1,2555.4666666666667,4244.566666666667,5184.766666666666,11790.933333333332,,,,,,1974.3,2707.266666666667,3664.2,4910.166666666667,1898.3333333333333,,,,,,1037.6666666666667,7627.833333333333,2924.633333333333,3464.5333333333333,,,,,,,911.0333333333333,7193.933333333333,,,,,,,,,2366.6666666666665,1501.3,2463.1666666666665,3256.4333333333334,1281.2333333333333,,,,,,10085.066666666668,18803.433333333334,18270.966666666667
2021-03-09,3678.633333333333,6164.733333333334,6433.766666666666,2139.3,1890.5333333333333,5223.233333333334,9245.2,6405.066666666667,2018.6666666666667,2581.233333333333,4288.733333333334,5237.733333333334,11921.7,,,,,,1997.8333333333333,2740.6666666666665,3683.1666666666665,4964.2,1911.6,,,,,,1046.1666666666667,7713.166666666667,2984.366666666667,3498.633333333333,,,,,,,922.8,7292.266666666666,,,,,,,,,2397.366666666667,1514.7,2493.6666666666665,3304.6666666666665,1295.7333333333333,,,,,,10189.333333333334,18984.933333333334,18499.566666666666
2021-03-10,3726.1666666666665,6248.0,6512.933333333333,2164.366666666667,1918.9,5281.5,9352.0,6448.733333333334,2054.9333333333334,2716.3,4660.966666666666,5157.933333333333,11560.566666666668,,,,,,2024.4,2769.4333333333334,3697.4,5017.433333333333,1926.4,,,,,,1055.7,7789.3,3042.0333333333333,3526.4333333333334,,,,,,,931.5333333333333,7357.233333333334,,,,,,,,,2427.4333333333334,1528.9,2516.6666666666665,3330.2,1310.5333333333333,,,,,,10261.033333333333,19157.433333333334,18675.866666666665
2021-03-11,3782.6,6344.9,6593.9,2191.133333333333,1942.0666666666666,5338.266666666666,9463.866666666667,6494.033333333334,2075.233333333333,2805.366666666667,4745.133333333333,5134.066666666667,,,,,,,2051.233333333333,2799.233333333333,3712.7,5056.166666666667,1944.5,,,,,,853.1,7990.2,3156.6666666666665,3632.6,1428.1333333333334,2978.1666666666665,,,,,1188.1333333333334,7281.1,,,,,,,,,2454.6,1542.0666666666666,2534.3,3357.7,1324.2,,,,,,10347.766666666666,19345.133333333335,18870.6
2021-03-12,3844.9666666666667,6449.1,6679.566666666667,2215.733333333333,1968.1666666666667,5395.133333333333,9577.966666666667,6541.1,2093.7,2843.5,4783.433333333333,5198.7,,,,,,,2077.4666666666667,2821.3333333333335,3731.1666666666665,5079.166666666667,1957.7,,,,,,858.6,8213.233333333334,3226.4666666666667,3641.4666666666667,1423.8,2878.0,4625.466666666666,,,,1202.4333333333334,7196.6,,,,,,,,,2487.0666666666666,1556.1333333333334,2561.866666666667,3387.766666666667,1337.6333333333334,,,,,,10431.933333333332,19571.566666666666,19044.166666666668
2021-03-15,3910.5333333333333,6544.266666666666,6790.533333333334,2238.7,1989.2333333333333,5449.9,9677.6,6584.766666666666,2108.5333333333333,2872.266666666667,4813.533333333334,5250.4,,,,,,,2104.4666666666667,2828.5,3752.0666666666666,5119.333333333333,1969.9333333333334,,,,,,868.2,8273.166666666666,3292.0666666666666,3676.4333333333334,1438.0666666666666,2906.8,4675.9,,,,1214.7,7265.233333333334,,,,,,,,,2539.4,1563.9333333333334,2590.4666666666667,3420.8,1349.9666666666667,,,,,,10529.533333333333,19796.733333333334,19215.0
2021-03-16,3979.766666666667,6640.866666666667,6876.2,2262.9333333333334,2016.7,5508.166666666667,9781.766666666666,6629.933333333333,2125.6,2898.5666666666666,4856.366666666667,5305.166666666667,,,,,,,2128.0333333333333,2792.9666666666667,3518.9,5275.7,1885.6333333333334,,,,,,875.0,8350.366666666667,3357.3,3714.1,1467.7,2936.766666666667,4732.966666666666,,,,1224.5333333333333,7346.8,,,,,,,,,2570.9666666666667,1580.7333333333333,2617.9666666666667,3458.2,1366.8666666666666,,,,,,10627.566666666668,20000.866666666665,19394.6
2021-03-17,4055.233333333333,6759.833333333333,6967.5,2293.8,2050.2,5576.666666666667,9905.9,6676.6,2144.4666666666667,2927.2,4913.166666666667,5424.2,,,,,,,2128.4666666666667,2794.9,3469.4666666666667,5474.8,1579.5666666666666,,,,,,876.6666666666666,8446.266666666666,3429.4333333333334,3754.0,1499.0333333333333,2983.2,4805.033333333334,,,,1177.2333333333333,7116.9,2936.8333333333335,,,,,,,,2599.9333333333334,1595.6,2653.766666666667,3496.5,1385.4,,,,,,10717.566666666668,20238.166666666668,19585.6
2021-03-18,4117.666666666667,6861.366666666667,7059.833333333333,2319.7,2078.1,5640.433333333333,10018.033333333333,6712.433333333333,2157.9,2868.766666666667,4698.366666666667,5581.733333333334,,,,,,,2154.9,2811.733333333333,3488.633333333333,5529.933333333333,1607.2,,,,,,883.4,8527.7,3497.8333333333335,3782.633333333333,1515.9,3015.2,4863.533333333334,,,,1187.4,7193.633333333333,3005.266666666667,,,,,,,,2629.7,1572.8666666666666,2655.7,3612.4,1334.5666666666666,,,,,,10802.4,20475.766666666666,19759.933333333334
2021-03-19,4192.566666666667,6977.166666666667,7167.9,2345.733333333333,2105.7,5705.866666666667,10160.333333333334,6768.0,2155.133333333333,2851.0333333333333,4698.566666666667,5417.966666666666,,,,,,,2175.1666666666665,2836.3,3514.0666666666666,5573.833333333333,1618.2333333333333,,,,,,891.4,8604.7,3569.3333333333335,3816.9333333333334,1539.1,3059.0333333333333,4933.533333333334,,,,1201.5333333333333,7273.466666666666,3037.8333333333335,,,,,,,,2660.9,1587.4666666666667,2684.9666666666667,3649.866666666667,1350.6666666666667,,,,,,10885.433333333332,20741.133333333335,19977.1
2021-03-22,4251.633333333333,7103.2,7257.433333333333,2372.0666666666666,2125.3,5771.4,10262.166666666666,6794.466666666666,2177.5,2876.3333333333335,4737.966666666666,5471.9,,,,,,,2195.9,2853.7,3538.8,5621.366666666667,1625.8333333333333,,,,,,897.9666666666667,8656.666666666666,3633.133333333333,3856.0666666666666,1557.9,3093.1,4988.533333333334,,,,1211.5333333333333,7347.866666666667,3072.133333333333,,,,,,,,2690.4,1602.4,2720.4333333333334,3696.3,1369.9666666666667,,,,,,10997.166666666666,20974.166666666668,20188.866666666665
2021-03-23,4323.466666666666,7222.233333333334,7350.9,2399.6,2146.4666666666667,5831.266666666666,10380.1,6844.5,2197.4666666666667,2902.2,4785.833333333333,5534.266666666666,,,,,,,2227.0,2888.9666666666667,3564.4333333333334,5684.1,1638.4666666666667,,,,,,908.9666666666667,8755.333333333334,3704.0,3896.1666666666665,1582.9333333333334,3129.3,5057.7,,,,1224.3333333333333,7433.033333333334,3106.233333333333,,,,,,,,2723.133333333333,1618.2333333333333,2756.5666666666666,3746.6666666666665,1386.7,,,,,,11103.8,21207.3,20410.3
2021-03-24,4388.433333333333,7338.066666666667,7453.5,2428.5,2160.6666666666665,5896.6,10492.0,6890.033333333334,2219.133333333333,2924.7,4839.933333333333,5585.866666666667,,,,,,,2259.0333333333333,2921.4,3583.9333333333334,5738.366666666667,1648.8333333333333,,,,,,914.5333333333333,8840.133333333333,3773.1,3932.5666666666666,1601.5666666666666,3161.4,5122.666666666667,,,,1234.4333333333334,7506.333333333333,3136.8,,,,,,,,2755.6666666666665,1635.4333333333334,2781.233333333333,3783.233333333333,1403.1333333333334,,,,,,11195.0,21434.466666666667,20599.9
2021-03-25,4464.8,7458.833333333333,7546.6,2454.266666666667,2181.3333333333335,5955.833333333333,10615.166666666666,6940.466666666666,2234.5333333333333,2949.866666666667,4885.033333333334,5641.833333333333,,,,,,,2281.866666666667,2951.2,3603.133333333333,5801.466666666666,1644.2,,,,,,924.5333333333333,8912.266666666666,3843.2,3967.6,1621.8666666666666,3193.866666666667,5189.133333333333,,,,1246.3666666666666,7579.933333333333,3166.0,,,,,,,,2788.1,1654.2666666666667,2808.4333333333334,3825.866666666667,1421.6,,,,,,11286.8,21681.766666666666,20785.2
2021-03-26,4536.133333333333,7566.333333333333,7655.666666666667,2478.1,2206.633333333333,6004.833333333333,10745.966666666667,6982.433333333333,2248.7,2974.9666666666667,4918.033333333334,5691.633333333333,,,,,,,2300.6666666666665,2975.766666666667,3629.2,5850.6,1651.2,,,,,,930.7333333333333,8985.9,3904.1,4002.9333333333334,1638.3333333333333,3225.5333333333333,5255.8,,,,1255.6333333333334,7635.466666666666,3193.5666666666666,,,,,,,,2823.366666666667,1671.5666666666666,2838.6,3855.766666666667,1435.9333333333334,,,,,,11370.933333333332,21912.333333333332,20975.7
2021-03-29,4609.466666666666,7707.766666666666,7736.5,2502.0333333333333,2234.4666666666667,6071.833333333333,10887.666666666666,7030.133333333333,2266.5333333333333,2999.7,4963.9,5749.9,,,,,,,2315.3,3004.766666666667,3650.5333333333333,5902.4,1665.9666666666667,,,,,,943.3666666666667,9076.666666666666,3968.5666666666666,4050.633333333333,1750.7,3327.3333333333335,5181.766666666666,,,,1270.6,7756.8,3230.4,,,,,,,,2847.0333333333333,1687.4333333333334,2884.3,3907.133333333333,1447.5333333333333,,,,,,11495.9,22178.566666666666,21219.9
2021-03-30,4701.666666666667,7931.5,7843.933333333333,2540.2,2265.1,6164.566666666667,11060.9,7097.433333333333,2288.5666666666666,3041.9666666666667,5040.166666666667,5834.1,,,,,,,2334.7,3037.866666666667,3673.633333333333,5940.8,1679.7333333333333,,,,,,958.5666666666667,9211.133333333333,4041.9666666666667,4144.1,1810.0333333333333,3477.5666666666666,5259.0,,,,1293.7666666666667,7981.133333333333,3297.1,,,,,,,,2888.9333333333334,1709.1333333333334,2946.1,3995.0,1463.0333333333333,,,,,,11734.1,22570.3,21552.666666666668
2021-03-31,4788.866666666667,8094.366666666667,7966.433333333333,2573.266666666667,2301.5666666666666,6243.8,11227.9,7153.133333333333,2311.0333333333333,3080.9333333333334,5100.0,5904.033333333334,,,,,,,2361.1,3068.366666666667,3704.5666666666666,6013.133333333333,1694.2666666666667,,,,,,972.9,9329.366666666667,4122.133333333333,4209.366666666667,1851.6333333333334,3578.266666666667,5321.166666666667,,,,1310.8,8135.066666666667,3343.0333333333333,,,,,,,,2919.8333333333335,1721.0333333333333,2994.5333333333333,4060.9,1476.8333333333333,,,,,,11899.6,22867.133333333335,21837.4
2021-04-01,4880.266666666666,8245.8,7934.133333333333,2603.4333333333334,2344.3333333333335,6328.533333333334,11419.333333333334,7209.833333333333,2338.4333333333334,3114.9,5166.233333333334,5986.933333333333,,,,,,,2379.233333333333,3098.0333333333333,3682.9,6072.1,1711.7,,,,,,988.5,9440.233333333334,4192.266666666666,4278.933333333333,1892.9666666666667,3658.233333333333,5396.2,,,,1333.2666666666667,8275.833333333334,3391.0666666666666,,,,,,,,2896.4333333333334,1742.8,3037.766666666667,4125.033333333334,1489.4,,,,,,11853.466666666667,23230.366666666665,22135.533333333333
2021-04-06,4930.533333333334,8329.0,8043.266666666666,2628.133333333333,2380.766666666667,6397.666666666667,11560.066666666668,7253.2,2362.6,3142.9333333333334,5228.233333333334,6030.7,,,,,,,2394.6,3138.9,3703.7,6127.9,1727.7,,,,,,995.8,9563.933333333332,4197.366666666667,4273.4,1914.6,3704.633333333333,5441.966666666666,,,,1351.4666666666667,8453.9,3429.233333333333,,,,,,,,2934.9333333333334,1766.5666666666666,3092.766666666667,4184.466666666666,1501.5666666666666,,,,,,11968.866666666667,23501.966666666667,22332.366666666665
2021-04-07,4989.966666666666,8448.066666666668,8161.933333333333,2655.8333333333335,2410.5333333333333,6480.0,11724.366666666667,7292.866666666667,2382.7,3179.7,5318.233333333334,6099.8,,,,,,,2417.4333333333334,3196.5333333333333,3728.866666666667,6207.3,1750.2666666666667,,,,,,1009.1666666666666,9724.2,4262.933333333333,4345.366666666667,1941.8333333333333,3758.8,5508.633333333333,,,,1385.1,8612.666666666666,3477.3,,,,,,,,2978.733333333333,1782.9333333333334,3150.9,4252.6,1519.7,,,,,,12142.2,23841.8,22614.566666666666
2021-04-08,5044.066666666667,8542.633333333333,8280.233333333334,2672.766666666667,2443.0666666666666,6551.8,11872.433333333332,7335.466666666666,2410.2,3211.8333333333335,5393.766666666666,6150.266666666666,,,,,,,2433.233333333333,3235.4666666666667,3743.766666666667,6277.366666666667,1767.0666666666666,,,,,,1017.5666666666667,9870.066666666668,4321.433333333333,4418.1,1953.6,3803.366666666667,5550.533333333334,,,,1413.1666666666667,8751.6,3516.133333333333,,,,,,,,3020.4,1798.4666666666667,3201.2,4315.333333333333,1464.1333333333334,,,,,,12302.533333333333,24147.366666666665,22853.1
2021-04-09,5103.6,8633.533333333333,8422.666666666666,2690.4333333333334,2466.3333333333335,6624.166666666667,12026.9,7371.766666666666,2420.5666666666666,3245.0666666666666,5448.033333333334,6207.633333333333,,,,,,,2448.766666666667,3267.866666666667,3762.133333333333,6327.666666666667,1780.0,,,,,,1031.1333333333334,10010.5,4379.4,4486.333333333333,1964.6666666666667,3842.9333333333334,5602.6,,,,1441.7333333333333,8951.5,3556.133333333333,,,,,,,,3053.5333333333333,1778.2666666666667,3317.766666666667,4414.133333333333,1039.3666666666666,4073.4666666666667,3543.5333333333333,,,,12461.166666666666,24588.266666666666,23117.866666666665
2021-04-12,5197.333333333333,8796.133333333333,8611.1,2720.3,2525.4666666666667,6746.266666666666,12277.4,7451.8,2439.766666666667,3323.0333333333333,5585.033333333334,6334.6,,,,,,,2471.733333333333,3334.0666666666666,3803.6666666666665,6428.233333333334,1817.2666666666667,,,,,,1047.4333333333334,10534.5,4458.466666666666,4687.733333333334,1995.0333333333333,3967.233333333333,5711.533333333334,,,,1567.8666666666666,9199.566666666668,3636.9333333333334,,,,,,,,3142.8333333333335,1736.4,3465.9666666666667,4556.766666666666,1052.5666666666666,3766.8333333333335,3249.9666666666667,1760.9333333333334,15723.8,,12700.633333333333,25100.633333333335,23996.7
2021-04-13,5285.0,8922.533333333333,8755.466666666667,2755.0,2580.7,6866.9,12505.8,7538.033333333334,2468.0,3380.4,5731.333333333333,6424.333333333333,,,,,,,2508.6,3410.633333333333,3841.133333333333,6564.8,1857.0333333333333,,,,,,1059.7333333333333,10970.766666666666,4530.466666666666,4856.2,1906.5,4123.5,5733.433333333333,2613.0666666666666,,,1679.7333333333333,9431.933333333332,3711.6666666666665,,,,,,,,3198.7,1808.3666666666666,3526.633333333333,4664.466666666666,1082.4333333333334,3807.633333333333,3301.9666666666667,1790.4,15930.666666666666,,12914.7,25593.866666666665,24611.7
2021-04-14,5396.666666666667,9086.866666666667,8905.466666666667,2789.4333333333334,2644.3,7003.633333333333,12733.9,7628.666666666667,2501.733333333333,4096.9,5624.1,6565.366666666667,,,,,,,2544.5333333333333,3485.9666666666667,3885.1666666666665,6697.133333333333,1893.0,,,,,,1073.6333333333334,11420.4,4608.7,5019.366666666667,1935.5333333333333,4223.066666666667,5848.766666666666,2648.233333333333,,,1825.3666666666666,9548.466666666667,4778.066666666667,,,,,,,,3258.2,1851.4333333333334,3614.133333333333,4797.1,1111.3666666666666,3849.266666666667,3379.1,1817.5666666666666,16062.933333333332,,13187.0,26098.6,25266.9
2021-04-15,5508.333333333333,9224.166666666666,9100.9,2826.766666666667,2716.8333333333335,7156.533333333334,12997.7,7708.5,2584.4666666666667,4314.5,5766.5,6522.666666666667,,,,,,,2582.2,3563.4,3929.8333333333335,6837.533333333334,1930.3,,,,,,1093.7666666666667,11867.6,4674.333333333333,5198.9,1976.1333333333334,4325.9,5968.033333333334,2693.5333333333333,,,1947.5,9778.633333333333,4863.866666666667,,,,,,,,3326.4333333333334,1891.9333333333334,3704.9666666666667,4922.733333333334,1140.3,3911.2,3436.3333333333335,1844.6666666666667,16281.366666666667,,13443.0,26676.466666666667,25928.4
2021-04-16,5641.433333333333,9399.7,9086.5,2857.8,2787.133333333333,7320.266666666666,13314.533333333333,7780.3,2609.3,4397.166666666667,5904.966666666666,6661.433333333333,,,,,,,2604.1,3623.3333333333335,3907.266666666667,6922.533333333334,1960.3666666666666,,,,,,1112.6666666666667,12342.666666666666,4755.1,5386.333333333333,2016.5333333333333,4437.8,6100.166666666667,2744.8333333333335,,,2090.1666666666665,10031.133333333333,4857.533333333334,,,,,,,,3305.5333333333333,1929.9,3810.266666666667,5072.6,1159.8333333333333,3969.7,3504.9666666666667,1861.4333333333334,16537.866666666665,,13460.433333333332,27407.9,26699.633333333335
2021-04-19,5739.1,9543.866666666667,9050.266666666666,2891.8333333333335,2839.133333333333,7416.233333333334,13530.433333333332,7857.3,2630.9,4447.666666666667,6012.333333333333,6756.966666666666,,,,,,,2636.266666666667,3675.4333333333334,3881.1666666666665,7010.933333333333,1859.5666666666666,6692.433333333333,,,,,1125.3333333333333,12672.266666666666,4826.533333333334,5529.733333333334,2045.4333333333334,4513.2,6183.833333333333,2775.2,,,2170.1,10223.4,4920.566666666667,,,,,,,,3277.0333333333333,1957.3333333333333,3762.4333333333334,5102.2,1282.5333333333333,3930.9,4045.8333333333335,,,,13430.233333333334,27768.6,27261.1
2021-04-20,5854.066666666667,9709.0,8999.6,2930.133333333333,2900.1666666666665,7550.566666666667,13729.133333333333,7954.166666666667,2664.8333333333335,4503.433333333333,6182.4,6876.033333333334,,,,,,,2676.1,3804.5666666666666,3504.766666666667,7258.9,1834.4333333333334,6823.266666666666,24163.833333333332,2764.0666666666666,4070.0,8480.633333333333,1135.0333333333333,13130.866666666667,4905.833333333333,5758.833333333333,2084.266666666667,4795.166666666667,6280.1,2815.133333333333,,,2248.6,10506.633333333333,4989.566666666667,,,,,,,,3264.1,2001.7,3834.733333333333,5223.766666666666,1317.2333333333333,3992.3,4127.033333333334,,,,13398.466666666667,28213.433333333334,27744.8
2021-04-21,5952.733333333334,9851.166666666666,8937.3,2967.4,2956.5333333333333,7695.366666666667,13954.966666666667,8047.566666666667,2701.0,4568.266666666666,6351.066666666667,6984.133333333333,,,,,,,2713.5666666666666,3882.4666666666667,3483.633333333333,7406.0,1860.1333333333334,6951.4,25110.3,2797.9333333333334,4139.266666666666,8787.4,1152.3666666666666,13502.233333333334,4982.566666666667,5908.0,2116.4,4873.966666666666,6388.933333333333,2846.0333333333333,,,2339.266666666667,10736.466666666667,5065.433333333333,,,,,,,,3252.866666666667,2044.1333333333334,3908.766666666667,5336.866666666667,1347.3666666666666,4056.266666666667,4206.733333333334,,,,13382.433333333332,28692.166666666668,28228.933333333334
2021-04-22,6078.666666666667,9988.7,8883.7,2997.733333333333,3024.8333333333335,7852.4,14176.8,8119.966666666666,2731.7,4633.266666666666,6514.166666666667,7102.166666666667,,,,,,,2747.5333333333333,3960.4,3462.866666666667,7510.733333333334,1894.6333333333334,7073.366666666667,26137.1,2826.233333333333,4202.633333333333,9089.8,1165.2333333333333,13876.6,5054.466666666666,6063.2,2140.5666666666666,4942.033333333334,6486.833333333333,2872.5666666666666,,,2433.233333333333,10958.333333333334,5139.666666666667,,,,,,,,3231.0333333333333,2083.6,3978.0666666666666,5451.233333333334,1375.5333333333333,4107.7,4274.866666666667,,,,13336.666666666666,29196.766666666666,28752.333333333332
2021-04-23,6222.333333333333,10166.566666666668,8848.433333333332,3029.866666666667,3090.5666666666666,8008.4,14473.0,8192.533333333333,2736.5666666666666,4597.933333333333,6321.233333333334,7366.566666666667,,,,,,,2774.0666666666666,4020.7,3439.4333333333334,7601.733333333334,1925.2333333333333,7176.966666666666,27220.4,2857.4333333333334,4262.466666666666,9447.9,1185.7333333333333,13790.666666666666,5226.066666666667,6000.266666666666,2464.1,,,,,,2552.9,11212.1,5232.5,,,,,,,,3203.0,2122.6666666666665,4065.266666666667,5589.366666666667,1393.9666666666667,4170.2,4348.1,,,,13338.2,29890.933333333334,29431.133333333335
2021-04-26,6302.833333333333,10260.033333333333,8997.866666666667,3053.5,3132.0333333333333,8090.3,14646.1,8247.033333333333,2752.0666666666666,4576.366666666667,6390.233333333334,7516.466666666666,,,,,,,2796.1,4070.133333333333,3478.5333333333333,7703.066666666667,1945.2,7254.633333333333,27795.633333333335,2882.4,4310.5,9673.6,1197.8333333333333,14095.733333333334,5282.333333333333,6121.6,2484.5666666666666,,,,,,2379.3,11535.4,5183.6,3203.2,,,,,,,3241.766666666667,2151.8333333333335,4124.8,5666.6,1412.3333333333333,4194.033333333334,4402.233333333334,,,,13530.3,30251.766666666666,29925.9
2021-04-27,6395.233333333334,10398.5,9127.366666666667,3075.4,3184.366666666667,8215.333333333334,14860.766666666666,8335.8,2765.266666666667,4629.4,6558.866666666667,7597.333333333333,,,,,,,2827.3333333333335,4147.966666666666,3511.5333333333333,7864.5,1978.4333333333334,7361.9,28711.7,2916.0,4380.566666666667,9951.8,1193.3,14394.9,5347.133333333333,6260.1,2513.766666666667,,,,,,2458.1,11938.666666666666,5300.2,3157.6666666666665,,,,,,,3305.9666666666667,2192.233333333333,4192.466666666666,5774.833333333333,1446.3,4234.866666666667,4473.8,,,,13768.066666666668,30652.533333333333,30413.9
2021-04-28,6500.766666666666,10529.733333333334,9264.866666666667,3117.4666666666667,3243.133333333333,8361.833333333334,15062.866666666667,8427.366666666667,2794.9333333333334,4690.966666666666,6729.6,7697.033333333334,,,,,,,2861.9,4260.8,3557.866666666667,8034.266666666666,2019.7666666666667,7491.333333333333,29630.8,2951.1,4441.2,10231.733333333334,1205.6,14774.633333333333,5415.7,6411.8,2544.4666666666667,,,,,,2551.1666666666665,12171.066666666668,5367.566666666667,3171.4666666666667,,,,,,,3359.9,2240.8333333333335,4269.3,5868.5,1479.1,4294.033333333334,4559.566666666667,,,,14032.9,31105.733333333334,30903.7
2021-04-29,6616.7,10673.966666666667,9439.8,3156.9,3308.3,8526.1,15314.733333333334,8510.133333333333,2824.366666666667,4758.9,6906.833333333333,7816.833333333333,,,,,,,2902.4333333333334,4347.866666666667,3604.5333333333333,8191.7,2057.8,7622.333333333333,30607.433333333334,2988.9,4511.033333333334,10536.5,1222.6666666666667,15144.033333333333,5489.566666666667,6557.333333333333,2578.0333333333333,,,,,,2649.4,12410.866666666667,5435.933333333333,3191.9666666666667,,,,,,,3428.3333333333335,2282.233333333333,4341.933333333333,5978.066666666667,1512.8,4332.5,4640.766666666666,,,,14305.733333333334,31663.433333333334,31455.333333333332
2021-04-30,6743.2,10805.966666666667,9682.833333333334,3187.0,3377.366666666667,8673.666666666666,15620.033333333333,8579.533333333333,2848.4,4841.066666666667,7031.366666666667,7951.3,,,,,,,2924.2,4433.866666666667,3644.9666666666667,8276.366666666667,2092.4,7728.5,31682.366666666665,3032.9333333333334,4572.066666666667,10891.033333333333,1244.6,15558.1,5564.933333333333,6717.533333333334,2604.633333333333,,,,,,2769.7,12613.566666666668,5509.7,3206.7,,,,,,,3484.7,2314.8333333333335,4418.8,6088.433333333333,1529.1333333333334,4391.366666666667,4719.133333333333,,,,14606.133333333333,32309.733333333334,32174.266666666666
2021-05-04,6804.0,10932.166666666666,9881.866666666667,3217.5,3438.733333333333,8784.133333333333,15841.9,8658.5,2883.1,4892.033333333334,7167.866666666667,8049.766666666666,,,,,,,2957.0666666666666,4525.633333333333,3688.233333333333,8398.233333333334,2124.8333333333335,7820.866666666667,32483.1,3064.7,4626.466666666666,11143.133333333333,1256.8,15872.633333333333,5629.5,6858.333333333333,2628.3,,,,,,2854.0,12831.4,5568.666666666667,3219.5666666666666,,,,,,,3550.9,2350.733333333333,4481.8,6172.666666666667,1558.0666666666666,4427.0,4780.133333333333,,,,14835.833333333334,32684.433333333334,32704.4
2021-05-05,6893.333333333333,11035.833333333334,10001.6,3259.5666666666666,3500.233333333333,8919.833333333334,16025.166666666666,8734.933333333332,2921.5666666666666,4933.866666666667,7329.033333333334,8136.266666666666,,,,,,,3082.233333333333,4595.533333333334,3664.9,8505.133333333333,3531.0333333333333,7742.333333333333,32420.366666666665,,,,1265.2,16218.966666666667,5701.066666666667,7002.533333333334,2643.266666666667,,,,,,2944.3333333333335,13058.966666666667,5634.6,3234.8,,,,,,,3613.5666666666666,2397.9333333333334,4569.1,6271.3,1592.0333333333333,4475.2,4858.333333333333,,,,15070.566666666668,33037.833333333336,33150.13333333333
2021-05-06,7035.066666666667,11154.333333333334,10155.166666666666,3297.766666666667,3570.0666666666666,9091.433333333332,16274.666666666666,8831.3,2955.4,5008.266666666666,7525.533333333334,8255.933333333332,,,,,,,3134.9333333333334,4880.333333333333,3876.5666666666666,8413.333333333334,3679.6,,,,,,1279.2333333333333,16587.066666666666,5783.533333333334,7149.0,2680.0,,,,,,3045.7,13310.566666666668,5703.366666666667,3249.1,,,,,,,3684.866666666667,2465.1,4633.7,6372.533333333334,1624.9,4532.466666666666,4932.166666666667,,,,15357.5,33601.4,33670.1
2021-05-07,7167.466666666666,11312.133333333333,10368.266666666666,3335.133333333333,3649.733333333333,9248.333333333334,16561.633333333335,8901.566666666668,2979.3333333333335,5087.733333333334,7670.666666666667,8395.466666666667,,,,,,,3164.5333333333333,4950.066666666667,3923.2,8518.766666666666,3714.366666666667,,,,,,1298.3333333333333,16968.866666666665,5865.066666666667,7305.866666666667,2714.7,,,,,,3166.6666666666665,13540.8,5778.266666666666,3266.8,,,,,,,3744.9333333333334,2500.0,4713.633333333333,6488.2,1647.2333333333333,4580.9,5008.266666666666,,,,15658.633333333333,34261.433333333334,34342.63333333333
2021-05-10,7235.233333333334,11398.466666666667,10476.966666666667,3350.133333333333,3721.266666666667,9344.333333333334,16625.933333333334,8957.9,2996.4333333333334,5132.833333333333,7777.8,8473.2,,,,,,,3179.633333333333,5008.533333333334,3939.0666666666666,8601.1,3743.8333333333335,,,,,,1305.9333333333334,17248.933333333334,5917.233333333334,7423.033333333334,2731.0333333333333,,,,,,3243.766666666667,13730.3,5821.266666666666,3278.6666666666665,,,,,,,3777.9333333333334,2526.8,4773.2,6568.1,1666.0,4614.933333333333,5057.566666666667,,,,15831.433333333332,34576.8,34831.066666666666
2021-05-11,7311.3,11528.2,10622.433333333332,3380.9666666666667,3788.8333333333335,9482.366666666667,16734.333333333332,9018.6,3031.733333333333,5190.2,7949.666666666667,8572.7,,,,,,,3207.5333333333333,5091.466666666666,3991.233333333333,8730.7,3793.5,,,,,,1317.0666666666666,17590.7,5985.133333333333,7568.633333333333,2755.5333333333333,,,,,,3328.233333333333,13974.533333333333,5895.533333333334,3305.266666666667,,,,,,,3841.2,2568.0333333333333,4867.733333333334,6682.866666666667,1697.9,4635.833333333333,5198.766666666666,,,,16101.933333333332,35003.86666666667,35389.46666666667
2021-05-12,7386.8,11671.9,10743.6,3421.8333333333335,3857.233333333333,9644.733333333334,16837.833333333332,9105.933333333332,3063.6,5247.7,8159.266666666666,8669.633333333333,,,,,,,3245.9333333333334,5181.633333333333,4032.233333333333,8902.733333333334,3834.4333333333334,,,,,,1326.3,17952.766666666666,6062.333333333333,7706.3,2777.4,,,,,,3422.1666666666665,14279.166666666666,5959.266666666666,3335.3333333333335,,,,,,,3915.633333333333,2617.633333333333,4947.1,6800.066666666667,1736.6333333333334,4682.833333333333,5286.466666666666,,,,16377.566666666668,35448.433333333334,35904.76666666667
2021-05-13,7505.866666666667,11806.933333333332,10891.066666666668,3456.766666666667,3941.633333333333,9821.066666666668,16954.833333333332,9186.6,3097.8,5317.3,8371.666666666666,8769.5,,,,,,,3291.9,5283.433333333333,4071.7,9078.466666666667,3876.7,,,,,,1336.9333333333334,18300.3,6145.033333333334,7833.0,2709.633333333333,,,,,,3512.633333333333,14528.9,6014.8,3330.3333333333335,,,,,,,4005.0,2670.233333333333,5012.433333333333,6899.0,1781.5333333333333,4748.233333333334,5362.666666666667,,,,16639.633333333335,35962.4,36314.833333333336
2021-05-14,7615.966666666666,11844.6,11082.9,3469.5666666666666,4021.9,9958.3,17119.766666666666,9238.833333333334,3119.1666666666665,5378.8,8489.0,8877.033333333333,,,,,,,3314.4666666666667,5352.566666666667,4117.6,9213.633333333333,3907.766666666667,,,,,,1341.9666666666667,18628.533333333333,6223.3,7927.033333333334,2700.0666666666666,,,,,,3622.0666666666666,14644.333333333334,6048.066666666667,3244.366666666667,,,,,,,4055.5333333333333,2697.633333333333,5061.066666666667,6962.8,1802.9333333333334,4806.133333333333,5427.466666666666,,,,16821.333333333332,36430.36666666667,36790.46666666667
2021-05-17,7695.366666666667,11907.933333333332,11255.266666666666,3487.9,4079.6666666666665,10080.766666666666,17295.533333333333,9297.8,3137.3333333333335,5431.2,8634.533333333333,8965.533333333333,,,,,,,3359.9,5431.566666666667,4167.1,9321.466666666667,3952.3,,,,,,1350.6,18935.066666666666,6306.5,8051.566666666667,2700.3,,,,,,3743.4,14846.933333333332,6102.9,3214.8,,,,,,,4115.2,2735.5,5138.5,7044.3,1837.7333333333333,4878.233333333334,5488.0,,,,16984.866666666665,36775.066666666666,37229.73333333333
2021-05-18,7782.533333333334,12030.766666666666,11568.8,3522.233333333333,4147.433333333333,10233.933333333332,17505.0,9385.5,3163.233333333333,5509.2,8864.433333333332,9075.933333333332,,,,,,,3417.3,5536.8,4278.966666666666,9499.833333333334,4005.6666666666665,,,,,,1365.7666666666667,19308.833333333332,6417.433333333333,8204.133333333333,2711.0333333333333,,,,,,3870.9333333333334,15160.2,6174.433333333333,3208.9333333333334,,,,,,,4271.933333333333,2789.733333333333,5241.2,7177.066666666667,1892.6333333333334,4969.6,5578.166666666667,,,,17429.633333333335,37200.76666666667,37713.03333333333
2021-05-19,7954.566666666667,12231.8,11779.7,3576.0333333333333,4227.066666666667,10447.933333333332,17797.533333333333,9495.533333333333,3288.3333333333335,5766.0,9759.666666666666,9140.0,,,,,,,3483.133333333333,5651.3,4350.5,9732.0,4058.8,,,,,,1385.0333333333333,19699.9,6602.7,8438.0,2749.5333333333333,,,,,,4014.633333333333,14968.066666666668,6143.633333333333,3731.3,,,,,,,4375.1,2842.4,5360.433333333333,7353.133333333333,1951.8666666666666,5067.066666666667,5700.833333333333,,,,17733.3,37800.0,38298.5
2021-05-20,8117.933333333333,12426.833333333334,12028.833333333334,3622.1666666666665,4317.166666666667,10689.133333333333,18128.066666666666,9609.633333333333,3343.6,6145.033333333334,9767.366666666667,9345.433333333332,,,,,,,3544.633333333333,5771.466666666666,4418.166666666667,9947.133333333333,4114.3,,,,,,1403.5666666666666,20100.5,6740.466666666666,8619.033333333333,2783.866666666667,,,,,,4683.3,15009.5,6209.3,,,,,,,,4474.866666666667,2907.266666666667,5483.766666666666,7522.566666666667,2010.0666666666666,5175.466666666666,5830.033333333334,,,,18027.266666666666,38476.433333333334,38845.666666666664
2021-05-21,8315.933333333332,12617.233333333334,12371.3,3664.133333333333,4452.533333333334,10940.733333333334,18533.533333333333,9715.766666666666,3376.6,6271.3,9973.966666666667,9529.433333333332,,,,,,,3604.133333333333,5869.333333333333,4507.733333333334,10078.0,4173.9,,,,,,1428.9,20491.8,6893.5,8809.466666666667,2828.8333333333335,,,,,,4878.133333333333,15317.1,6306.866666666667,,,,,,,,4558.2,2955.5333333333333,5629.5,7670.2,2044.8,5293.8,5946.766666666666,,,,18292.633333333335,39249.36666666667,39568.433333333334
2021-05-24,8421.8,12727.433333333332,12576.7,3698.866666666667,4532.733333333334,11068.9,18778.666666666668,9796.6,3400.5,6334.233333333334,10130.033333333333,9621.366666666667,,,,,,,3652.7,5943.4,4573.066666666667,10212.3,4220.133333333333,,,,,,1645.1,20140.333333333332,7190.5,,,,,,,,4991.566666666667,15464.466666666667,6378.433333333333,,,,,,,,4622.866666666667,2984.4,5708.166666666667,7754.366666666667,2084.8333333333335,5364.433333333333,6027.333333333333,,,,18433.766666666666,39405.9,40016.86666666667
2021-05-25,8510.366666666667,12842.566666666668,12710.966666666667,3735.266666666667,4589.566666666667,11188.333333333334,18942.633333333335,9855.2,3435.633333333333,6381.966666666666,10293.533333333333,9668.833333333334,,,,,,,3702.5666666666666,6016.0,4627.266666666666,10359.433333333332,4248.533333333334,,,,,,1661.1,20102.0,7293.533333333334,,,,,,,,5016.7,15694.266666666666,6413.7,,,,,,,,4702.266666666666,3025.9,5767.5,7828.866666666667,2127.2,5449.533333333334,6105.433333333333,,,,18601.133333333335,39694.2,39932.6
2021-05-26,8617.7,12984.766666666666,12891.433333333332,3772.266666666667,4657.5,11344.0,19153.133333333335,9920.833333333334,3474.9666666666667,6448.366666666667,10460.3,9760.9,,,,,,,3754.6666666666665,6096.5,4681.433333333333,10503.633333333333,4280.433333333333,,,,,,1678.3333333333333,20172.566666666666,7402.3,,,,,,,,5072.9,15932.433333333332,6463.866666666667,,,,,,,,4780.4,3029.4333333333334,5855.633333333333,7941.366666666667,2166.6666666666665,5528.9,6204.4,,,,18791.6,40040.933333333334,40099.5
2021-05-27,8731.2,13155.0,13112.6,3814.3333333333335,4724.9,11527.0,19433.4,9982.3,3511.8,5867.866666666667,10934.333333333334,9823.333333333334,25372.333333333332,,,,,,3820.9333333333334,6176.933333333333,4738.166666666667,10675.366666666667,4315.433333333333,,,,,,1702.0333333333333,20276.866666666665,7509.5,,,,,,,,5111.033333333334,16346.466666666667,5539.566666666667,,,,,,,,4865.5,3074.5,5951.333333333333,8073.633333333333,2211.1,5628.433333333333,6268.9,,,,19011.466666666667,40498.36666666667,40322.433333333334
2021-05-28,8869.6,13340.4,13477.933333333332,3841.0,4821.4,11688.066666666668,19834.833333333332,10048.366666666667,3498.133333333333,5800.933333333333,11065.9,10095.1,26365.533333333333,,,,,,3851.0666666666666,6223.433333333333,4792.966666666666,10746.433333333332,4354.666666666667,,,,,,1726.8333333333333,20446.666666666668,7647.766666666666,,,,,,,,5227.9,16586.2,5606.533333333334,,,,,,,,4930.833333333333,3092.3,6058.266666666666,8199.9,2232.9333333333334,5709.466666666666,6329.766666666666,,,,19220.566666666666,41032.96666666667,40763.86666666667
2021-06-01,8896.0,13500.933333333332,13960.733333333334,3862.6,4883.066666666667,11755.966666666667,20049.333333333332,10105.3,3532.9666666666667,5839.433333333333,11184.033333333333,10125.533333333333,26606.366666666665,,,,,,3880.6666666666665,6274.166666666667,4906.933333333333,10851.7,4372.066666666667,,,,,,1740.4,20532.766666666666,7742.966666666666,,,,,,,,5326.3,16832.6,5738.2,,,,,,,,5078.633333333333,3112.766666666667,6151.333333333333,8313.533333333333,2267.2,5723.866666666667,6379.0,,,,19629.266666666666,41225.066666666666,41017.433333333334
2021-06-02,8981.266666666666,13722.633333333333,14428.7,3896.0,4964.333333333333,11934.866666666667,20347.566666666666,10163.166666666666,3583.8,5921.766666666666,11375.3,10207.666666666666,27050.066666666666,,,,,,3912.366666666667,6351.6,5024.933333333333,10982.7,4410.733333333334,,,,,,1763.6,20791.333333333332,7850.633333333333,,,,,,,,5493.933333333333,17180.2,5801.4,,,,,,,,5253.2,3153.5333333333333,6415.533333333334,8599.2,2210.8333333333335,5855.366666666667,5978.133333333333,2341.6,23392.0,31680.266666666666,20106.866666666665,41852.7,41442.333333333336
2021-06-03,9047.133333333333,13903.566666666668,14897.933333333332,3929.4333333333334,5051.966666666666,12079.133333333333,20691.166666666668,10218.366666666667,3630.133333333333,6002.866666666667,11544.5,10269.1,27477.866666666665,,,,,,3940.9666666666667,6414.3,5145.433333333333,11113.166666666666,4441.533333333334,,,,,,1786.0333333333333,20943.466666666667,7950.9,,,,,,,,5672.933333333333,17463.0,5881.6,,,,,,,,5415.366666666667,3187.4333333333334,6570.8,8817.833333333334,2248.0,5885.3,6042.266666666666,2405.9,23572.733333333334,32293.0,20610.933333333334,42434.26666666667,41924.96666666667
2021-06-04,9142.4,14054.733333333334,15511.8,3941.1,5162.466666666666,12207.9,21062.9,10257.0,3650.4333333333334,6093.8,11647.4,10343.433333333332,27906.633333333335,,,,,,3970.4666666666667,6464.133333333333,5267.533333333334,11274.566666666668,4490.166666666667,,,,,,1804.7666666666667,21152.9,8053.866666666667,,,,,,,,5864.833333333333,17671.833333333332,5946.866666666667,,,,,,,,5544.566666666667,3207.1666666666665,6718.033333333334,8960.966666666667,2269.6,5922.766666666666,6103.166666666667,2423.0,23761.666666666668,32963.333333333336,21030.9,43048.46666666667,42416.76666666667
2021-06-07,9136.966666666667,14104.2,15903.233333333334,3952.0666666666666,5190.766666666666,12219.1,21218.233333333334,10281.566666666668,3656.5,6109.566666666667,11694.166666666666,10354.433333333332,28001.4,,,,,,3979.5666666666666,6477.2,5364.3,11328.266666666666,4491.8,,,,,,1815.5333333333333,21183.333333333332,8106.066666666667,,,,,,,,5913.466666666666,17773.766666666666,5958.566666666667,,,,,,,,5646.133333333333,3212.866666666667,6770.266666666666,9007.066666666668,2279.0666666666666,5933.266666666666,6121.933333333333,2428.6,23792.533333333333,33269.9,21383.3,43135.933333333334,42601.46666666667
2021-06-08,9161.433333333332,14201.066666666668,16252.1,3978.733333333333,5227.366666666667,12297.3,21318.066666666666,10336.9,3697.4,6141.0,11899.766666666666,10367.433333333332,28197.133333333335,,,,,,4011.3,6545.333333333333,5471.033333333334,11474.966666666667,4517.333333333333,,,,,,1822.4666666666667,21760.733333333334,8081.0,,,,,,,,5958.566666666667,17998.466666666667,5982.4,,,,,,,,5781.866666666667,3240.366666666667,6833.533333333334,9098.0,2316.1,5961.133333333333,6172.166666666667,2454.0333333333333,23871.033333333333,33770.36666666667,21810.633333333335,43235.96666666667,42729.3
2021-06-09,9255.066666666668,14383.8,16435.866666666665,4019.6,5302.633333333333,12474.9,21584.866666666665,10418.266666666666,3743.5333333333333,6221.666666666667,12169.366666666667,10465.8,28613.2,,,,,,4049.233333333333,6631.933333333333,5526.5,11633.433333333332,4556.566666666667,,,,,,1840.8,21986.5,8184.533333333334,,,,,,,,6070.866666666667,18341.266666666666,6051.2,,,,,,,,5910.933333333333,3367.0666666666666,7558.666666666667,,,,,,,,22070.633333333335,43748.63333333333,43034.26666666667
2021-06-10,9347.633333333333,14535.433333333332,16682.566666666666,4065.6,5380.9,12638.8,21826.6,10477.566666666668,3803.366666666667,6292.666666666667,12427.833333333334,10542.4,29032.733333333334,,,,,,4090.0333333333333,6708.333333333333,5592.4,11788.633333333333,4590.5,,,,,,1874.5,22242.133333333335,8276.833333333334,,,,,,,,6171.7,18612.266666666666,6113.633333333333,,,,,,,,5995.566666666667,3403.8,7802.6,,,,,,,,22280.066666666666,44251.26666666667,43328.8
2021-06-11,9429.0,14694.366666666667,17023.433333333334,4062.633333333333,5464.166666666667,12780.633333333333,22154.733333333334,10524.266666666666,3820.1666666666665,6302.433333333333,12584.633333333333,10646.9,29421.0,,,,,,4085.8,6749.266666666666,5612.733333333334,11791.4,4604.966666666666,,,,,,1880.1,22385.066666666666,8386.166666666666,,,,,,,,6284.533333333334,18862.5,6150.3,,,,,,,,6017.733333333334,3409.9333333333334,7903.533333333334,,,,,,,,22474.966666666667,44788.23333333333,43767.433333333334
2021-06-14,9412.7,14764.233333333334,17184.366666666665,4067.866666666667,5493.633333333333,12792.3,22330.366666666665,10537.5,3837.9,6316.9,12654.8,10653.366666666667,29496.0,,,,,,4084.9666666666667,6751.666666666667,5640.9,11791.133333333333,4604.566666666667,,,,,,1887.5,22410.7,8429.4,,,,,,,,6321.766666666666,18974.6,6162.633333333333,,,,,,,,6046.566666666667,3404.3,7952.5,,,,,,,,22529.666666666668,44850.46666666667,43934.76666666667
2021-06-15,9420.666666666666,14877.233333333334,17244.166666666668,4096.366666666667,5531.3,12868.233333333334,22435.466666666667,10592.7,3878.4666666666667,6342.6,12864.133333333333,10663.1,29674.766666666666,,,,,,4121.533333333334,6815.233333333334,5685.633333333333,11912.9,4628.866666666667,,,,,,1899.9333333333334,22461.166666666668,8488.2,,,,,,,,6354.466666666666,19219.733333333334,6195.133333333333,,,,,,,,6117.2,3431.4666666666667,8011.166666666667,,,,,,,,22651.1,44970.86666666667,43963.23333333333
2021-06-16,9514.0,15030.033333333333,17377.9,4138.966666666666,5584.333333333333,13007.833333333334,22665.166666666668,10643.466666666667,3911.766666666667,6400.7,13101.966666666667,10732.0,30021.166666666668,,,,,,4157.066666666667,6871.633333333333,5734.566666666667,12037.966666666667,4663.8,,,,,,1926.4666666666667,22647.833333333332,8579.366666666667,,,,,,,,6447.4,19483.633333333335,6256.733333333334,,,,,,,,6183.466666666666,3459.0333333333333,8096.6,,,,,,,,22906.133333333335,45469.933333333334,44195.26666666667
2021-06-17,9580.6,15149.6,17614.233333333334,4157.666666666667,5650.566666666667,13163.9,22941.7,10700.933333333332,3948.9666666666667,6476.9,13369.966666666667,10806.933333333332,30407.666666666668,,,,,,4113.833333333333,6979.5,5852.2,12223.1,3329.9333333333334,,,,,,1950.5,22800.4,8670.066666666668,,,,,,,,6542.633333333333,19696.2,6300.133333333333,,,,,,,,6251.266666666666,3481.6666666666665,8179.533333333334,,,,,,,,23098.6,45923.833333333336,44392.1
2021-06-18,9658.2,15297.5,17993.7,4188.166666666667,5756.166666666667,13305.1,23331.466666666667,10743.6,3983.0666666666666,6562.4,13495.533333333333,10896.366666666667,30760.166666666668,,,,,,4136.9,6829.0,5746.8,12539.533333333333,3259.5,13039.166666666666,,,,,1980.4333333333334,22906.066666666666,8777.966666666667,,,,,,,,6669.433333333333,19854.033333333333,6367.533333333334,,,,,,,,6289.5,3470.3333333333335,8544.466666666667,,,,,,,,23228.633333333335,46376.03333333333,44704.76666666667
2021-06-21,9640.5,15306.266666666666,18132.433333333334,4188.666666666667,5798.333333333333,13338.666666666666,23462.066666666666,10759.3,3998.5333333333333,6567.833333333333,13612.966666666667,10885.933333333332,30849.366666666665,,,,,,4151.066666666667,6865.866666666667,5769.833333333333,12602.0,3274.0333333333333,11848.166666666666,,,,,,,,,,,,,,,6700.433333333333,19942.166666666668,6382.166666666667,,,,,,,,6329.433333333333,3473.6,8614.266666666666,,,,,,,,23236.366666666665,46317.1,44709.066666666666
2021-06-22,9741.5,15483.7,18358.633333333335,4236.7,5864.333333333333,13504.366666666667,23871.5,10828.0,4043.9,6635.333333333333,13875.666666666666,10962.233333333334,31259.733333333334,,,,,,4196.266666666666,6952.666666666667,5849.5,12763.433333333332,3303.733333333333,11993.833333333334,,,,,,,,,,,,,,,6793.733333333334,20196.233333333334,6449.566666666667,,,,,,,,6423.2,3512.0333333333333,8736.333333333334,,,,,,,,23464.433333333334,46819.73333333333,44938.2
2021-06-23,9812.166666666666,15618.966666666667,18562.566666666666,4266.833333333333,5931.8,13612.233333333334,24229.9,10896.033333333333,4150.566666666667,6860.1,14721.8,10687.366666666667,30721.266666666666,,,,,,4231.0,7012.966666666666,5898.3,12871.733333333334,3333.9333333333334,12124.166666666666,,,,,,,,,,,,,,,6901.433333333333,19770.533333333333,6906.066666666667,,,,,,,,6495.566666666667,3533.633333333333,8823.566666666668,,,,,,,,23645.1,47284.76666666667,45125.46666666667
2021-06-24,9909.7,15762.1,18787.266666666666,4286.2,5994.666666666667,13758.066666666668,24634.466666666667,10948.733333333334,4199.666666666667,7297.433333333333,15650.933333333332,10601.733333333334,30280.733333333334,,,,,,4267.266666666666,7079.2,5954.633333333333,12989.666666666666,3364.0333333333333,12266.0,,,,,,,,,,,,,,,7579.833333333333,19433.866666666665,7193.7,,,,,,,,6567.133333333333,3560.2,8939.766666666666,,,,,,,,23843.8,47722.9,45388.066666666666
2021-06-25,9985.6,15855.466666666667,19147.8,4293.533333333334,6052.966666666666,13869.666666666666,25084.533333333333,10971.266666666666,4219.133333333333,7369.933333333333,15764.8,10702.033333333333,29541.666666666668,,,,,,4291.633333333333,7099.233333333334,6008.233333333334,13009.366666666667,3383.1666666666665,12391.0,,,,,,,,,,,,,,,7722.933333333333,19608.3,7262.633333333333,,,,,,,,6604.266666666666,3562.4666666666667,9061.633333333333,,,,,,,,23983.3,48164.4,45864.166666666664
2021-06-28,9959.366666666667,15895.1,19280.533333333333,4296.066666666667,6066.0,13882.133333333333,25271.2,10990.933333333332,4235.133333333333,7383.1,15875.733333333334,10691.366666666667,29609.4,,,,,,4317.233333333334,7133.233333333334,6039.266666666666,13045.933333333332,3396.8333333333335,12448.533333333333,,,,,,,,,,,,,,,7756.566666666667,19681.133333333335,7286.6,,,,,,,,6661.633333333333,3585.866666666667,9123.8,,,,,,,,24002.766666666666,48161.86666666667,45902.7
2021-06-29,10007.033333333333,16101.5,19420.133333333335,4344.3,6132.166666666667,13978.033333333333,25505.266666666666,11032.2,4271.266666666666,7416.933333333333,16048.166666666666,10737.2,29907.466666666667,,,,,,4334.766666666666,7179.766666666666,6118.566666666667,13163.233333333334,3418.8,12525.266666666666,,,,,,,,,,,,,,,7810.366666666667,19817.566666666666,7323.733333333334,,,,,,,,6711.3,3606.733333333333,9209.366666666667,,,,,,,,24139.933333333334,48494.13333333333,46038.53333333333
2021-06-30,10038.366666666667,16169.8,19570.366666666665,4353.5,6170.133333333333,14035.0,25690.433333333334,11059.266666666666,4296.333333333333,7440.1,16183.6,10763.466666666667,30074.1,,,,,,4339.4,7207.266666666666,6145.4,13231.933333333332,3425.5666666666666,12591.866666666667,,,,,,,,,,,,,,,7864.0,19902.3,7360.266666666666,,,,,,,,6733.033333333334,3610.6666666666665,9263.166666666666,,,,,,,,24232.466666666667,48695.933333333334,46162.26666666667
2021-07-01,10049.066666666668,16260.966666666667,19434.366666666665,4369.5,6220.166666666667,14086.166666666666,25859.566666666666,11087.8,4235.1,7301.333333333333,15695.5,10871.933333333332,30961.733333333334,,,,,,4349.233333333334,7229.433333333333,6096.233333333334,13263.833333333334,3439.4666666666667,12653.233333333334,,,,,,,,,,,,,,,7918.833333333333,20500.8,7510.4,,,,,,,,6648.2,3625.366666666667,9302.566666666668,,,,,,,,24030.3,48918.86666666667,46260.73333333333
2021-07-02,10062.9,16304.733333333334,19638.3,4369.6,6253.966666666666,14078.333333333334,26041.066666666666,11075.466666666667,4226.333333333333,7035.366666666667,15941.433333333332,10830.266666666666,32165.933333333334,,,,,,4341.033333333334,7195.5,6110.633333333333,13196.466666666667,3431.9,12654.366666666667,,,,,,,,,,,,,,,7466.433333333333,20826.633333333335,7571.1,4020.0333333333333,,,,,,,6653.033333333334,3608.7,9333.166666666666,,,,,,,,24089.0,49087.666666666664,46479.53333333333
2021-07-05,9968.8,16294.066666666668,19620.533333333333,4360.5,6210.266666666666,13981.3,26005.066666666666,11058.233333333334,4226.2,6981.166666666667,15948.4,10750.066666666668,31991.566666666666,,,,,,4330.233333333334,7195.866666666667,6096.566666666667,13185.9,3419.9333333333334,12624.433333333332,,,,,,,,,,,,,,,7440.733333333334,20782.2,7553.233333333334,4022.0,,,,,,,6654.066666666667,3595.5333333333333,9294.866666666667,,,,,,,,24067.0,48741.13333333333,46354.333333333336
2021-07-06,10013.1,16447.9,19719.3,4389.866666666667,6270.366666666667,14082.6,26202.733333333334,11103.8,4282.3,7010.5,16148.966666666667,10792.066666666668,32292.666666666668,,,,,,4363.666666666667,7454.366666666667,6185.433333333333,13508.8,,,,,,,,,,,,,,,,,7502.2,20945.466666666667,7596.866666666667,4034.766666666667,,,,,,,6719.533333333334,3625.7,9380.966666666667,,,,,,,,24228.1,49099.2,46477.166666666664
2021-07-07,10062.266666666666,16672.366666666665,19861.733333333334,4434.366666666667,6348.866666666667,14170.433333333332,26476.733333333334,11134.666666666666,4329.166666666667,7036.0,16286.233333333334,10831.6,32548.433333333334,,,,,,4493.0,7488.3,6489.766666666666,13186.666666666666,,,,,,,,,,,,,,,,,7557.366666666667,21034.1,7645.766666666666,4044.6,,,,,,,6743.866666666667,3637.1666666666665,9474.033333333333,,,,,,,,24326.166666666668,49473.26666666667,46583.433333333334
2021-07-08,10063.333333333334,16755.366666666665,19941.333333333332,4441.133333333333,6381.5,14208.833333333334,26639.033333333333,11143.4,4350.566666666667,7055.7,16373.333333333334,10833.966666666667,32652.933333333334,,,,,,4491.033333333334,7501.833333333333,6513.3,13205.366666666667,,,,,,,,,,,,,,,,,7614.533333333334,21093.066666666666,7672.433333333333,4052.8333333333335,,,,,,,6769.666666666667,3644.9,9527.133333333333,,,,,,,,24374.033333333333,49583.53333333333,46601.96666666667
2021-07-09,10061.466666666667,16825.7,20071.833333333332,4436.133333333333,6404.533333333334,14200.733333333334,26809.4,11157.333333333334,4350.8,7064.333333333333,16347.666666666666,10850.233333333334,32677.333333333332,,,,,,4463.7,7475.266666666666,6525.733333333334,13119.0,,,,,,,,,,,,,,,,,7683.966666666666,20979.433333333334,7687.5,4061.266666666667,,,,,,,6758.566666666667,3621.4333333333334,9561.666666666666,,,,,,,,24361.633333333335,49653.5,46714.23333333333
2021-07-12,9943.5,16850.9,19936.6,4413.166666666667,6317.233333333334,14093.9,26685.866666666665,11148.7,4312.1,6991.466666666666,16335.966666666667,10768.933333333332,32363.7,,,,,,4436.166666666667,7474.566666666667,6494.733333333334,13061.166666666666,,,,,,,,,,,,,,,,,7635.933333333333,20917.766666666666,7564.166666666667,4057.4666666666667,,,,,,,6706.4,3593.9333333333334,9523.033333333333,,,,,,,,24229.4,49171.433333333334,46325.13333333333
2021-07-13,9973.066666666668,16813.966666666667,19810.833333333332,4403.7,6315.433333333333,14129.266666666666,26583.733333333334,11168.866666666667,4336.066666666667,6983.466666666666,16495.333333333332,10792.266666666666,32263.0,,,,,,4445.833333333333,7513.7,6486.933333333333,13096.866666666667,,,,,,,,,,,,,,,,,7590.566666666667,20943.566666666666,7377.5,4012.9333333333334,,,,,,,6690.2,3577.133333333333,9513.933333333332,,,,,,,,24253.666666666668,49082.53333333333,46150.76666666667
2021-07-14,9979.066666666668,16802.966666666667,19750.8,4402.633333333333,6322.2,14122.7,26605.4,11195.666666666666,4352.0,6975.0,16640.366666666665,10807.733333333334,32158.266666666666,,,,,,4451.666666666667,7542.4,6499.766666666666,13128.2,,,,,,,,,,,,,,,,,7563.033333333334,20957.6,7301.933333333333,3976.1666666666665,,,,,,,6668.133333333333,3560.7,9507.733333333334,,,,,,,,24355.466666666667,49012.0,46087.96666666667
2021-07-15,9973.1,16808.2,19698.433333333334,4400.733333333334,6317.233333333334,14131.166666666666,26610.066666666666,11206.233333333334,4362.3,6968.3,16746.433333333334,10824.466666666667,32151.133333333335,,,,,,4454.7,7575.366666666667,6507.8,13134.233333333334,,,,,,,,,,,,,,,,,7533.2,20949.6,7235.066666666667,3943.733333333333,,,,,,,6658.133333333333,3553.5,9487.4,,,,,,,,24372.1,48919.03333333333,45956.4
2021-07-16,9959.9,16915.466666666667,19654.333333333332,4417.933333333333,6297.6,14126.8,26617.633333333335,11213.433333333332,4380.6,6954.433333333333,16774.366666666665,10853.533333333333,32120.3,,,,,,4442.066666666667,7566.366666666667,6509.366666666667,13013.933333333332,,,,,,,,,,,,,,,,,7504.533333333334,20991.3,7220.633333333333,3983.7,,,,,,,6658.466666666666,3547.9,9481.733333333334,,,,,,,,24451.8,48864.333333333336,45948.4
2021-07-19,9942.433333333332,16915.466666666667,19708.533333333333,4403.1,6318.466666666666,14127.1,26707.633333333335,11207.966666666667,4399.166666666667,6959.1,16827.266666666666,10839.633333333333,32200.3,,,,,,4429.3,7579.433333333333,6514.4,13016.966666666667,,,,,,,,,,,,,,,,,7524.633333333333,21026.466666666667,7210.033333333334,3971.7,,,,,,,6676.8,3549.0,9526.866666666667,,,,,,,,24469.133333333335,48854.166666666664,45922.46666666667
2021-07-20,9912.433333333332,16928.9,19760.633333333335,4390.033333333334,6333.4,14129.666666666666,26775.366666666665,11199.466666666667,4402.6,6965.5,16856.4,10813.966666666667,32221.833333333332,,,,,,4422.033333333334,7580.2,6517.633333333333,13003.566666666668,,,,,,,,,,,,,,,,,7555.266666666666,21013.633333333335,7190.366666666667,3956.733333333333,,,,,,,6701.7,3551.2,9566.633333333333,,,,,,,,24461.233333333334,48845.3,45854.1
2021-07-21,9883.2,16956.6,19919.0,4374.633333333333,6346.366666666667,14120.333333333334,26852.733333333334,11201.866666666667,4420.833333333333,6955.666666666667,16868.433333333334,10789.533333333333,32258.133333333335,,,,,,4413.566666666667,7579.566666666667,6557.133333333333,13000.766666666666,,,,,,,,,,,,,,,,,7564.533333333334,21023.033333333333,7163.266666666666,3936.6,,,,,,,6670.566666666667,3463.0,9001.166666666666,10988.666666666666,2744.3333333333335,6347.166666666667,8577.8,,,,24416.9,48858.96666666667,45849.53333333333
2021-07-22,9857.033333333333,16960.466666666667,19982.966666666667,4365.5,6350.966666666666,14107.7,26953.933333333334,11188.266666666666,4429.766666666666,6950.033333333334,16885.266666666666,10772.3,32284.966666666667,,,,,,4404.733333333334,7583.933333333333,6567.6,12978.966666666667,,,,,,,,,,,,,,,,,7614.4,21053.6,7153.933333333333,3947.1,,,,,,,6693.7,3468.1666666666665,8923.1,11336.233333333334,2595.3333333333335,6453.233333333334,6966.4,2772.2,26677.2,45249.26666666667,24403.133333333335,48948.833333333336,45872.833333333336
2021-07-23,9836.4,16968.866666666665,20061.966666666667,4375.166666666667,6357.4,14090.4,27090.1,11165.033333333333,4453.966666666666,7021.866666666667,16902.5,10746.166666666666,32312.9,,,,,,4423.1,7575.0,6613.933333333333,12981.233333333334,,,,,,,,,,,,,,,,,7680.366666666667,21054.866666666665,7159.9,3950.2,,,,,,,6733.566666666667,3469.3,8997.666666666666,11394.5,2604.9,6440.033333333334,6948.566666666667,2806.4,26660.766666666666,45179.333333333336,24434.333333333332,48945.86666666667,45926.333333333336
2021-07-26,9826.1,16961.1,19998.1,4354.033333333334,6376.5,14101.5,27163.866666666665,11162.966666666667,4457.566666666667,7038.133333333333,16936.433333333334,10726.866666666667,32395.366666666665,,,,,,4418.8,7592.766666666666,6588.0,12966.233333333334,,,,,,,,,,,,,,,,,7743.333333333333,21085.733333333334,7160.633333333333,3938.9,,,,,,,6689.333333333333,3475.4666666666667,9053.466666666667,11440.466666666667,2613.4333333333334,6431.133333333333,6955.4,2816.233333333333,26617.866666666665,44998.433333333334,24319.133333333335,48961.566666666666,45926.73333333333
2021-07-27,9818.666666666666,16963.066666666666,20098.0,4335.433333333333,6400.4,14120.6,27258.966666666667,11158.366666666667,4471.6,7053.3,16995.333333333332,10706.1,32457.4,,,,,,4421.333333333333,7607.5,6583.066666666667,12958.133333333333,,,,,,,,,,,,,,,,,7835.5,21092.5,7167.533333333334,3925.5666666666666,,,,,,,6692.366666666667,3479.7,9137.3,11487.266666666666,2621.366666666667,6414.866666666667,6967.1,2828.633333333333,26614.8,44772.86666666667,24298.533333333333,48941.5,46008.0
2021-07-28,9826.4,16963.833333333332,20213.766666666666,4314.9,6439.966666666666,14155.566666666668,27384.266666666666,11167.533333333333,4562.366666666667,7202.466666666666,17750.066666666666,10764.866666666667,,,,,,,4433.033333333334,7646.2,6592.633333333333,12962.666666666666,,,,,,,,,,,,,,,,,7959.1,20424.833333333332,7791.433333333333,5555.0,,,,,,,6707.333333333333,3493.766666666667,9269.9,11558.1,2629.7,6409.066666666667,7003.733333333334,2849.7,26600.166666666668,44558.23333333333,24267.6,48971.433333333334,46094.833333333336
2021-07-29,9830.666666666666,17136.366666666665,20337.933333333334,4305.5,6473.533333333334,14178.066666666668,27535.4,11175.766666666666,4579.3,7624.7,18555.233333333334,10643.133333333333,,,,,,,4432.066666666667,7662.133333333333,6618.333333333333,12953.7,,,,,,,,,,,,,,,,,8092.466666666666,20529.033333333333,7811.433333333333,5560.333333333333,,,,,,,6754.366666666667,3500.266666666667,9377.466666666667,11673.533333333333,2637.233333333333,6397.033333333334,7020.333333333333,2874.0,26607.233333333334,44406.4,24355.233333333334,49211.6,46322.433333333334
2021-07-30,9822.866666666667,17117.333333333332,20433.666666666668,4262.433333333333,6467.366666666667,14171.3,27606.2,11152.566666666668,4582.866666666667,7626.0,18594.166666666668,10628.566666666668,,,,,,,4423.266666666666,7667.233333333334,6620.0,12913.266666666666,,,,,,,,,,,,,,,,,8564.533333333333,20064.233333333334,8486.066666666668,6170.733333333334,,,,,,,6761.5,3506.9,9218.8,11758.5,2638.0333333333333,6373.466666666666,6979.533333333334,2888.633333333333,26585.466666666667,44206.03333333333,24385.566666666666,49266.0,46492.166666666664
2021-08-02,9803.1,17187.166666666668,20553.233333333334,4247.766666666666,6468.866666666667,14169.8,27715.8,11146.033333333333,4604.333333333333,7653.566666666667,18623.233333333334,10601.6,,,,,,,4416.566666666667,7660.066666666667,6643.066666666667,12890.133333333333,,,,,,,1919.7,23913.966666666667,9185.733333333334,11677.633333333333,,,,,,,8648.633333333333,20096.5,8482.933333333332,6198.166666666667,,,,,,,6862.533333333334,3485.7,9044.333333333334,12287.066666666668,3897.8333333333335,,,,,,24438.3,49356.13333333333,46625.066666666666
2021-08-03,9773.633333333333,17290.833333333332,20618.033333333333,4227.133333333333,6478.066666666667,14142.366666666667,27773.566666666666,11124.833333333334,4609.033333333334,7672.333333333333,18664.1,10569.666666666666,,,,,,,4414.666666666667,7633.7,6639.533333333334,12855.266666666666,,,,,,,1921.5666666666666,23941.0,9179.4,11730.5,,,,,,,8757.533333333333,20106.1,8473.7,6204.233333333334,,,,,,,6860.233333333334,3478.2,9197.133333333333,12000.366666666667,4001.2,,,,,,24472.966666666667,49358.833333333336,46716.433333333334
2021-08-04,9797.7,17332.8,20744.166666666668,4216.7,6490.666666666667,14177.3,27890.933333333334,11107.6,4645.633333333333,7535.6,18304.8,10895.933333333332,,,,,,,4418.933333333333,7641.533333333334,6648.333333333333,12853.7,,,,,,,1903.6333333333334,23967.033333333333,9355.9,11948.566666666668,,,,,,,8929.366666666667,20892.266666666666,8030.0,5781.266666666666,,,,,,,6611.866666666667,3988.266666666667,9112.933333333332,11890.9,4770.3,,,,,,24503.833333333332,49456.46666666667,46844.86666666667
2021-08-05,9784.4,17356.733333333334,20854.233333333334,4206.233333333334,6524.1,14185.633333333333,27942.3,11092.566666666668,4720.866666666667,7176.433333333333,17869.533333333333,11040.2,,,,,,,4431.966666666666,7663.2,6657.233333333334,12853.7,,,,,,,1883.8,23960.533333333333,9574.133333333333,12165.766666666666,,,,,,,8529.3,21506.066666666666,7759.833333333333,5673.866666666667,,,,,,,6358.133333333333,4448.633333333333,9030.233333333334,11781.5,5564.533333333334,,,,,,24508.233333333334,49601.96666666667,46931.6
2021-08-06,9767.3,17377.1,20943.866666666665,4197.666666666667,6550.8,14182.366666666667,28025.1,11087.166666666666,4789.566666666667,7181.066666666667,18060.866666666665,11025.8,,,,,,,4431.7,7674.166666666667,6663.733333333334,12842.3,,,,,,,1855.9666666666667,23925.766666666666,9770.133333333333,12327.466666666667,,,,,,,8658.333333333334,21546.433333333334,7704.066666666667,5680.8,,,,,,,6711.633333333333,4555.266666666666,9002.266666666666,12250.0,7176.233333333334,,,,,,24518.1,49679.96666666667,46945.7
2021-08-09,9752.6,17416.0,20915.466666666667,4190.166666666667,6589.5,14196.3,28177.733333333334,11074.166666666666,4844.566666666667,7199.3,18251.9,11015.3,,,,,,,4427.433333333333,7722.3,6648.733333333334,12841.366666666667,,,,,,,1832.2,23969.8,9941.366666666667,12494.4,,,,,,,8777.0,21638.066666666666,7662.433333333333,5701.333333333333,,,,,,,6980.333333333333,4637.833333333333,9003.5,11939.533333333333,7853.166666666667,,,,,,24452.666666666668,49786.76666666667,47018.63333333333
2021-08-10,9759.633333333333,17424.633333333335,21020.866666666665,4156.2,6605.466666666666,14224.533333333333,28279.633333333335,11077.533333333333,4908.266666666666,7215.533333333334,18529.566666666666,11012.9,,,,,,,4434.5,7750.566666666667,6605.033333333334,12842.2,,,,,,,1811.6333333333334,24028.233333333334,10134.9,12714.7,,,,,,,8918.5,21812.466666666667,7617.0,5756.9,,,,,,,7353.333333333333,4725.033333333334,8997.033333333333,12448.533333333333,9485.733333333334,,,,,,24623.9,50098.166666666664,47267.5
2021-08-11,9796.766666666666,17561.566666666666,21163.366666666665,4160.9,6653.533333333334,14281.8,28461.7,11076.633333333333,4994.366666666667,7223.233333333334,18823.033333333333,11014.9,,,,,,,4442.5,7788.266666666666,6623.333333333333,12858.3,,,,,,,1792.2333333333333,24072.633333333335,10357.133333333333,12949.766666666666,,,,,,,9083.666666666666,22004.533333333333,7573.833333333333,5810.033333333334,,,,,,,7750.866666666667,4814.366666666667,9027.266666666666,12928.0,11226.833333333334,,,,,,24789.366666666665,50472.03333333333,47497.833333333336
2021-08-12,9828.666666666666,17728.433333333334,21542.1,4149.366666666667,6685.7,14322.333333333334,28618.766666666666,11065.9,5070.266666666666,7230.233333333334,19087.7,11013.6,,,,,,,4442.966666666666,7822.4,6714.666666666667,12882.0,,,,,,,1774.1666666666667,24055.566666666666,10560.266666666666,13180.166666666666,,,,,,,9228.0,22127.733333333334,7525.8,5836.766666666666,,,,,,,8250.966666666667,4903.933333333333,9057.5,12520.533333333333,12026.366666666667,,,,,,25194.733333333334,50756.73333333333,47691.46666666667
2021-08-13,9854.8,17909.8,21667.8,4133.133333333333,6731.8,14362.6,28806.066666666666,11066.033333333333,5095.633333333333,7269.4,19175.7,11006.933333333332,,,,,,,4429.0,7834.0,6737.066666666667,12877.966666666667,,,,,,,1772.4333333333334,24061.566666666666,10583.433333333332,13251.7,,,,,,,9314.766666666666,22180.8,7503.9,5844.6,,,,,,,8208.766666666666,4881.366666666667,9191.2,12522.3,12016.7,,,,,,25248.9,50915.3,47832.433333333334
2021-08-16,9869.3,18070.066666666666,21845.7,4126.733333333334,6777.566666666667,14378.9,29015.466666666667,11055.0,5100.9,7321.733333333334,19258.1,10998.633333333333,,,,,,,4432.8,7821.966666666666,6767.5,12895.1,,,,,,,1780.6666666666667,23418.6,,,,,,,,,9396.766666666666,22224.1,7487.466666666666,5857.433333333333,,,,,,,8195.1,4871.7,9295.9,12565.333333333334,12010.533333333333,,,,,,25317.0,51154.8,47990.96666666667
2021-08-17,9888.766666666666,18136.0,21973.266666666666,4109.966666666666,6793.366666666667,14405.033333333333,29148.633333333335,11047.933333333332,5090.333333333333,7366.8,19353.166666666668,10949.933333333332,,,,,,,4431.533333333334,7620.066666666667,6723.466666666666,12681.333333333334,4771.5,14080.466666666667,,,,,1793.7,23437.7,,,,,,,,,9522.633333333333,22261.433333333334,7484.433333333333,5875.433333333333,,,,,,,8181.9,4859.9,9402.4,12655.133333333333,12011.166666666666,,,,,,25448.3,51314.333333333336,48218.76666666667
2021-08-18,9902.333333333334,18113.266666666666,22093.066666666666,4067.8,6778.2,14423.9,29216.333333333332,11044.566666666668,5103.7,7395.0,19496.366666666665,10931.3,,,,,,,4314.466666666666,7633.166666666667,6444.4,13058.833333333334,3391.233333333333,14479.266666666666,47502.13333333333,4722.7,8700.733333333334,,1776.6666666666667,23498.933333333334,,,,,,,,,9695.433333333332,22340.1,7417.433333333333,5905.2,,,,,,,8143.1,4842.733333333334,9533.1,12712.066666666668,12003.233333333334,,,,,,25552.2,51383.8,48389.73333333333
2021-08-19,9936.533333333333,18190.766666666666,22295.666666666668,4058.866666666667,6820.733333333334,14501.5,29394.566666666666,11058.5,5119.5,7441.6,19663.6,10921.666666666666,,,,,,,4331.333333333333,7661.366666666667,6463.266666666666,13114.433333333332,3397.1666666666665,14598.033333333333,47878.833333333336,4740.333333333333,8775.7,,1786.1333333333334,23580.266666666666,,,,,,,,,9865.133333333333,22421.7,7421.666666666667,5935.5,,,,,,,8158.766666666666,4840.133333333333,9738.866666666667,12823.733333333334,12016.966666666667,,,,,,25680.366666666665,51613.066666666666,48574.13333333333
2021-08-20,9969.566666666668,18217.666666666668,22518.8,4043.9666666666667,6866.4,14534.733333333334,29616.633333333335,11051.466666666667,5138.766666666666,7476.333333333333,19739.033333333333,10906.1,,,,,,,4337.7,7680.633333333333,6474.3,13131.766666666666,3413.8333333333335,14712.1,48014.76666666667,4770.266666666666,8818.933333333332,,1797.5333333333333,23643.066666666666,,,,,,,,,10009.7,22578.266666666666,7432.4,5941.066666666667,,,,,,,8180.466666666666,4841.9,9923.566666666668,12941.533333333333,12029.833333333334,,,,,,25809.1,51889.6,48748.6
2021-08-23,9979.466666666667,18227.0,22694.8,4042.5333333333333,6955.366666666667,14571.233333333334,29783.166666666668,11031.5,5190.533333333334,7560.5,19857.8,10914.066666666668,,,,,,,4356.466666666666,7687.066666666667,6505.733333333334,13182.233333333334,3407.4333333333334,14793.633333333333,48282.63333333333,4782.833333333333,8867.166666666666,,1774.6333333333334,23775.4,,,,,,,,,10163.6,22622.533333333333,7479.4,5959.066666666667,,,,,,,8236.833333333334,4860.5,10062.033333333333,13075.4,12057.533333333333,,,,,,25968.666666666668,52234.333333333336,49577.2
2021-08-24,9997.666666666666,18365.733333333334,22912.3,4056.7,7001.4,14631.9,30108.7,11037.433333333332,5206.766666666666,7625.133333333333,19957.9,10890.033333333333,,,,,,,4381.5,7700.066666666667,6539.766666666666,13243.033333333333,3418.6666666666665,14871.033333333333,48585.76666666667,4805.9,8910.566666666668,,1853.4666666666667,23880.766666666666,,,,,,,,,10317.766666666666,22682.4,7687.3,5983.466666666666,,,,,,,8286.733333333334,4892.2,10221.866666666667,13244.733333333334,12095.433333333332,,,,,,26162.2,52541.8,49827.03333333333
2021-08-25,10055.533333333333,18479.233333333334,23139.766666666666,4072.2,7054.3,14708.233333333334,30374.433333333334,11058.666666666666,5217.666666666667,7698.266666666666,20069.7,10883.233333333334,,,,,,,4405.833333333333,7716.8,6567.633333333333,13292.366666666667,3426.8,14995.466666666667,48896.833333333336,4826.866666666667,8962.333333333334,,1902.5666666666666,24075.933333333334,,,,,,,,,10511.6,22798.233333333334,7819.166666666667,6011.4,,,,,,,8347.033333333333,4921.2,10398.766666666666,13423.133333333333,12126.9,,,,,,26253.0,52839.76666666667,50056.53333333333
2021-08-26,10111.266666666666,18568.5,23414.033333333333,4055.9333333333334,7129.0,14786.433333333332,30637.766666666666,11073.033333333333,5221.9,7734.266666666666,20254.766666666666,10883.966666666667,,,,,,,4418.133333333333,7747.1,6577.166666666667,13350.833333333334,3437.266666666667,15122.633333333333,49300.566666666666,4847.133333333333,9035.933333333332,,1939.3,24163.8,,,,,,,,,10710.5,22884.533333333333,7895.4,6036.6,,,,,,,8352.166666666666,4916.433333333333,10586.433333333332,13548.166666666666,12133.533333333333,,,,,,26365.4,53141.6,50311.0
2021-08-27,10159.366666666667,18577.733333333334,23709.533333333333,4043.766666666667,7177.033333333334,14867.133333333333,30941.033333333333,11062.766666666666,5240.666666666667,7814.7,20367.033333333333,10979.433333333332,,,,,,,4439.366666666667,7749.433333333333,6614.233333333334,13385.833333333334,3445.5,15215.966666666667,49625.566666666666,4864.1,9116.4,,1973.3666666666666,24314.533333333333,,,,,,,,,10883.166666666666,22959.833333333332,7937.833333333333,6035.433333333333,,,,,,,8396.333333333334,4932.533333333334,10731.266666666666,13648.166666666666,12147.933333333332,,,,,,26457.8,53386.433333333334,50595.86666666667
2021-08-31,10239.533333333333,18740.1,23903.833333333332,4072.866666666667,7233.266666666666,14990.466666666667,31190.8,11100.7,5270.2,7894.8,20610.7,11026.533333333333,,,,,,,4486.766666666666,7795.966666666666,6654.233333333334,13457.666666666666,3467.8333333333335,15343.566666666668,50076.76666666667,4890.5,9182.6,,1996.1,25090.133333333335,,,,,,,,,11037.666666666666,23095.3,7997.866666666667,6045.2,,,,,,,8431.733333333334,4957.466666666666,10843.033333333333,13733.866666666667,12181.966666666667,,,,,,26658.6,53864.5,50923.166666666664
2021-09-01,10334.866666666667,18842.833333333332,24105.433333333334,4100.733333333334,7306.066666666667,15077.433333333332,31454.366666666665,11155.1,5389.9,8068.7,21520.333333333332,10750.533333333333,,,,,,,4528.2,7864.166666666667,6694.7,13551.5,3490.5,15514.6,50592.1,4925.266666666666,9252.933333333332,,2019.6333333333334,25260.533333333333,,,,,,,,,11084.533333333333,22490.066666666666,8545.3,6348.133333333333,,,,,,,8464.966666666667,4971.466666666666,10999.333333333334,13854.766666666666,12203.233333333334,,,,,,26873.266666666666,54184.3,51275.933333333334
2021-09-02,10434.6,18943.266666666666,24227.366666666665,4137.6,7381.433333333333,15203.6,31719.866666666665,11184.3,5413.8,8657.233333333334,22579.0,10688.266666666666,,,,,,,4597.366666666667,7934.766666666666,6716.9,13661.933333333332,3521.766666666667,15659.666666666666,50829.2,4943.866666666667,9335.566666666668,,2972.0,24851.533333333333,,,,,,,,,11236.5,22594.8,8624.7,6357.1,,,,,,,8513.133333333333,5001.6,11115.166666666666,13932.1,12245.166666666666,,,,,,27136.5,54549.166666666664,51527.433333333334
2021-09-03,10517.6,19022.5,24475.533333333333,4144.633333333333,7439.8,15279.9,32002.5,11191.9,5415.333333333333,8732.866666666667,22611.8,10755.033333333333,,,,,,,4617.8,7943.566666666667,6740.966666666666,13634.333333333334,3533.866666666667,15752.966666666667,51120.9,4967.566666666667,9376.1,,3007.5666666666666,24940.1,,,,,,,,,11362.766666666666,22605.633333333335,9402.3,7019.166666666667,,,,,,,8501.066666666668,4990.933333333333,11206.366666666667,13974.1,12251.533333333333,,,,,,27223.666666666668,54736.86666666667,51836.0
2021-09-06,10550.866666666667,19055.633333333335,24399.033333333333,4167.333333333333,7445.233333333334,15275.533333333333,32013.533333333333,11227.0,5429.033333333334,8746.833333333334,22749.333333333332,10731.8,,,,,,,4649.9,7978.266666666666,6754.833333333333,13728.633333333333,3538.8,15784.4,51059.03333333333,4954.8,9428.733333333334,,3022.4666666666667,24955.9,,,,,,,,,11301.366666666667,22576.966666666667,9419.533333333333,7026.466666666666,,,,,,,8551.966666666667,5016.133333333333,11180.833333333334,13910.633333333333,12282.866666666667,,,,,,27302.366666666665,54628.23333333333,51766.86666666667
2021-09-07,10703.266666666666,19243.066666666666,24634.666666666668,4233.366666666667,7504.333333333333,15420.566666666668,32220.0,11314.266666666666,5480.566666666667,8823.4,23125.6,10800.866666666667,,,,,,,,,,,,,,,,,3055.133333333333,25114.733333333334,,,,,,,,,11360.366666666667,22828.833333333332,9492.866666666667,7056.3,,,,,,,8681.566666666668,5073.133333333333,11270.733333333334,14017.933333333332,12346.2,,,,,,27811.033333333333,55087.96666666667,52032.6
2021-09-08,10795.366666666667,19414.7,24786.233333333334,4287.566666666667,7554.233333333334,15503.133333333333,32497.6,11383.233333333334,5516.033333333334,8897.666666666666,23422.6,10864.0,,,,,,,,,,,,,,,,,3075.9666666666667,25214.966666666667,,,,,,,,,11424.0,23033.4,9547.566666666668,7088.033333333334,,,,,,,8755.633333333333,5126.066666666667,11362.433333333332,14130.0,12400.666666666666,,,,,,28164.733333333334,55505.066666666666,52198.566666666666
2021-09-09,10912.1,19623.8,24922.766666666666,4334.033333333334,7617.1,15624.066666666668,32783.066666666666,11459.166666666666,5491.666666666667,8848.3,23072.833333333332,10850.566666666668,36562.2,7170.733333333334,,,,,,,,,,,,,,,3092.3,25315.966666666667,,,,,,,,,11432.7,23912.4,8975.833333333334,5435.733333333334,28136.2,,,,,,8828.2,5163.966666666666,11408.133333333333,14208.533333333333,12447.366666666667,,,,,,28508.9,55832.26666666667,52360.73333333333
2021-09-10,10996.166666666666,19613.5,25129.2,4362.133333333333,7660.266666666666,15659.333333333334,33041.86666666667,11478.7,5500.233333333334,8514.633333333333,22365.966666666667,11016.5,37655.9,7363.433333333333,,,,,,,,,,,,,,,3114.0,25309.8,,,,,,,,,11432.7,23907.3,9014.133333333333,5426.733333333334,28300.966666666667,,,,,,8817.766666666666,5160.1,11443.733333333334,14192.7,12453.6,,,,,,28642.5,55956.86666666667,52535.73333333333
2021-09-13,10985.466666666667,19705.4,25036.366666666665,4402.866666666667,7650.6,15631.1,33084.6,11542.333333333334,5571.266666666666,8499.733333333334,22642.866666666665,10989.966666666667,38801.9,7255.066666666667,,,,,,,,,,,,,,,3116.6,25293.666666666668,,,,,,,,,10967.7,24500.066666666666,8330.833333333334,4798.9,28603.2,,,,,,8810.033333333333,5138.433333333333,11396.366666666667,14118.133333333333,12485.266666666666,,,,,,28817.433333333334,55802.13333333333,52448.333333333336
2021-09-14,11161.833333333334,19870.533333333333,25161.033333333333,4483.466666666666,7756.833333333333,15834.5,33423.5,11680.266666666666,5658.6,8529.033333333333,23148.4,11075.766666666666,39298.4,7406.9,,,,,,,,,,,,,,,,,,,,,,,,,10976.4,24816.7,8409.7,4794.666666666667,28556.433333333334,,,,,,8846.2,5243.133333333333,11718.733333333334,13767.633333333333,11315.766666666666,,,,,,29210.266666666666,56233.36666666667,52562.96666666667
2021-09-15,11306.6,19935.166666666668,25328.1,4545.3,7825.7,16022.933333333332,33761.8,11801.733333333334,5723.6,8586.4,23569.466666666667,11171.633333333333,39755.46666666667,7516.933333333333,,,,,,,,,,,,,,,,,,,,,,,,,10970.666666666666,25093.366666666665,8487.666666666666,4811.266666666666,28593.466666666667,,,,,,8942.9,5304.6,11710.066666666668,14203.966666666667,11282.033333333333,,,,,,29609.2,56658.3,52773.666666666664
2021-09-16,11440.166666666666,20096.9,25514.166666666668,4602.766666666666,7893.166666666667,16178.9,34086.066666666666,11913.566666666668,5707.8,8639.933333333332,23782.4,11244.666666666666,40192.4,7668.8,,,,,,,,,,,,,,,,,,,,,,,,,10954.666666666666,25190.066666666666,8578.433333333332,4796.933333333333,28526.933333333334,,,,,,9280.666666666666,4850.4,11946.366666666667,14440.5,10584.633333333333,,,,,,30006.4,57010.833333333336,52973.5
2021-09-17,11562.233333333334,20198.466666666667,25762.933333333334,4638.866666666667,7932.6,16257.766666666666,34445.8,11975.166666666666,5661.2,8721.866666666667,23654.666666666668,11321.533333333333,40467.3,7728.6,,,,,,,,,,,,,,,,,,,,,,,,,10941.0,25288.533333333333,8687.466666666667,4803.966666666666,28565.766666666666,,,,,,9567.266666666666,4395.433333333333,12148.366666666667,14644.366666666667,9807.666666666666,,,,,,30215.966666666667,57252.833333333336,53248.566666666666
2021-09-20,11589.133333333333,20322.7,25707.0,4683.466666666666,7929.8,16274.233333333334,34519.933333333334,12064.166666666666,5640.3,8751.7,23753.633333333335,11303.833333333334,40514.2,7832.333333333333,,,,,,,,,,,,,,,,,,,,,,,,,10816.633333333333,25349.7,8749.733333333334,4794.466666666666,28273.733333333334,,,,,,9269.766666666666,4334.566666666667,12208.766666666666,14134.833333333334,8244.633333333333,,,,,,30433.366666666665,57156.03333333333,53255.833333333336
2021-09-21,11771.433333333332,20544.3,25981.6,4774.266666666666,7998.2,16496.066666666666,34817.2,12231.566666666668,5673.3,8853.4,24157.666666666668,11399.766666666666,41035.03333333333,8006.433333333333,,,,,,,,,,,,,,,,,,,,,,,,,10808.766666666666,25666.1,8872.333333333334,4803.633333333333,28334.8,,,,,,9109.633333333333,4319.066666666667,12376.0,14649.633333333333,7657.566666666667,,,,,,31035.633333333335,57594.933333333334,53568.8
2021-09-22,11974.466666666667,20726.066666666666,26201.633333333335,4849.4,8097.5,16676.566666666666,35224.8,12371.533333333333,5679.633333333333,8966.6,24436.666666666668,11472.366666666667,41483.1,8201.833333333334,,,,,,,,,,,,,,,,,,,,,,,,,10800.7,25896.933333333334,9007.5,4787.4,28303.833333333332,,,,,,8882.666666666666,4302.266666666666,12556.9,14395.8,6109.3,,,,,,31330.166666666668,57870.933333333334,53749.53333333333
2021-09-23,12126.866666666667,20874.666666666668,26446.7,4920.3,8162.733333333334,16882.466666666667,35585.03333333333,12509.233333333334,5688.666666666667,9107.7,24731.5,11545.933333333332,42009.23333333333,8441.966666666667,,,,,,,,,,,,,,,,,,,,,,,,,10804.266666666666,26017.533333333333,9126.766666666666,4757.666666666667,28236.866666666665,,,,,,8636.533333333333,4286.433333333333,12727.366666666667,14132.666666666666,4446.066666666667,8936.833333333334,,,,,31693.433333333334,58187.23333333333,53939.833333333336
2021-09-24,12274.933333333332,20925.1,26850.5,4967.533333333334,8222.933333333332,17019.366666666665,36024.13333333333,12595.066666666668,5674.366666666667,9262.733333333334,24668.333333333332,11638.1,42412.933333333334,8578.266666666666,,,,,,,,,,,,,,,,,,,,,,,,,10868.166666666666,26073.066666666666,9250.833333333334,4761.933333333333,28366.8,,,,,,9113.633333333333,6148.6,,,,,,,,,31886.166666666668,58510.066666666666,54346.76666666667
2021-09-27,12326.333333333334,20935.333333333332,26828.833333333332,5029.5,8219.6,17066.333333333332,36055.1,12729.966666666667,5715.0,9317.0,24899.8,11650.7,42534.63333333333,8647.133333333333,,,,,,,,,,,,,,,,,,,,,,,,,10811.066666666668,26123.6,9277.0,4747.3,28057.4,,,,,,9225.9,6211.5,,,,,,,,,32101.433333333334,58402.76666666667,54436.76666666667
2021-09-28,12544.466666666667,21162.1,26933.633333333335,5143.9,8298.166666666666,17325.633333333335,36346.0,12945.266666666666,5820.666666666667,9431.2,25476.133333333335,11767.8,43130.63333333333,8827.466666666667,,,,,,,,,,,,,,,,,,,,,,,,,10848.033333333333,26430.066666666666,9389.366666666667,4754.6,28126.766666666666,,,,,,9402.333333333334,6322.733333333334,,,,,,,,,32549.1,58852.23333333333,54795.1
2021-09-29,12730.0,21364.8,27136.6,5227.533333333334,8372.333333333334,17549.1,36718.63333333333,13128.366666666667,5914.766666666666,9557.1,25958.2,11906.566666666668,43688.333333333336,8933.666666666666,,,,,,,,,,,,,,,,,,,,,,,,,10885.6,26722.9,9488.6,4769.233333333334,28172.9,,,,,,9546.033333333333,6435.466666666666,,,,,,,,,32980.433333333334,59437.1,55127.433333333334
2021-09-30,12949.4,21568.9,27428.633333333335,5323.866666666667,8429.466666666667,17808.9,37144.13333333333,13323.2,5986.766666666666,9685.233333333334,26449.533333333333,12025.2,44327.46666666667,9072.8,,,,,,,,,,,,,,,,,,,,,,,,,10906.966666666667,26934.666666666668,9633.233333333334,4756.066666666667,28178.533333333333,,,,,,9751.533333333333,6541.633333333333,,,,,,,,,33464.333333333336,60006.666666666664,55899.166666666664
2021-10-01,13136.066666666668,21725.733333333334,27762.533333333333,5386.133333333333,8433.733333333334,17936.0,37559.26666666667,13443.366666666667,6025.6,9796.566666666668,26549.833333333332,12149.9,44706.6,9106.466666666667,,,,,,,,,,,,,,,,,,,,,,,,,10901.866666666667,27045.066666666666,9683.5,4739.966666666666,28297.333333333332,,,,,,9793.166666666666,6573.933333333333,,,,,,,,,33637.23333333333,60442.3,56352.4
2021-10-04,13227.9,21839.333333333332,27672.5,5458.666666666667,8381.933333333332,17993.9,37555.13333333333,13582.733333333334,6079.5,9862.9,26823.766666666666,12179.8,44767.76666666667,9150.333333333334,,,,,,,,,,,,,,,,,,,,,,,,,10790.433333333332,27135.6,9716.466666666667,4736.166666666667,27949.366666666665,,,,,,9856.033333333333,6622.7,,,,,,,,,33802.933333333334,60281.23333333333,56437.433333333334
2021-10-05,13499.266666666666,22105.3,27728.533333333333,5575.533333333334,8443.866666666667,18267.766666666666,37825.566666666666,13823.066666666668,6161.566666666667,9986.366666666667,27408.866666666665,12299.4,45366.23333333333,9308.2,,,,,,,,,,,,,,,,,,,,,,,,,10748.2,27489.3,9845.6,4736.6,27923.6,,,,,,9961.033333333333,6720.133333333333,,,,,,,,,34222.5,60781.13333333333,56173.7
2021-10-06,13712.733333333334,22291.633333333335,27981.266666666666,5667.7,8526.866666666667,18485.133333333335,38111.26666666667,14034.666666666666,6370.4,10198.3,26833.3,12470.966666666667,,,,,,,,,,,,,,,,,,,,,,,,,,,10767.2,26971.033333333333,9743.4,5576.4,27769.766666666666,,,,,,10096.866666666667,6798.933333333333,,,,,,,,,34647.96666666667,61230.7,56478.666666666664
2021-10-07,13924.033333333333,22503.1,28207.333333333332,5768.433333333333,8601.2,18741.266666666666,38434.9,14229.166666666666,6469.033333333334,10313.766666666666,27369.266666666666,14141.666666666666,,,,,,,,,,,,,,,,,,,,,,,,,,,11466.533333333333,26368.0,9963.3,,,,,,,,10243.833333333334,6876.766666666666,,,,,,,,,35093.5,61745.9,56723.833333333336
2021-10-08,14139.933333333332,22633.7,28448.833333333332,5846.233333333334,8629.333333333334,18899.033333333333,38764.8,14354.1,6516.733333333334,10883.566666666668,27102.366666666665,15601.1,,,,,,,,,,,,,,,,,,,,,,,,,,,11422.033333333333,26470.4,10017.733333333334,,,,,,,,10330.933333333332,6915.633333333333,,,,,,,,,35317.13333333333,62089.8,57072.2
2021-10-11,14214.633333333333,22754.1,28305.566666666666,5911.233333333334,8625.1,18947.433333333334,38776.03333333333,14525.533333333333,6562.733333333334,10911.766666666666,27393.033333333333,15523.666666666666,,,,,,,,,,,,,,,,,,,,,,,,,,,11293.333333333334,26581.366666666665,10044.3,,,,,,,,10411.833333333334,6948.5,,,,,,,,,35551.36666666667,61999.2,56995.13333333333
2021-10-12,14426.9,23060.366666666665,28478.466666666667,6020.9,8716.566666666668,19166.2,39094.86666666667,14763.466666666667,6654.3,11022.766666666666,27879.733333333334,15621.633333333333,,,,,,,,,,,,,,,,,,,,,,,,,,,11288.866666666667,26905.5,10118.233333333334,,,,,,,,10560.0,7030.3,,,,,,,,,36020.333333333336,62451.86666666667,57208.73333333333
2021-10-13,14588.5,23302.566666666666,28692.166666666668,6113.766666666666,8779.033333333333,19388.3,39443.0,14963.633333333333,6644.4,11043.733333333334,27647.433333333334,16051.6,,,,,,,,,,,,,,,,,,,,,,,,,,,11425.933333333332,27961.033333333333,9714.866666666667,,,,,,,,10698.066666666668,7097.833333333333,,,,,,,,,36433.03333333333,62919.86666666667,57402.03333333333
2021-10-14,14773.466666666667,23567.8,28923.1,6215.066666666667,8841.3,19609.766666666666,39823.53333333333,15173.4,6728.1,10669.1,27311.233333333334,16258.566666666668,,,,,,,,,,,,,,,,,,,,,,,,,,,11476.833333333334,28258.9,9764.966666666667,,,,,,,,10842.633333333333,7160.6,,,,,,,,,36876.46666666667,63386.5,57646.066666666666
2021-10-15,14942.333333333334,23772.333333333332,29148.7,6296.7,8888.233333333334,19766.766666666666,40146.53333333333,15347.5,6786.466666666666,10790.8,27533.633333333335,16333.266666666666,,,,,,,,,,,,,,,,,,,,,,,,,,,11548.7,28472.166666666668,9102.266666666666,,,,,,,,10914.3,7205.366666666667,,,,,,,,,37171.666666666664,63756.0,57931.4
2021-10-18,15054.0,23951.066666666666,29340.866666666665,6339.166666666667,8943.333333333334,19901.4,40385.5,15483.733333333334,6847.6,10894.266666666666,27750.4,16393.2,,,,,,,,,,,,,,,,,,,,,,,,,,,11650.2,28660.066666666666,9161.8,,,,,,,,10950.866666666667,7234.6,,,,,,,,,37422.566666666666,64030.53333333333,58232.03333333333
2021-10-19,15174.0,24155.5,29513.866666666665,6398.9,9011.266666666666,20073.0,40698.53333333333,15656.533333333333,6909.833333333333,11005.966666666667,28074.566666666666,16470.3,,,,,,,7612.033333333334,11861.833333333334,10547.433333333332,20538.233333333334,5350.133333333333,22676.733333333334,58940.566666666666,7173.5,,,,,,,,,,,,,11731.766666666666,28829.233333333334,9223.6,,,,,,,,11056.666666666666,7316.6,,,,,,,,,37666.73333333333,64430.96666666667,58488.86666666667
2021-10-20,15315.966666666667,24296.866666666665,29747.366666666665,6433.166666666667,9072.4,20294.966666666667,41008.833333333336,15808.733333333334,6962.566666666667,11137.633333333333,28389.2,16558.0,,,,,,,7703.933333333333,11995.166666666666,10707.0,20749.433333333334,5432.433333333333,22940.066666666666,59464.3,7274.666666666667,,,,,,,,,,,,,11868.433333333332,28985.733333333334,9272.1,,,,,,,,11155.233333333334,7354.166666666667,,,,,,,,,37942.53333333333,64808.433333333334,58781.4
2021-10-21,15436.233333333334,24452.266666666666,30007.266666666666,6490.033333333334,9129.266666666666,20484.7,41285.433333333334,15984.066666666668,7011.3,11268.8,28666.066666666666,16637.133333333335,,,,,,,7785.9,12102.433333333332,10891.233333333334,20941.466666666667,5500.533333333334,23232.233333333334,59702.566666666666,7383.5,,,,,,,,,,,,,11989.966666666667,29137.9,9325.433333333332,,,,,,,,11261.666666666666,7400.466666666666,,,,,,,,,38276.2,65305.36666666667,59552.2
2021-10-22,15582.033333333333,24618.4,30276.333333333332,6525.5,9184.066666666668,20653.666666666668,41583.666666666664,16127.133333333333,7064.433333333333,11365.866666666667,28825.066666666666,16720.5,,,,,,,7839.266666666666,12176.333333333334,11029.466666666667,21057.933333333334,5545.8,23483.833333333332,59979.13333333333,7496.0,,,,,,,,,,,,,12141.566666666668,29334.466666666667,9359.033333333333,,,,,,,,11283.833333333334,7415.433333333333,,,,,,,,,38444.4,65649.26666666666,59945.63333333333
2021-10-25,15644.866666666667,24823.366666666665,30489.966666666667,6540.933333333333,9252.733333333334,20764.5,41803.333333333336,16218.6,7048.133333333333,11502.0,28862.233333333334,16750.833333333332,,,,,,,7880.666666666667,12224.333333333334,11162.833333333334,21123.6,5596.466666666666,23662.3,60529.23333333333,7595.9,,,,,,,,,,,,,12336.966666666667,29489.266666666666,9418.5,,,,,,,,11415.333333333334,7469.033333333334,,,,,,,,,38612.2,65988.93333333333,60367.4
2021-10-26,15732.0,25097.166666666668,30705.3,6573.3,9297.066666666668,20874.633333333335,42088.166666666664,16331.7,7066.433333333333,11684.966666666667,28986.3,16800.566666666666,,,,,,,7945.3,12276.433333333332,11325.266666666666,21217.633333333335,5648.8,23899.766666666666,61241.76666666667,7705.966666666666,,,3969.366666666667,30865.033333333333,13727.433333333332,,,,,,,,12603.666666666666,29686.133333333335,9488.566666666668,,,,,,,,11489.133333333333,7492.533333333334,,,,,,,,,38867.36666666667,66460.2,60857.6
2021-10-27,15779.033333333333,25305.066666666666,30990.4,6593.966666666666,9388.133333333333,21000.433333333334,42387.3,16435.5,7105.3,11835.433333333332,29117.333333333332,16839.866666666665,,,,,,,8010.233333333334,12336.833333333334,11466.766666666666,21304.333333333332,5700.733333333334,24098.966666666667,61895.8,7834.766666666666,,,4003.4666666666667,31112.633333333335,13834.566666666668,,,,,,,,12891.533333333333,29874.533333333333,9579.833333333334,,,,,,,,11589.166666666666,7528.633333333333,,,,,,,,,39074.73333333333,66957.1,61959.4
2021-10-28,15829.1,25530.8,31206.066666666666,6639.3,9472.7,21202.433333333334,42716.566666666666,16552.9,7133.1,12012.033333333333,29265.366666666665,16904.266666666666,,,,,,,8080.666666666667,12417.133333333333,11630.233333333334,21431.566666666666,5768.566666666667,24364.6,62660.9,7946.533333333334,,,4052.766666666667,31420.466666666667,13963.233333333334,,,,,,,,13149.6,30117.4,9666.266666666666,,,,,,,,11704.533333333333,7562.5,,,,,,,,,39315.26666666667,67596.23333333334,62423.0
2021-10-29,15857.1,25752.933333333334,31490.933333333334,6673.733333333334,9535.0,21347.033333333333,43023.1,16687.333333333332,7163.433333333333,12172.066666666668,29386.133333333335,16974.033333333333,,,,,,,8164.9,12453.033333333333,11782.866666666667,21504.133333333335,5725.533333333334,24582.233333333334,63430.76666666667,8052.7,,,4108.333333333333,31681.4,14093.933333333332,,,,,,,,13383.333333333334,30283.8,9732.166666666666,,,,,,,,11786.466666666667,7586.7,,,,,,,,,39501.46666666667,67982.7,62842.833333333336
2021-11-01,15917.933333333332,25839.8,31682.5,6694.633333333333,9568.633333333333,21441.066666666666,43186.666666666664,16763.633333333335,7212.733333333334,12249.333333333334,29482.2,17012.833333333332,,,,,,,8218.1,12501.366666666667,11897.2,21585.933333333334,5747.733333333334,24647.433333333334,63594.23333333333,8129.033333333334,,,4132.4,31784.433333333334,14157.6,,,,,,,,13451.166666666666,30387.966666666667,9782.533333333333,,,,,,,,11829.2,7586.4,,,,,,,,,39668.3,68138.9,63054.13333333333
2021-11-02,16008.733333333334,26000.533333333333,31801.733333333334,6724.3,9607.1,21530.533333333333,43362.566666666666,16863.666666666668,7255.4,12330.5,29661.333333333332,17064.333333333332,,,,,,,8295.466666666667,12580.133333333333,12012.466666666667,21736.0,5786.466666666666,24733.266666666666,63780.166666666664,8203.566666666668,,,4146.066666666667,31944.4,14218.333333333334,,,,,,,,13521.1,30471.0,9831.1,,,,,,,,11900.966666666667,7610.833333333333,,,,,,,,,39896.5,68426.93333333333,63264.066666666666
2021-11-03,16020.8,26054.333333333332,31909.3,6747.7,9610.766666666666,21649.866666666665,43471.46666666667,16961.966666666667,7313.8,12422.533333333333,29863.866666666665,17116.266666666666,,,,,,,8360.233333333334,12693.033333333333,12121.1,21866.533333333333,5835.766666666666,24825.1,64048.1,8209.866666666667,,,4158.733333333334,32078.6,14262.9,,,,,,,,13621.1,30525.833333333332,9866.333333333334,,,,,,,,11972.166666666666,7633.966666666666,,,,,,,,,40176.1,68718.23333333334,63451.03333333333
2021-11-04,16132.733333333334,26162.166666666668,32059.733333333334,6773.033333333334,9656.2,21759.433333333334,43659.433333333334,17071.533333333333,7361.333333333333,12515.666666666666,30037.966666666667,17166.866666666665,,,,,,,8425.3,12788.466666666667,12252.633333333333,22002.033333333333,5887.8,24934.6,64364.933333333334,8293.533333333333,,,4169.5,32198.266666666666,14321.333333333334,,,,,,,,13698.5,30657.066666666666,9907.233333333334,,,,,,,,12033.533333333333,7655.533333333334,,,,,,,,,40378.23333333333,69016.2,63644.96666666667
2021-11-05,16233.633333333333,26220.9,32068.466666666667,6771.6,9679.133333333333,21810.8,43694.833333333336,17150.266666666666,7369.433333333333,12566.166666666666,30102.333333333332,17203.433333333334,,,,,,,8472.7,12833.166666666666,12341.133333333333,22058.666666666668,5920.266666666666,24977.0,64567.86666666667,8366.666666666666,,,4178.0,32325.333333333332,14371.633333333333,,,,,,,,13730.3,30763.733333333334,9925.633333333333,,,,,,,,11259.6,5727.033333333334,15007.0,17634.866666666665,5079.0,9207.633333333333,11289.066666666668,6663.633333333333,32135.366666666665,65883.36666666667,40499.433333333334,69085.56666666667,63758.333333333336
2021-11-08,16233.866666666667,26263.766666666666,32095.166666666668,6763.333333333333,9705.6,21840.233333333334,43825.5,17172.633333333335,7327.333333333333,12631.666666666666,30232.733333333334,17227.666666666668,,,,,,,8480.733333333334,12895.9,12324.1,22079.733333333334,5927.433333333333,25051.666666666668,64725.76666666667,8386.633333333333,,,4173.333333333333,32433.1,14429.333333333334,,,,,,,,13759.2,30866.7,9934.833333333334,,,,,,,,11289.133333333333,5735.2,15040.1,17681.133333333335,5094.7,9214.933333333332,11318.233333333334,6688.6,32160.033333333333,66010.93333333333,40644.23333333333,69170.9,63803.6
2021-11-09,16223.8,26296.433333333334,32146.133333333335,6763.0,9721.766666666666,21876.433333333334,43941.46666666667,17214.866666666665,7313.5,12694.266666666666,30375.9,17264.9,,,,,,,8474.766666666666,12835.033333333333,12772.5,21541.166666666668,6591.866666666667,26516.233333333334,62908.13333333333,9259.633333333333,,,4170.666666666667,31528.8,,,,,,,,,13795.0,31001.833333333332,9943.233333333334,,,,,,,,11322.4,5742.066666666667,15052.533333333333,17707.733333333334,5109.5,9231.533333333333,11376.433333333332,6764.566666666667,32188.766666666666,66135.0,40900.7,69403.9,63874.13333333333
2021-11-10,16248.0,26347.333333333332,32197.9,6776.833333333333,9749.333333333334,21918.533333333333,44024.26666666667,17252.1,7496.7,12807.133333333333,31301.866666666665,17322.2,,,,,,,8700.866666666667,12586.066666666668,12848.366666666667,,,,,,,,5268.2,30931.966666666667,,,,,,,,,13838.533333333333,30044.9,10627.6,,,,,,,,11364.966666666667,5734.4,15097.0,17761.333333333332,5118.6,9263.5,11437.433333333332,6822.433333333333,32223.633333333335,66262.9,41057.566666666666,69418.96666666666,63906.3
2021-11-11,16262.266666666666,26378.566666666666,32209.333333333332,6802.1,9804.833333333334,21974.733333333334,44056.96666666667,17284.133333333335,7520.466666666666,13746.566666666668,32345.366666666665,17272.033333333333,,,,,,,8694.133333333333,12626.6,12858.466666666667,,,,,,,,5275.133333333333,31068.133333333335,,,,,,,,,14639.4,29312.566666666666,10439.666666666666,,,,,,,,11408.9,5745.866666666667,15143.9,17866.233333333334,5160.533333333334,9285.966666666667,11461.533333333333,6879.666666666667,32216.466666666667,66087.46666666666,41266.0,69563.26666666666,63548.333333333336
2021-11-12,16326.833333333334,26442.866666666665,32314.566666666666,6814.866666666667,9922.666666666666,22035.733333333334,44213.1,17307.2,7561.0,13814.066666666668,32430.533333333333,17317.9,,,,,,,8721.466666666667,12657.366666666667,12917.5,,,,,,,,5305.366666666667,31236.9,,,,,,,,,14750.833333333334,29445.566666666666,10469.566666666668,,,,,,,,11461.333333333334,5749.266666666666,15223.566666666668,17946.833333333332,5180.966666666666,9304.166666666666,11500.6,6923.833333333333,32221.266666666666,66262.3,41406.5,69773.0,63589.63333333333
2021-11-15,16282.433333333332,26479.6,32332.033333333333,6812.266666666666,9981.0,22056.7,44323.333333333336,17341.5,7568.466666666666,13835.5,32487.666666666668,17330.466666666667,,,,,,,8722.833333333334,12662.233333333334,12928.0,,,,,,,,5308.233333333334,31307.066666666666,,,,,,,,,14791.033333333333,29524.766666666666,10464.5,,,,,,,,11487.033333333333,5750.7,15249.133333333333,17994.166666666668,5185.366666666667,9305.8,11520.866666666667,6932.333333333333,32211.733333333334,66346.06666666667,41563.46666666667,69839.46666666666,63590.46666666667
2021-11-16,16282.9,26523.6,32474.966666666667,6828.566666666667,10016.133333333333,22095.333333333332,44505.86666666667,17392.633333333335,7593.266666666666,13872.3,32594.5,17352.066666666666,,,,,,,8754.066666666668,12630.266666666666,12987.666666666666,,,,,,,,5312.0,31460.533333333333,,,,,,,,,14817.1,29636.533333333333,10491.433333333332,,,,,,,,11439.733333333334,,,,,,,,,,41830.46666666667,69980.3,63715.333333333336
2021-11-17,16287.0,26562.866666666665,32529.166666666668,6843.9,10036.833333333334,22148.366666666665,44666.5,17459.866666666665,7483.833333333333,13827.733333333334,33784.9,17332.066666666666,50472.833333333336,,,,,,8776.533333333333,12677.966666666667,13027.933333333332,,,,,,,,5315.6,31597.6,,,,,,,,,14885.4,30548.0,10711.533333333333,,,,,,,,11491.966666666667,,,,,,,,,,42012.26666666667,70178.06666666667,63755.4
2021-11-18,16304.333333333334,26632.466666666667,32617.966666666667,6848.2,10068.666666666666,22203.633333333335,44817.933333333334,17569.733333333334,7484.6,13886.566666666668,33902.2,15815.566666666668,52333.63333333333,,,,,,8762.166666666666,12758.466666666667,13055.0,,,,,,,,5326.433333333333,31757.7,,,,,,,,,14228.966666666667,31491.5,10561.866666666667,6403.566666666667,32025.0,,,,,,11540.666666666666,,,,,,,,,,42208.566666666666,70346.0,63817.433333333334
2021-11-19,16317.333333333334,26764.333333333332,32831.63333333333,6861.766666666666,10053.133333333333,22248.5,45039.23333333333,17599.466666666667,7505.233333333334,13531.533333333333,34301.8,14497.333333333334,54134.63333333333,,,,,,8791.066666666668,12786.433333333332,13103.9,,,,,,,,5347.866666666667,32018.966666666667,,,,,,,,,14390.6,31676.766666666666,10596.733333333334,6602.9,32256.566666666666,,,,,,11567.433333333332,,,,,,,,,,42364.46666666667,70572.56666666667,63919.86666666667
2021-11-22,16322.933333333332,26777.133333333335,32783.933333333334,6862.066666666667,10088.466666666667,22266.5,45083.23333333333,17618.9,7519.266666666666,13577.3,34365.46666666667,14508.166666666666,54229.73333333333,,,,,,8778.933333333332,12799.433333333332,13090.3,,,,,,,,5343.5,32701.8,,,,,,,,,14480.233333333334,31774.366666666665,10604.833333333334,6781.2,32367.466666666667,,,,,,11546.333333333334,,,,,,,,,,42414.833333333336,70641.5,63985.63333333333
2021-11-23,16324.666666666666,26757.166666666668,32858.03333333333,6851.466666666666,10099.233333333334,22293.233333333334,45183.7,17642.9,7541.333333333333,13623.733333333334,34496.96666666667,14537.066666666668,54177.666666666664,,,,,,8761.066666666668,12832.033333333333,13076.933333333332,,,,,,,,4354.833333333333,33482.86666666667,,,,,,,,,14590.433333333332,31899.3,10641.633333333333,6964.466666666666,32454.933333333334,,,,,,11590.266666666666,,,,,,,,,,42564.2,70726.3,64156.6
2021-11-24,16356.266666666666,26744.433333333334,32963.6,6838.3,10106.4,22323.2,45340.0,17649.6,7568.266666666666,13687.933333333332,34645.86666666667,14569.866666666667,54379.46666666667,,,,,,8761.666666666666,12863.6,13097.733333333334,,,,,,,,4361.733333333334,33645.7,,,,,,,,,14713.833333333334,32012.8,10691.833333333334,7140.633333333333,32572.266666666666,,,,,,11610.1,,,,,,,,,,42713.666666666664,70861.43333333333,64306.76666666667
2021-11-25,16377.866666666667,26768.933333333334,33146.73333333333,6837.0,10156.2,22385.733333333334,45483.86666666667,17689.466666666667,7605.933333333333,13748.233333333334,34809.5,14611.466666666667,54640.63333333333,,,,,,8781.9,12868.866666666667,13132.666666666666,,,,,,,,4373.633333333333,33945.9,,,,,,,,,14869.266666666666,32146.6,10763.9,7371.333333333333,32714.533333333333,,,,,,11650.766666666666,,,,,,,,,,42825.23333333333,71131.7,64557.333333333336
2021-11-26,16103.8,26856.8,32982.566666666666,6929.333333333333,10184.9,22128.866666666665,46056.76666666667,17577.066666666666,7664.466666666666,13824.433333333332,34374.63333333333,14360.366666666667,54888.4,,,,,,8809.6,12504.133333333333,13379.933333333332,,,,,,,,4489.533333333334,34087.1,,,,,,,,,15577.833333333334,31468.4,10425.5,7823.633333333333,32540.9,,,,,,11777.4,,,,,,,,,,42483.86666666667,70430.03333333334,64699.166666666664
2021-11-29,16071.366666666667,26852.433333333334,33012.86666666667,6932.2,10196.266666666666,22129.566666666666,46113.4,17585.3,7672.933333333333,13856.233333333334,34432.8,14380.4,55022.3,,,,,,8840.0,12488.9,13399.066666666668,,,,,,,,4498.066666666667,34302.8,,,,,,,,,15678.433333333332,31585.366666666665,10439.966666666667,8043.7,32602.3,,,,,,11793.9,,,,,,,,,,42571.566666666666,70516.53333333334,64870.166666666664
2021-11-30,16078.433333333332,26867.0,33085.0,6931.166666666667,10209.333333333334,22137.466666666667,46132.8,17603.7,7690.633333333333,13891.233333333334,34531.666666666664,14387.2,55091.46666666667,,,,,,8846.866666666667,12511.6,13407.566666666668,,,,,,,,4495.566666666667,34451.166666666664,,,,,,,,,15737.466666666667,31712.2,10464.366666666667,8182.633333333333,32648.6,,,,,,11800.633333333333,,,,,,,,,,42727.2,70575.7,65020.36666666667
2021-12-01,16099.8,26866.366666666665,33115.13333333333,6945.333333333333,10244.733333333334,22153.633333333335,46129.73333333333,17608.366666666665,7717.1,13919.066666666668,34660.666666666664,14395.033333333333,55214.433333333334,,,,,,8849.8,12543.133333333333,13399.066666666668,,,,,,,,4499.266666666666,34649.566666666666,,,,,,,,,15759.5,31855.9,10508.5,8406.2,32667.833333333332,,,,,,11811.3,,,,,,,,,,42849.86666666667,70789.9,65596.93333333333
2021-12-02,16124.3,26887.1,33212.166666666664,6953.8,10270.9,22170.133333333335,46204.76666666667,17585.566666666666,7743.766666666666,13955.666666666666,34844.566666666666,14406.166666666666,55454.53333333333,,,,,,8864.1,12561.6,13388.933333333332,,,,,,,,4500.4,34783.53333333333,,,,,,,,,15863.733333333334,32034.2,10558.8,8687.966666666667,32719.266666666666,,,,,,11818.533333333333,,,,,,,,,,42906.433333333334,70915.73333333334,65325.26666666667
2021-12-03,16114.266666666666,26886.3,33301.433333333334,6974.066666666667,10290.533333333333,22186.933333333334,46261.76666666667,17574.866666666665,7758.266666666666,14006.266666666666,34907.73333333333,14434.3,55647.86666666667,,,,,,8886.2,12558.7,13416.266666666666,,,,,,,,4525.466666666666,34996.333333333336,,,,,,,,,15965.266666666666,32271.1,10599.266666666666,8992.1,32806.86666666667,,,,,,11868.1,,,,,,,,,,43010.6,71080.8,65417.933333333334
2021-12-06,16136.7,26812.666666666668,33255.8,7003.866666666667,10293.533333333333,22198.9,46227.53333333333,17585.966666666667,7784.0,14028.033333333333,34985.46666666667,14479.166666666666,55674.96666666667,,,,,,8911.4,12584.6,13418.2,,,,,,,,4511.766666666666,35084.63333333333,,,,,,,,,15966.133333333333,32351.233333333334,10614.5,9240.233333333334,32583.3,,,,,,11868.533333333333,,,,,,,,,,43103.46666666667,71062.13333333333,65327.433333333334
2021-12-07,16161.333333333334,26712.033333333333,33206.4,7020.533333333334,10290.766666666666,22219.633333333335,46128.73333333333,17624.933333333334,7800.9,14043.966666666667,35132.566666666666,14498.233333333334,55676.933333333334,,,,,,8905.933333333332,12632.233333333334,13408.966666666667,,,,,,,,4486.0,35278.9,,,,,,,,,15885.933333333332,32429.7,10588.566666666668,9401.733333333334,32276.1,,,,,,11872.4,,,,,,,,,,43074.066666666666,71042.96666666666,65240.86666666667
2021-12-08,16221.866666666667,26614.533333333333,33140.066666666666,7034.966666666666,10273.4,22224.666666666668,46084.333333333336,17632.2,7813.633333333333,14073.266666666666,35289.9,14536.566666666668,55812.96666666667,,,,,,8910.3,12667.1,13401.5,,,,,,,,5695.233333333334,34237.96666666667,,,,,,,,,15821.6,32514.0,10572.433333333332,9612.533333333333,31927.933333333334,,,,,,11859.7,,,,,,,,,,43114.833333333336,70959.4,64505.933333333334
2021-12-09,16276.866666666667,26517.833333333332,33121.46666666667,7035.033333333334,10270.233333333334,22161.0,45986.2,17640.266666666666,7819.7,14076.933333333332,35344.26666666667,14561.633333333333,55752.96666666667,,,,,,8885.5,12629.733333333334,13369.8,,,,,,,,5677.2,33444.666666666664,,,,,,,,,15733.733333333334,32623.866666666665,10555.766666666666,9821.966666666667,31597.533333333333,,,,,,11818.266666666666,,,,,,,,,,43074.36666666667,70756.43333333333,64769.833333333336
2021-12-10,16351.166666666666,26431.9,33041.96666666667,7041.6,10275.933333333332,22132.333333333332,45960.4,17616.2,7840.933333333333,14074.666666666666,35410.36666666667,14484.733333333334,55785.23333333333,,,,,,8861.7,12572.633333333333,13365.6,,,,,,,,5690.6,33707.0,,,,,,,,,15753.666666666666,32800.3,10552.766666666666,10155.533333333333,31555.266666666666,,,,,,11795.233333333334,,,,,,,,,,43022.0,70727.96666666666,64732.933333333334
2021-12-13,16283.7,26291.0,32812.0,7017.833333333333,10240.666666666666,21980.166666666668,45711.933333333334,17542.266666666666,7785.766666666666,14050.8,35179.3,14463.3,55492.86666666667,,,,,,8788.7,12466.566666666668,13276.566666666668,,,,,,,,5675.733333333334,33816.066666666666,,,,,,,,,16354.8,32107.066666666666,10627.433333333332,10857.933333333332,31177.866666666665,,,,,,11722.0,,,,,,,,,,42702.433333333334,70492.4,64696.333333333336
2021-12-14,16162.566666666668,26033.866666666665,32574.233333333334,6956.2,10154.4,21754.333333333332,45325.8,17390.8,7691.033333333334,13980.7,34698.9,14228.866666666667,53968.73333333333,,,,,,8665.066666666668,12281.6,13126.666666666666,,,,,,,,5666.366666666667,33774.73333333333,,,,,,,,,16382.433333333332,31974.333333333332,10622.6,11612.666666666666,30469.2,,,,,,11557.366666666667,,,,,,,,,,42153.7,69949.76666666666,64536.63333333333
2021-12-15,16055.633333333333,25770.366666666665,32302.966666666667,6883.266666666666,10062.133333333333,21449.933333333334,44935.566666666666,17209.533333333333,7845.366666666667,14976.533333333333,33647.86666666667,14149.966666666667,51964.46666666667,,,,,,8529.1,12019.333333333334,12973.066666666668,,,,,,,,5656.433333333333,33703.36666666667,,,,,,,,,16368.7,31079.933333333334,11308.266666666666,12375.733333333334,29917.166666666668,,,,,,11359.833333333334,,,,,,,,,,41566.2,69230.13333333333,64447.3
2021-12-16,15834.166666666666,25423.1,31892.0,6794.433333333333,9916.733333333334,21063.433333333334,44401.46666666667,16991.166666666668,7723.2,14830.3,32958.3,14040.8,51050.333333333336,,,,,,8372.833333333334,11750.933333333332,12767.466666666667,,,,,,,,5646.366666666667,33628.23333333333,,,,,,,,,16310.333333333334,30802.1,11220.966666666667,12611.033333333333,29731.633333333335,,,,,,11141.4,,,,,,,,,,40923.36666666667,68335.76666666666,64250.4
2021-12-17,15563.8,25095.0,31614.733333333334,6737.966666666666,9812.533333333333,20768.9,43995.26666666667,16804.266666666666,7657.233333333334,14714.8,32621.3,13903.766666666666,50502.166666666664,,,,,,8247.833333333334,11600.833333333334,12629.533333333333,,,,,,,,5621.6,33566.9,,,,,,,,,16285.1,30558.666666666668,11153.466666666667,12832.866666666667,29482.9,,,,,,10995.5,,,,,,,,,,40539.566666666666,67636.53333333334,64055.666666666664
2021-12-20,15392.5,24761.4,31411.033333333333,6663.166666666667,9724.0,20516.466666666667,43571.96666666667,16595.233333333334,7641.333333333333,14598.166666666666,32178.466666666667,13797.1,49969.833333333336,,,,,,8134.2,11395.733333333334,12528.9,,,,,,,,5619.0,33690.333333333336,,,,,,,,,16415.7,30399.033333333333,11108.0,13150.233333333334,29658.4,,,,,,10839.866666666667,,,,,,,,,,40046.46666666667,67105.63333333333,64049.566666666666
2021-12-21,15177.466666666667,24320.133333333335,31057.233333333334,6538.3,9608.7,20146.8,42985.4,16303.5,7549.0,14436.7,31425.133333333335,13631.533333333333,49111.0,,,,,,7973.633333333333,11215.733333333334,11906.433333333332,,,,,,,,5614.9,34730.066666666666,14389.4,,,,,,,,16517.0,30055.533333333333,11010.9,13450.233333333334,29723.8,,,,,,10592.233333333334,,,,,,,,,,39304.13333333333,66224.76666666666,63833.7
2021-12-22,14890.3,23852.4,30651.333333333332,6399.133333333333,9450.2,19695.233333333334,42308.933333333334,15998.1,7235.4,14176.733333333334,29808.8,13418.2,49688.73333333333,10665.266666666666,,,,,7571.2,11202.333333333334,11622.333333333334,20403.4,6065.933333333333,26026.6,62897.4,7918.166666666667,,,4502.9,35373.73333333333,14187.266666666666,,,,,,,,16526.066666666666,30694.466666666667,10213.166666666666,12914.133333333333,30123.0,,,,,,10318.9,,,,,,,,,,38534.03333333333,65236.0,63645.03333333333
2021-12-23,14540.166666666666,23324.633333333335,30162.566666666666,6219.4,9264.4,19114.4,41545.96666666667,15641.866666666667,7056.4,13055.2,27849.866666666665,13276.933333333332,49750.13333333333,10719.066666666668,,,,,7351.633333333333,10836.1,11377.3,19747.8,5153.6,23906.1,64420.73333333333,7543.1,,,4473.6,35236.333333333336,13910.0,,,,,,,,15683.5,31051.566666666666,10267.466666666667,12924.5,30413.1,,,,,,10005.233333333334,,,,,,,,,,37609.933333333334,63950.1,63406.933333333334
2022-01-04,14173.033333333333,22836.333333333332,29356.866666666665,6106.033333333334,9041.433333333332,18669.433333333334,40573.933333333334,15399.2,6915.366666666667,12789.966666666667,27319.033333333333,13019.766666666666,50323.5,10279.333333333334,,,,,7203.133333333333,10630.633333333333,11141.0,19418.333333333332,5058.166666666667,23410.866666666665,63334.8,7399.3,,,4402.566666666667,34732.8,13582.2,,,,,,,,15372.833333333334,30519.1,10113.233333333334,11681.833333333334,29898.833333333332,,,,,,9889.6,,,,,,,,,,36984.3,62908.3,62635.4
2022-01-05,14053.466666666667,22490.133333333335,28966.1,6023.666666666667,8944.666666666666,18427.133333333335,39991.333333333336,15170.066666666668,6814.2,12639.533333333333,26838.966666666667,12926.133333333333,49696.36666666667,10171.433333333332,,,,,7079.933333333333,10467.2,10957.8,19148.466666666667,4994.133333333333,23066.5,62797.23333333333,7286.633333333333,,,4369.466666666666,34485.166666666664,13406.066666666668,,,,,,,,15288.133333333333,30196.466666666667,10027.566666666668,11645.533333333333,29777.066666666666,,,,,,9831.766666666666,,,,,,,,,,36440.066666666666,62541.23333333333,62219.333333333336
2022-01-06,13833.766666666666,22065.666666666668,28436.4,5900.8,8790.866666666667,18086.933333333334,39279.76666666667,14863.166666666666,6674.5,12447.266666666666,26032.933333333334,12762.566666666668,48965.833333333336,9959.766666666666,,,,,6917.766666666666,10260.166666666666,10716.8,18668.4,4890.166666666667,22590.5,61980.066666666666,7147.633333333333,,,4344.333333333333,34073.9,13199.333333333334,,,,,,,,15218.3,29706.166666666668,9905.5,11598.533333333333,29510.966666666667,,,,,,9813.533333333333,4837.833333333333,14521.133333333333,16585.8,4209.033333333334,8213.366666666667,9723.766666666666,6782.4,29222.133333333335,,35646.13333333333,61849.36666666667,61758.13333333333
2022-01-07,13638.9,21677.0,27926.566666666666,5780.5,8629.333333333334,17735.233333333334,38598.03333333333,14539.866666666667,6523.1,12257.633333333333,25159.733333333334,12629.166666666666,47993.8,9707.433333333332,,,,,6741.466666666666,9962.266666666666,10467.2,18170.233333333334,4864.566666666667,22103.166666666668,61061.933333333334,7016.833333333333,,,4314.833333333333,33704.166666666664,13002.1,,,,,,,,15064.133333333333,29167.2,9768.433333333332,11543.6,29242.0,,,,,,9643.833333333334,4715.433333333333,14309.633333333333,16288.8,4078.8,8094.3,9505.2,5766.033333333334,27675.333333333332,56380.53333333333,34824.46666666667,61153.73333333333,61280.3
2022-01-10,13331.533333333333,21203.933333333334,27310.233333333334,5652.266666666666,8439.0,17292.3,37778.86666666667,14216.366666666667,6381.666666666667,12014.933333333332,24304.266666666666,12438.333333333334,46735.03333333333,9420.3,,,,,6603.033333333334,9646.233333333334,10253.466666666667,17704.966666666667,4854.466666666666,21571.1,59761.5,6883.5,,,4272.266666666666,33173.9,12762.133333333333,,,,,,,,14794.233333333334,28571.866666666665,9622.3,11463.0,28653.566666666666,,,,,,9394.8,4588.4,13997.133333333333,15890.5,3949.4333333333334,7964.066666666667,9268.666666666666,5577.333333333333,27231.8,55036.73333333333,33984.23333333333,60030.3,60672.76666666667
2022-01-11,13090.833333333334,20804.566666666666,26526.0,5580.933333333333,8331.133333333333,16986.566666666666,36878.8,14068.3,6293.366666666667,11775.1,23989.2,12275.6,45733.36666666667,9299.266666666666,,,,,6510.2,9545.9,10084.933333333332,17516.333333333332,4821.133333333333,21201.266666666666,58653.566666666666,6768.6,,,4210.466666666666,32676.166666666668,12492.433333333332,,,,,,,,14445.3,28161.133333333335,9492.1,11226.433333333332,27878.033333333333,,,,,,9289.533333333333,4543.5,13736.766666666666,15550.666666666666,3904.8333333333335,7865.466666666666,9130.1,5441.9,26831.7,53901.86666666667,33474.9,59067.76666666667,59937.166666666664
2022-01-12,13014.233333333334,20585.666666666668,26284.566666666666,5544.066666666667,8252.6,16860.966666666667,36445.6,13946.333333333334,6222.3,11650.433333333332,23718.9,12240.033333333333,45335.333333333336,9234.333333333334,,,,,6442.2,9466.6,9986.0,17384.766666666666,4782.266666666666,20955.5,58022.5,6689.9,,,4186.466666666666,32478.566666666666,12362.833333333334,,,,,,,,14318.633333333333,27974.233333333334,9430.3,11025.7,27685.066666666666,,,,,,9233.566666666668,4505.466666666666,13637.466666666667,15462.733333333334,3859.3333333333335,7819.166666666667,9049.8,5339.366666666667,26758.433333333334,53557.76666666667,33133.8,58864.86666666667,59998.73333333333
2022-01-13,12859.266666666666,20256.7,25835.4,5463.666666666667,8119.633333333333,16637.233333333334,35842.4,13756.966666666667,6101.666666666667,11495.233333333334,23089.933333333334,12146.966666666667,44688.96666666667,9053.366666666667,,,,,6333.633333333333,9269.866666666667,9824.8,17070.133333333335,4713.166666666667,20588.166666666668,57326.2,6579.133333333333,,,4148.933333333333,32118.466666666667,12192.1,,,,,,,,14175.766666666666,27580.4,9319.466666666667,10819.1,27431.866666666665,,,,,,9075.033333333333,4414.966666666666,13486.133333333333,15261.166666666666,3772.5333333333333,7736.033333333334,8917.2,5190.133333333333,26482.566666666666,52753.4,32520.833333333332,58289.96666666667,59455.066666666666
2022-01-14,12692.933333333332,19982.1,25480.6,5378.9,8010.0,16376.4,35262.433333333334,13573.5,5966.666666666667,11331.433333333332,22303.7,12065.166666666666,43866.566666666666,8837.166666666666,,,,,6223.833333333333,9022.166666666666,9678.0,16632.133333333335,4616.266666666666,20165.8,56559.2,6481.1,,,4122.6,31741.2,12043.266666666666,,,,,,,,13976.866666666667,27114.1,9179.233333333334,10613.533333333333,27151.633333333335,,,,,,8945.2,4318.3,13286.966666666667,15035.7,3661.0333333333333,7654.066666666667,8751.833333333334,5046.833333333333,26281.866666666665,51898.23333333333,31878.766666666666,57785.9,59087.8
2022-01-17,12322.566666666668,19595.8,24820.066666666666,5257.633333333333,7813.866666666667,15823.4,34465.5,13336.633333333333,5814.1,11116.2,21428.5,11890.466666666667,42683.333333333336,8580.5,,,,,6073.933333333333,8790.0,9490.1,16179.433333333332,4513.766666666666,19667.8,55243.73333333333,6359.366666666667,,,4079.2,31107.066666666666,11814.233333333334,,,,,,,,13648.6,26526.033333333333,8994.7,10344.4,26525.5,,,,,,8729.633333333333,4218.366666666667,13012.6,14661.966666666667,3545.7,7523.566666666667,8529.966666666667,4905.066666666667,25898.166666666668,50700.13333333333,31168.833333333332,56373.76666666667,58430.8
2022-01-18,12309.2,19273.833333333332,24441.833333333332,5095.3,7689.933333333333,15728.533333333333,33288.46666666667,13357.033333333333,5706.766666666666,10902.466666666667,21611.5,12029.166666666666,41843.666666666664,8399.766666666666,,,,,5995.5,9109.8,9156.3,15934.366666666667,4549.0,20289.233333333334,55082.666666666664,6578.433333333333,,,3924.0666666666666,30742.466666666667,11726.066666666668,,,,,,,,12731.7,27023.533333333333,9239.6,9867.2,26188.133333333335,,,,,,8567.3,4165.166666666667,12692.5,13961.2,3458.4,7568.9,8522.433333333332,4735.933333333333,26048.566666666666,50240.13333333333,31282.7,56164.0,57795.26666666667
2022-01-19,12166.766666666666,19138.833333333332,24148.033333333333,5069.033333333334,7622.666666666667,15501.866666666667,32913.433333333334,13290.8,5659.666666666667,10827.633333333333,21381.566666666666,11998.6,41500.2,8345.566666666668,,,,,5949.4,9065.566666666668,9082.733333333334,15887.166666666666,4523.466666666666,20185.466666666667,54577.53333333333,6514.566666666667,,,3895.5666666666666,30468.933333333334,11621.9,,,,,,,,12603.533333333333,26890.133333333335,9180.933333333332,9635.2,26087.466666666667,,,,,,8534.133333333333,4155.566666666667,12676.533333333333,13944.2,3445.5333333333333,7568.7,8352.3,5414.633333333333,26786.766666666666,,31017.1,55623.1,57368.2
2022-01-20,11961.266666666666,18925.633333333335,23885.266666666666,5008.933333333333,7541.133333333333,15195.166666666666,32555.4,13164.6,5595.3,10736.133333333333,20850.966666666667,11955.2,41066.76666666667,8226.366666666667,,,,,5885.266666666666,8945.066666666668,8999.133333333333,15697.033333333333,4482.966666666666,20023.8,54058.933333333334,6465.566666666667,,,3875.9,30185.6,11524.933333333332,,,,,,,,12518.333333333334,26612.7,9091.7,9479.033333333333,26022.966666666667,,,,,,8456.2,4120.166666666667,12650.466666666667,13868.3,3399.233333333333,7506.533333333334,8257.233333333334,5362.733333333334,26718.7,,30570.566666666666,54928.4,56982.1
2022-01-21,11734.1,18731.466666666667,23673.933333333334,4935.833333333333,7433.766666666666,14813.466666666667,32230.966666666667,13045.933333333332,5499.433333333333,10622.133333333333,20121.2,11897.533333333333,40479.566666666666,8047.7,,,,,5793.833333333333,8755.266666666666,8921.233333333334,15367.166666666666,4442.133333333333,19770.733333333334,53441.63333333333,6439.766666666666,,,3852.4333333333334,29817.966666666667,11441.3,,,,,,,,12377.966666666667,26241.1,8992.833333333334,9228.2,25937.4,,,,,,8321.666666666666,4039.866666666667,12574.266666666666,13701.533333333333,3315.5666666666666,7448.866666666667,8112.133333333333,5290.133333333333,26594.2,,30055.6,53949.8,56221.9
2022-01-24,11396.633333333333,18456.666666666668,23129.2,4850.466666666666,7277.966666666666,14329.2,31581.566666666666,12895.5,5392.166666666667,10441.833333333334,19313.333333333332,11768.633333333333,39412.166666666664,7815.4,,,,,5666.733333333334,8572.666666666666,8791.033333333333,14998.333333333334,4373.5,19391.633333333335,52385.96666666667,6369.6,,,3814.366666666667,29295.6,11267.933333333332,,,,,,,,12032.766666666666,25720.433333333334,8836.566666666668,8909.333333333334,25392.966666666667,,,,,,8157.366666666667,3953.6,12334.5,13374.966666666667,3235.8333333333335,7354.1,7945.666666666667,5207.033333333334,26213.233333333334,,29504.233333333334,52649.9,55611.433333333334
2022-01-25,11118.866666666667,18342.6,22497.433333333334,4828.0,7167.266666666666,13969.3,30974.566666666666,12871.5,5350.6,10297.333333333334,19161.233333333334,11642.266666666666,38770.433333333334,7759.333333333333,,,,,5630.0,8588.366666666667,8730.566666666668,14977.833333333334,4365.366666666667,19261.566666666666,51672.566666666666,6248.666666666667,,,3765.0,28831.866666666665,11095.566666666668,,,,,,,,11710.433333333332,25376.3,8736.1,8573.233333333334,24788.833333333332,,,,,,8147.633333333333,3945.3333333333335,12179.0,13101.1,3242.1666666666665,7296.866666666667,7890.666666666667,5187.6,25972.2,,29343.566666666666,51600.8,54945.23333333333
2022-01-26,10983.066666666668,18303.533333333333,22268.7,4822.466666666666,7124.2,13784.166666666666,30748.0,12881.833333333334,5336.866666666667,10240.2,19042.9,11635.866666666667,38670.23333333333,7752.366666666667,,,,,5623.8,8604.433333333332,8703.0,15012.866666666667,4362.666666666667,19200.266666666666,51445.433333333334,6215.333333333333,,,3749.9,28635.4,11029.233333333334,,,,,,,,11576.1,25309.166666666668,8688.5,8291.433333333332,24705.1,,,,,,8277.366666666667,4259.366666666667,11969.8,12810.733333333334,4059.0666666666666,8895.7,,,,,29303.533333333333,51202.833333333336,54681.3
2022-01-27,10762.766666666666,18219.766666666666,22041.866666666665,4797.3,7057.333333333333,13507.2,30478.8,12799.566666666668,5303.4,10170.466666666667,18633.5,11612.166666666666,38416.13333333333,7676.733333333334,,,,,5608.433333333333,8526.0,8652.033333333333,14927.533333333333,4349.3,19085.533333333333,51479.4,6231.0,,,3736.9,28247.766666666666,10961.333333333334,,,,,,,,11471.433333333332,25075.9,8640.533333333333,8094.366666666667,24606.4,,,,,,8233.966666666667,4235.066666666667,11945.966666666667,12401.633333333333,4143.133333333333,8935.9,,,,,29223.633333333335,50538.23333333333,54380.1
2022-01-28,10546.833333333334,18136.766666666666,21929.466666666667,4754.333333333333,6982.4,13160.733333333334,30247.7,12718.5,5236.366666666667,10075.0,17962.1,11576.733333333334,38010.1,7533.666666666667,,,,,5543.966666666666,8359.466666666667,8601.333333333334,14648.733333333334,4312.966666666666,18858.3,50892.63333333333,6208.866666666667,,,2499.633333333333,29053.233333333334,11325.2,14234.9,4150.566666666667,10577.1,11025.766666666666,,,,11341.733333333334,24722.1,8549.0,7839.566666666667,24580.1,,,,,,8133.966666666666,4172.7,11894.466666666667,11861.266666666666,4288.566666666667,9639.6,,,,,28902.433333333334,49807.26666666667,54192.36666666667
2022-01-31,10238.266666666666,17984.533333333333,21538.333333333332,4695.633333333333,6851.3,12734.866666666667,29798.433333333334,12595.833333333334,5152.6,9926.166666666666,17449.966666666667,11440.433333333332,37299.13333333333,7383.633333333333,,,,,5487.6,8268.633333333333,8515.266666666666,14442.3,4286.333333333333,18576.466666666667,49964.3,6159.5,,,2477.866666666667,29435.766666666666,11085.866666666667,13943.0,3800.4666666666667,10587.833333333334,10513.066666666668,5547.633333333333,2057.9333333333334,17945.2,11049.733333333334,24210.966666666667,8445.3,7572.033333333334,24186.4,,,,,,8055.4,4129.733333333334,11713.233333333334,11594.0,4236.2,9561.5,,,,,28615.033333333333,48675.666666666664,53405.76666666667
2022-02-01,9995.933333333332,17978.1,21110.233333333334,4702.266666666666,6786.966666666666,12453.6,29295.6,12612.366666666667,5152.133333333333,9817.566666666668,17505.6,11430.266666666666,36961.26666666667,7362.666666666667,,,,,5499.733333333334,8392.9,8481.3,14544.333333333334,4296.866666666667,16722.533333333333,51624.6,6085.2,8429.2,25112.666666666668,2414.4666666666667,28932.2,10960.866666666667,13537.833333333334,3774.8333333333335,10414.033333333333,10420.533333333333,5520.8,2054.1,17752.333333333332,10661.733333333334,23203.333333333332,8187.2,8018.3,23524.6,,,,,,8107.366666666667,4162.1,11609.0,11432.4,4267.9,9524.5,,,,,28825.366666666665,47915.9,52960.933333333334
2022-02-02,9949.2,18153.4,21144.333333333332,4757.833333333333,6842.5,12448.966666666667,29466.9,12727.6,5226.633333333333,9865.0,17883.433333333334,11493.4,37442.53333333333,7233.166666666667,,,,,5598.166666666667,8557.666666666666,8570.9,14882.3,4338.3,16937.966666666667,51693.8,6093.4,8548.266666666666,25231.866666666665,2413.0,28853.766666666666,10989.066666666668,13331.433333333332,3795.1666666666665,10129.566666666668,10464.1,5527.366666666667,2062.9,17777.266666666666,10781.333333333334,23042.8,8324.433333333332,,,,,,,,8261.1,4254.833333333333,11747.033333333333,11543.266666666666,4358.866666666667,9564.0,,,,,29382.666666666668,47986.7,52893.933333333334
2022-02-03,9891.5,18405.333333333332,21262.966666666667,4823.633333333333,6919.966666666666,12448.0,29746.066666666666,12865.866666666667,5330.9,9949.766666666666,18257.6,13270.2,37423.36666666667,7424.366666666667,,,,,5717.0,8737.033333333333,8710.933333333332,15245.0,4397.8,17228.733333333334,49953.23333333333,6308.966666666666,9353.4,,2406.6666666666665,28799.833333333332,11037.2,13193.766666666666,3811.8333333333335,9907.7,10504.166666666666,5539.166666666667,2083.133333333333,17841.066666666666,10769.733333333334,23145.666666666668,8305.633333333333,,,,,,,,8453.1,4354.733333333334,11895.833333333334,11672.733333333334,4454.566666666667,9623.6,,,,,29990.1,48124.9,52923.36666666667
2022-02-04,9816.533333333333,18582.5,21467.066666666666,4862.5,6987.066666666667,12437.2,30061.233333333334,12974.1,5302.1,9015.2,18494.366666666665,13376.133333333333,,,,,,,7567.666666666667,,,,,,,,,,2423.733333333333,28717.7,11101.233333333334,13100.1,3814.1666666666665,9671.833333333334,10561.333333333334,5561.633333333333,2093.5333333333333,17892.966666666667,10744.7,23841.066666666666,7565.733333333334,,,,,,,,8566.533333333333,4406.5,12037.766666666666,11751.5,4494.8,9673.333333333334,,,,,30281.766666666666,48166.63333333333,52974.066666666666
2022-02-07,9711.866666666667,18767.233333333334,21509.266666666666,4897.2,7038.366666666667,12368.766666666666,30026.833333333332,13066.833333333334,5347.433333333333,9042.2,18662.9,13389.5,,,,,,,7657.133333333333,,,,,,,,,,2411.7,28544.8,11104.133333333333,12869.7,3798.9,9396.533333333333,10567.366666666667,5568.966666666666,2106.266666666667,17869.0,10597.9,23814.1,7561.5,,,,,,,,8682.333333333334,4472.5,12088.533333333333,11729.0,4561.9,9710.6,,,,,30640.7,48024.63333333333,52882.666666666664
2022-02-08,9728.566666666668,19106.033333333333,21509.4,4991.066666666667,7116.266666666666,12401.533333333333,30218.033333333333,13294.766666666666,5460.9,9105.366666666667,19262.4,13467.366666666667,,,,,,,7802.2,,,,,,,,,,2401.3,28500.9,11167.1,12653.833333333334,3837.3333333333335,9231.9,10641.066666666668,5569.4,2133.9666666666667,17899.9,10456.3,24048.266666666666,7593.2,,,,,,,,8919.5,4597.1,12210.166666666666,11821.366666666667,4689.166666666667,9786.8,,,,,31297.0,48168.63333333333,53263.1
2022-02-09,9863.4,19517.7,21756.766666666666,5119.733333333334,7238.866666666667,12544.066666666668,30701.566666666666,13605.533333333333,5592.266666666666,9243.5,19945.766666666666,13612.866666666667,,,,,,,7983.7,,,,,,,,,,2774.0,27776.633333333335,11158.3,12421.033333333333,3938.5,9383.0,,,,,10394.366666666667,24374.066666666666,7678.5,,,,,,,,9192.4,4738.533333333334,12403.6,12026.866666666667,4864.666666666667,9927.233333333334,,,,,32120.666666666668,48671.73333333333,53304.1
2022-02-10,9993.333333333334,19946.566666666666,22106.866666666665,5267.1,7356.9,12724.8,31264.233333333334,13922.8,5757.533333333334,9447.9,20714.933333333334,13796.5,,,,,,,8194.766666666666,,,,,,,,,,2771.5666666666666,27852.233333333334,11049.166666666666,11843.066666666668,,,,,,,10332.2,24754.566666666666,7773.766666666666,,,,,,,,9525.033333333333,4911.233333333334,12616.233333333334,12246.9,5020.733333333334,10041.766666666666,,,,,32982.46666666667,49290.0,53468.4
2022-02-11,10105.033333333333,20350.7,22583.5,5372.6,7477.866666666667,12872.233333333334,31897.666666666668,14173.066666666668,5871.633333333333,9633.133333333333,21068.266666666666,13994.566666666668,,,,,,,8357.133333333333,,,,,,,,,,2792.866666666667,27780.6,11232.2,11674.033333333333,,,,,,,10325.233333333334,25001.7,7867.366666666667,,,,,,,,9746.6,5011.5,12826.866666666667,12456.166666666666,5107.3,10187.766666666666,,,,,33527.96666666667,49812.3,53733.1
2022-02-14,10158.7,20781.533333333333,22860.933333333334,5479.866666666667,7589.4,13013.2,32397.4,14395.5,5997.166666666667,9831.066666666668,21652.533333333333,14105.266666666666,,,,,,,8528.466666666667,,,,,,,,,,2817.5333333333333,27880.766666666666,11441.6,11568.0,,,,,,,10433.933333333332,25286.2,7987.466666666666,,,,,,,,10003.1,5129.7,13087.9,12701.766666666666,5215.166666666667,10307.566666666668,,,,,34179.46666666667,50309.73333333333,54049.333333333336
2022-02-15,10245.766666666666,21276.5,23366.233333333334,5600.5,7753.866666666667,13175.066666666668,33060.8,14655.033333333333,6166.233333333334,10063.7,22402.5,14262.133333333333,,,,,,,8720.433333333332,,,,,,,,,,2867.9333333333334,28292.766666666666,11693.466666666667,11731.433333333332,,,,,,,10684.733333333334,25773.5,8140.7,,,,,,,,10224.866666666667,5272.433333333333,13397.266666666666,13023.9,5355.133333333333,10450.833333333334,,,,,34987.1,50776.63333333333,54689.166666666664
2022-02-16,10283.0,21711.266666666666,23910.4,5703.133333333333,7915.333333333333,13296.033333333333,33778.833333333336,14899.266666666666,6332.233333333334,10282.466666666667,23184.8,14389.566666666668,,,,,,,8879.7,,,,,,,,,,2910.3333333333335,28694.633333333335,11933.866666666667,11884.066666666668,,,,,,,10956.4,26259.4,8282.1,,,,,,,,10454.933333333332,5400.3,13751.366666666667,13367.4,5496.133333333333,10562.833333333334,,,,,35749.53333333333,51240.666666666664,55308.4
2022-02-17,10318.8,22171.666666666668,24563.6,5827.166666666667,8056.633333333333,13424.366666666667,34642.7,15166.4,6499.6,10536.166666666666,23999.533333333333,14554.966666666667,,,,,,,9035.233333333334,,,,,,,,,,2954.4333333333334,29177.6,12208.833333333334,12084.566666666668,,,,,,,11264.233333333334,26773.166666666668,8435.566666666668,,,,,,,,10673.033333333333,5539.9,14133.966666666667,13776.7,5641.566666666667,10679.866666666667,,,,,36597.933333333334,51851.53333333333,55892.63333333333
2022-02-18,10221.0,22233.933333333334,24369.866666666665,5777.933333333333,8006.733333333334,13324.133333333333,34450.1,15218.1,6518.8,10612.266666666666,24256.433333333334,14600.433333333332,,,,,,,9041.633333333333,,,,,,,,,,2959.1,29117.433333333334,12320.1,12122.533333333333,,,,,,,11291.033333333333,26878.533333333333,8415.666666666666,,,,,,,,10664.266666666666,5596.833333333333,14160.766666666666,13839.633333333333,5675.233333333334,10701.1,,,,,36726.7,51599.63333333333,55849.1
2022-02-21,10212.333333333334,22536.333333333332,24738.3,5826.6,8124.2,13311.866666666667,34825.86666666667,15323.033333333333,6604.9,10771.466666666667,24511.066666666666,14694.166666666666,,,,,,,9119.066666666668,,,,,,,,,,3004.4333333333334,29311.333333333332,12501.1,12267.066666666668,,,,,,,11448.7,27169.166666666668,8521.966666666667,,,,,,,,,,,,,,,,,,37140.86666666667,51605.36666666667,56120.4
2022-02-22,10189.833333333334,22971.966666666667,25219.3,5923.866666666667,8317.033333333333,13359.366666666667,35640.433333333334,15529.933333333332,6752.5,10988.966666666667,25192.2,14787.733333333334,,,,,,,9243.533333333333,,,,,,,,,,3066.233333333333,29672.733333333334,12720.533333333333,12454.666666666666,,,,,,,11684.9,27638.733333333334,8667.266666666666,,,,,,,,,,,,,,,,,,37917.96666666667,51903.0,56583.6
2022-02-23,10179.366666666667,23396.8,25755.866666666665,6025.3,8506.066666666668,13429.9,36500.1,15752.1,6925.5,11200.633333333333,25864.9,14879.666666666666,,,,,,,9387.9,,,,,,,,,,3128.266666666667,29981.433333333334,12947.366666666667,12637.966666666667,,,,,,,11928.033333333333,28123.3,8814.266666666666,,,,,,,,,,,,,,,,,,38710.0,52131.166666666664,56591.4
2022-02-24,10210.6,23845.6,26364.266666666666,6137.533333333334,8732.433333333332,13507.966666666667,37451.0,15971.433333333332,7101.833333333333,11448.733333333334,26610.366666666665,14996.9,,,,,,,9551.9,,,,,,,,,,3189.5666666666666,30349.566666666666,13183.066666666668,12863.566666666668,,,,,,,12193.3,28580.4,8963.133333333333,,,,,,,,,,,,,,,,,,39524.63333333333,52494.36666666667,57066.4
2022-02-25,10200.066666666668,24233.633333333335,26875.5,6208.933333333333,8905.133333333333,13490.1,38232.03333333333,16112.4,7218.033333333334,11636.5,27007.9,15108.233333333334,,,,,,,9645.633333333333,,,,,,,,,,3254.1666666666665,30696.4,13381.8,13118.1,,,,,,,12464.0,28976.633333333335,9082.166666666666,,,,,,,,,,,,,,,,,,40021.833333333336,52599.1,57564.86666666667
2022-02-28,10242.7,24500.6,27181.4,6260.4,9019.333333333334,13583.0,38809.4,16216.633333333333,7315.433333333333,11755.833333333334,27424.1,15166.5,,,,,,,9692.833333333334,,,,,,,,,,3294.0333333333333,30940.866666666665,13511.266666666666,13224.633333333333,,,,,,,12575.166666666666,29219.433333333334,9162.866666666667,,,,,,,,,,,,,,,,,,40538.0,52914.4,57965.46666666667
2022-03-01,9949.8,23870.533333333333,26528.0,,,,,,7279.3,11466.933333333332,26825.266666666666,15042.166666666666,,,,,,,9478.766666666666,,,,,,,,,,3218.4333333333334,,13148.533333333333,,,,,,,,12318.2,28358.266666666666,8948.0,,,,,,,,,,,,,,,,,,39533.96666666667,51460.1,57952.666666666664
2022-03-02,9941.533333333333,24051.1,26882.866666666665,,,,,,7349.966666666666,11526.633333333333,27411.766666666666,15058.033333333333,,,,,,,9502.7,,,,,,,,,,3219.5666666666666,,13199.5,,,,,,,,12375.233333333334,28598.8,8952.0,,,,,,,,,,,,,,,,,,39765.26666666667,51491.13333333333,58452.73333333333
2022-03-03,9602.133333333333,23375.2,26125.833333333332,,,,,,7151.733333333334,11284.5,26697.533333333333,14626.1,,,,,,,9717.666666666666,,,,,,,,,,3139.0333333333333,,12788.233333333334,,,,,,,,12029.133333333333,27678.466666666667,8684.7,,,,,,,,,,,,,,,,,,38677.7,51471.23333333333,
2022-03-04,9654.366666666667,23530.766666666666,26405.1,,,,,,7197.533333333334,11380.366666666667,27023.533333333333,14657.133333333333,,,,,,,9757.066666666668,,,,,,,,,,3155.0333333333333,,12865.4,,,,,,,,12753.5,26917.866666666665,8693.533333333333,,,,,,,,,,,,,,,,,,38807.6,51498.9,
2022-03-07,9689.933333333332,23710.8,26712.066666666666,,,,,,7321.4,11403.4,27391.666666666668,14695.7,,,,,,,9818.133333333333,,,,,,,,,,3181.8,,12959.233333333334,,,,,,,,12869.166666666666,27130.8,8764.9,,,,,,,,,,,,,,,,,,39198.53333333333,51716.566666666666,
2022-03-08,9746.0,23910.0,27040.533333333333,,,,,,7513.4,11446.0,28014.7,14742.133333333333,,,,,,,9910.333333333334,,,,,,,,,,3208.0,,13058.466666666667,,,,,,,,12976.466666666667,27401.5,8835.7,,,,,,,,,,,,,,,,,,39735.6,52074.23333333333,
2022-03-09,9806.533333333333,24110.5,27318.7,,,,,,7693.6,11484.966666666667,28618.066666666666,14786.533333333333,,,,,,,10012.4,,,,,,,,,,3234.266666666667,,13171.166666666666,,,,,,,,13073.866666666667,27649.066666666666,8921.8,,,,,,,,,,,,,,,,,,40219.76666666667,52367.7,
2022-03-10,9848.333333333334,24279.9,27656.033333333333,,,,,,7882.166666666667,11498.7,29214.733333333334,14825.166666666666,,,,,,,10094.466666666667,,,,,,,,,,3267.3,,13301.666666666666,,,,,,,,13178.4,27878.433333333334,9008.1,,,,,,,,,,,,,,,,,,40657.0,52659.9,
2022-03-11,9882.366666666667,24397.066666666666,27933.1,,,,,,7781.933333333333,11728.866666666667,,,,,,,,,12137.2,,,,,,,,,,3303.9333333333334,,13420.3,,,,,,,,13292.0,28042.633333333335,9080.033333333333,,,,,,,,,,,,,,,,,,40860.96666666667,52777.6,
2022-03-14,9893.766666666666,24492.833333333332,28126.466666666667,,,,,,7895.3,11755.666666666666,,,,,,,,,12180.333333333334,,,,,,,,,,3336.266666666667,,13528.6,,,,,,,,13328.8,28199.2,9127.233333333334,,,,,,,,,,,,,,,,,,41092.03333333333,52921.066666666666,
2022-03-15,9931.8,24588.866666666665,28358.1,,,,,,7984.9,11814.966666666667,,,,,,,,,12239.566666666668,,,,,,,,,,3362.233333333333,,13626.933333333332,,,,,,,,13440.3,29072.266666666666,9365.0,,,,,,,,,,,,,,,,,,41247.6,52993.933333333334,
2022-03-16,10012.766666666666,24703.733333333334,28738.566666666666,,,,,,8070.666666666667,11899.0,,,,,,,,,12307.3,,,,,,,,,,3397.5333333333333,,13732.833333333334,,,,,,,,12844.766666666666,30177.866666666665,9218.8,7041.9,,,,,,,,,,,,,,,,,41271.63333333333,52977.96666666667,
2022-03-17,10037.6,24772.166666666668,28992.666666666668,,,,,,8139.466666666666,11988.7,,,,,,,,,12342.233333333334,,,,,,,,,,3438.9,,13825.2,,,,,,,,12932.3,30317.966666666667,9287.433333333332,6216.666666666667,,,,,,,,,,,,,,,,,41466.7,53181.333333333336,
2022-03-18,10028.666666666666,24882.566666666666,29168.666666666668,,,,,,8005.633333333333,11987.266666666666,,,,,,,,,10583.5,13159.633333333333,,,,,,,,,3467.9666666666667,,13898.333333333334,,,,,,,,13015.1,30477.966666666667,9350.6,6270.6,,,,,,,,,,,,,,,,,41589.26666666667,53222.166666666664,
2022-03-21,10041.466666666667,24935.4,29315.233333333334,,,,,,8045.8,12025.333333333334,,,,,,,,,10597.866666666667,13190.066666666668,,,,,,,,,3492.5666666666666,,,,,,,,,,13063.666666666666,30563.933333333334,9395.333333333334,6303.833333333333,,,,,,,,,,,,,,,,,41681.0,53282.5,
2022-03-22,10071.0,25016.433333333334,29443.166666666668,,,,,,8093.333333333333,12072.266666666666,,,,,,,,,10645.133333333333,13222.133333333333,,,,,,,,,4572.5,,,,,,,,,,13153.966666666667,30671.1,9455.666666666666,6351.766666666666,,,,,,,,,,,,,,,,,41774.666666666664,53372.36666666667,
2022-03-23,10069.8,25115.3,29608.5,,,,,,8143.433333333333,12129.233333333334,,,,,,,,,10681.3,13259.0,,,,,,,,,4237.866666666667,,,,,,,,,,13206.233333333334,30798.933333333334,9515.466666666667,6397.966666666666,,,,,,,,,,,,,,,,,41865.166666666664,53392.8,
2022-03-24,10052.866666666667,25231.833333333332,29788.966666666667,,,,,,8199.933333333332,12150.6,,,,,,,,,10715.933333333332,13280.2,,,,,,,,,4278.633333333333,,,,,,,,,,13280.8,30894.533333333333,9580.233333333334,6445.7,,,,,,,,,,,,,,,,,41987.76666666667,53436.9,
2022-03-25,10062.033333333333,25321.766666666666,29903.133333333335,,,,,,8329.333333333334,11981.466666666667,,,,,,,,,10729.6,13283.5,,,,,,,,,4296.2,,,,,,,,,,13385.066666666668,31069.433333333334,9609.233333333334,6513.6,,,,,,,,,,,,,,,,,42070.46666666667,53550.666666666664,
2022-03-28,10053.2,25332.6,29986.1,,,,,,8362.0,11961.3,,,,,,,,,10742.133333333333,13286.433333333332,,,,,,,,,4300.1,,,,,,,,,,13227.866666666667,31067.533333333333,9586.433333333332,6516.433333333333,,,,,,,,,,,,,,,,,42031.73333333333,53348.066666666666,
2022-03-29,10082.733333333334,25421.2,30061.933333333334,,,,,,8409.433333333332,11980.466666666667,,,,,,,,,10754.866666666667,13320.533333333333,,,,,,,,,4302.7,,,,,,,,,,13158.766666666666,31146.533333333333,9591.666666666666,6527.233333333334,,,,,,,,,,,,,,,,,42215.4,53350.1,
2022-03-30,10099.1,25423.633333333335,30102.9,,,,,,8441.866666666667,12016.833333333334,,,,,,,,,10772.066666666668,13346.433333333332,,,,,,,,,4312.466666666666,,,,,,,,,,13061.1,31194.633333333335,9603.7,6531.933333333333,,,,,,,,,,,,,,,,,42247.53333333333,53276.066666666666,
2022-03-31,10123.633333333333,25417.4,30140.833333333332,,,,,,8479.4,12047.9,,,,,,,,,10783.966666666667,13407.633333333333,,,,,,,,,4312.1,,,,,,,,,,12967.466666666667,31182.4,9603.733333333334,6499.7,,,,,,,,,,,,,,,,,42299.96666666667,53059.5,
2022-04-01,10235.466666666667,25717.9,30932.4,,,,,,8612.866666666667,12211.4,,,,,,,,,10905.733333333334,13506.966666666667,,,,,,,,,4364.733333333334,,,,,,,,,,13127.333333333334,31472.0,9739.566666666668,6535.4,,,,,,,,,,,,,,,,,42723.566666666666,53453.433333333334,
2022-04-04,10226.866666666667,25702.3,31048.5,,,,,,8661.566666666668,12234.5,,,,,,,,,10908.133333333333,13535.733333333334,,,,,,,,,4377.966666666666,,,,,,,,,,13164.733333333334,31492.333333333332,9740.0,6538.833333333333,,,,,,,12325.333333333334,,,,,,,,,,42819.666666666664,53653.46666666667,
2022-04-05,10245.3,25619.366666666665,31048.766666666666,,,,,,8673.833333333334,12222.2,,,,,,,,,10897.2,13483.633333333333,,,,,,,,,4374.766666666666,,,,,,,,,,13421.2,,,,,,,,,,12323.8,,,,,,,,,,42796.9,53609.2,
2022-04-06,10253.966666666667,25497.433333333334,31059.033333333333,,,,,,8661.3,12217.066666666668,,,,,,,,,10884.733333333334,13461.4,,,,,,,,,4374.2,,,,,,,,,,13415.133333333333,,,,,,,,,,12334.8,,,,,,,,,,42719.23333333333,53563.066666666666,
2022-04-07,10214.766666666666,25393.066666666666,30976.466666666667,,,,,,8670.266666666666,12197.866666666667,,,,,,,,,10848.733333333334,13368.633333333333,,,,,,,,,4372.6,,,,,,,,,,13381.966666666667,,,,,,,,,,12307.5,,,,,,,,,,42647.2,53491.566666666666,
2022-04-08,10173.966666666667,25258.3,30843.3,,,,,,8690.133333333333,12137.5,,,,,,,,,10798.233333333334,13337.0,,,,,,,,,4358.433333333333,,,,,,,,,,13305.766666666666,,,,,,,,,,12256.566666666668,,,,,,,,,,42526.96666666667,53302.73333333333,
2022-04-11,10176.066666666668,25293.8,30940.4,,,,,,8681.0,12176.9,,,,,,,,,10783.333333333334,13307.633333333333,,,,,,,,,4387.433333333333,,,,,,,,,,13433.3,,,,,,,,,,12283.9,,,,,,,,,,42484.833333333336,53379.13333333333,
2022-04-12,10525.666666666666,26274.6,32034.266666666666,7002.533333333334,,,,,8833.366666666667,12659.166666666666,,,,,,,,,11061.466666666667,13316.366666666667,,,,,,,,,4529.366666666667,,,,,,,,,,13998.4,,,,,,,,,,12782.233333333334,,17555.0,,,,,,,,44121.3,55387.1,
2022-04-13,10579.5,26429.5,32122.166666666668,7036.9,,,,,8863.4,12767.0,,,,,,,,,11079.433333333332,13289.366666666667,,,,,,,,,4607.133333333333,,,,,,,,,,14243.233333333334,,,,,,,,,,12919.966666666667,,17230.066666666666,,,,,,,,44472.666666666664,55925.666666666664,
2022-04-14,10936.533333333333,27417.733333333334,33323.73333333333,7262.5,10447.966666666667,14909.666666666666,49276.9,17418.3,9134.533333333333,13184.6,,,,,,,,,10904.666666666666,13723.833333333334,,,,,,,,,4763.933333333333,,,,,,,,,,14895.966666666667,,,,,,,,,,13677.033333333333,7470.333333333333,17514.933333333334,19666.5,,,,,,,45977.066666666666,56458.666666666664,65770.0
2022-04-19,10864.433333333332,27446.7,33348.933333333334,7277.133333333333,10462.266666666666,14885.666666666666,49468.23333333333,17368.333333333332,9174.433333333332,13123.3,,,,,,,,,10890.133333333333,13751.266666666666,,,,,,,,,4797.5,,,,,,,,,,14251.766666666666,,,,,,,,,,13785.633333333333,7534.4,17493.0,19710.5,,,,,,,46249.13333333333,56584.166666666664,65508.86666666667
2022-04-20,10956.2,27572.5,33557.36666666667,7305.5,10556.333333333334,14988.266666666666,49732.96666666667,17408.233333333334,9150.866666666667,13270.4,,,,,,,,,10903.833333333334,13837.0,,,,,,,,,4839.233333333334,,,,,,,,,,14395.666666666666,,,,,,,,,,13913.933333333332,7595.9,17670.266666666666,20001.7,,,,,,,46480.333333333336,57004.46666666667,65592.5
2022-04-21,11005.8,27619.666666666668,33660.13333333333,7292.633333333333,10607.066666666668,15046.166666666666,50014.4,17379.066666666666,9067.166666666666,13405.3,,,,,,,,,10865.733333333334,13809.5,,,,,,,,,4885.233333333334,,,,,,,,,,14551.5,,,,,,,,,,13989.166666666666,7643.966666666666,17798.333333333332,20200.166666666668,,,,,,,46528.86666666667,57245.6,65558.33333333333
2022-04-22,10995.233333333334,27567.266666666666,33783.96666666667,7221.733333333334,10630.9,14996.433333333332,50074.1,17281.3,8849.933333333332,13509.9,,,,,,,,,10774.333333333334,13734.966666666667,,,,,,,,,4932.1,,,,,,,,,,14685.333333333334,,,,,,,,,,13911.233333333334,7569.733333333334,17840.466666666667,20241.066666666666,,,,,,,46149.166666666664,57221.166666666664,65536.13333333333
2022-04-25,10893.066666666668,27447.966666666667,33641.63333333333,7140.033333333334,10585.3,14829.033333333333,49937.933333333334,17152.3,8702.733333333334,13498.166666666666,,,,,,,,,10670.1,13608.5,,,,,,,,,4936.0,,,,,,,,,,14572.5,,,,,,,,,,13836.666666666666,7509.7,17746.4,20080.966666666667,,,,,,,45640.76666666667,56742.2,65443.4
2022-04-26,10850.966666666667,27533.166666666668,33557.7,7175.033333333334,10607.4,14868.9,50091.36666666667,17201.333333333332,8893.133333333333,13343.1,35819.6,14066.866666666667,65361.333333333336,11779.6,19537.266666666666,3156.633333333333,19790.933333333334,15780.633333333333,8707.966666666667,13820.766666666666,12959.366666666667,24873.9,6172.933333333333,26494.4,66051.4,9237.7,14649.066666666668,38219.833333333336,4930.566666666667,,,,,,,,,,14464.5,,,,,,,,,,13991.033333333333,7587.433333333333,17747.833333333332,20123.4,,,,,,,46056.933333333334,56880.3,65371.7
2022-04-27,10907.333333333334,27653.266666666666,33852.833333333336,7217.1,10707.2,15023.133333333333,50617.333333333336,17306.4,8886.6,13459.0,36383.1,14123.0,66020.2,11913.5,19800.1,3194.6,19956.266666666666,15793.933333333332,8748.233333333334,13994.1,13030.433333333332,25142.2,6229.966666666666,26658.933333333334,66435.76666666666,9268.933333333332,14808.033333333333,38542.86666666667,4953.166666666667,,,,,,,,,,14643.2,,,,,,,,,,14145.8,7682.033333333334,17934.833333333332,20323.6,,,,,,,46453.8,57338.2,65514.933333333334
2022-04-28,10928.333333333334,27736.733333333334,34113.36666666667,7221.466666666666,10794.433333333332,15131.666666666666,50894.4,17332.0,8878.466666666667,13502.466666666667,36611.76666666667,14168.166666666666,66505.83333333333,11970.166666666666,19914.2,3170.5333333333333,20062.633333333335,15790.466666666667,8735.766666666666,14092.066666666668,13036.366666666667,25314.333333333332,6246.8,26728.4,66907.93333333333,9291.7,14912.833333333334,38752.066666666666,6136.533333333334,,,,,,,,,,14761.733333333334,,,,,,,,,,14213.466666666667,7712.1,18075.7,20446.533333333333,,,,,,,46737.0,57755.23333333333,66261.2
2022-04-29,10887.9,27715.2,34102.03333333333,7140.8,10784.8,15072.933333333332,50962.6,17248.033333333333,8787.366666666667,13510.733333333334,36152.2,14181.933333333332,66351.06666666667,11855.2,19659.3,3147.733333333333,20124.966666666667,15829.966666666667,8628.5,13959.033333333333,12912.666666666666,25067.066666666666,6167.933333333333,26522.766666666666,67449.46666666666,9267.033333333333,14841.9,38750.2,6169.3,,,,,,,,,,14720.1,,,,,,,,,,14133.066666666668,7645.333333333333,18127.4,20478.866666666665,,,,,,,46638.333333333336,57941.1,66498.7
2022-05-03,10812.133333333333,27698.133333333335,34135.26666666667,7107.3,10781.933333333332,14971.433333333332,50968.13333333333,17198.466666666667,8747.133333333333,13418.033333333333,36066.1,14122.1,66040.23333333334,11823.566666666668,19632.8,3174.0333333333333,20106.466666666667,15800.3,8569.133333333333,13913.0,12892.733333333334,24975.266666666666,6141.933333333333,26347.8,67561.56666666667,9220.633333333333,14786.2,38564.46666666667,6172.1,,,,,,,,,,14654.533333333333,,,,,,,,,,14090.033333333333,7622.366666666667,18079.2,20348.566666666666,,,,,,,46613.1,57784.73333333333,65904.66666666667
2022-05-04,10836.933333333332,27748.533333333333,34099.46666666667,7140.733333333334,10846.166666666666,15041.566666666668,51138.86666666667,17278.7,8811.366666666667,13424.633333333333,36676.9,14099.533333333333,66376.06666666667,11953.7,19964.733333333334,3220.233333333333,20176.333333333332,15814.7,8640.3,14114.933333333332,12937.6,25324.666666666668,6187.0,26474.633333333335,68060.33333333333,9218.733333333334,14933.966666666667,38544.36666666667,6171.933333333333,,,,,,,,,,14655.966666666667,,,,,,,,,,14257.5,7712.633333333333,18130.366666666665,20332.766666666666,,,,,,,47099.433333333334,58034.066666666666,65832.43333333333
2022-05-05,10913.6,27945.466666666667,34327.3,7201.866666666667,10957.133333333333,15248.5,51636.333333333336,17438.0,8911.133333333333,13557.5,37292.1,14186.633333333333,67248.46666666666,12099.766666666666,20289.3,3268.233333333333,20399.766666666666,15855.433333333332,8704.8,14301.5,13043.9,25731.633333333335,6251.533333333334,26738.333333333332,68987.83333333333,9306.733333333334,15121.666666666666,38928.333333333336,6209.566666666667,34168.9,16136.033333333333,15902.666666666666,7818.6,,,,,,14838.9,,,,,,,,,,14435.7,7802.5,18685.833333333332,20814.666666666668,,,,,,,47671.433333333334,58630.7,66178.73333333334
2022-05-06,10890.233333333334,27898.0,34407.166666666664,7164.466666666666,10965.433333333332,15249.966666666667,51808.23333333333,17415.566666666666,8852.1,13580.233333333334,36956.833333333336,14227.466666666667,67281.46666666666,12008.933333333332,20113.666666666668,3256.5333333333333,20460.633333333335,15837.233333333334,8635.033333333333,14200.133333333333,12990.133333333333,25511.466666666667,6236.533333333334,26636.166666666668,69232.5,9364.633333333333,15062.7,39181.166666666664,5199.533333333334,34856.63333333333,16233.033333333333,16276.9,7675.166666666667,,,,,,14646.5,,,,,,,,,,14364.033333333333,7767.7,18778.066666666666,20863.133333333335,,,,,,,47483.2,58671.0,66335.73333333334
2022-05-09,10805.233333333334,27780.766666666666,34268.23333333333,7122.4,10926.233333333334,15156.3,51698.13333333333,17330.533333333333,8799.333333333334,13496.966666666667,36638.4,14149.166666666666,66903.8,11897.133333333333,19971.966666666667,3228.2,20395.633333333335,15811.966666666667,8571.933333333332,14112.7,12919.966666666667,25313.666666666668,6193.7,26420.733333333334,68946.5,9360.466666666667,14972.233333333334,39029.46666666667,5207.5,34741.833333333336,16193.833333333334,16275.766666666666,7650.166666666667,,,,,,14550.2,,,,,,,,,,14290.666666666666,7720.566666666667,18709.966666666667,20746.766666666666,,,,,,,47321.63333333333,58441.7,66233.26666666666
2022-05-10,10779.366666666667,27732.166666666668,34255.13333333333,7109.0,10939.166666666666,15106.3,51639.8,17344.8,8778.333333333334,13481.066666666668,36751.4,14145.633333333333,66859.2,11892.333333333334,20041.366666666665,3231.9,20378.066666666666,15835.866666666667,8551.333333333334,14142.866666666667,12921.366666666667,25332.766666666666,6186.533333333334,26348.133333333335,68943.83333333333,9359.766666666666,14982.933333333332,38995.76666666667,5217.833333333333,34772.1,16177.9,16290.166666666666,7644.633333333333,,,,,,14473.566666666668,,,,,,,,,,14311.2,8129.1,18761.7,20260.166666666668,,,,,,,47439.2,58406.23333333333,66250.63333333333
2022-05-11,10796.0,27769.066666666666,34309.63333333333,7193.833333333333,11016.8,15171.766666666666,51759.53333333333,17460.066666666666,8787.0,13727.4,37394.86666666667,14114.633333333333,67184.8,12102.0,20364.066666666666,3294.4666666666667,20631.733333333334,15899.8,8626.533333333333,14358.5,13053.866666666667,25738.533333333333,6236.5,26483.233333333334,69303.16666666667,9381.833333333334,15062.366666666667,38922.46666666667,5237.533333333334,34828.23333333333,16047.566666666668,16230.366666666667,7634.1,,,,,,14436.8,,,,,,,,,,14558.666666666666,8282.633333333333,18407.233333333334,19961.966666666667,,,,,,,47785.13333333333,58432.0,66059.9
2022-05-12,10907.3,27984.333333333332,34632.03333333333,7277.7,11125.7,15368.9,52277.6,17655.266666666666,8935.3,13848.7,38092.03333333333,14224.8,68146.0,12283.066666666668,20693.233333333334,3372.9,20851.833333333332,15945.833333333334,8689.5,14590.933333333332,13176.566666666668,26171.533333333333,6309.033333333334,26810.633333333335,70065.06666666667,9474.4,15270.466666666667,39322.96666666667,5270.533333333334,35150.7,16179.2,16330.6,7719.766666666666,,,,,,14611.433333333332,,,,,,,,,,14463.8,8843.766666666666,18679.1,19803.266666666666,,,,,,,48416.9,59052.53333333333,66410.56666666667
2022-05-13,10902.133333333333,27944.3,34767.666666666664,7228.9,11083.633333333333,15340.366666666667,52415.4,17653.0,8873.866666666667,13879.833333333334,37764.53333333333,14280.566666666668,68151.03333333334,12252.233333333334,20483.666666666668,3412.733333333333,20979.966666666667,15919.5,8628.766666666666,14491.866666666667,13157.933333333332,25980.966666666667,6257.766666666666,26757.866666666665,70325.53333333334,9550.966666666667,15223.066666666668,39512.96666666667,5316.233333333334,35166.5,16275.033333333333,16421.866666666665,7749.266666666666,,,,,,14736.5,,,,,,,,,,14438.0,8803.333333333334,18773.766666666666,19912.2,,,,,,,48235.8,59076.26666666667,66591.23333333334
2022-05-16,10902.766666666666,27908.833333333332,34755.333333333336,7195.4,11055.666666666666,15362.1,52400.96666666667,17615.133333333335,8821.633333333333,13822.1,37590.333333333336,14252.933333333332,67796.2,12213.566666666668,20433.4,3399.6,21006.0,15917.833333333334,8583.633333333333,14397.266666666666,13125.133333333333,25803.133333333335,6200.9,26593.1,70032.03333333334,9595.666666666666,15150.9,39348.566666666666,5339.4,35103.6,16284.366666666667,16458.266666666666,7752.533333333334,,,,,,14685.266666666666,,,,,,,,,,14373.2,8756.6,18675.466666666667,19826.366666666665,,,,,,,48204.6,59117.5,66523.06666666667
2022-05-17,10992.033333333333,28026.066666666666,34800.6,7202.7,11070.0,15495.8,52570.63333333333,17675.8,8819.9,13824.333333333334,37848.46666666667,14260.7,67677.26666666666,12266.066666666668,20589.0,3459.3333333333335,21103.833333333332,15974.033333333333,8585.366666666667,14447.866666666667,13145.766666666666,25834.266666666666,6173.933333333333,26431.233333333334,69931.16666666667,9652.166666666666,15195.366666666667,39303.63333333333,5383.733333333334,35156.73333333333,16336.266666666666,16515.633333333335,7827.933333333333,,,,,,14655.933333333332,,,,,,,,,,14372.833333333334,8747.666666666666,18641.8,19884.733333333334,,,,,,,48344.63333333333,59462.333333333336,66591.16666666667
2022-05-18,11121.833333333334,28229.4,34889.23333333333,7271.6,11156.433333333332,15766.166666666666,52866.73333333333,17822.233333333334,8884.2,13820.2,38597.36666666667,14274.533333333333,68046.33333333333,12422.766666666666,21008.5,3520.3,21198.7,16001.566666666668,8637.3,14628.3,13259.0,26227.733333333334,6209.6,26598.533333333333,70149.26666666666,9696.066666666668,15343.533333333333,39299.333333333336,5411.733333333334,35337.0,16406.5,16540.333333333332,7892.333333333333,,,,,,14633.9,,,,,,,,,,14524.3,8818.166666666666,18677.066666666666,20032.366666666665,,,,,,,48909.833333333336,60054.2,66553.73333333334
2022-05-19,11340.5,28495.733333333334,35191.0,7377.633333333333,11264.733333333334,16174.833333333334,53490.7,18012.466666666667,9122.633333333333,15125.9,38178.7,16558.233333333334,66745.1,13074.533333333333,20606.166666666668,4004.4,,,8706.866666666667,14803.933333333332,13388.266666666666,26714.566666666666,6265.2,26870.833333333332,70776.8,10004.7,16337.066666666668,,5446.0,35672.7,16538.433333333334,16616.7,7999.966666666666,,,,,,14723.566666666668,,,,,,,,,,14598.3,8896.466666666667,18831.133333333335,20323.433333333334,,,,,,,49526.76666666667,61128.8,66934.93333333333
2022-05-20,11460.966666666667,28518.166666666668,35444.53333333333,7360.266666666666,11288.966666666667,16362.666666666666,53771.36666666667,18010.133333333335,9073.5,15160.7,36987.5,16799.1,,,,,,,8805.666666666666,,,,,,,,,,5491.7,35755.2,16641.466666666667,16723.433333333334,8021.3,,,,,,14508.9,,,,,,,,,,14522.833333333334,8830.733333333334,19001.466666666667,20366.866666666665,,,,,,,49322.4,61643.76666666667,67152.76666666666
2022-05-23,11467.933333333332,28483.233333333334,35390.333333333336,7343.066666666667,11220.366666666667,16415.966666666667,53775.166666666664,17980.233333333334,9038.133333333333,15106.566666666668,36933.1,16793.5,,,,,,,8743.1,,,,,,,,,,5504.633333333333,35700.066666666666,16661.066666666666,16728.766666666666,8031.133333333333,,,,,,14362.433333333332,,,,,,,,,,14447.4,8730.8,18861.933333333334,20247.466666666667,,,,,,,49188.566666666666,61713.8,67184.93333333333
2022-05-24,11574.1,28537.333333333332,35501.53333333333,7358.266666666666,11254.166666666666,16570.933333333334,53911.433333333334,18061.3,9102.8,14959.8,37228.03333333333,16800.233333333334,,,,,,,8726.566666666668,,,,,,,,,,5500.3,35796.333333333336,16756.866666666665,16785.9,8014.3,,,,,,14261.9,,,,,,,,,,14438.433333333332,8695.466666666667,18810.5,20209.033333333333,,,,,,,49217.26666666667,62042.2,66784.2
2022-05-25,11752.166666666666,28703.2,35647.23333333333,7446.666666666667,11364.833333333334,16881.7,54088.433333333334,18242.066666666666,9174.433333333332,15008.066666666668,37976.96666666667,16836.366666666665,,,,,,,8795.066666666668,,,,,,,,,,5525.133333333333,36042.566666666666,16826.666666666668,16869.666666666668,8013.866666666667,,,,,,14219.4,,,,,,,,,,14626.466666666667,8765.033333333333,18823.766666666666,20311.4,,,,,,,49662.7,62774.7,66881.86666666667
2022-05-26,12007.1,28928.3,35990.5,7543.366666666667,11488.533333333333,17336.533333333333,54404.566666666666,18439.933333333334,9290.4,15107.0,38743.4,16970.9,,,,,,,8854.3,,,,,,,,,,5549.533333333334,36290.066666666666,16937.566666666666,16909.866666666665,8026.966666666666,,,,,,14253.3,,,,,,,,,,14792.066666666668,8813.233333333334,18946.7,20524.533333333333,,,,,,,50090.6,63773.36666666667,67187.06666666667
2022-05-27,12142.8,28970.7,36261.833333333336,7544.266666666666,11494.533333333333,17510.4,54477.4,18448.966666666667,9257.9,15115.066666666668,38435.3,17050.966666666667,,,,,,,8794.366666666667,,,,,,,,,,5596.7,36335.833333333336,17031.633333333335,16995.266666666666,8016.533333333334,,,,,,14245.1,,,,,,,,,,14736.4,8732.9,18932.366666666665,20580.533333333333,,,,,,,49863.23333333333,64338.73333333333,67510.76666666666
2022-05-30,12164.1,28860.333333333332,36260.3,7500.266666666666,11474.1,17585.5,54176.333333333336,18430.533333333333,9331.3,14940.033333333333,38243.53333333333,17012.3,,,,,,,8742.9,,,,,,,,,,5583.133333333333,36176.333333333336,17065.6,17022.266666666666,7929.366666666667,,,,,,14125.466666666667,,,,,,,,,,14613.2,8650.533333333333,19314.733333333334,20711.733333333334,,,,,,,49578.26666666667,64352.333333333336,67810.8
2022-05-31,12242.3,28864.866666666665,36235.333333333336,7515.666666666667,11501.1,17768.4,54025.933333333334,18521.166666666668,9449.933333333332,14807.333333333334,38419.2,16993.6,,,,,,,8736.5,,,,,,,,,,5593.2,35953.933333333334,17147.433333333334,17034.533333333333,7844.6,,,,,,14079.1,,,,,,,,,,14308.533333333333,8018.7,19750.7,20321.766666666666,7493.033333333334,,,,,,49633.53333333333,64637.86666666667,68135.96666666666
2022-06-01,12396.9,29057.566666666666,36372.833333333336,7561.266666666666,11581.966666666667,18035.533333333333,54066.9,18657.333333333332,9510.0,14877.766666666666,38510.2,17076.866666666665,,,,,,,8754.533333333333,,,,,,,,,,5616.333333333333,36230.03333333333,17229.1,17132.133333333335,7842.566666666667,,,,,,14237.466666666667,,,,,,,,,,14301.433333333332,7994.533333333334,19941.366666666665,20513.533333333333,7478.466666666666,,,,,,49710.3,65503.8,68639.16666666667
2022-06-06,12442.066666666668,28082.2,35324.433333333334,7579.933333333333,11173.0,,,,9395.966666666667,16514.4,37315.1,17079.4,,,,,,,8856.566666666668,,,,,,,,,,5472.066666666667,,16695.033333333333,,,,,,,,13876.3,,,,,,,,,,13795.1,,19250.433333333334,,,,,,,,48049.1,63498.2,68394.96666666666
2022-06-07,12479.3,27985.666666666668,35205.566666666666,7574.066666666667,11110.7,,,,9362.466666666667,16413.933333333334,37217.03333333333,16988.966666666667,,,,,,,8823.833333333334,,,,,,,,,,5449.966666666666,,16615.3,,,,,,,,13715.366666666667,,,,,,,,,,13680.1,,19042.366666666665,,,,,,,,47678.6,63425.03333333333,68526.63333333333
2022-06-08,12584.666666666666,28105.366666666665,35270.433333333334,7649.833333333333,11151.566666666668,,,,9497.8,16365.3,37772.36666666667,16962.9,,,,,,,8866.233333333334,,,,,,,,,,5456.966666666666,,16569.133333333335,,,,,,,,13625.466666666667,,,,,,,,,,13766.133333333333,,19006.9,,,,,,,,48018.96666666667,64009.566666666666,68652.4
2022-06-09,12805.766666666666,28420.666666666668,35537.166666666664,7735.666666666667,11257.233333333334,,,,9630.4,16396.333333333332,38299.3,16971.033333333333,,,,,,,8913.966666666667,,,,,,,,,,5488.9,,16634.9,,,,,,,,13775.866666666667,,,,,,,,,,13817.166666666666,,19149.266666666666,,,,,,,,48531.96666666667,65103.8,69044.63333333333
2022-06-10,12949.4,28439.766666666666,35591.26666666667,7707.666666666667,11224.9,,,,9596.033333333333,16387.333333333332,37794.933333333334,17016.133333333335,,,,,,,8841.333333333334,,,,,,,,,,5526.866666666667,,16643.233333333334,,,,,,,,13870.333333333334,,,,,,,,,,13690.666666666666,,19129.533333333333,,,,,,,,48049.2,65495.63333333333,69165.53333333334
2022-06-13,12999.733333333334,28439.466666666667,35566.066666666666,7680.4,11140.033333333333,,,,9597.7,16270.033333333333,37399.2,16970.9,,,,,,,8741.366666666667,,,,,,,,,,5544.433333333333,,16568.233333333334,,,,,,,,13792.533333333333,,,,,,,,,,13567.066666666668,,18941.5,,,,,,,,47612.8,65494.53333333333,69206.76666666666
2022-06-14,13022.8,28491.366666666665,35538.63333333333,7711.766666666666,11091.3,,,,9606.966666666667,16252.4,37340.76666666667,16932.666666666668,,,,,,,8683.766666666666,,,,,,,,,,4411.6,,16567.2,,,,,,,,13745.933333333332,,,,,,,,,,13548.966666666667,,18823.333333333332,,,,,,,,47456.433333333334,65776.23333333334,68650.43333333333
2022-06-15,13147.0,28720.366666666665,35688.53333333333,7821.533333333334,11107.9,,,,9699.2,16252.633333333333,37919.1,16921.1,,,,,,,8721.166666666666,,,,,,,,,,4438.9,,16710.933333333334,,,,,,,,13814.3,,,,,,,,,,13690.5,,18756.933333333334,,,,,,,,47711.4,66469.93333333333,68667.13333333333
2022-06-16,13363.1,29033.533333333333,35902.1,7904.9,11155.8,,,,9749.433333333332,16340.5,38189.0,16987.5,,,,,,,8725.233333333334,,,,,,,,,,4486.633333333333,,16768.533333333333,,,,,,,,13915.1,,,,,,,,,,13772.2,,18829.1,,,,,,,,47773.333333333336,67321.53333333334,68905.66666666667
2022-06-17,13171.166666666666,29255.4,35996.566666666666,7909.3,11134.233333333334,,,,9680.4,16321.066666666668,37638.833333333336,17006.3,,,,,,,8621.6,,,,,,,,,,4532.033333333334,,16752.6,,,,,,,,13932.266666666666,,,,,,,,,,13632.066666666668,,18761.833333333332,,,,,,,,47297.4,67829.5,69170.86666666667
2022-06-20,13155.166666666666,29173.1,35898.13333333333,7865.5,11049.233333333334,,,,9615.566666666668,16230.433333333332,37210.76666666667,16936.033333333333,,,,,,,8523.5,,,,,,,,,,4547.466666666666,,16649.5,,,,,,,,13851.766666666666,,,,,,,,,,13503.233333333334,,18565.5,,,,,,,,46808.333333333336,67754.13333333333,69010.56666666667
2022-06-21,12779.233333333334,28263.566666666666,34755.833333333336,7633.9,10704.766666666666,,,,9359.733333333334,15771.566666666668,36907.96666666667,16527.566666666666,,,,,,,8456.733333333334,,,,,,,,,,4391.9,,,,,,,,,,13635.0,36771.1,11124.066666666668,,,,,,,,13105.4,,,,,,,,,,45336.26666666667,66812.8,
2022-06-22,12841.933333333332,28171.9,34428.4,7594.466666666666,10544.833333333334,,,,9295.2,15671.5,36702.6,16454.466666666667,,,,,,,8362.133333333333,,,,,,,,,,4367.633333333333,,,,,,,,,,13647.666666666666,36778.36666666667,11106.633333333333,,,,,,,,12942.266666666666,,,,,,,,,,44806.8,66869.03333333334,
2022-06-23,12805.5,27928.066666666666,33570.5,7475.333333333333,10245.566666666668,,,,9126.166666666666,15514.266666666666,35572.63333333333,17140.533333333333,,,,,,,9419.4,,,,,,,,,,4345.366666666667,,,,,,,,,,13574.166666666666,36378.0,11004.0,,,,,,,,12610.766666666666,,,,,,,,,,43876.8,66301.0,
2022-06-24,12850.333333333334,27881.233333333334,33266.566666666666,7394.566666666667,10011.766666666666,,,,8990.433333333332,15856.833333333334,34385.8,18922.533333333333,,,,,,,9279.066666666668,,,,,,,,,,4361.4,,,,,,,,,,13603.7,36356.46666666667,10964.1,,,,,,,,12329.1,,,,,,,,,,43352.933333333334,66575.63333333333,
2022-06-27,12840.933333333332,27762.166666666668,33145.3,7332.666666666667,9958.233333333334,,,,8863.533333333333,15780.6,33920.066666666666,18821.333333333332,,,,,,,9196.766666666666,,,,,,,,,,4400.9,,,,,,,,,,13546.066666666668,36184.53333333333,10948.466666666667,,,,,,,,12481.3,,,,,,,,,,42806.86666666667,66481.66666666667,
2022-06-28,12965.1,27900.133333333335,33248.76666666667,7402.933333333333,10028.966666666667,,,,8945.6,15796.8,34544.933333333334,18786.8,,,,,,,9222.033333333333,,,,,,,,,,4431.533333333334,,,,,,,,,,13529.6,36339.933333333334,10985.766666666666,,,,,,,,12607.266666666666,,,,,,,,,,43084.36666666667,67081.03333333334,
2022-06-29,13115.9,28153.4,33586.9,7474.8,10187.166666666666,,,,9030.9,15909.233333333334,35022.73333333333,18844.466666666667,,,,,,,9253.766666666666,,,,,,,,,,4487.966666666666,,,,,,,,,,13681.533333333333,36671.166666666664,11082.466666666667,,,,,,,,12745.166666666666,,,,,,,,,,43392.933333333334,67874.86666666667,
2022-06-30,13221.1,28283.833333333332,33921.7,7503.1,10271.0,,,,9079.533333333333,15950.866666666667,34994.86666666667,18858.9,,,,,,,9242.533333333333,,,,,,,,,,4530.8,,,,,,,,,,13833.333333333334,36792.26666666667,11133.333333333334,,,,,,,,12793.066666666668,,,,,,,,,,43396.5,68465.16666666667,
2022-07-01,13241.033333333333,28418.5,34282.3,7464.033333333334,10290.5,,,,9060.9,15958.3,34382.03333333333,18863.433333333334,,,,,,,9163.4,,,,,,,,,,4583.3,,,,,,,,,,13982.433333333332,36907.86666666667,11160.1,,,,,,,,12685.066666666668,,,,,,,,,,42941.6,68832.8,
2022-07-04,13123.433333333332,28296.633333333335,34170.6,7394.566666666667,10240.433333333332,,,,8831.666666666666,14716.4,34999.2,16650.766666666666,,,,,,,9076.366666666667,,,,,,,,,,4606.333333333333,,,,,,,,,,13951.033333333333,36716.6,11133.4,,,,,,,,12542.7,,,,,,,,,,42424.166666666664,68260.66666666667,
2022-07-05,13099.266666666666,28454.1,34140.76666666667,7451.966666666666,10290.866666666667,,,,8906.233333333334,14728.1,36453.13333333333,16466.466666666667,72193.23333333334,12900.966666666667,,,,,8950.8,13258.2,13207.133333333333,,,,,,,,4621.1,,,,,,,,,,13955.333333333334,36905.8,11154.266666666666,,,,,,,,12668.466666666667,,,,,,,,,,42692.333333333336,68440.73333333334,
2022-07-06,13223.633333333333,28709.333333333332,34376.7,7510.5,10423.7,,,,8969.166666666666,14837.133333333333,36898.86666666667,16507.033333333333,73216.73333333334,13045.566666666668,,,,,8979.166666666666,13354.866666666667,13293.233333333334,,,,,,,,4671.833333333333,,,,,,,,,,15113.6,36093.333333333336,12115.8,,,,,,,,12793.766666666666,,,,,,,,,,42916.833333333336,69313.7,
2022-07-07,13315.433333333332,28839.5,34558.8,7526.466666666666,10432.966666666667,,,,8896.9,15026.433333333332,36859.03333333333,16504.7,73190.3,13071.233333333334,,,,,8937.8,13315.533333333333,13316.7,,,,,,,,4738.633333333333,,,,,,,,,,15274.366666666667,35356.26666666667,13131.733333333334,,,,,,,,12853.533333333333,,,,,,,,,,42929.566666666666,69721.33333333333,
2022-07-08,13278.933333333332,28823.333333333332,34630.333333333336,7468.2,10386.833333333334,,,,8794.1,15030.666666666666,36192.833333333336,16489.0,72726.23333333334,12889.2,,,,,8841.633333333333,13125.733333333334,13240.1,,,,,,,,4773.066666666667,,,,,,,,,,15335.833333333334,35368.833333333336,13135.4,,,,,,,,12688.166666666666,,,,,,,,,,42486.76666666667,69658.33333333333,
2022-07-11,13093.8,28603.466666666667,34378.1,7402.5,10287.466666666667,,,,8716.766666666666,14928.2,35574.066666666666,16378.733333333334,71778.06666666667,12744.433333333332,,,,,8770.133333333333,12930.066666666668,13152.9,,,,,,,,4783.3,,,,,,,,,,15264.533333333333,35131.0,13081.233333333334,,,,,,,,12491.966666666667,,,,,,,,,,42035.3,69094.43333333333,
2022-07-12,13035.7,28602.933333333334,34263.166666666664,7431.066666666667,10302.9,,,,8782.166666666666,14927.7,36012.166666666664,16304.933333333332,71879.26666666666,12836.833333333334,,,,,8827.066666666668,13024.266666666666,13215.0,,,,,,,,4770.466666666666,,,,,,,,,,15189.733333333334,35091.96666666667,13082.433333333332,,,,,,,,12555.366666666667,,,,,,,,,,42231.7,69019.86666666667,
2022-07-13,12835.033333333333,28778.9,34400.6,7518.233333333334,10342.066666666668,,,,8762.2,15109.933333333332,36396.5,16358.933333333332,72347.63333333333,12953.5,,,,,8884.4,13102.3,13333.433333333332,,,,,,,,4812.133333333333,,,,,,,,,,15200.866666666667,35338.4,13145.1,,,,,,,,12692.3,,,,,,,,,,42558.63333333333,69546.3,
2022-07-14,12866.1,29020.133333333335,34542.86666666667,7560.3,10362.266666666666,,,,8709.9,15246.9,36558.86666666667,16396.6,72567.8,12994.533333333333,,,,,8903.733333333334,13304.033333333333,13399.666666666666,,,,,,,,4832.066666666667,,,,,,,,,,15155.966666666667,35333.26666666667,13169.833333333334,,,,,,,,12768.033333333333,,,,,,,,,,42667.2,69884.76666666666,
2022-07-15,12761.533333333333,28984.266666666666,34557.933333333334,7546.4,10283.833333333334,,,,8644.3,15267.933333333332,36298.5,16384.2,72238.13333333333,12920.466666666667,,,,,8858.5,13211.3,13401.8,,,,,,,,4865.866666666667,,,,,,,,,,15116.233333333334,35152.933333333334,13159.666666666666,,,,,,,,12713.666666666666,,,,,,,,,,42469.433333333334,69784.83333333333,
2022-07-18,12518.1,29702.6,35103.46666666667,7434.8,10470.9,,,,8737.066666666668,13300.2,36944.46666666667,16211.766666666666,73879.86666666667,12599.633333333333,,,,,8635.2,12436.766666666666,13634.133333333333,,,,,,,,5003.5,,,,,,,,,,15296.266666666666,35879.6,13428.366666666667,,,,,,,,13012.766666666666,,,,,,,,,,43529.0,71400.26666666666,
2022-07-19,12288.266666666666,29525.333333333332,34581.4,7332.633333333333,10314.5,,,,8655.2,13136.566666666668,36470.9,16104.166666666666,72989.5,12511.466666666667,,,,,8530.9,12246.333333333334,13445.933333333332,,,,,,,,5016.633333333333,,,,,,,,,,15152.066666666668,35567.166666666664,13338.7,,,,,,,,12922.566666666668,,,,,,,,,,43150.03333333333,70996.13333333333,
2022-07-20,12140.466666666667,29524.466666666667,34512.3,7315.8,10328.733333333334,,,,8635.9,13140.766666666666,36334.833333333336,16070.5,73088.73333333334,12517.133333333333,,,,,8501.066666666668,12187.2,13414.233333333334,,,,,,,,5030.533333333334,,,,,,,,,,15162.766666666666,35503.2,13333.166666666666,,,,,,,,12898.533333333333,,,,,,,,,,43004.9,71110.0,
2022-07-21,12094.733333333334,29428.3,34487.1,7313.9,10318.566666666668,,,,8566.7,13218.933333333332,36208.36666666667,16114.1,72875.86666666667,12535.833333333334,,,,,8498.066666666668,12127.0,13408.066666666668,,,,,,,,5048.466666666666,,,,,,,,,,15227.333333333334,35462.46666666667,13309.966666666667,,,,,,,,12912.3,,,,,,,,,,42971.833333333336,71263.86666666667,
2022-07-22,12030.966666666667,29390.533333333333,34498.066666666666,7299.033333333334,10327.833333333334,,,,8566.133333333333,13226.0,36190.0,16070.566666666668,72863.5,12539.1,,,,,8466.533333333333,12104.533333333333,13402.966666666667,,,,,,,,5048.1,,,,,,,,,,15275.466666666667,35414.96666666667,13294.166666666666,,,,,,,,12873.066666666668,,,,,,,,,,42923.13333333333,71239.86666666667,
2022-07-25,11982.933333333332,29315.233333333334,34419.333333333336,7285.133333333333,10364.333333333334,,,,8546.266666666666,13275.8,36136.0,16031.366666666667,72934.03333333334,12555.833333333334,,,,,8463.766666666666,12081.1,13396.633333333333,,,,,,,,5027.766666666666,,,,,,,,,,15333.366666666667,35357.86666666667,13297.533333333333,,,,,,,,12874.333333333334,,,,,,,,,,42864.96666666667,71347.53333333334,
2022-07-26,12004.566666666668,29282.3,34497.5,7254.1,10392.1,,,,8553.833333333334,13299.966666666667,36097.96666666667,16018.8,73145.66666666667,12592.633333333333,,,,,8470.9,12050.9,13398.133333333333,,,,,,,,5009.5,,,,,,,,,,15415.366666666667,35319.066666666666,13271.3,,,,,,,,12873.366666666667,,,,,,,,,,42778.3,71544.16666666667,
2022-07-27,11934.866666666667,28917.366666666665,33514.46666666667,7139.0,10128.933333333332,,,,8429.5,13231.833333333334,35537.0,16005.033333333333,71839.03333333334,12487.333333333334,,,,,8399.2,11891.766666666666,13174.333333333334,,,,,,,,4974.766666666666,,,,,,,,,,15392.766666666666,34968.53333333333,13157.8,,,,,,,,12602.866666666667,,,,,,,,,,42374.2,70997.43333333333,
2022-07-28,11890.633333333333,28662.633333333335,33270.3,7087.566666666667,10033.366666666667,,,,8401.566666666668,13230.066666666668,35407.1,18387.466666666667,69210.46666666666,12934.166666666666,,,,,8388.233333333334,11854.933333333332,13134.166666666666,,,,,,,,4965.8,,,,,,,,,,15481.1,34896.96666666667,13127.7,,,,,,,,12904.833333333334,,,,,,,,,,42223.4,70934.93333333333,
2022-07-29,12131.533333333333,28521.533333333333,33428.86666666667,7026.9,9961.433333333332,,,,8599.266666666666,13254.366666666667,34528.36666666667,,,,,,,,8542.766666666666,,,,,,,,,,4954.4,,,,,,,,,,15552.066666666668,34837.1,13114.033333333333,,,,,,,,12906.1,,,,,,,,,,42184.4,71005.73333333334,
2022-08-01,12111.466666666667,28451.6,33433.96666666667,7005.733333333334,9969.9,,,,8578.933333333332,13242.2,34424.833333333336,,,,,,,,8514.9,,,,,,,,,,4956.633333333333,,,,,,,,,,15597.333333333334,34708.96666666667,13092.366666666667,,,,,,,,12883.266666666666,,,,,,,,,,42045.0,70968.26666666666,
2022-08-02,12544.633333333333,29448.366666666665,34573.333333333336,7267.266666666666,10341.4,20448.166666666668,46282.86666666667,17028.966666666667,8915.633333333333,13717.133333333333,35141.26666666667,,,,,,,,8561.033333333333,,,,,,,,,,5121.966666666666,38052.53333333333,14799.3,18409.033333333333,5963.8,13790.2,14362.266666666666,9421.766666666666,,,16135.966666666667,35970.76666666667,13481.166666666666,,,,,,,,13397.1,,,,,,,,,,43665.566666666666,72426.06666666667,69353.83333333333
2022-08-03,12638.2,29695.0,35185.4,7346.433333333333,10554.466666666667,20667.933333333334,46813.7,17138.766666666666,9046.9,13919.2,35731.5,,,,,,,,8625.533333333333,,,,,,,,,,5183.533333333334,38301.46666666667,14850.033333333333,18534.7,6024.666666666667,13863.166666666666,14405.566666666668,9469.133333333333,,,16322.5,36165.73333333333,13577.933333333332,,,,,,,,13640.166666666666,,,,,,,,,,44276.8,73249.26666666666,69579.73333333334
2022-08-04,12784.866666666667,30003.3,36172.933333333334,7459.2,10860.7,20941.866666666665,47803.1,17348.933333333334,9272.7,14038.8,37051.833333333336,,,,,,,,7530.033333333334,,,,,,,,,,5245.666666666667,38730.76666666667,14904.8,18714.1,6075.333333333333,13987.2,14522.0,9531.0,,,16576.7,36572.53333333333,13712.133333333333,,,,,,,,13908.766666666666,,,,,,,,,,44932.3,74524.06666666667,70228.36666666667
2022-08-05,12788.833333333334,30043.966666666667,36474.8,7452.7,11013.8,20977.7,47964.933333333334,17342.6,9406.633333333333,13473.766666666666,37505.53333333333,,,,,,,,7508.0,,,,,,,,,,5258.1,38521.3,14813.166666666666,18629.033333333333,6051.4,13825.733333333334,14481.7,9549.266666666666,,,16606.2,36396.36666666667,13724.566666666668,,,,,,,,13973.533333333333,,,,,,,,,,44918.933333333334,74621.93333333333,69699.16666666667
2022-08-08,12719.833333333334,30099.566666666666,36473.1,7413.8,10985.1,20927.0,47907.666666666664,17306.366666666665,9433.7,13405.966666666667,37343.9,,,,,,,,7440.833333333333,,,,,,,,,,5235.433333333333,38418.4,14705.633333333333,18607.2,6063.733333333334,13802.366666666667,14448.4,9547.0,,,16600.1,36281.23333333333,13829.766666666666,,,,,,,,13924.966666666667,,,,,,,,,,44789.1,74616.56666666667,69592.0
2022-08-09,12659.166666666666,30047.9,36372.36666666667,7377.466666666666,10929.766666666666,20842.1,47615.86666666667,17239.433333333334,9409.966666666667,13378.7,37129.7,,,,,,,,7386.766666666666,,,,,,,,,,5215.8,38276.6,14584.066666666668,18620.2,6046.933333333333,13793.266666666666,14361.466666666667,9535.7,,,16583.866666666665,36201.63333333333,13787.066666666668,,,,,,,,13851.7,,,,,,,,,,44551.8,74549.73333333334,69449.8
2022-08-10,12606.633333333333,29952.1,36183.03333333333,7349.866666666667,10817.966666666667,20760.4,47230.833333333336,17182.333333333332,9388.333333333334,13336.733333333334,36920.833333333336,,,,,,,,7335.8,,,,,,,,,,5198.4,38034.13333333333,14463.733333333334,18599.7,6014.566666666667,13720.533333333333,14265.333333333334,9464.266666666666,,,16611.166666666668,36013.9,13729.566666666668,,,,,,,,13803.533333333333,,,,,,,,,,44307.433333333334,74352.96666666666,69309.73333333334
2022-08-11,12445.766666666666,29807.6,35839.566666666666,7297.033333333334,10724.0,20640.466666666667,46781.333333333336,17104.0,9372.533333333333,13227.3,36651.0,,,,,,,,7269.2,,,,,,,,,,5175.033333333334,37762.6,14316.7,18547.866666666665,5985.0,13630.266666666666,14156.266666666666,9388.166666666666,,,16568.4,35784.3,13645.833333333334,,,,,,,,13733.966666666667,,,,,,,,,,44105.96666666667,74134.8,69182.43333333333
2022-08-12,12225.433333333332,29540.766666666666,35436.86666666667,7261.966666666666,10629.3,20529.333333333332,46272.6,16990.8,9327.1,13142.433333333332,36464.26666666667,,,,,,,,7218.1,,,,,,,,,,5128.8,37308.333333333336,14169.133333333333,18345.733333333334,5936.1,13494.966666666667,13993.9,9361.0,,,16491.233333333334,35443.433333333334,13544.4,,,,,,,,13676.8,,,,,,,,,,43906.1,73629.0,68635.13333333333
2022-08-15,12155.566666666668,29453.0,35269.933333333334,7235.3,10593.0,20468.566666666666,46153.066666666666,16921.333333333332,9326.6,13063.133333333333,36327.7,,,,,,,,7182.0,,,,,,,,,,5121.866666666667,37153.666666666664,14057.866666666667,18381.933333333334,5908.9,13424.0,13899.533333333333,9330.933333333332,,,16431.933333333334,35263.6,13487.933333333332,,,,,,,,13646.533333333333,,,,,,,,,,43797.433333333334,73508.1,68528.56666666667
2022-08-16,12141.433333333332,29426.133333333335,35180.833333333336,7224.1,10609.9,20524.166666666668,45911.53333333333,16856.833333333332,9355.333333333334,13035.0,36227.46666666667,,,,,,,,7168.433333333333,,,,,,,,,,5110.866666666667,37039.76666666667,13977.8,18402.6,5877.066666666667,13351.666666666666,13819.333333333334,9311.5,,,16449.866666666665,35091.833333333336,13439.6,,,,,,,,13701.933333333332,,,,,,,,,,43685.53333333333,73602.13333333333,68435.3
2022-08-17,11786.933333333332,29498.4,35134.13333333333,7215.666666666667,10627.1,20521.033333333333,45590.8,16810.1,9406.7,13016.7,36247.26666666667,,,,,,,,7156.933333333333,,,,,,,,,,5097.7,36958.1,13944.033333333333,18432.4,5814.466666666666,13251.533333333333,13730.266666666666,9285.366666666667,,,15499.333333333334,36076.13333333333,12545.466666666667,,,,,,,,13680.7,,,,,,,,,,43531.76666666667,73329.93333333333,68382.46666666666
2022-08-18,11555.966666666667,29286.866666666665,34033.4,7122.533333333334,10323.633333333333,20219.833333333332,44584.73333333333,16595.466666666667,9304.1,12895.366666666667,35537.76666666667,,,,,,,,7072.366666666667,,,,,,,,,,5055.233333333334,36587.96666666667,13753.366666666667,18323.133333333335,5759.566666666667,13033.466666666667,13571.566666666668,9216.366666666667,,,15391.333333333334,36651.26666666667,11469.833333333334,6507.233333333334,37969.36666666667,,,,,,13390.333333333334,,,,,,,,,,43020.5,72625.8,68259.06666666667
2022-08-19,11051.1,28276.7,32644.866666666665,6894.0,,,,,9053.266666666666,13921.4,34706.2,,,,,,,,7438.933333333333,,,,,,,,,,4862.666666666667,,,,,,,,,,14842.266666666666,35229.833333333336,11034.166666666666,5982.3,36549.36666666667,,,,,,13003.133333333333,,,,,,,,,,43158.46666666667,,
2022-08-22,11050.066666666668,28239.366666666665,32437.266666666666,6881.166666666667,,,,,9041.533333333333,13891.333333333334,34678.26666666667,,,,,,,,7421.333333333333,,,,,,,,,,4843.933333333333,,,,,,,,,,14845.066666666668,35128.166666666664,11006.7,5937.666666666667,36652.96666666667,,,,,,13018.466666666667,,,,,,,,,,43042.833333333336,,
2022-08-23,11061.2,28202.666666666668,32353.633333333335,6877.033333333334,,,,,9039.766666666666,13834.5,34661.7,,,,,,,,7393.8,,,,,,,,,,4817.9,,,,,,,,,,14860.566666666668,35061.666666666664,10978.6,5898.066666666667,36783.166666666664,,,,,,12808.366666666667,,,,,,,,,,42957.63333333333,,
2022-08-24,11345.133333333333,28277.633333333335,32239.3,6849.633333333333,,,,,9017.6,13787.366666666667,34493.1,,,,,,,,7378.0,,,,,,,,,,4827.166666666667,,,,,,,,,,14884.066666666668,34889.7,10949.433333333332,5877.533333333334,36901.833333333336,,,,,,12788.066666666668,,,,,,,,,,42851.26666666667,,
2022-08-25,11350.933333333332,27962.0,32083.933333333334,6813.666666666667,,,,,8987.366666666667,13746.566666666668,34388.833333333336,,,,,,,,7349.3,,,,,,,,,,5801.266666666666,,,,,,,,,,14860.0,34613.0,10886.033333333333,5827.633333333333,36916.86666666667,,,,,,12737.833333333334,,,,,,,,,,42715.53333333333,,
2022-08-26,11423.0,27832.966666666667,31892.166666666668,6779.7,,,,,8971.966666666667,13704.666666666666,34311.166666666664,,,,,,,,7332.366666666667,,,,,,,,,,5763.366666666667,,,,,,,,,,14837.066666666668,34505.9,10846.933333333332,5818.0,37036.73333333333,,,,,,12733.566666666668,,,,,,,,,,42603.1,,
2022-08-30,11617.5,28119.566666666666,32323.033333333333,6859.9,,,,,8992.433333333332,13969.533333333333,34786.76666666667,,,,,,,,7395.933333333333,,,,,,,,,,5776.733333333334,,,,,,,,,,14992.766666666666,34905.53333333333,10949.2,5817.0,37435.6,,,,,,12861.9,,,,,,,,,,42898.666666666664,,
2022-08-31,11846.633333333333,28343.733333333334,32992.166666666664,6958.333333333333,,,,,9139.833333333334,14141.466666666667,35405.1,,,,,,,,7511.133333333333,,,,,,,,,,5763.066666666667,,,,,,,,,,15283.933333333332,35239.666666666664,11077.833333333334,5865.366666666667,38006.53333333333,,,,,,12966.133333333333,,,,,,,,,,43439.53333333333,,
2022-09-01,11979.2,28285.366666666665,33015.3,6977.4,,,,,9161.466666666667,14159.933333333332,35492.03333333333,,,,,,,,7524.9,,,,,,,,,,5721.866666666667,,,,,,,,,,15356.1,35192.63333333333,11078.633333333333,5874.7,38090.46666666667,,,,,,12971.766666666666,,,,,,,,,,43500.96666666667,,
2022-09-02,11964.266666666666,28104.6,32908.833333333336,6905.966666666666,,,,,9308.433333333332,,,,,,,,,,7554.933333333333,,,,,,,,,,5697.166666666667,,,,,,,,,,15294.333333333334,35001.76666666667,11061.633333333333,5866.033333333334,38178.333333333336,,,,,,12841.666666666666,,,,,,,,,,43055.2,,
2022-09-05,11920.866666666667,27969.8,32703.4,6911.366666666667,,,,,9313.8,,,,,,,,,,7546.5,,,,,,,,,,5662.9,,,,,,,,,,15105.966666666667,34918.066666666666,11039.266666666666,5820.066666666667,37672.5,,,,,,12857.033333333333,,,,,,,,,,43100.9,,
2022-09-06,12054.966666666667,28025.3,32689.433333333334,6984.266666666666,,,,,9362.6,,,,,,,,,,7583.6,,,,,,,,,,5661.633333333333,,,,,,,,,,15081.766666666666,35025.666666666664,11076.666666666666,5780.433333333333,37550.03333333333,,,,,,12970.533333333333,,,,,,,,,,43363.23333333333,,
2022-09-07,12126.7,27915.733333333334,32595.533333333333,7012.733333333334,,,,,9372.5,,,,,,,,,,7582.366666666667,,,,,,,,,,5663.766666666666,,,,,,,,,,15755.6,34290.666666666664,11618.566666666668,,,,,,,,12975.733333333334,,,,,,,,,,43265.833333333336,,
2022-09-08,12273.033333333333,28139.6,33491.4,7105.333333333333,,,,,9520.9,,,,,,,,,,7661.6,,,,,,,,,,5678.966666666666,,,,,,,,,,15789.566666666668,34952.6,11728.9,,,,,,,,13254.533333333333,,,,,,,,,,43727.5,,
2022-09-09,12276.033333333333,28029.3,33495.566666666666,7043.033333333334,,,,,9448.8,,,,,,,,,,7578.233333333334,,,,,,,,,,5679.433333333333,,,,,,,,,,15685.533333333333,35515.96666666667,11728.866666666667,,,,,,,,12827.933333333332,,,,,,,,,,43377.7,,
2022-09-12,12301.8,27925.766666666666,33074.86666666667,7093.2,,,,,9268.3,,,,,,,,,,7423.033333333334,12884.766666666666,,,,,,,,,5659.833333333333,,,,,,,,,,15483.133333333333,34656.03333333333,11711.666666666666,,,,,,,,12863.333333333334,,,,,,,,,,43455.1,,
2022-09-13,12478.6,28083.933333333334,33202.96666666667,7168.566666666667,,,,,9349.3,,,,,,,,,,7493.933333333333,13085.433333333332,,,,,,,,,5660.133333333333,,,,,,,,,,15498.9,34075.6,11803.3,,,,,,,,13012.533333333333,,,,,,,,,,43863.96666666667,,
2022-09-14,12579.4,28151.133333333335,33353.833333333336,7216.566666666667,,,,,9367.7,,,,,,,,,,7526.1,13155.166666666666,,,,,,,,,5667.1,,,,,,,,,,15465.333333333334,33328.166666666664,11852.933333333332,,,,,,,,13069.033333333333,,,,,,,,,,43982.96666666667,,
2022-09-15,12667.766666666666,28162.033333333333,33215.36666666667,7237.166666666667,,,,,9357.433333333332,,,,,,,,,,7538.9,13202.8,,,,,,,,,5664.633333333333,,,,,,,,,,15416.0,32523.233333333334,11869.9,,,,,,,,13082.966666666667,,,,,,,,,,44004.9,,
2022-09-16,12695.866666666667,28144.666666666668,33310.433333333334,7205.433333333333,,,,,9237.2,,,,,,,,,,7465.2,13081.666666666666,,,,,,,,,5666.5,,,,,,,,,,15409.566666666668,31802.633333333335,11884.766666666666,,,,,,,,13008.733333333334,,,,,,,,,,43772.5,,
2022-09-20,12805.866666666667,28326.166666666668,33332.066666666666,7316.433333333333,,,,,9220.133333333333,,,,,,,,,,7566.666666666667,13299.633333333333,,,,,,,,,5656.733333333334,,,,,,,,,,15292.4,32127.866666666665,11927.733333333334,,,,,,,,13182.866666666667,,,,,,,,,,44280.36666666667,,
2022-09-21,13039.833333333334,28484.3,33481.566666666666,7430.633333333333,,,,,9291.966666666667,,,,,,,,,,7691.8,13538.133333333333,,,,,,,,,5679.4,,,,,,,,,,15345.1,32584.966666666667,11886.166666666666,,,,,,,,13339.566666666668,,,,,,,,,,44789.666666666664,,
2022-09-22,13218.266666666666,28677.666666666668,33621.7,7509.366666666667,,,,,9362.866666666667,,,,,,,,,,7780.3,13691.833333333334,,,,,,,,,5689.933333333333,,,,,,,,,,15412.533333333333,32872.2,11981.133333333333,,,,,,,,13451.9,,,,,,,,,,45110.166666666664,,
2022-09-23,13304.2,28735.766666666666,33679.433333333334,7495.966666666666,,,,,9339.666666666666,,,,,,,,,,7798.0,13666.3,,,,,,,,,5700.666666666667,,,,,,,,,,15390.1,32922.9,12037.433333333332,,,,,,,,13347.766666666666,,,,,,,,,,45018.066666666666,,
2022-09-26,13353.466666666667,28823.4,33624.36666666667,7510.7,,,,,9310.066666666668,,,,,,,,,,7828.866666666667,13672.733333333334,,,,,,,,,5695.966666666666,,,,,,,,,,15249.066666666668,32885.63333333333,12050.533333333333,,,,,,,,13284.866666666667,,,,,,,,,,44914.566666666666,,
2022-09-27,13609.966666666667,29028.733333333334,33675.0,7625.233333333334,,,,,9402.0,,,,,,,,,,7953.4,13963.9,,,,,,,,,5704.7,,,,,,,,,,15167.5,33086.73333333333,12154.133333333333,,,,,,,,13458.233333333334,,,,,,,,,,45410.6,,
2022-09-28,13880.466666666667,29345.033333333333,34043.666666666664,7742.466666666666,,,,,9508.6,,,,,,,,,,8084.733333333334,14218.933333333332,,,,,,,,,5710.8,,,,,,,,,,15298.466666666667,33459.9,12288.066666666668,,,,,,,,13596.5,,,,,,,,,,45949.36666666667,,
2022-09-29,14115.766666666666,29508.766666666666,34279.0,7819.133333333333,,,,,9599.9,,,,,,,,,,8160.433333333333,14377.666666666666,,,,,,,,,5714.533333333334,,,,,,,,,,15329.6,33674.5,12380.866666666667,,,,,,,,13590.6,,,,,,,,,,46288.7,,
2022-09-30,14587.866666666667,29452.7,34447.46666666667,7823.0,,,,,9518.633333333333,,,,,,,,,,8147.866666666667,14419.666666666666,,,,,,,,,5718.6,,,,,,,,,,15370.233333333334,33725.13333333333,12429.866666666667,,,,,,,,13477.5,,,,,,,,,,46209.433333333334,,
2022-10-03,14761.2,29621.9,35322.86666666667,7901.466666666666,,,,,9612.133333333333,,,,,,,,,,8237.066666666668,14554.5,,,,,,,,,5739.566666666667,,,,,,,,,,15326.666666666666,33911.2,12547.266666666666,,,,,,,,13670.4,,,,,,,,,,46538.36666666667,,
2022-10-04,15397.533333333333,30853.2,36733.03333333333,8263.9,11809.6,22833.033333333333,47178.3,18632.933333333334,10011.433333333332,,,,,,,,,,7996.8,15118.666666666666,,,,,,,,,5906.9,37400.1,14723.1,16759.9,7452.633333333333,,,,,,15806.033333333333,35314.1,13008.033333333333,,,,,,,,14228.066666666668,7457.233333333334,,,,,,,,,46854.46666666667,76013.93333333333,70160.86666666667
2022-10-05,15605.166666666666,30841.766666666666,36103.53333333333,8297.566666666668,11601.666666666666,23068.466666666667,46758.2,18764.766666666666,10012.333333333334,,,,,,,,,,8051.766666666666,15188.1,,,,,,,,,5920.166666666667,37375.53333333333,14846.366666666667,16724.833333333332,7456.3,,,,,,15813.166666666666,35413.8,13067.966666666667,,,,,,,,14364.0,7429.1,,,,,,,,,47119.46666666667,75987.83333333333,70122.26666666666
2022-10-06,15873.3,31116.833333333332,36347.3,8386.633333333333,11683.566666666668,23361.0,46743.1,19033.833333333332,10097.5,,,,,,,,,,8159.233333333334,15361.333333333334,,,,,,,,,5949.466666666666,37644.433333333334,15041.7,16766.733333333334,7487.766666666666,,,,,,15885.4,35710.566666666666,13166.166666666666,,,,,,,,14652.7,6637.5,19699.466666666667,21493.733333333334,6988.433333333333,10702.633333333333,13074.366666666667,11546.166666666666,,,47508.8,76586.23333333334,70374.23333333334
2022-10-07,16182.066666666668,31188.433333333334,36681.23333333333,8409.966666666667,11709.4,23472.466666666667,46696.53333333333,19164.3,10433.366666666667,,,,,,,,,,,,,,,,,,,,5951.1,38934.03333333333,15448.666666666666,17365.766666666666,6534.133333333333,,,,,,15962.3,35879.23333333333,13222.5,,,,,,,,14582.766666666666,6610.9,19758.933333333334,21494.8,6958.033333333334,10641.533333333333,13284.666666666666,9149.233333333334,34064.433333333334,,47631.86666666667,77028.16666666667,70789.06666666667
2022-10-10,16255.3,31367.3,36750.76666666667,8450.566666666668,11667.5,23453.2,46957.433333333334,19305.333333333332,10467.933333333332,,,,,,,,,,,,,,,,,,,,4972.433333333333,39780.8,15417.366666666667,17624.533333333333,6292.8,,,,,,15901.833333333334,34933.1,13984.866666666667,,,,,,,,14593.466666666667,6597.266666666666,19755.366666666665,21484.2,6961.233333333334,10699.266666666666,13272.266666666666,9303.033333333333,34097.53333333333,,47641.066666666666,76869.03333333334,70918.56666666667
2022-10-11,16466.233333333334,31711.466666666667,36985.73333333333,8606.8,11754.533333333333,23750.733333333334,47230.566666666666,19639.766666666666,10633.7,,,,,,,,,,,,,,,,,,,,4991.566666666667,40071.96666666667,15580.233333333334,17670.9,6333.4,,,,,,16864.066666666666,34261.36666666667,14960.3,,,,,,,,14803.166666666666,6717.433333333333,19783.233333333334,21590.666666666668,7089.266666666666,10831.333333333334,13428.6,9552.666666666666,34365.666666666664,,48313.36666666667,77325.43333333333,71064.96666666666
2022-10-12,16711.533333333333,31921.8,37350.7,8757.866666666667,11841.5,24027.433333333334,47513.2,19939.4,10766.266666666666,,,,,,,,,,,,,,,,,,,,5025.533333333334,40386.73333333333,15760.4,17786.033333333333,6386.433333333333,,,,,,16972.4,34679.833333333336,15078.633333333333,,,,,,,,14958.033333333333,6787.366666666667,19961.266666666666,21788.766666666666,7165.2,10966.433333333332,13592.8,9745.666666666666,34783.1,,48820.566666666666,77999.1,71370.3
2022-10-13,16954.333333333332,32227.933333333334,37631.3,8891.166666666666,11889.166666666666,24310.866666666665,47812.86666666667,20222.366666666665,10826.2,,,,,,,,,,,,,,,,,,,,5076.866666666667,40666.76666666667,15924.966666666667,17847.9,6443.066666666667,,,,,,17001.1,34967.73333333333,15156.233333333334,,,,,,,,15111.133333333333,6848.5,20054.066666666666,21325.9,7381.8,11222.966666666667,13576.266666666666,10840.033333333333,37052.46666666667,,49133.1,78552.13333333333,71405.13333333333
2022-10-14,17140.266666666666,32399.066666666666,37867.53333333333,8908.4,11879.9,24353.6,47982.13333333333,20327.733333333334,10813.4,,,,,,,,,,,,,,,,,,,,5119.733333333334,40822.23333333333,16083.0,17952.4,6491.933333333333,,,,,,17039.366666666665,35100.26666666667,15214.4,,,,,,,,15063.366666666667,7440.366666666667,22214.9,,,,,,,,49039.933333333334,78844.26666666666,71605.36666666667
2022-10-17,17234.366666666665,32566.166666666668,37993.86666666667,8968.3,11925.833333333334,24424.666666666668,48015.333333333336,20513.333333333332,10649.066666666668,15077.033333333333,,,,,,,,,,,,,,,,,,,5135.6,40946.666666666664,16149.966666666667,17979.533333333333,6499.5,,,,,,17014.5,35137.13333333333,15249.5,,,,,,,,15160.666666666666,7503.533333333334,22202.533333333333,,,,,,,,49267.76666666667,78902.5,71618.73333333334
2022-10-18,17475.1,32949.6,38372.166666666664,9094.566666666668,12051.7,24737.066666666666,48344.96666666667,20795.9,10776.533333333333,15300.6,,,,,,,,,,,,,,,,,,,5170.833333333333,41313.03333333333,16294.8,18120.666666666668,6561.6,,,,,,17177.933333333334,35425.9,15372.133333333333,,,,,,,,15336.366666666667,7576.833333333333,22423.466666666667,,,,,,,,49761.26666666667,79824.26666666666,72074.9
2022-10-19,17575.233333333334,33155.1,38715.53333333333,9142.533333333333,12113.566666666668,24892.5,48629.26666666667,20983.233333333334,10834.6,15439.866666666667,,,,,,,,,,,,,,,,,,,5212.6,41561.46666666667,16409.266666666666,18246.633333333335,6604.4,,,,,,17314.2,35632.566666666666,15463.766666666666,,,,,,,,15368.8,7608.3,22567.0,,,,,,,,49979.4,80375.13333333333,72333.93333333333
2022-10-20,17752.2,33434.36666666667,39085.833333333336,9221.533333333333,12312.6,25123.9,48935.333333333336,21164.466666666667,10898.2,15591.566666666668,,,,,,,,,,,,,,,,,,,5254.2,41722.03333333333,16495.933333333334,18352.966666666667,6625.533333333334,,,,,,16697.033333333333,36499.63333333333,14986.366666666667,10385.6,,,,,,,15433.933333333332,7655.633333333333,22671.233333333334,,,,,,,,50284.333333333336,80892.96666666666,72597.46666666666
2022-10-21,17802.733333333334,33487.36666666667,39268.6,9192.066666666668,12271.9,25051.433333333334,48960.86666666667,21200.666666666668,10827.833333333334,15646.933333333332,,,,,,,,,,,,,,,,,,,5276.733333333334,41761.933333333334,16555.933333333334,18489.4,6639.333333333333,,,,,,16799.466666666667,36034.23333333333,15004.9,10345.733333333334,,,,,,,15289.7,7576.666666666667,22696.166666666668,,,,,,,,49972.566666666666,80797.66666666667,72551.46666666666
2022-10-24,17786.0,33632.0,39273.933333333334,9219.633333333333,12301.666666666666,25101.733333333334,48986.76666666667,21323.066666666666,10912.266666666666,15700.833333333334,,,,,,,,,,,,,,,,,,,5278.5,42309.13333333333,16570.5,18571.366666666665,6650.3,,,,,,16880.033333333333,35361.13333333333,15010.866666666667,10225.566666666668,,,,,,,15333.466666666667,7587.0,22657.233333333334,,,,,,,,50137.6,80962.06666666667,73292.9
2022-10-25,17910.066666666666,33898.433333333334,39626.36666666667,9266.3,12388.1,25366.266666666666,49238.53333333333,21591.1,11010.9,15868.1,,,,,,,,,,,,,,,,,,,5307.633333333333,42684.23333333333,16679.4,18767.066666666666,6684.033333333334,,,,,,17080.0,36409.96666666667,15087.533333333333,10052.333333333334,,,,,,,15460.133333333333,7632.233333333334,22847.433333333334,,,,,,,,50459.36666666667,81762.96666666666,73771.1
2022-10-26,17956.866666666665,34054.066666666666,39767.26666666667,9280.266666666666,12445.6,25447.933333333334,49365.73333333333,21705.433333333334,11041.333333333334,15979.866666666667,,,,,,,,,,,,,,,,,,,5333.5,42992.666666666664,16741.966666666667,18953.133333333335,6696.733333333334,,,,,,17312.9,37411.46666666667,15139.266666666666,9834.2,,,,,,,15503.766666666666,7617.133333333333,22950.9,,,,,,,,50499.03333333333,82216.13333333333,74165.0
2022-10-27,18059.0,34277.46666666667,39865.0,9304.066666666668,12496.3,25607.133333333335,49451.933333333334,21826.5,11096.633333333333,16085.766666666666,,,,,,,,,,,,,,,,,,,5361.266666666666,43178.9,16823.966666666667,19125.9,6707.733333333334,,,,,,17538.066666666666,38433.13333333333,15189.166666666666,9480.766666666666,,,,,,,15552.566666666668,7613.7,22966.5,,,,,,,,50597.3,82716.46666666666,74840.16666666667
2022-10-28,18122.333333333332,34413.26666666667,40105.0,9276.5,12556.766666666666,25614.433333333334,49665.26666666667,21885.366666666665,11072.0,16197.633333333333,,,,,,,,,,,,,,,,,,,5397.4,43339.0,16910.066666666666,19310.833333333332,6741.0,,,,,,17713.466666666667,39356.4,15234.833333333334,9279.3,,,,,,,15505.033333333333,7574.5,23039.233333333334,,,,,,,,50453.03333333333,83101.3,75349.9
2022-10-31,18139.566666666666,34480.76666666667,39929.36666666667,9311.066666666668,12518.2,25659.366666666665,49533.03333333333,22028.366666666665,11145.233333333334,16264.566666666668,,,,,,,,,,,,,,,,,,,5401.233333333334,43283.03333333333,16918.333333333332,19296.6,6722.366666666667,,,,,,17583.266666666666,40002.36666666667,15262.266666666666,8982.0,,,,,,,15590.5,7605.466666666666,22766.433333333334,,,,,,,,50597.5,82951.3,75294.66666666667
2022-11-01,18211.366666666665,34565.5,40007.833333333336,9336.666666666666,12502.233333333334,25762.966666666667,50060.7,22154.266666666666,11215.433333333332,16351.066666666668,,,,,,,,,,,,,,,,,,,5432.033333333334,43453.63333333333,16990.233333333334,19378.0,6737.1,,,,,,17664.333333333332,39933.96666666667,15308.6,8969.666666666666,,,,,,,15678.1,7636.2,22840.566666666666,,,,,,,,50765.333333333336,83186.3,75351.2
2022-11-02,18297.366666666665,34610.166666666664,40126.76666666667,9363.0,12527.9,25879.0,50332.6,22261.033333333333,11248.0,16431.766666666666,,,,,,,,,,,,,,,,,,,5447.966666666666,43835.36666666667,17059.166666666668,19474.766666666666,6748.366666666667,,,,,,17773.433333333334,39908.566666666666,15351.766666666666,8980.1,,,,,,,15744.166666666666,7669.933333333333,22913.266666666666,,,,,,,,50806.333333333336,83432.83333333333,75410.16666666667
2022-11-03,18388.833333333332,34592.566666666666,40092.36666666667,9335.333333333334,12519.733333333334,25933.933333333334,49845.86666666667,22338.5,11243.9,16464.7,,,,,,,,,,,,,,,,,,,5455.733333333334,44051.833333333336,17097.466666666667,19552.033333333333,6755.033333333334,,,,,,17790.866666666665,39791.36666666667,15326.166666666666,8964.4,,,,,,,15717.766666666666,7657.4,22891.1,,,,,,,,50738.23333333333,83447.7,75517.5
2022-11-04,18503.333333333332,34635.73333333333,39920.46666666667,9347.666666666666,12555.866666666667,26051.1,49782.1,22426.2,11250.366666666667,16498.166666666668,,,,,,,,,,,,,,,,,,,5463.333333333333,44416.8,17137.9,19633.5,6756.5,,,,,,17853.966666666667,39844.9,15341.5,8990.366666666667,,,,,,,15759.866666666667,7651.666666666667,22944.466666666667,,,,,,,,50735.2,83620.93333333333,75664.53333333334
2022-11-07,18506.7,34308.4,39388.7,9306.166666666666,12383.366666666667,25992.333333333332,49067.6,22328.833333333332,11169.8,16438.2,,,,,,,,,,,,,,,,,,,5444.666666666667,44595.5,17139.433333333334,19622.3,6750.4,,,,,,17797.1,39729.333333333336,15301.133333333333,8976.2,,,,,,,15689.566666666668,7586.933333333333,22792.466666666667,,,,,,,,50615.8,83694.76666666666,75535.1
2022-11-08,18559.2,34250.76666666667,39220.6,9314.833333333334,12309.366666666667,26057.166666666668,48741.333333333336,22319.566666666666,11175.233333333334,16453.5,,,,,,,,,,,,,,,,,,,5429.966666666666,45027.3,17164.3,19648.733333333334,6731.266666666666,,,,,,17814.433333333334,39784.833333333336,15317.433333333332,8987.333333333334,,,,,,,15707.533333333333,7602.866666666667,22812.933333333334,,,,,,,,50664.066666666666,83788.6,75573.76666666666
2022-11-09,18630.233333333334,34106.566666666666,38767.833333333336,9279.633333333333,12259.4,26029.833333333332,48239.6,22243.933333333334,11126.4,16404.766666666666,,,,,,,,,,,,,,,,,,,5407.166666666667,45353.13333333333,17159.633333333335,19654.366666666665,6712.833333333333,,,,,,17774.033333333333,39770.166666666664,15281.266666666666,9470.866666666667,,,,,,,16274.766666666666,,,,,,,,,,50579.03333333333,83673.03333333334,75831.43333333333
2022-11-10,17951.933333333334,32891.63333333333,,,,,,,10674.133333333333,,,,,,,,,,,,,,,,,,,,5231.8,45137.23333333333,16574.566666666666,,,,,,,,17210.6,38295.4,14798.8,9277.666666666666,,,,,,,15699.333333333334,,,,,,,,,,48678.2,82591.26666666666,
2022-11-11,17998.533333333333,32814.73333333333,,,,,,,10624.066666666668,,,,,,,,,,,,,,,,,,,,6961.633333333333,44235.03333333333,16090.5,,,,,,,,17141.366666666665,37139.6,16056.533333333333,10620.466666666667,,,,,,,15700.266666666666,,,,,,,,,,48537.4,82447.56666666667,
2022-11-14,17995.433333333334,32760.533333333333,,,,,,,10635.266666666666,,,,,,,,,,,,,,,,,,,,6949.766666666666,45303.066666666666,16447.433333333334,,,,,,,,17149.2,37177.2,16044.933333333332,10615.7,,,,,,,15693.666666666666,,,,,,,,,,48527.03333333333,82431.13333333333,
2022-11-15,17788.6,32670.333333333332,,,,,,,10638.1,,,,,,,,,,,,,,,,,,,,6949.533333333334,45644.23333333333,16409.266666666666,,,,,,,,17163.966666666667,37208.666666666664,16034.733333333334,10611.8,,,,,,,15727.966666666667,,,,,,,,,,48575.53333333333,82547.2,
2022-11-16,17898.866666666665,32950.5,,,,,,,10795.1,,,,,,,,,,,,,,,,,,,,6955.6,46428.333333333336,16448.466666666667,,,,,,,,17306.3,37517.066666666666,16113.566666666668,10636.633333333333,,,,,,,15786.666666666666,,,,,,,,,,48894.03333333333,83438.93333333333,
2022-11-17,17927.633333333335,32895.13333333333,,,,,,,10817.666666666666,,,,,,,,,,,,,,,,,,,,6954.833333333333,46910.03333333333,16426.933333333334,,,,,,,,17313.766666666666,37548.3,16126.766666666666,10654.133333333333,,,,,,,15812.966666666667,,,,,,,,,,48863.066666666666,83551.53333333334,
2022-11-18,17816.266666666666,32809.26666666667,,,,,,,10482.6,,46013.566666666666,15770.5,89937.4,14520.4,,,,,9040.466666666667,16598.133333333335,16949.9,47287.9,,,,,,,6946.666666666667,47440.86666666667,16421.3,,,,,,,,17395.5,37604.933333333334,16134.933333333332,10938.766666666666,,,,,,,15815.766666666666,,,,,,,,,,48706.03333333333,83527.53333333334,
2022-11-21,17743.066666666666,32709.566666666666,,,,,,,10457.466666666667,,45961.96666666667,15746.5,89788.26666666666,14515.5,,,,,9015.766666666666,16614.4,16891.333333333332,47402.73333333333,,,,,,,6930.533333333334,47714.53333333333,16377.733333333334,,,,,,,,17407.066666666666,38650.26666666667,15405.466666666667,8456.533333333333,37816.1,,,,,,15800.466666666667,,,,,,,,,,48597.8,83466.56666666667,
2022-11-22,17703.966666666667,32637.3,,,,,,,10448.2,,45979.53333333333,15729.066666666668,89674.8,14547.466666666667,,,,,8990.833333333334,16464.133333333335,16843.233333333334,47696.2,,,,,,,6928.933333333333,48180.566666666666,16347.666666666666,,,,,,,,16449.0,39728.1,14533.233333333334,8121.9,38519.36666666667,,,,,,15805.4,,,,,,,,,,48520.73333333333,83509.4,
2022-11-23,17749.766666666666,32546.1,,,,,,,10527.566666666668,,45967.03333333333,15716.133333333333,89559.76666666666,14570.133333333333,,,,,8943.266666666666,16333.466666666667,16796.8,47984.53333333333,,,,,,,6922.866666666667,48848.7,16335.333333333334,,,,,,,,16477.9,39759.76666666667,14547.866666666667,8256.0,38587.26666666667,,,,,,15809.7,,,,,,,,,,48452.73333333333,83596.73333333334,
2022-11-24,17713.266666666666,32501.333333333332,,,,,,,10564.866666666667,,46024.5,15705.566666666668,89509.46666666666,14594.366666666667,,,,,8923.0,16188.866666666667,16729.966666666667,48277.566666666666,,,,,,,6925.166666666667,49374.1,16342.2,,,,,,,,16571.3,39834.26666666667,14582.533333333333,8432.266666666666,38695.63333333333,,,,,,15857.533333333333,,,,,,,,,,48307.833333333336,83719.5,
2022-11-25,17718.8,32475.533333333333,,,,,,,10609.7,,46058.1,15704.466666666667,89559.5,14625.033333333333,,,,,8886.566666666668,16074.0,16697.166666666668,48581.933333333334,,,,,,,6938.1,50337.666666666664,16340.866666666667,,,,,,,,16755.966666666667,40092.7,14635.933333333332,8571.133333333333,38940.0,,,,,,15892.433333333332,,,,,,,,,,48262.166666666664,83993.23333333334,
2022-11-28,17697.4,32457.533333333333,,,,,,,10651.5,,46105.73333333333,15699.133333333333,89503.16666666667,14639.7,,,,,8864.8,16059.633333333333,16635.6,48861.36666666667,,,,,,,6936.433333333333,50850.333333333336,16337.266666666666,,,,,,,,16815.5,40187.833333333336,14634.733333333334,8775.933333333332,39063.53333333333,,,,,,15875.866666666667,,,,,,,,,,48255.1,84068.86666666667,
2022-11-29,17740.733333333334,32390.933333333334,,,,,,,10656.533333333333,,46065.3,15664.0,89506.46666666666,14634.166666666666,,,,,8847.266666666666,15977.1,16577.366666666665,49308.3,,,,,,,6931.766666666666,51538.46666666667,16301.7,,,,,,,,16835.033333333333,40380.46666666667,14610.533333333333,8914.4,39090.933333333334,,,,,,15873.6,,,,,,,,,,48220.4,84100.63333333333,
2022-11-30,17784.966666666667,32352.5,,,,,,,10667.6,,46175.3,15652.166666666666,89454.13333333333,14633.4,,,,,8849.0,15991.366666666667,16479.433333333334,49689.066666666666,,,,,,,6904.666666666667,52255.9,16294.5,,,,,,,,16741.966666666667,40657.13333333333,14563.7,8977.266666666666,39166.833333333336,,,,,,15898.466666666667,,,,,,,,,,48227.26666666667,84137.56666666667,
2022-12-01,17758.3,32360.166666666668,,,,,,,10681.6,,46308.76666666667,15659.433333333332,89474.63333333333,14672.933333333332,,,,,8841.7,15973.2,16435.566666666666,50011.8,,,,,,,6892.566666666667,53081.46666666667,16314.133333333333,,,,,,,,16804.366666666665,40959.8,14591.466666666667,9133.9,39364.7,,,,,,15909.466666666667,,,,,,,,,,48303.36666666667,84420.53333333334,
2022-12-02,17788.333333333332,32436.966666666667,,,,,,,10727.066666666668,,46472.8,15696.733333333334,89726.2,14704.4,,,,,8831.5,15983.1,16404.066666666666,50388.833333333336,,,,,,,6898.3,54034.2,16371.7,,,,,,,,17029.833333333332,41369.26666666667,14635.1,9602.9,39832.333333333336,,,,,,15946.633333333333,,,,,,,,,,48389.13333333333,84897.03333333334,
2022-12-05,17869.666666666668,32429.933333333334,,,,,,,10727.933333333332,,46624.26666666667,15727.8,89638.13333333333,14708.033333333333,,,,,8834.133333333333,15994.9,16380.5,50786.566666666666,,,,,,,6900.233333333334,54358.03333333333,16402.5,,,,,,,,17067.266666666666,41518.46666666667,14658.3,9934.833333333334,39774.1,,,,,,,,,,,,,,,,48354.933333333334,84909.5,
2022-12-06,17990.966666666667,32420.266666666666,,,,,,,10744.366666666667,,46929.8,15761.2,89774.6,14759.2,,,,,8832.133333333333,16036.266666666666,16361.966666666667,51296.166666666664,,,,,,,6897.266666666666,54796.9,16431.166666666668,,,,,,,,17146.0,41756.8,14685.4,10220.766666666666,39776.433333333334,,,,,,,,,,,,,,,,48399.86666666667,85041.26666666666,
2022-12-07,18146.133333333335,32431.966666666667,,,,,,,10782.433333333332,,47310.566666666666,15812.2,89901.93333333333,14822.366666666667,,,,,8852.166666666666,16078.533333333333,16413.433333333334,51815.76666666667,,,,,,,6904.233333333334,55245.86666666667,16472.233333333334,,,,,,,,17170.3,41951.166666666664,14711.0,10514.466666666667,39729.53333333333,,,,,,,,,,,,,,,,48501.6,85231.86666666667,
2022-12-08,18097.833333333332,32403.633333333335,,,,,,,10781.033333333333,,47603.53333333333,15842.666666666666,90145.03333333334,14820.366666666667,,,,,8852.966666666667,16073.366666666667,16431.633333333335,52296.666666666664,,,,,,,6900.766666666666,55805.6,16503.2,,,,,,,,17257.433333333334,42268.4,14731.1,10885.1,39818.433333333334,,,,,,,,,,,,,,,,48587.96666666667,85499.06666666667,
2022-12-09,18024.866666666665,32379.5,,,,,,,10792.066666666668,,47839.03333333333,15881.866666666667,90195.96666666666,14856.2,,,,,8825.2,16102.133333333333,16437.8,52700.53333333333,,,,,,,6905.933333333333,56414.3,16529.4,,,,,,,,17452.1,42770.36666666667,14762.2,11143.0,40011.333333333336,,,,,,,,,,,,,,,,48579.0,85758.1,
2022-12-12,17902.4,32154.533333333333,,,,,,,10913.833333333334,,46917.3,17841.166666666668,87998.9,15202.433333333332,,,,,8746.733333333334,15913.066666666668,16298.566666666668,52778.96666666667,,,,,,,6880.766666666666,56768.13333333333,16467.0,,,,,,,,17533.166666666668,42017.3,15478.6,11304.9,,,,,,,,,,,,,,,,,48350.4,85362.7,
2022-12-13,17798.266666666666,31690.8,,,,,,,10885.833333333334,,45575.13333333333,,,,,,,,8628.066666666668,15639.366666666667,16376.133333333333,53064.166666666664,,,,,,,6818.4,56610.76666666667,16358.6,,,,,,,,17496.566666666666,41825.36666666667,15380.5,11490.7,,,,,,,,,,,,,,,,,47713.03333333333,84652.23333333334,
2022-12-14,17573.166666666668,31262.2,,,,,,,10698.566666666668,,44179.03333333333,,,,,,,,8585.5,15944.466666666667,15894.6,53228.53333333333,,,,,,,6766.366666666667,56366.166666666664,16229.1,,,,,,,,17399.266666666666,41582.6,15266.6,11676.2,,,,,,,,,,,,,,,,,47157.333333333336,83960.0,
2022-12-15,17524.5,30985.766666666666,,,,,,,10612.233333333334,,43978.53333333333,,,,,,,,8524.266666666666,15851.266666666666,15760.533333333333,53152.8,,,,,,,6732.333333333333,56778.26666666667,16166.566666666668,,,,,,,,17460.4,41636.5,15234.6,11978.3,,,,,,,,,,,,,,,,,46955.8,83825.76666666666,
2022-12-16,17436.866666666665,30650.0,,,,,,,10519.633333333333,,43730.166666666664,,,,,,,,8451.0,15654.666666666666,15548.833333333334,52629.36666666667,,,,,,,6667.7,56842.8,16052.0,,,,,,,,17518.566666666666,41652.5,15112.766666666666,12329.7,,,,,,,,,,,,,,,,,46788.4,83594.06666666667,
2022-12-19,17375.866666666665,30677.7,,,,,,,10559.266666666666,,43858.666666666664,,,,,,,,8419.533333333333,15620.5,15619.866666666667,52866.2,,,,,,,6687.733333333334,57515.833333333336,16017.5,,,,,,,,17893.333333333332,42019.666666666664,15167.366666666667,12803.166666666666,,,,,,,,,,,,,,,,,46670.433333333334,83587.36666666667,
2022-12-20,17282.333333333332,30484.0,,,,,,,10501.466666666667,,43339.73333333333,,,,,,,,8295.266666666666,15402.233333333334,15542.4,52470.73333333333,,,,,,,6712.3,58414.86666666667,15921.133333333333,,,,,,,,18122.166666666668,42266.566666666666,15167.333333333334,13275.833333333334,,,,,,,,,,,,,,,,,46271.2,83635.03333333334,
2022-12-21,17107.1,30296.166666666668,,,,,,,10442.166666666666,,42874.6,,,,,,,,8211.5,15224.866666666667,15494.333333333334,52121.166666666664,,,,,,,7734.766666666666,,,,,,,,,,18302.2,42364.36666666667,15193.5,13229.233333333334,,,,,,,,,,,,,,,,,45807.13333333333,83592.93333333333,
2022-12-22,17577.3,31045.9,39209.13333333333,8602.033333333333,12041.433333333332,25561.1,40271.4,21562.433333333334,10679.2,17888.066666666666,41985.666666666664,,,,,,,,8378.466666666667,13933.4,15810.666666666666,51702.1,,,,,,,7898.366666666667,,,,,,,,,,18770.866666666665,43703.433333333334,15631.1,13849.966666666667,,,,,,,,,,,,,,,,,46981.566666666666,84069.86666666667,77375.6
2022-12-23,17295.033333333333,30637.5,38716.166666666664,8504.4,11835.666666666666,25185.0,39871.6,21297.233333333334,10594.066666666668,17749.2,41339.36666666667,,,,,,,,8283.833333333334,13680.333333333334,15644.233333333334,52271.7,,,,,,,6159.033333333334,,,,,,,,,,18911.2,44669.86666666667,14264.566666666668,12874.4,,,,,,,,,,,,,,,,,46634.933333333334,83518.56666666667,77108.5
2023-01-03,17169.266666666666,30288.4,37815.96666666667,8382.233333333334,11575.033333333333,24973.866666666665,39367.833333333336,21094.333333333332,10608.7,18074.866666666665,40453.7,,,,,,,,8177.433333333333,13523.9,15323.433333333332,51361.4,,,,,,,6359.066666666667,,,,,,,,,,18739.066666666666,44531.3,14932.133333333333,13104.933333333332,,,,,,,,,,,,,,,,,46175.36666666667,83081.33333333333,76617.46666666666
2023-01-04,17177.466666666667,29859.466666666667,36773.53333333333,8207.333333333334,11233.666666666666,24559.133333333335,38667.4,20783.366666666665,10442.5,17790.2,39552.03333333333,,,,,,,,8015.3,13264.833333333334,14923.366666666667,49968.7,,,,,,,6299.766666666666,,,,,,,,,,18720.833333333332,44143.833333333336,14749.4,13066.133333333333,,,,,,,,,,,,,,,,,45491.13333333333,82374.73333333334,75981.53333333334
2023-01-05,16959.966666666667,29461.8,35535.96666666667,8062.8,10820.766666666666,24145.533333333333,37802.23333333333,20463.3,10230.533333333333,17555.166666666668,38641.53333333333,,,,,,,,7878.8,12921.733333333334,14531.7,48763.566666666666,,,,,,,6259.366666666667,,,,,,,,,,18587.533333333333,43671.96666666667,14583.666666666666,13015.333333333334,,,,,,,,,,,,,,,,,44911.86666666667,80859.8,75360.2
2023-01-06,16721.1,28986.666666666668,34397.63333333333,7884.533333333334,10394.6,23677.266666666666,37055.63333333333,20107.166666666668,9998.866666666667,17333.366666666665,37462.3,,,,,,,,7705.6,12589.733333333334,14128.566666666668,47175.46666666667,,,,,,,6220.4,,,,,,,,,,18508.866666666665,43182.9,14410.766666666666,12968.166666666666,,,,,,,,,,,,,,,,,44156.13333333333,79770.33333333333,74821.6
2023-01-09,16526.766666666666,28705.1,33879.23333333333,7859.533333333334,10258.7,23513.233333333334,36625.433333333334,20058.966666666667,9975.866666666667,17164.6,37556.03333333333,,,,,,,,7666.1,12601.2,14061.3,47095.13333333333,,,,,,,6157.333333333333,,,,,,,,,,18153.4,42795.76666666667,14289.8,12614.966666666667,,,,,,,,,,,,,,,,,44083.36666666667,78997.66666666667,74323.93333333333
2023-01-10,16672.933333333334,28674.533333333333,33865.96666666667,7886.733333333334,10270.433333333332,23635.366666666665,36510.1,20153.466666666667,10025.066666666668,17131.266666666666,38037.26666666667,,,,,,,,7684.433333333333,12697.833333333334,14109.366666666667,47629.666666666664,,,,,,,6135.1,,,,,,,,,,18076.333333333332,42824.6,14284.3,12466.566666666668,,,,,,,,,,,,,,,,,44289.433333333334,79237.33333333333,74247.16666666667
2023-01-11,16704.933333333334,28503.233333333334,33825.53333333333,7851.3,10202.866666666667,23602.5,36335.4,20130.933333333334,10000.1,17071.9,38016.3,,,,,,,,7658.366666666667,12811.233333333334,14058.033333333333,47610.23333333333,,,,,,,6112.466666666666,,,,,,,,,,18026.266666666666,42603.96666666667,14241.8,12259.933333333332,,,,,,,,,,,,,,,,,44231.13333333333,79047.0,73977.4
2023-01-12,16684.533333333333,28450.166666666668,33662.96666666667,7852.366666666667,10125.666666666666,23642.366666666665,37019.4,20157.5,9908.433333333332,17247.866666666665,38202.13333333333,,,,,,,,7750.0,12963.333333333334,14079.333333333334,47125.63333333333,,,,,,,6101.6,,,,,,,,,,17970.333333333332,42422.833333333336,14161.066666666668,12084.666666666666,,,,,,,,,,,,,,,,,44584.2,79050.66666666667,73844.33333333333
2023-01-13,16634.2,28183.466666666667,33343.73333333333,7759.533333333334,9948.766666666666,23360.766666666666,36685.066666666666,20032.166666666668,9743.966666666667,17197.4,37357.333333333336,,,,,,,,7674.0,12867.9,13987.533333333333,46336.53333333333,,,,,,,6095.666666666667,,,,,,,,,,17838.666666666668,42049.8,14076.966666666667,11878.933333333332,,,,,,,,,,,,,,,,,44280.1,78507.8,73645.73333333334
2023-01-16,16483.133333333335,27997.8,33002.6,7734.033333333334,9841.033333333333,23237.7,36296.4,19927.733333333334,9694.233333333334,17175.9,37497.933333333334,,,,,,,,7679.666666666667,12993.966666666667,13982.133333333333,46322.666666666664,,,,,,,6046.4,,,,,,,,,,17448.133333333335,41531.066666666666,13968.533333333333,11675.833333333334,,,,,,,,,,,,,,,,,44297.566666666666,77761.66666666667,72908.2
2023-01-17,16609.133333333335,27975.633333333335,33030.36666666667,7774.233333333334,9881.033333333333,23430.2,36410.566666666666,20044.966666666667,9809.466666666667,17004.466666666667,38068.8,,,,,,,,7743.466666666666,13134.366666666667,14069.566666666668,46814.86666666667,,,,,,,6039.5,,,,,,,,,,17343.433333333334,41519.933333333334,13979.366666666667,11444.8,,,,,,,,,,,,,,,,,44424.433333333334,77963.9,72732.86666666667
2023-01-18,16592.033333333333,27868.666666666668,32974.96666666667,7717.6,9904.366666666667,23432.033333333333,36358.86666666667,19988.933333333334,9858.533333333333,16848.1,38252.26666666667,,,,,,,,7721.0,13197.966666666667,14029.566666666668,46814.666666666664,,,,,,,6036.133333333333,,,,,,,,,,17289.2,41364.3,13964.7,11262.1,,,,,,,,,,,,,,,,,44520.1,77900.56666666667,72569.26666666666
2023-01-19,16640.166666666668,27833.1,32831.933333333334,7718.833333333333,9878.133333333333,23517.066666666666,36308.9,20049.6,9839.0,16846.966666666667,38453.76666666667,,,,,,,,7652.6,13201.933333333332,14058.766666666666,46936.9,,,,,,,6049.066666666667,,,,,,,,,,17335.7,41054.8,13969.066666666668,11176.3,,,,,,,,,,,,,,,,,44666.9,77977.7,72470.13333333333
2023-01-20,16614.966666666667,27575.733333333334,32493.6,7617.333333333333,9736.233333333334,23261.333333333332,36052.86666666667,19909.666666666668,9713.033333333333,16733.266666666666,37686.833333333336,,,,,,,,7545.5,13012.033333333333,13896.133333333333,46173.166666666664,,,,,,,6051.8,,,,,,,,,,17228.233333333334,40550.76666666667,13921.566666666668,10993.233333333334,,,,,,,,,,,,,,,,,44365.1,77310.76666666666,72182.8
2023-01-23,16441.2,27468.033333333333,32044.866666666665,7494.8,9641.066666666668,23099.933333333334,35640.933333333334,20017.466666666667,9561.7,16429.233333333334,38038.7,,,,,,,,7419.033333333334,13059.2,13652.7,46094.8,,,,,,,5973.666666666667,,,,,,,,,,16774.9,39914.96666666667,13683.7,10510.333333333334,,,,,,,,,,,,,,,,,44563.6,76580.1,71726.53333333334
2023-01-24,16465.766666666666,27529.833333333332,32128.7,7546.066666666667,9645.366666666667,23269.0,35647.5,20149.933333333334,9631.533333333333,16545.333333333332,38572.96666666667,,,,,,,,7430.4,13194.033333333333,13747.266666666666,46490.2,,,,,,,5951.0,,,,,,,,,,16621.466666666667,39853.4,13685.566666666668,10147.266666666666,,,,,,,12725.133333333333,6155.2,19296.566666666666,21527.866666666665,6245.1,10268.166666666666,12147.266666666666,8325.1,,,45181.933333333334,76875.26666666666,71705.9
2023-01-25,16427.666666666668,27407.133333333335,32085.233333333334,7533.933333333333,9607.433333333332,23256.933333333334,35482.166666666664,20169.766666666666,9630.6,16521.066666666666,38596.5,,,,,,,,7417.133333333333,13206.566666666668,13725.966666666667,46447.86666666667,,,,,,,5938.733333333334,,,,,,,,,,16466.4,39575.53333333333,13656.833333333334,9822.066666666668,,,,,,,12710.6,6162.7,19151.1,21341.5,6237.266666666666,10261.633333333333,12151.666666666666,8279.7,,,45379.26666666667,76640.93333333333,71456.2
2023-01-26,16361.233333333334,27389.633333333335,32113.766666666666,7555.1,9542.3,23290.366666666665,35283.53333333333,20217.266666666666,9629.633333333333,16497.866666666665,38605.566666666666,,,,,,,,7409.733333333334,13233.5,13699.466666666667,46501.433333333334,,,,,,,5902.933333333333,,,,,,,,,,16278.033333333333,39310.7,13606.466666666667,9467.666666666666,,,,,,,12704.466666666667,6171.733333333334,19019.8,21180.933333333334,6230.166666666667,10266.6,12154.1,8318.666666666666,,,45672.433333333334,76488.96666666666,71211.73333333334
2023-01-27,16355.833333333334,27143.166666666668,31787.9,7457.0,9388.966666666667,22975.666666666668,34934.13333333333,20072.833333333332,9670.133333333333,16035.533333333333,37731.96666666667,,,,,,,,7310.9,13023.566666666668,13551.633333333333,45747.73333333333,,,,,,,5932.833333333333,,,,,,,,,,16040.133333333333,38810.03333333333,13565.466666666667,9042.4,,,,,,,12482.366666666667,6064.433333333333,18790.1,20890.566666666666,6113.4,10190.966666666667,12001.466666666667,8219.266666666666,,,45646.86666666667,75753.33333333333,70959.86666666667
2023-01-30,16338.133333333333,27016.666666666668,31335.166666666668,7460.233333333334,9259.433333333332,22795.3,34459.73333333333,20106.8,9655.7,15892.866666666667,37712.833333333336,,,,,,,,7314.933333333333,13014.766666666666,13516.533333333333,45776.76666666667,,,,,,,5869.8,,,,,,,,,,15544.233333333334,38050.03333333333,14100.133333333333,9156.833333333334,,,,,,,12482.9,6071.7,18388.533333333333,20501.9,6106.366666666667,10108.066666666668,11900.6,8194.866666666667,,,45697.566666666666,74747.83333333333,70594.16666666667
2023-01-31,16564.633333333335,27311.733333333334,31652.3,7573.933333333333,9302.466666666667,23166.333333333332,34477.2,20355.566666666666,9580.133333333333,15293.5,39221.8,,,,,,,,7421.566666666667,13335.6,13693.866666666667,46517.166666666664,,,,,,,5850.166666666667,,,,,,,,,,15434.766666666666,38899.86666666667,13345.966666666667,8960.533333333333,39787.46666666667,40147.96666666667,18648.766666666666,,,,12679.533333333333,6195.366666666667,18539.566666666666,20650.366666666665,6201.3,10205.633333333333,12362.566666666668,8369.766666666666,,,46302.833333333336,75457.13333333333,70836.96666666666
2023-02-01,16504.433333333334,27325.0,31604.133333333335,7580.566666666667,9279.1,23166.9,34237.433333333334,20401.966666666667,9433.133333333333,14730.266666666666,40049.13333333333,17790.5,68781.5,14277.833333333334,28629.7,,,,7407.9,13429.3,13242.266666666666,45691.066666666666,,,,,,,5854.166666666667,,,,,,,,,,15374.4,38834.1,13352.7,8714.933333333332,39923.46666666667,40071.13333333333,18640.066666666666,,,,13000.1,6368.666666666667,18378.266666666666,21030.4,7974.833333333333,,,,,,46542.166666666664,74898.86666666667,70712.36666666667
2023-02-02,16713.566666666666,27584.4,32297.533333333333,7685.366666666667,9525.866666666667,23338.433333333334,34635.36666666667,20630.433333333334,9559.366666666667,13498.8,41379.166666666664,17563.9,71723.16666666667,14369.766666666666,29253.5,,,,7375.5,13049.4,13628.9,45784.7,7159.733333333334,28804.733333333334,66739.43333333333,11607.566666666668,,,5862.866666666667,,,,,,,,,,15347.7,38920.3,13421.566666666668,8472.233333333334,39928.6,40087.76666666667,18647.4,,,,13219.266666666666,6490.0,18587.866666666665,21198.4,8050.933333333333,,,,,,46972.6,75361.03333333334,70884.93333333333
2023-02-03,16633.633333333335,27498.466666666667,31784.233333333334,7611.2,9405.3,23111.7,34155.433333333334,20500.433333333334,9482.933333333332,13419.133333333333,40817.566666666666,17566.533333333333,70867.56666666667,14202.533333333333,28807.5,,,,7319.7,12921.966666666667,13496.133333333333,45143.23333333333,7144.9,28636.033333333333,65872.63333333333,11585.966666666667,,,7267.3,,,,,,,,,,15178.566666666668,38605.6,13419.166666666666,8128.5,39836.63333333333,39809.9,18522.7,,,,13037.066666666668,6357.2,18356.0,20574.833333333332,8158.0,,,,,,46826.433333333334,74186.56666666667,70620.13333333333
2023-02-06,16590.066666666666,27740.3,32489.966666666667,7678.766666666666,9604.033333333333,23132.466666666667,34409.433333333334,20645.733333333334,9568.433333333332,13459.833333333334,41252.833333333336,17443.333333333332,71378.0,14268.533333333333,29285.8,,,,7380.366666666667,13139.533333333333,13705.766666666666,46011.066666666666,7193.7,28639.166666666668,65432.433333333334,11584.533333333333,,,7287.7,,,,,,,,,,14881.533333333333,38371.13333333333,13452.6,7713.466666666666,39043.5,39333.3,18496.933333333334,,,,13282.7,6476.266666666666,18354.6,20548.933333333334,8231.166666666666,,,,,,47080.36666666667,73971.73333333334,70415.13333333333
2023-02-07,16886.3,28054.433333333334,32653.133333333335,7791.733333333334,9778.2,23444.166666666668,34471.1,20920.066666666666,9651.0,13593.866666666667,42019.2,17514.7,72096.43333333333,14438.466666666667,29855.6,,,,7471.866666666667,13369.933333333332,13941.366666666667,46791.63333333333,7305.0,29016.233333333334,64760.76666666667,11650.233333333334,,,7271.433333333333,,,,,,,,,,14565.866666666667,38282.433333333334,13477.9,7246.3,38428.76666666667,38851.03333333333,18531.833333333332,,,,13458.366666666667,6566.6,18379.4,20484.6,8324.166666666666,,,,,,47651.03333333333,74342.23333333334,70326.53333333334
2023-02-08,17075.433333333334,28268.366666666665,32915.13333333333,7876.266666666666,9946.766666666666,23701.733333333334,34610.53333333333,21130.066666666666,9731.233333333334,13713.7,42526.3,17579.9,72523.26666666666,14490.466666666667,30300.7,,,,7568.6,13557.8,14150.3,47427.833333333336,7378.766666666666,29307.633333333335,64599.53333333333,11725.766666666666,,,7252.433333333333,,,,,,,,,,14331.333333333334,38050.36666666667,13491.833333333334,6760.266666666666,37687.86666666667,38253.13333333333,18509.366666666665,,,,13537.533333333333,6625.566666666667,18287.7,20300.366666666665,8374.366666666667,,,,,,48071.0,74416.76666666666,70145.56666666667
2023-02-09,17311.3,28591.633333333335,33226.96666666667,8020.033333333334,10123.033333333333,24107.5,34887.63333333333,21425.933333333334,9861.566666666668,13878.333333333334,43380.13333333333,17665.366666666665,73377.63333333333,14672.333333333334,30900.633333333335,,,,7687.266666666666,13806.433333333332,14384.866666666667,48334.23333333333,7499.033333333334,29656.166666666668,64173.76666666667,11792.433333333332,,,6233.866666666667,47871.2,14436.633333333333,,,,,,,,14132.066666666668,37970.933333333334,13462.8,6296.466666666666,37010.933333333334,37771.73333333333,18523.766666666666,,,,13765.033333333333,6726.5,18267.866666666665,20232.3,8474.233333333334,,,,,,48935.666666666664,74718.03333333334,69997.63333333333
2023-02-10,17461.0,28889.066666666666,33575.8,8093.766666666666,10264.233333333334,24375.4,35137.433333333334,21622.8,9913.433333333332,14017.9,43668.13333333333,17806.866666666665,73697.16666666667,14726.466666666667,31096.833333333332,,,,7764.9,13922.133333333333,14551.4,48731.166666666664,7565.433333333333,29812.0,63665.46666666667,11885.9,,,6240.7,47224.26666666667,14556.7,,,,,,,,14168.733333333334,37893.0,13464.2,5840.866666666667,36568.0,37414.566666666666,18563.366666666665,,,,13866.766666666666,6763.766666666666,18225.8,20184.533333333333,8507.333333333334,,,,,,49112.666666666664,74907.66666666667,69847.8
2023-02-13,17552.166666666668,29317.933333333334,33808.566666666666,8214.233333333334,10427.666666666666,24675.8,35352.86666666667,21869.8,10028.033333333333,14171.233333333334,44367.26666666667,17929.4,74449.2,14934.8,31634.566666666666,,,,7871.533333333334,14190.7,14730.7,49526.86666666667,7642.4,30185.533333333333,63654.6,11970.366666666667,,,6230.433333333333,46837.23333333333,14832.7,,,,,,,,14010.266666666666,37965.166666666664,13531.533333333333,5463.033333333334,36244.2,37154.833333333336,18618.833333333332,,,,14115.7,6861.666666666667,18191.366666666665,20252.4,8602.266666666666,,,,,,49613.96666666667,75306.46666666666,69811.3
2023-02-14,17785.833333333332,29834.233333333334,34751.36666666667,8357.0,10733.033333333333,25055.466666666667,35952.1,22109.333333333332,10040.366666666667,13943.933333333332,45656.23333333333,17105.5,77186.23333333334,14928.366666666667,32788.86666666667,,,,7986.933333333333,14415.266666666666,14989.833333333334,50808.7,7919.866666666667,30636.266666666666,65990.93333333333,12018.733333333334,,,6058.466666666666,48551.73333333333,15554.566666666668,,,,,,,,14370.0,38282.2,12939.733333333334,5266.166666666667,37744.7,37140.4,18650.433333333334,,,,14603.266666666666,6760.8,18491.8,21021.5,8631.266666666666,,,,,,50366.6,76445.66666666667,70656.96666666666
2023-02-15,17982.466666666667,30306.933333333334,35809.9,8472.733333333334,11058.1,25416.466666666667,36623.666666666664,22353.933333333334,10177.166666666666,14214.2,46454.4,17211.066666666666,78890.06666666667,15120.733333333334,33427.23333333333,,,,8089.366666666667,14612.3,15264.733333333334,52102.433333333334,8093.733333333334,31082.166666666668,66747.96666666666,12139.2,,,6132.8,49238.23333333333,15876.766666666666,,,,,,,,14562.3,38697.1,13141.133333333333,5308.633333333333,38206.3,37543.13333333333,18842.0,,,,14924.066666666668,6903.2,18875.366666666665,21411.0,8726.1,,,,,,50960.2,77276.7,71271.83333333333
2023-02-16,18164.866666666665,30808.233333333334,36960.13333333333,8606.266666666666,11431.9,25808.233333333334,37438.53333333333,22607.8,10339.366666666667,14439.966666666667,47268.03333333333,17325.033333333333,80579.8,15318.9,33971.36666666667,,,,8194.233333333334,14877.6,15562.433333333332,53300.933333333334,8177.333333333333,31524.566666666666,67738.4,12221.433333333332,,,6180.033333333334,49781.2,16206.1,,,,,,,,14732.266666666666,39110.03333333333,13284.8,5343.6,38641.26666666667,37916.96666666667,19015.9,,,,15214.2,7043.7,19218.933333333334,21766.166666666668,8806.5,,,,,,51448.46666666667,78851.36666666667,71849.0
2023-02-17,18238.9,31140.933333333334,37925.96666666667,8673.3,11752.133333333333,26002.1,38024.73333333333,22761.3,10422.066666666668,14613.266666666666,47591.433333333334,17379.266666666666,81798.73333333334,15422.666666666666,34245.8,,,,8248.333333333334,14959.233333333334,15789.333333333334,54184.666666666664,8229.233333333334,31806.4,68378.3,12296.2,,,6227.4,50211.96666666667,16495.4,,,,,,,,14900.8,39376.566666666666,13423.733333333334,5368.266666666666,39117.933333333334,38253.73333333333,19154.833333333332,,,,15438.6,7136.266666666666,19530.833333333332,22125.466666666667,8847.466666666667,,,,,,51581.96666666667,79402.86666666667,72311.56666666667
2023-02-20,18291.7,31367.466666666667,38187.066666666666,8703.7,11816.766666666666,26053.933333333334,38156.1,22796.133333333335,10432.8,14689.933333333332,47671.7,17409.466666666667,81987.7,15492.333333333334,34272.433333333334,,,,8269.133333333333,14960.066666666668,15854.2,54321.0,8238.066666666668,31937.2,68470.86666666667,12380.033333333333,,,6263.733333333334,50290.23333333333,16581.933333333334,,,,,,,,14985.166666666666,39500.933333333334,13473.766666666666,5393.933333333333,39328.066666666666,38479.933333333334,19207.733333333334,,,,15506.166666666666,7145.866666666667,19613.5,22230.433333333334,8879.366666666667,,,,,,51416.5,79542.33333333333,72414.56666666667
2023-02-21,18308.7,31627.633333333335,38372.433333333334,8738.266666666666,11792.766666666666,26114.1,38287.96666666667,22822.066666666666,10450.266666666666,14803.8,47832.166666666664,17441.1,82226.23333333334,15566.266666666666,34321.566666666666,,,,8302.133333333333,14984.466666666667,15883.566666666668,54501.76666666667,8243.433333333332,32045.266666666666,68701.63333333333,12423.866666666667,,,6304.333333333333,50396.066666666666,16672.033333333333,,,,,,,,15059.266666666666,39657.2,13523.3,5427.033333333334,39529.76666666667,38684.13333333333,19276.033333333333,,,,15551.133333333333,7153.066666666667,19675.8,22315.833333333332,8904.1,,,,,,51542.9,79673.96666666666,72569.66666666667
2023-02-22,18303.066666666666,31801.766666666666,38593.166666666664,8762.833333333334,11861.766666666666,26191.033333333333,38455.53333333333,22849.8,10469.566666666668,14878.1,47965.5,17484.966666666667,82458.3,15635.633333333333,34362.9,,,,8304.566666666668,14994.2,15922.433333333332,54683.9,8260.966666666667,32221.633333333335,68894.76666666666,12490.1,,,6357.566666666667,50438.7,16779.433333333334,,,,,,,,15118.133333333333,39828.933333333334,13569.3,5449.3,39708.6,38921.066666666666,19334.6,,,,15644.3,7172.233333333334,19747.333333333332,22419.8,8931.8,,,,,,51572.5,79842.46666666666,72612.4
2023-02-23,18322.933333333334,31985.266666666666,38915.7,8765.066666666668,11931.266666666666,26250.4,37738.7,22870.0,10478.233333333334,14952.966666666667,47985.73333333333,17486.666666666668,82867.8,15704.766666666666,34548.5,,,,8224.933333333332,14978.566666666668,15929.266666666666,55436.2,8267.833333333334,32285.633333333335,68905.63333333333,12550.333333333334,,,6390.966666666666,50844.96666666667,16883.933333333334,,,,,,,,15182.733333333334,39950.433333333334,13628.233333333334,5482.266666666666,39903.23333333333,39162.4,19416.166666666668,,,,15687.666666666666,7145.133333333333,19862.066666666666,22490.166666666668,8951.1,,,,,,51345.26666666667,79903.36666666667,72674.03333333334
2023-02-24,18381.866666666665,32148.7,39299.26666666667,8775.9,11992.0,26307.7,37922.566666666666,22899.033333333333,10503.733333333334,15039.966666666667,48075.666666666664,17518.6,83257.53333333334,15762.5,34589.7,,,,8241.566666666668,14998.133333333333,15985.9,55670.833333333336,8290.766666666666,32425.3,69109.33333333333,12640.866666666667,,,6437.766666666666,50945.666666666664,17022.633333333335,,,,,,,,15284.866666666667,40118.1,13691.6,5524.066666666667,40093.9,39431.36666666667,19495.566666666666,,,,15746.933333333332,7154.466666666666,19942.133333333335,22590.433333333334,8968.866666666667,,,,,,51301.3,80089.56666666667,72670.86666666667
2023-02-27,18410.133333333335,32270.333333333332,39391.76666666667,8781.466666666667,12004.333333333334,26330.3,37931.333333333336,22944.4,,,,,,,,,,,8237.1,,,,,,,,,,6445.066666666667,50992.2,17073.5,,,,,,,,15319.533333333333,40067.933333333334,,,,,,,,,15739.6,7155.366666666667,19967.766666666666,22603.166666666668,8980.4,,,,,,51273.333333333336,80100.0,72645.13333333333
2023-02-28,18415.833333333332,32417.433333333334,39521.566666666666,8801.533333333333,12050.333333333334,26334.0,37829.03333333333,22982.766666666666,,,,,,,,,,,8224.3,,,,,,,,,,6452.3,51030.433333333334,17108.1,,,,,,,,16320.3,39201.36666666667,,,,,,,,,15772.033333333333,7188.733333333334,19971.466666666667,22632.733333333334,8997.366666666667,,,,,,51407.26666666667,80246.6,72745.93333333333
2023-03-01,18387.9,32492.633333333335,39648.666666666664,8801.133333333333,12051.966666666667,26327.1,37826.166666666664,22992.2,,,,,,,,,,,8232.4,,,,,,,,,,6458.066666666667,51074.03333333333,17141.833333333332,,,,,,,,16349.966666666667,39267.1,,,,,,,,,15773.3,7185.1,19979.433333333334,22686.366666666665,9002.866666666667,,,,,,51281.833333333336,80201.16666666667,72784.66666666667
2023-03-02,18324.166666666668,32577.466666666667,39744.6,8811.933333333332,12046.9,26272.5,37800.03333333333,22940.833333333332,,,,,,,,,,,8283.3,,,,,,,,,,6470.9,51072.933333333334,17162.833333333332,,,,,,,,16382.766666666666,39269.333333333336,,,,,,,,,15783.933333333332,7165.466666666666,19947.4,22707.2,9003.433333333332,,,,,,51085.666666666664,80166.1,72835.2
2023-03-03,18309.4,32650.633333333335,39837.53333333333,8821.6,12057.9,26259.966666666667,37791.066666666666,22939.066666666666,,,,,,,,,,,8288.7,,,,,,,,,,6482.7,51090.933333333334,17217.0,,,,,,,,16405.566666666666,39309.26666666667,,,,,,,,,15792.233333333334,7164.366666666667,19946.0,22740.266666666666,9024.266666666666,,,,,,50834.8,80187.4,72919.66666666667
2023-03-06,18282.933333333334,32637.9,39887.5,8937.533333333333,12064.4,26249.7,37873.13333333333,22791.5,,,,,,,,,,,8413.3,,,,,,,,,,6536.6,51083.2,17265.2,,,,,,,,16445.7,39396.933333333334,,,,,,,,,16045.8,7250.733333333334,19628.533333333333,22495.6,9384.1,,,,,,50634.2,80137.93333333333,72876.63333333333
2023-03-07,18285.533333333333,32662.966666666667,39895.9,8952.633333333333,12092.366666666667,26256.9,37990.86666666667,22790.466666666667,,,,,,,,,,,8429.966666666667,,,,,,,,,,6563.1,51048.36666666667,17318.433333333334,,,,,,,,16449.733333333334,39430.833333333336,,,,,,,,,16078.666666666666,7262.566666666667,19654.166666666668,22548.9,9414.333333333334,,,,,,50373.86666666667,80149.66666666667,72893.23333333334
2023-03-08,18215.266666666666,32669.2,39873.333333333336,8950.8,12123.1,26210.3,38076.03333333333,22745.5,,,,,,,,,,,8417.266666666666,,,,,,,,,,6576.433333333333,50985.23333333333,17377.266666666666,,,,,,,,16474.266666666666,39424.9,,,,,,,,,16051.733333333334,7254.0,19673.733333333334,22554.033333333333,9419.866666666667,,,,,,50051.03333333333,80157.8,72851.43333333333
2023-03-09,18191.533333333333,32632.566666666666,39839.76666666667,8941.266666666666,12114.4,26163.8,38137.6,22707.566666666666,,,,,,,,,,,8417.233333333334,,,,,,,,,,6592.8,50856.26666666667,17408.1,,,,,,,,16344.0,39402.73333333333,,,,,,,,,16060.066666666668,7239.1,19684.0,22556.7,9409.2,,,,,,49632.933333333334,80048.06666666667,72794.1
2023-03-10,18247.233333333334,32630.533333333333,39909.86666666667,8950.066666666668,12103.666666666666,26134.833333333332,38205.76666666667,22686.733333333334,,,,,,,,,,,8428.9,,,,,,,,,,8010.166666666667,49723.86666666667,17028.533333333333,,,,,,,,16305.2,39364.333333333336,,,,,,,,,16064.766666666666,7224.966666666666,19685.766666666666,22561.1,9401.3,,,,,,48975.166666666664,80123.8,72791.66666666667
2023-03-13,18268.166666666668,32614.9,39989.26666666667,8947.833333333334,12062.266666666666,26154.066666666666,38349.666666666664,22698.433333333334,,,,,,,,,,,8431.533333333333,,,,,,,,,,8045.166666666667,49723.53333333333,17098.866666666665,,,,,,,,16342.766666666666,39447.833333333336,,,,,,,,,16097.366666666667,7227.8,19717.333333333332,22621.533333333333,9420.566666666668,,,,,,49005.36666666667,80302.03333333334,72801.5
2023-03-14,18343.9,32653.966666666667,39991.433333333334,8966.466666666667,12107.2,26157.633333333335,38469.433333333334,22719.733333333334,,,,,,,,,,,8439.966666666667,,,,,,,,,,8084.333333333333,49787.03333333333,17162.833333333332,,,,,,,,16358.8,39524.666666666664,,,,,,,,,16134.133333333333,7235.2,19790.133333333335,22687.866666666665,9431.266666666666,,,,,,48981.13333333333,80534.3,72866.13333333333
2023-03-15,17866.1,31876.533333333333,39619.7,8726.5,11984.4,,,,,,,,,,,,,,9698.933333333332,,,,,,,,,,9330.666666666666,48253.833333333336,16695.333333333332,,,,,,,,15921.8,38349.26666666667,,,,,,,,,15489.133333333333,6912.833333333333,,,,,,,,,47492.333333333336,80969.0,
2023-03-16,17739.0,31645.0,39026.86666666667,8613.5,11730.033333333333,,,,,,,,,,,,,,9618.3,,,,,,,,,,9309.6,47975.96666666667,16631.6,,,,,,,,15859.2,38088.566666666666,,,,,,,,,15303.233333333334,6783.7,,,,,,,,,46872.8,80417.9,
2023-03-17,17793.6,31790.366666666665,39847.7,8660.633333333333,11947.666666666666,,,,,,,,,,,,,,9647.133333333333,,,,,,,,,,7947.166666666667,49512.9,17167.233333333334,,,,,,,,15955.7,38267.066666666666,,,,,,,,,15447.7,6851.633333333333,,,,,,,,,46816.53333333333,81361.23333333334,
2023-03-20,17781.766666666666,31770.933333333334,39951.73333333333,8668.733333333334,11986.766666666666,,,,,,,,,,,,,,9647.8,,,,,,,,,,7962.866666666667,49551.5,17208.6,,,,,,,,16006.8,38283.8,,,,,,,,,15461.933333333332,6855.366666666667,,,,,,,,,46690.4,81357.8,
2023-03-21,17698.6,31795.7,40010.2,8671.333333333334,11994.266666666666,,,,,,,,,,,,,,9651.6,,,,,,,,,,7977.966666666666,49595.1,17235.166666666668,,,,,,,,16020.266666666666,38299.86666666667,,,,,,,,,15487.9,6876.866666666667,,,,,,,,,46580.0,81556.93333333333,
2023-03-22,17604.7,31833.8,40060.03333333333,8662.5,12003.666666666666,,,,,,,,,,,,,,9632.366666666667,,,,,,,,,,7991.6,49610.066666666666,17254.233333333334,,,,,,,,16047.5,38339.7,,,,,,,,,15537.366666666667,6906.1,,,,,,,,,46536.666666666664,81621.53333333334,
2023-03-23,17621.833333333332,31870.366666666665,40177.86666666667,8670.333333333334,12024.433333333332,,,,,,,,,,,,,,9651.466666666667,,,,,,,,,,8001.533333333334,49624.5,17288.533333333333,,,,,,,,16127.566666666668,38348.8,,,,,,,,,15545.266666666666,6944.1,,,,,,,,,46194.46666666667,81999.2,
2023-03-24,17682.233333333334,31855.9,40274.4,8673.266666666666,12030.433333333332,,,,,,,,,,,,,,9669.266666666666,,,,,,,,,,8026.1,49631.5,17317.133333333335,,,,,,,,16214.9,38395.166666666664,,,,,,,,,15569.633333333333,6983.333333333333,,,,,,,,,46206.066666666666,82334.23333333334,
2023-03-27,17694.033333333333,31828.866666666665,40318.0,8688.833333333334,12016.933333333332,,,,,,,,,,,,,,9692.033333333333,,,,,,,,,,8037.4,49445.433333333334,17149.733333333334,,,,,,,,16098.2,38412.13333333333,,,,,,,,,15557.333333333334,6996.1,,,,,,,,,46164.13333333333,82142.96666666666,
2023-03-28,17690.666666666668,31786.133333333335,40434.5,8722.5,12037.7,,,,,,,,,,,,,,9745.1,,,,,,,,,,8023.466666666666,49208.2,16565.366666666665,,,,,,,,15607.933333333332,37542.333333333336,,,,,,,,,15568.833333333334,6994.033333333334,,,,,,,,,46042.76666666667,81933.63333333333,
2023-03-29,17690.433333333334,31707.0,40457.566666666666,8750.766666666666,12078.8,,,,,,,,,,,,,,9742.566666666668,,,,,,,,,,8017.2,49017.8,16387.8,,,,,,,,15472.266666666666,37516.26666666667,,,,,,,,,15567.466666666667,7017.866666666667,,,,,,,,,46015.63333333333,81731.33333333333,
2023-03-30,17688.966666666667,31538.633333333335,40123.833333333336,8747.133333333333,12002.633333333333,,,,,,,,,,,,,,9755.4,,,,,,,,,,8007.8,48799.4,16183.533333333333,,,,,,,,15324.766666666666,37435.23333333333,,,,,,,,,15511.433333333332,7016.6,,,,,,,,,45846.566666666666,81411.86666666667,
2023-03-31,17720.366666666665,31432.066666666666,40001.9,8760.833333333334,11984.533333333333,,,,,,,,,,,,,,9781.5,,,,,,,,,,8008.5,48668.13333333333,16024.8,,,,,,,,15246.7,37352.8,,,,,,,,,15513.2,7021.366666666667,,,,,,,,,45847.0,81418.36666666667,
2023-04-03,17681.7,31478.6,39771.666666666664,8760.233333333334,12021.433333333332,,,,,,,,,,,,,,9763.533333333333,,,,,,,,,,8026.833333333333,48774.36666666667,16031.3,,,,,,,,15350.566666666668,37424.8,,,,,,,,,15474.666666666666,7014.366666666667,,,,,,,,,45896.933333333334,81574.4,
2023-04-04,17668.233333333334,31484.0,39713.0,8746.1,12123.833333333334,,,,,,,,,,,,,,9709.266666666666,,,,,,,,,,8044.666666666667,48865.566666666666,16030.933333333332,,,,,,,,15375.4,37456.4,,,,,,,,,15474.066666666668,7005.2,,,,,,,,,45893.63333333333,81827.66666666667,
2023-04-05,17649.8,31505.3,39494.53333333333,8716.6,12155.666666666666,,,,,,,,,,,,,,9678.1,,,,,,,,,,8046.933333333333,48907.63333333333,16021.966666666667,,,,,,,,15491.666666666666,37452.53333333333,,,,,,,,,15172.766666666666,9851.533333333333,,,,,,,,,45768.066666666666,81953.0,
2023-04-06,17593.133333333335,31486.333333333332,39336.13333333333,8660.033333333333,12201.8,,,,,,,,,,,,,,9609.6,,,,,,,,,,8048.233333333334,48828.066666666666,16005.833333333334,,,,,,,,15564.333333333334,37260.9,,,,,,,,,15054.1,9783.2,,,,,,,,,45344.1,81935.0,
2023-04-11,17468.333333333332,31452.033333333333,39248.1,8673.566666666668,12271.6,,,,,,,,,,,,,,9589.0,,,,,,,,,,7998.366666666667,48840.63333333333,15849.3,,,,,,,,15550.433333333332,37133.9,,,,,,,,,15130.2,9820.033333333333,,,,,,,,,45395.8,81770.8,
2023-04-12,17496.566666666666,31546.633333333335,39426.96666666667,8697.833333333334,12388.0,,,,10268.566666666668,17328.733333333334,50460.666666666664,,,,,,,,9582.866666666667,15131.533333333333,18370.866666666665,,,,,,,,8050.866666666667,49062.333333333336,15876.633333333333,,,,,,,,15797.1,37466.0,13444.5,,,,,,,,15223.066666666668,9855.0,,,,,,,,,45584.066666666666,82288.56666666667,
2023-04-13,17452.266666666666,31586.766666666666,39415.3,8684.833333333334,12399.1,,,,10252.3,17356.266666666666,50142.7,,,,,,,,9535.166666666666,15057.133333333333,18227.466666666667,,,,,,,,8068.566666666667,49256.8,15916.266666666666,,,,,,,,15061.033333333333,38522.76666666667,13732.2,,,,,,,,15209.233333333334,9808.133333333333,,,,,,,,,45509.2,82644.5,
2023-04-14,17404.9,31518.5,39345.333333333336,8594.7,12420.433333333332,,,,10153.2,17329.9,49402.066666666666,,,,,,,,9457.533333333333,14853.433333333332,18026.166666666668,,,,,,,,8438.933333333332,48219.8,15791.7,,,,,,,,15201.933333333332,38339.566666666666,13729.266666666666,,,,,,,,15059.366666666667,9713.0,,,,,,,,,45097.2,82560.73333333334,
2023-04-17,17232.766666666666,31303.433333333334,39111.166666666664,8504.466666666667,12355.366666666667,,,,10055.233333333334,17155.033333333333,48828.76666666667,,,,,,,,9365.866666666667,14688.333333333334,17833.366666666665,,,,,,,,8403.866666666667,47922.6,15683.366666666667,,,,,,,,15054.166666666666,38105.933333333334,13646.2,,,,,,,,14924.6,9646.3,,,,,,,,,44767.3,81822.36666666667,
2023-04-18,17213.5,31379.7,39176.73333333333,8562.6,12461.7,,,,10143.733333333334,17163.166666666668,49592.333333333336,,,,,,,,9400.833333333334,14840.2,17852.6,,,,,,,,8386.5,48051.36666666667,15599.033333333333,,,,,,,,14973.4,38189.26666666667,13647.2,,,,,,,,15109.266666666666,9749.266666666666,,,,,,,,,45156.2,81985.6,
2023-04-19,17379.1,31479.7,39466.86666666667,8609.366666666667,12571.233333333334,,,,10205.3,17245.133333333335,50165.46666666667,,,,,,,,9435.8,14947.666666666666,17863.066666666666,,,,,,,,8406.233333333334,48391.2,15608.366666666667,,,,,,,,15070.833333333334,38544.333333333336,13727.7,,,,,,,,15197.4,9819.7,,,,,,,,,45470.5,82561.63333333333,
2023-04-20,17464.966666666667,31573.033333333333,39681.63333333333,8606.933333333332,12665.633333333333,,,,10217.266666666666,17343.0,50453.23333333333,,,,,,,,9431.3,14966.933333333332,17818.633333333335,,,,,,,,8404.666666666666,48889.03333333333,15616.6,,,,,,,,15207.3,38794.36666666667,13668.066666666668,,,,,,,,15259.233333333334,9822.5,,,,,,,,,45582.53333333333,83032.13333333333,
2023-04-21,17538.733333333334,31652.566666666666,39731.833333333336,8540.033333333333,12645.4,,,,10125.166666666666,17314.233333333334,49832.066666666666,,,,,,,,9347.2,14744.533333333333,17630.766666666666,,,,,,,,8433.5,48830.9,15590.333333333334,,,,,,,,15241.866666666667,38789.8,13671.5,,,,,,,,15145.233333333334,9722.366666666667,,,,,,,,,45349.36666666667,83026.4,
2023-04-24,17393.1,31506.666666666668,39585.166666666664,8484.433333333332,12624.6,,,,10204.666666666666,16785.633333333335,48634.73333333333,,,,,,,,9485.033333333333,,,,,,,,,,8451.3,48815.26666666667,15554.333333333334,,,,,,,,16040.566666666668,38494.73333333333,,,,,,,,,15055.166666666666,9665.166666666666,,,,,,,,,45128.833333333336,82505.33333333333,
2023-04-25,17375.333333333332,31668.2,39691.433333333334,8553.3,12734.3,,,,10333.166666666666,16802.633333333335,49448.8,,,,,,,,9527.033333333333,,,,,,,,,,7003.666666666667,50114.8,15948.066666666668,,,,,,,,15944.266666666666,38739.76666666667,,,,,,,,,15249.3,9778.8,,,,,,,,,45742.666666666664,82783.76666666666,
2023-04-26,17466.366666666665,31823.366666666665,39984.26666666667,8619.4,12939.833333333334,,,,10424.133333333333,16900.933333333334,50044.666666666664,,,,,,,,9578.6,,,,,,,,,,7030.366666666667,50522.2,15983.866666666667,,,,,,,,16068.333333333334,39079.933333333334,,,,,,,,,15428.266666666666,9858.2,,,,,,,,,46037.23333333333,83447.76666666666,
2023-04-27,17396.166666666668,31805.466666666667,40274.9,8616.066666666668,13022.7,,,,10434.9,16948.533333333333,50133.2,,,,,,,,9581.233333333334,,,,,,,,,,7053.4,50687.5,16038.533333333333,,,,,,,,16236.266666666666,39208.166666666664,,,,,,,,,15483.5,9882.266666666666,,,,,,,,,45996.73333333333,83672.86666666667,
2023-04-28,17985.233333333334,32907.23333333333,41684.26666666667,8874.066666666668,13471.2,25727.866666666665,40138.86666666667,21316.833333333332,10736.966666666667,17513.266666666666,49715.0,,,,,,,,8347.466666666667,,,,,,,,,,5879.433333333333,52446.4,16647.733333333334,20148.266666666666,4590.233333333334,14014.1,,,,,16823.066666666666,40595.26666666667,,,,,,,,,15956.266666666666,10063.9,,,,,,,,,47391.0,84514.66666666667,74435.9
2023-05-02,18009.766666666666,33222.53333333333,42494.1,8954.233333333334,13785.1,25921.233333333334,40742.53333333333,21439.7,10878.533333333333,17657.3,50242.76666666667,,,,,,,,8409.966666666667,,,,,,,,,,5926.866666666667,52697.2,16732.4,20305.4,4563.3,14087.666666666666,,,,,16891.466666666667,40902.166666666664,,,,,,,,,16176.1,10183.833333333334,,,,,,,,,47928.433333333334,85019.7,74199.1
2023-05-03,17985.166666666668,33349.0,42666.566666666666,9008.266666666666,13942.4,25987.866666666665,40779.3,21544.566666666666,10971.4,17635.433333333334,51013.566666666666,,,,,,,,8433.6,,,,,,,,,,5889.866666666667,52868.566666666666,16730.533333333333,20253.566666666666,4441.0,14111.0,,,,,16822.5,41096.13333333333,,,,,,,,,16272.4,10239.333333333334,,,,,,,,,48284.63333333333,85273.6,74302.46666666666
2023-05-04,18080.333333333332,33486.96666666667,42795.2,9057.5,14037.0,26206.033333333333,40915.333333333336,21612.233333333334,11051.566666666668,17734.333333333332,51541.9,,,,,,,,8454.433333333332,,,,,,,,,,5896.8,53231.2,16761.3,20293.5,4373.766666666666,14211.2,,,,,16903.766666666666,41495.23333333333,,,,,,,,,16401.533333333333,10308.266666666666,,,,,,,,,48670.933333333334,85956.13333333333,74542.1
2023-05-05,18001.1,33332.3,42695.86666666667,8960.066666666668,14024.2,25982.866666666665,40872.066666666666,21437.8,10939.466666666667,17685.933333333334,50677.73333333333,,,,,,,,8365.766666666666,,,,,,,,,,5917.133333333333,53143.2,16794.233333333334,20413.333333333332,4280.6,14276.233333333334,,,,,17011.233333333334,41735.86666666667,,,,,,,,,16223.933333333332,10199.266666666666,,,,,,,,,48311.53333333333,85632.0,74600.36666666667
2023-05-09,17931.433333333334,33248.333333333336,42552.5,8932.5,14024.633333333333,25894.966666666667,40775.7,21378.7,10896.333333333334,17633.6,50446.36666666667,,,,,,,,8334.6,,,,,,,,,,5957.766666666666,53009.73333333333,16755.8,20391.833333333332,4582.3,14407.066666666668,,,,,16928.133333333335,41639.166666666664,,,,,,,,,16168.433333333332,10139.3,,,,,,,,,48217.066666666666,85350.5,74522.9
2023-05-10,17795.933333333334,33138.13333333333,42485.46666666667,8876.033333333333,14058.066666666668,25754.7,40660.36666666667,21309.8,10839.533333333333,17553.8,50254.933333333334,,,,,,,,8285.933333333332,,,,,,,,,,5992.0,53014.0,16713.266666666666,20393.4,4904.7,14554.533333333333,,,,,16853.233333333334,41647.8,,,,,,,,,16126.266666666666,10079.633333333333,,,,,,,,,48191.03333333333,84888.33333333333,74455.23333333334
2023-05-11,17747.533333333333,33260.26666666667,42629.8,8947.266666666666,14185.633333333333,25970.433333333334,40736.4,21400.266666666666,10936.866666666667,17586.866666666665,51148.13333333333,,,,,,,,8330.2,,,,,,,,,,6027.033333333334,53289.63333333333,16716.733333333334,20366.166666666668,4753.666666666667,14618.833333333334,,,,,16804.566666666666,41820.1,,,,,,,,,16294.733333333334,10141.366666666667,,,,,,,,,48718.4,85171.9,75125.96666666666
2023-05-12,17804.4,33146.933333333334,41809.333333333336,8904.0,13966.4,25939.366666666665,40350.46666666667,21348.433333333334,10854.6,17588.0,50879.066666666666,,,,,,,,8282.266666666666,,,,,,,,,,6029.366666666667,53337.4,16775.033333333333,20443.5,4682.4,14686.766666666666,,,,,16893.366666666665,41811.3,,,,,,,,,16125.666666666666,10039.133333333333,,,,,,,,,48718.4,84632.96666666666,75225.16666666667
2023-05-15,17668.9,32970.7,41658.8,8825.333333333334,13860.333333333334,25722.5,40147.566666666666,21210.6,10588.066666666668,16134.366666666667,50891.26666666667,,,,,,,,8203.733333333334,,,,,,,,,,6029.6,53154.166666666664,16796.9,20459.466666666667,4556.866666666667,14706.833333333334,,,,,17162.0,42591.066666666666,,,,,,,,,16021.833333333334,9982.633333333333,,,,,,,,,48491.2,84094.16666666667,75109.63333333333
2023-05-16,17679.366666666665,33012.26666666667,41698.3,8829.6,13783.633333333333,25705.166666666668,40436.73333333333,21242.366666666665,10590.533333333333,16179.933333333332,49829.86666666667,,,,,,,,8218.433333333332,,,,,,,,,,6041.533333333334,53263.7,16854.8,20491.566666666666,4909.766666666666,14902.833333333334,,,,,17122.6,42624.73333333333,,,,,,,,,16073.566666666668,9995.133333333333,,,,,,,,,48662.433333333334,84226.86666666667,75317.26666666666
2023-05-17,17689.633333333335,33100.23333333333,42148.566666666666,8845.4,13817.066666666668,25723.033333333333,40674.433333333334,21284.5,10627.2,16201.7,50127.13333333333,,,,,,,,8212.7,,,,,,,,,,6059.666666666667,53596.23333333333,16952.866666666665,20568.766666666666,5254.866666666667,15179.633333333333,,,,,17151.266666666666,42789.26666666667,,,,,,,,,16153.366666666667,10019.233333333334,,,,,,,,,48910.13333333333,84449.86666666667,75447.96666666666
2023-05-18,17776.866666666665,33372.76666666667,42521.666666666664,8942.266666666666,13862.033333333333,25995.7,40848.433333333334,21444.3,10744.666666666666,16279.266666666666,51097.566666666666,,,,,,,,8274.2,,,,,,,,,,6076.633333333333,54012.13333333333,17058.733333333334,20617.966666666667,5648.266666666666,15435.666666666666,,,,,17123.466666666667,43147.0,,,,,,,,,16359.733333333334,10123.333333333334,,,,,,,,,49596.63333333333,85050.1,75569.06666666667
2023-05-19,17947.2,33429.53333333333,42936.63333333333,8945.933333333332,13835.3,26105.833333333332,40914.4,21495.333333333332,10771.466666666667,16304.966666666667,51051.26666666667,,,,,,,,8290.733333333334,,,,,,,,,,6114.733333333334,54151.3,17171.166666666668,19988.933333333334,5601.8,16396.866666666665,,,,,17221.066666666666,43437.933333333334,,,,,,,,,16407.566666666666,10111.6,,,,,,,,,49771.166666666664,85540.9,75916.53333333334
2023-05-22,17799.466666666667,33166.5,42816.0,8880.233333333334,13733.666666666666,25950.966666666667,40830.63333333333,21410.5,10706.0,16216.433333333332,50685.23333333333,,,,,,,,8266.8,,,,,,,,,,6089.866666666667,53870.86666666667,17171.0,19935.9,5865.166666666667,16446.366666666665,,,,,17141.833333333332,43242.73333333333,,,,,,,,,16289.133333333333,10068.033333333333,,,,,,,,,49467.4,84805.86666666667,75752.06666666667
2023-05-23,17805.4,33108.3,42909.3,8897.133333333333,13714.4,26016.133333333335,40871.1,21500.533333333333,10737.133333333333,16176.3,50872.53333333333,,,,,,,,8539.1,,,,,,,,,,6068.133333333333,53876.833333333336,17201.6,19836.933333333334,6170.866666666667,16570.7,,,,,,,,,,,,,,,16577.666666666668,7226.0,21942.633333333335,24076.566666666666,7846.9,11526.966666666667,14099.3,10592.9,37325.5,,49615.3,84701.4,75244.06666666667
2023-05-24,17840.266666666666,33015.3,42956.8,8935.8,13688.833333333334,26044.666666666668,40917.566666666666,21645.1,10926.2,18761.666666666668,49862.166666666664,,,,,,,,8605.266666666666,,,,,,,,,,6055.533333333334,53933.36666666667,17188.3,19677.6,6505.833333333333,16728.533333333333,,,,,,,,,,,,,,,16636.533333333333,7283.166666666667,21822.666666666668,24074.166666666668,7888.7,11496.933333333332,14353.7,9789.8,35499.73333333333,,49899.8,84531.9,75088.8
2023-05-25,17984.1,33205.4,43103.73333333333,8999.7,13741.266666666666,26324.833333333332,41106.53333333333,21818.3,11066.166666666666,18815.4,50374.23333333333,,,,,,,,8675.466666666667,,,,,,,,,,6084.633333333333,54175.5,17306.733333333334,19621.233333333334,6842.933333333333,16915.166666666668,,,,,,,,,,,,,,,16712.8,7341.566666666667,21876.033333333333,24263.5,7929.666666666667,11575.633333333333,14442.133333333333,9871.433333333332,35776.9,,50289.833333333336,85078.66666666667,75314.23333333334
2023-05-26,18000.366666666665,33120.53333333333,43243.03333333333,8966.6,13709.3,26254.133333333335,41021.6,21796.533333333333,10992.766666666666,18778.933333333334,49804.566666666666,,,,,,,,8650.6,,,,,,,,,,6091.9,54147.933333333334,17362.4,19597.8,7190.133333333333,17084.7,,,,,,,,,,,,,,,16585.033333333333,7273.266666666666,21770.533333333333,24238.933333333334,7851.2,11595.2,14367.933333333332,9831.933333333332,35958.46666666667,,50073.6,85091.03333333334,75583.3
2023-05-30,17929.933333333334,33029.26666666667,43388.433333333334,8944.433333333332,13694.633333333333,26161.2,40997.7,21827.7,10972.8,18759.666666666668,49879.13333333333,,,,,,,,8655.933333333332,,,,,,,,,,6097.033333333334,54278.7,17375.8,19565.933333333334,7121.833333333333,17077.933333333334,,,,,,,,,,,,,,,16559.0,7248.2,21694.366666666665,24106.9,7830.033333333334,11561.833333333334,14357.066666666668,9810.6,36177.1,,50056.4,84881.63333333333,75670.33333333333
2023-05-31,17854.566666666666,32905.76666666667,42472.333333333336,8964.166666666666,13367.266666666666,26130.2,40602.73333333333,21863.733333333334,10949.9,18723.033333333333,50152.96666666667,,,,,,,,8658.133333333333,,,,,,,,,,5715.533333333334,55260.566666666666,17493.766666666666,19934.533333333333,7144.8,16161.366666666667,,,,,,,,,,,,,,,16514.233333333334,7216.566666666667,21478.133333333335,24060.4,7867.533333333334,11524.4,14347.5,9823.3,36072.7,,50278.433333333334,84074.16666666667,75504.03333333334
2023-06-01,17969.2,33200.96666666667,42854.9,9021.666666666666,13435.533333333333,26379.266666666666,40866.1,21999.733333333334,11001.633333333333,18862.4,50559.4,,,,,,,,8701.633333333333,,,,,,,,,,5757.7,55692.3,17652.266666666666,20125.8,7143.333333333333,16278.3,,,,,,,,,,,,,,,16639.166666666668,7269.8,21692.2,24331.4,7938.833333333333,11573.4,14395.733333333334,9892.333333333334,36294.833333333336,,50576.3,84949.23333333334,75911.2
2023-06-02,17875.833333333332,33172.63333333333,42263.066666666666,8921.133333333333,13162.2,26169.0,40447.03333333333,21808.366666666665,10844.1,18828.7,49631.36666666667,,,,,,,,8624.266666666666,,,,,,,,,,5756.9,55605.6,17717.9,20249.966666666667,7133.966666666666,16345.633333333333,,,,,,,,,,,,,,,16386.2,7095.5,21559.033333333333,24314.7,7834.533333333334,11504.333333333334,14171.533333333333,9814.8,35866.4,,50199.3,84874.13333333333,75986.73333333334
2023-06-05,17699.5,33029.86666666667,41976.3,8864.133333333333,13072.533333333333,25935.4,40233.7,21675.1,10754.7,18747.033333333333,49112.933333333334,,,,,,,,8549.966666666667,,,,,,,,,,5738.333333333333,55395.46666666667,17726.4,20237.533333333333,7074.533333333334,16296.566666666668,,,,,,,,,,,,,,,16275.9,7054.666666666667,21377.733333333334,24122.866666666665,7699.8,11437.133333333333,14062.433333333332,9730.8,35714.46666666667,,49838.933333333334,84137.7,75799.8
2023-06-06,17605.433333333334,32949.2,41852.566666666666,8846.3,13019.766666666666,25810.366666666665,40103.333333333336,21658.8,10732.133333333333,18619.0,48897.53333333333,,,,,,,,8530.833333333334,,,,,,,,,,5738.633333333333,54945.36666666667,17749.2,20089.233333333334,7000.6,16305.133333333333,,,,,,,,,,,,,,,16216.466666666667,7060.733333333334,,,,,,,,,49769.166666666664,83752.63333333333,75214.86666666667
2023-06-07,17545.0,32976.76666666667,41814.8,8918.533333333333,13057.666666666666,25794.766666666666,40535.566666666666,21779.533333333333,10825.3,18650.533333333333,49663.9,,,,,,,,8604.2,,,,,,,,,,5712.633333333333,55107.96666666667,17795.833333333332,20022.0,7051.333333333333,16316.566666666668,,,,,,,,,,,,,,,16050.933333333332,7596.166666666667,,,,,,,,,50218.26666666667,83996.63333333333,75396.56666666667
2023-06-08,17674.0,33319.73333333333,42101.833333333336,8977.666666666666,13110.8,26040.733333333334,40750.96666666667,21876.333333333332,10752.133333333333,19160.033333333333,50833.1,16035.2,83637.46666666666,,,,,,8459.966666666667,13494.366666666667,,,,,,,,,5718.466666666666,55363.066666666666,17876.766666666666,19964.2,7103.166666666667,16381.366666666667,,,,,,,,,,,,,,,16134.8,7662.6,,,,,,,,,50556.6,84747.2,75992.36666666667
2023-06-09,17636.566666666666,33273.566666666666,41962.86666666667,8910.133333333333,13027.366666666667,25839.233333333334,40541.96666666667,21729.5,10626.066666666668,19095.4,49954.433333333334,16056.166666666666,83003.26666666666,,,,,,8393.866666666667,13254.133333333333,,,,,,,,,5735.833333333333,55193.3,17919.433333333334,20034.6,7119.566666666667,16394.533333333333,,,,,,,,,,,,,,,15933.2,7535.0,,,,,,,,,50121.933333333334,84454.73333333334,76024.63333333333
2023-06-12,17456.933333333334,33083.36666666667,41782.5,8844.266666666666,12854.833333333334,25537.1,40324.96666666667,21549.566666666666,10515.066666666668,18972.533333333333,49334.53333333333,15944.1,82160.8,,,,,,8333.733333333334,13059.733333333334,,,,,,,,,5716.433333333333,54917.8,17891.866666666665,19967.566666666666,7148.533333333334,16355.266666666666,,,,,,,,,,,,,,,15774.766666666666,7445.3,,,,,,,,,49731.566666666666,83724.96666666666,75199.73333333334
2023-06-13,17440.733333333334,33109.833333333336,41691.6,8847.6,12758.9,25376.166666666668,40330.73333333333,21485.866666666665,10494.133333333333,18899.8,49100.9,15907.366666666667,81728.1,,,,,,8343.333333333334,13026.366666666667,,,,,,,,,5726.9,54846.166666666664,17902.233333333334,19871.1,7269.4,16314.866666666667,,,,,,,,,,,,,,,15735.933333333332,7409.866666666667,,,,,,,,,49684.0,83549.3,75094.4
2023-06-14,17474.3,33278.9,41871.23333333333,8958.3,12800.9,25471.6,40607.7,21599.833333333332,10644.1,18899.733333333334,49841.96666666667,15864.033333333333,82434.33333333333,,,,,,8399.6,13159.066666666668,,,,,,,,,5722.733333333334,55122.333333333336,17941.633333333335,19797.133333333335,7331.4,16323.133333333333,,,,,,,,,,,,,,,15764.033333333333,7465.0,,,,,,,,,50117.066666666666,83849.13333333333,75076.83333333333
2023-06-15,17573.9,33522.833333333336,42126.96666666667,9067.266666666666,12805.633333333333,25624.7,40838.96666666667,21699.833333333332,10689.6,18973.066666666666,50118.5,15918.033333333333,83095.6,,,,,,8434.666666666666,13349.0,,,,,,,,,5754.166666666667,55516.833333333336,18022.4,19811.166666666668,7401.466666666666,16211.2,,,,,,,,,,,,,,,15842.333333333334,7495.466666666666,,,,,,,,,50331.066666666666,84367.2,75226.53333333334
2023-06-16,17631.033333333333,33754.73333333333,42306.166666666664,9074.1,12730.066666666668,25497.1,41013.63333333333,21584.6,10633.366666666667,18986.466666666667,49293.53333333333,15973.933333333332,82871.73333333334,,,,,,8398.633333333333,13351.9,,,,,,,,,5816.466666666666,55491.433333333334,18062.833333333332,19850.8,7485.566666666667,16214.633333333333,,,,,,,,,,,,,,,15782.566666666668,7448.766666666666,,,,,,,,,50060.8,84493.03333333334,75316.5
2023-06-19,17501.566666666666,33645.2,42237.26666666667,9017.7,12628.966666666667,25262.933333333334,41015.333333333336,21455.066666666666,10550.633333333333,18885.533333333333,48733.76666666667,15889.4,82232.33333333333,,,,,,8362.433333333332,13397.6,,,,,,,,,5838.4,55315.566666666666,18046.533333333333,19832.2,7563.766666666666,16151.466666666667,,,,,,,,,,,,,,,15675.3,7392.433333333333,,,,,,,,,49760.5,83899.26666666666,75145.1
2023-06-20,17536.133333333335,33745.46666666667,42348.833333333336,9100.366666666667,12649.166666666666,25429.633333333335,41190.1,21564.533333333333,10655.233333333334,18939.566666666666,48081.13333333333,18492.6,79815.9,,,,,,8451.166666666666,15441.233333333334,,,,,,,,,5845.3,55514.8,18079.466666666667,19793.533333333333,7670.033333333334,16106.3,,,,,,,,,,,,,,,15869.666666666666,7507.866666666667,,,,,,,,,50187.566666666666,84178.23333333334,75086.0
2023-06-21,17582.033333333333,33833.7,42475.63333333333,9129.5,12648.133333333333,25434.366666666665,41450.76666666667,21560.433333333334,10665.833333333334,18966.733333333334,48204.86666666667,18543.7,78336.03333333334,,,,,,8482.266666666666,15444.333333333334,,,,,,,,,5844.666666666667,55825.5,18175.533333333333,19917.533333333333,7390.666666666667,16008.366666666667,,,,,,,,,,,,,,,15937.733333333334,7523.1,,,,,,,,,50362.63333333333,84529.43333333333,75272.73333333334
2023-06-22,17416.566666666666,33944.5,42487.23333333333,9150.933333333332,12597.5,25471.833333333332,41652.566666666666,21521.966666666667,12326.533333333333,18925.933333333334,49639.6,18536.3,76860.7,,,,,,8715.2,15443.666666666666,,,,,,,,,5859.033333333334,56046.433333333334,18285.133333333335,20012.4,7087.8,15887.966666666667,,,,,,,,,,,,,,,15984.3,7529.833333333333,,,,,,,,,50423.9,84791.16666666667,75409.9
2023-06-23,17308.766666666666,33854.433333333334,42286.23333333333,9073.133333333333,12426.566666666668,25171.266666666666,41840.166666666664,21349.633333333335,12211.666666666666,18846.8,48712.23333333333,18516.1,76099.2,,,,,,8640.8,15229.7,,,,,,,,,5834.0,54761.1,17895.066666666666,19695.666666666668,7187.6,16720.6,,,,,,,,,,,,,,,15838.8,7432.0,,,,,,,,,50002.23333333333,84279.26666666666,74946.06666666667
2023-06-26,17231.133333333335,33956.433333333334,43211.8,9098.333333333334,12653.5,25202.7,42550.3,21375.233333333334,12260.2,18864.266666666666,49029.76666666667,18459.766666666666,76549.03333333334,,,,,,8654.733333333334,15259.533333333333,,,,,,,,,5844.2,54973.4,17926.6,19746.366666666665,7283.933333333333,16728.633333333335,,,,,,,,,,,,,,,16044.7,7533.8,,,,,,,,,50125.36666666667,84931.7,75072.0
2023-06-27,17316.133333333335,34149.566666666666,43448.53333333333,9162.333333333334,12748.666666666666,25355.5,42858.566666666666,21467.533333333333,12342.4,18924.533333333333,49552.666666666664,18500.0,77276.76666666666,,,,,,8689.433333333332,15342.133333333333,,,,,,,,,5873.9,55410.3,17978.8,19824.533333333333,7440.033333333334,16779.633333333335,,,,,,,,,,,,,,,16201.3,7591.933333333333,,,,,,,,,50472.76666666667,85679.56666666667,75386.93333333333
2023-06-28,17265.0,34454.566666666666,43492.53333333333,9162.433333333332,12792.6,25305.466666666667,42948.76666666667,21408.733333333334,12321.566666666668,18923.7,49475.666666666664,18511.033333333333,77362.43333333333,,,,,,8733.3,15306.0,,,,,,,,,5892.8,55585.63333333333,18027.9,19928.433333333334,7126.9,16670.466666666667,,,,,,,,,,,,,,,16224.266666666666,7568.533333333334,,,,,,,,,50207.46666666667,85824.16666666667,75293.7
2023-06-29,17294.833333333332,34693.76666666667,43633.833333333336,9181.933333333332,12862.033333333333,25343.266666666666,43561.933333333334,21424.233333333334,12351.033333333333,18957.6,49502.166666666664,18542.3,77857.46666666666,,,,,,8771.033333333333,15299.466666666667,,,,,,,,,5919.966666666666,55585.53333333333,18063.233333333334,20048.033333333333,6868.633333333333,16447.9,,,,,,,,,,,,,,,16297.3,7585.466666666666,,,,,,,,,50391.76666666667,86244.46666666666,75519.43333333333
2023-06-30,17215.233333333334,34736.933333333334,43685.3,9096.933333333332,12864.733333333334,25100.966666666667,43750.13333333333,21283.833333333332,12257.6,18913.7,48618.63333333333,18569.266666666666,77339.33333333333,,,,,,8710.833333333334,15102.233333333334,,,,,,,,,5929.2,55728.86666666667,18069.4,20255.9,6537.833333333333,16457.566666666666,,,,,,,,,,,,,,,16142.766666666666,7491.566666666667,,,,,,,,,49980.36666666667,86084.0,75644.53333333334
2023-07-03,17051.933333333334,34639.2,43560.3,9097.0,12834.7,25016.533333333333,43831.73333333333,21248.666666666668,12262.566666666668,18886.366666666665,48795.066666666666,18498.566666666666,77337.7,,,,,,8714.0,15139.666666666666,,,,,,,,,5920.266666666666,55767.96666666667,18014.833333333332,20941.633333333335,6572.866666666667,15512.433333333332,,,,,,,,,,,,,,,16202.366666666667,7529.033333333334,,,,,,,,,50093.666666666664,85641.03333333334,75507.4
2023-07-04,17164.6,34861.933333333334,43862.63333333333,9175.266666666666,12879.4,25224.833333333332,44007.13333333333,21381.933333333334,12378.766666666666,18972.3,49509.3,18558.9,78090.03333333334,,,,,,8777.366666666667,15273.133333333333,,,,,,,,,5954.133333333333,56251.86666666667,18096.1,21141.4,6292.566666666667,15480.433333333332,,,,,,,,,,,,,,,16349.266666666666,7596.633333333333,,,,,,,,,50484.333333333336,86455.73333333334,75762.4
2023-07-05,17186.8,34959.7,44001.933333333334,9182.566666666668,12831.733333333334,25213.0,44220.86666666667,21355.3,12386.566666666668,19036.133333333335,49551.13333333333,17678.033333333333,80538.36666666667,,,,,,8539.666666666666,15262.466666666667,18233.233333333334,54126.9,11226.5,32435.633333333335,,,,,6000.766666666666,56505.36666666667,18138.966666666667,21278.833333333332,6012.633333333333,15399.2,,,,,17162.466666666667,42033.73333333333,16119.166666666666,8690.366666666667,,,,,,,16411.033333333333,7609.066666666667,,,,,,,,,50562.066666666666,86782.13333333333,75934.3
2023-07-06,17189.4,35099.7,44198.0,9211.433333333332,12770.133333333333,25264.8,44453.36666666667,21363.833333333332,12252.333333333334,16461.966666666667,51054.96666666667,18143.033333333333,83258.5,14772.933333333332,,,,,8519.466666666667,15417.766666666666,16347.866666666667,56154.0,10319.633333333333,31221.166666666668,,,,,6039.033333333334,57092.9,18209.333333333332,21502.6,5744.9,15207.5,,,,,17287.266666666666,42309.73333333333,16154.8,8881.766666666666,,,,,,,16505.266666666666,7642.566666666667,,,,,,,,,50697.53333333333,87192.46666666666,76153.53333333334
2023-07-07,17106.166666666668,35033.0,44329.5,9149.633333333333,12624.0,25001.966666666667,44533.53333333333,21244.1,12137.533333333333,16459.433333333334,50274.933333333334,18191.966666666667,82682.16666666667,14636.2,,,,,8446.0,15214.066666666668,16283.433333333332,55401.7,10262.1,31028.433333333334,,,,,6053.8,57319.9,18241.133333333335,21728.1,5512.2,15250.733333333334,,,,,17393.533333333333,42435.0,16179.866666666667,9152.833333333334,,,,,,,16682.666666666668,8313.666666666666,,,,,,,,,50431.1,87093.46666666666,77428.5
2023-07-10,16985.266666666666,35015.1,44180.3,9163.066666666668,12563.433333333332,24960.0,44531.76666666667,21246.833333333332,12183.233333333334,16486.333333333332,50595.73333333333,18112.6,82696.7,14716.0,,,,,8466.866666666667,15244.6,16318.033333333333,55574.8,10259.866666666667,31035.4,,,,,6056.2,57380.2,18184.766666666666,21600.066666666666,5164.866666666667,15078.866666666667,,,,,17288.733333333334,42508.8,16136.7,9133.966666666667,,,,,,,16780.733333333334,8361.433333333332,,,,,,,,,50550.7,86663.53333333334,77182.06666666667
2023-07-11,17010.266666666666,35079.4,44147.666666666664,9198.133333333333,12521.833333333334,25014.166666666668,44632.2,21279.3,12233.433333333332,16506.8,50816.2,18167.566666666666,82878.86666666667,14778.6,,,,,8491.933333333332,15476.366666666667,16356.633333333333,55796.46666666667,10255.1,30996.5,,,,,6074.233333333334,57364.73333333333,18176.6,21644.066666666666,5209.333333333333,15052.566666666668,,,,,17268.833333333332,42640.5,16154.7,9128.966666666667,,,,,,,16870.066666666666,8411.8,,,,,,,,,50736.96666666667,86757.46666666666,77200.93333333333
2023-07-12,17082.2,35300.5,45280.0,9279.433333333332,12844.233333333334,25213.266666666666,45370.23333333333,21421.1,12371.8,16599.166666666668,51338.96666666667,18232.133333333335,83948.06666666667,14913.866666666667,,,,,8565.433333333332,15619.3,16619.433333333334,56634.46666666667,10305.333333333334,31174.266666666666,,,,,6133.133333333333,57688.13333333333,18224.233333333334,21715.6,5265.133333333333,15082.4,,,,,17352.7,42902.566666666666,16232.2,9148.933333333332,,,,,,,17120.566666666666,8544.966666666667,,,,,,,,,51037.73333333333,87945.83333333333,77473.03333333334
2023-07-13,17089.1,35264.166666666664,45272.566666666666,9292.633333333333,12862.533333333333,25234.3,45543.03333333333,21451.733333333334,12405.5,16682.766666666666,51594.8,18262.066666666666,84308.43333333333,15001.133333333333,,,,,8604.5,15705.5,16656.233333333334,56958.23333333333,10310.233333333334,31238.266666666666,,,,,6149.733333333334,57822.7,18224.4,21771.833333333332,5311.033333333334,15079.966666666667,,,,,17351.833333333332,42893.8,16205.033333333333,9190.933333333332,,,,,,,17197.666666666668,8576.266666666666,,,,,,,,,50882.0,87993.9,77443.4
2023-07-14,17109.933333333334,35184.36666666667,45917.9,9313.933333333332,13053.833333333334,25313.566666666666,46036.03333333333,21497.166666666668,12522.3,16694.6,51798.76666666667,18299.233333333334,84796.23333333334,15006.9,,,,,8634.366666666667,15762.866666666667,16758.0,57400.4,10355.733333333334,31368.933333333334,,,,,6179.866666666667,57926.066666666666,18227.933333333334,21877.766666666666,5329.8,15043.366666666667,,,,,17344.3,42928.03333333333,16256.066666666668,9167.5,,,,,,,17325.366666666665,8641.5,,,,,,,,,50892.833333333336,88041.6,77584.8
2023-07-17,17093.366666666665,35179.23333333333,45897.96666666667,9304.5,13013.4,25317.9,46190.63333333333,21489.1,12540.3,16722.9,51775.13333333333,18347.9,84907.83333333333,15034.966666666667,,,,,8656.733333333334,15752.466666666667,16748.4,57437.0,10354.266666666666,31416.966666666667,,,,,6196.4,58003.933333333334,18206.166666666668,21989.233333333334,5375.366666666667,15066.633333333333,,,,,17413.133333333335,43015.933333333334,16256.233333333334,9222.266666666666,,,,,,,17325.566666666666,8622.666666666666,,,,,,,,,50952.8,88157.16666666667,77682.33333333333
2023-07-18,17066.866666666665,35167.53333333333,45614.23333333333,9304.633333333333,12940.233333333334,25320.866666666665,46313.63333333333,21440.533333333333,12728.666666666666,16738.466666666667,51241.833333333336,17953.8,82815.2,15441.2,,,,,8682.566666666668,15725.8,16600.5,55888.86666666667,,,,,,,6208.9,58178.9,18170.466666666667,22075.233333333334,5391.833333333333,15059.9,,,,,,,,,,,,,,,17201.066666666666,8609.833333333334,,,,,,,,,50942.7,88221.2,77774.06666666667
2023-07-19,16866.8,35126.0,45588.3,9289.4,12872.066666666668,25481.2,45961.1,21409.633333333335,12749.7,18103.766666666666,49738.36666666667,20702.266666666666,,,,,,,8895.833333333334,17442.733333333334,16315.4,54798.1,,,,,,,6219.0,58306.2,18148.033333333333,22162.266666666666,5331.833333333333,15022.866666666667,,,,,,,,,,,,,,,17534.833333333332,8172.933333333333,,,,,,,,,50817.6,88112.26666666666,77658.4
2023-07-20,16741.466666666667,34749.63333333333,44737.76666666667,9210.4,12596.8,25256.566666666666,45500.1,21248.2,12651.733333333334,18007.1,49156.433333333334,20719.166666666668,,,,,,,8837.933333333332,17391.6,16095.566666666668,53966.166666666664,,,,,,,6203.566666666667,58070.96666666667,18056.3,22183.566666666666,5306.266666666666,14967.766666666666,,,,,,,,,,,,,,,17383.866666666665,8046.2,,,,,,,,,50485.03333333333,87756.46666666666,77035.46666666666
2023-07-21,16699.2,34618.933333333334,44608.46666666667,9181.233333333334,12498.433333333332,25228.466666666667,45556.0,21182.0,12630.166666666666,17991.8,49043.96666666667,20714.233333333334,,,,,,,8808.966666666667,17387.633333333335,16064.066666666668,53934.63333333333,,,,,,,6181.3,58066.86666666667,17998.6,22217.0,5293.466666666666,14911.4,,,,,,,,,,,,,,,17352.566666666666,8049.8,,,,,,,,,50460.5,87595.23333333334,77050.76666666666
2023-07-24,16668.466666666667,34588.3,44486.433333333334,9152.0,12486.433333333332,25200.3,45507.03333333333,21148.666666666668,12639.866666666667,17993.333333333332,48964.333333333336,20725.1,,,,,,,8792.766666666666,17361.9,16171.266666666666,53889.6,,,,,,,6149.866666666667,58117.86666666667,17927.0,22288.166666666668,5321.466666666666,14875.066666666668,,,,,,,,,,,,,,,17313.5,8030.866666666667,,,,,,,,,50402.333333333336,87474.5,77140.0
2023-07-25,16555.566666666666,34480.73333333333,44210.166666666664,9089.566666666668,12377.3,25103.5,45696.76666666667,21065.233333333334,12590.5,17960.166666666668,48809.6,20728.7,,,,,,,8736.933333333332,17212.533333333333,16202.9,53758.7,,,,,,,6119.933333333333,57996.333333333336,17813.6,22336.333333333332,5345.5,14821.733333333334,,,,,,,,,,,,,,,17255.9,7997.666666666667,,,,,,,,,50352.73333333333,87264.1,77162.3
2023-07-26,16472.333333333332,34282.333333333336,43953.933333333334,9016.933333333332,12251.3,25040.233333333334,45726.066666666666,20967.433333333334,12501.7,17962.1,48644.433333333334,20729.533333333333,,,,,,,8702.833333333334,17213.6,16121.133333333333,53326.0,,,,,,,6117.7,57778.96666666667,17709.866666666665,22435.866666666665,5353.5,14795.366666666667,,,,,,,,,,,,,,,17355.5,8008.233333333334,,,,,,,,,50293.5,86978.53333333334,77128.4
2023-07-27,16362.033333333333,33994.2,43716.8,8904.7,12168.033333333333,24947.4,45703.333333333336,20834.1,12467.666666666666,17913.666666666668,48454.666666666664,20734.9,,,,,,,8649.966666666667,17052.233333333334,16067.766666666666,52990.433333333334,,,,,,,6097.933333333333,57502.166666666664,17623.833333333332,22452.433333333334,5320.3,14881.033333333333,,,,,,,,,,,,,,,17291.933333333334,7975.533333333334,,,,,,,,,50127.26666666667,86693.66666666667,77023.0
2023-07-28,16204.266666666666,33634.333333333336,43528.63333333333,8809.633333333333,12076.3,24889.166666666668,45521.333333333336,20740.833333333332,12423.9,17893.9,48405.4,20726.8,,,,,,,8624.3,16964.333333333332,16018.9,52773.73333333333,,,,,,,6067.233333333334,57409.8,17517.166666666668,22450.966666666667,5261.233333333334,15789.7,,,,,,,,,,,,,,,17287.133333333335,7963.1,,,,,,,,,50053.166666666664,86468.36666666667,76869.63333333333
2023-07-31,16188.333333333334,33502.86666666667,43108.23333333333,8767.366666666667,11995.7,24832.566666666666,45387.03333333333,20806.1,12404.233333333334,17903.166666666668,48293.96666666667,20739.233333333334,,,,,,,8596.633333333333,16896.566666666666,16069.1,52638.166666666664,,,,,,,6044.833333333333,57303.63333333333,17456.5,22502.166666666668,5241.733333333334,15751.666666666666,,,,,,,,,,,,,,,17266.933333333334,7941.466666666666,,,,,,,,,49934.63333333333,86304.1,76848.1
2023-08-01,16200.4,33465.13333333333,42960.53333333333,8734.8,11886.333333333334,24794.533333333333,45251.9,20757.733333333334,12376.5,17894.2,49598.96666666667,18110.033333333333,,,,,,,8559.166666666666,15174.8,16330.466666666667,52320.76666666667,,,,,,,6037.966666666666,57299.666666666664,17367.9,22543.366666666665,5234.833333333333,15739.033333333333,,,,,,,,,,,,,,,17223.466666666667,7904.1,,,,,,,,,49885.63333333333,86292.33333333333,76910.03333333334
2023-08-02,16204.8,33469.13333333333,42876.933333333334,8684.466666666667,11808.933333333332,24801.7,45134.2,20715.633333333335,12386.166666666666,17940.5,49487.96666666667,18099.666666666668,,,,,,,8538.7,15154.166666666666,16234.533333333333,54042.1,,,,,,,6016.533333333334,57147.63333333333,17321.033333333333,22627.466666666667,5199.766666666666,15691.133333333333,,,,,,,,,,,,,,,17202.666666666668,7907.466666666666,,,,,,,,,49717.8,86167.43333333333,76821.7
2023-08-03,16348.933333333332,33393.26666666667,42796.8,8651.233333333334,11717.766666666666,24766.1,44995.8,20674.366666666665,10741.966666666667,18020.0,47980.433333333334,18080.566666666666,,,,,,,8296.166666666666,15083.333333333334,14435.133333333333,55025.2,,,,,,,5993.6,57065.63333333333,17215.833333333332,22636.166666666668,5186.266666666666,15674.6,,,,,,,,,,,,,,,17173.566666666666,7905.3,,,,,,,,,49588.13333333333,86109.0,76780.5
2023-08-04,16335.3,33307.73333333333,42733.566666666666,8613.266666666666,11666.133333333333,24765.8,44674.5,20626.366666666665,10747.433333333332,18031.933333333334,47938.03333333333,18101.4,,,,,,,8273.866666666667,15018.566666666668,14386.666666666666,54915.26666666667,,,,,,,5985.8,58135.833333333336,17555.966666666667,23033.066666666666,5231.733333333334,14771.733333333334,,,,,,,,,,,,,,,17126.933333333334,7895.233333333334,,,,,,,,,49468.5,86017.43333333333,76628.1
2023-08-07,16264.266666666666,33252.566666666666,42610.76666666667,8595.9,11597.833333333334,24716.6,44382.96666666667,20557.233333333334,10753.366666666667,18014.5,47733.23333333333,18067.066666666666,,,,,,,8235.533333333333,14941.2,14404.633333333333,54779.333333333336,,,,,,,6000.833333333333,58014.566666666666,17441.9,22974.933333333334,5187.9,14680.866666666667,,,,,,,,,,,,,,,,,,,,,,,,,49304.8,85864.5,76522.76666666666
2023-08-08,16206.566666666668,33269.1,42277.6,8555.633333333333,11521.066666666668,24663.1,44231.96666666667,20479.933333333334,10728.433333333332,18022.066666666666,47587.566666666666,18064.533333333333,,,,,,,8196.6,14900.633333333333,14369.166666666666,54555.1,,,,,,,5985.9,57859.2,17382.833333333332,23052.066666666666,5150.6,14593.466666666667,,,,,,,,,,,,,,,,,,,,,,,,,49145.166666666664,85653.06666666667,76371.96666666666
2023-08-09,16140.666666666666,32944.86666666667,42047.2,8532.466666666667,11403.766666666666,24613.433333333334,43908.0,20376.166666666668,10708.333333333334,18017.033333333333,47413.1,18066.3,,,,,,,8093.033333333334,14808.1,14316.6,54448.433333333334,,,,,,,5978.2,57767.86666666667,17285.8,23065.5,5132.733333333334,14547.366666666667,,,,,,,,,,,,,,,,,,,,,,,,,49224.833333333336,85551.23333333334,76410.5
2023-08-10,16000.233333333334,32730.133333333335,41719.0,8495.966666666667,11256.6,24488.466666666667,43299.9,20251.033333333333,10665.5,17970.8,47133.666666666664,18009.466666666667,,,,,,,8007.1,14657.4,14239.6,54186.03333333333,,,,,,,5957.833333333333,57610.933333333334,17152.366666666665,22892.033333333333,5078.266666666666,14546.466666666667,,,,,,,,,,,,,,,,,,,,,,,,,48940.23333333333,85247.8,76221.86666666667
2023-08-11,15876.766666666666,32461.233333333334,41332.36666666667,8459.633333333333,11101.9,24357.9,42871.4,20111.866666666665,10629.566666666668,17891.1,46949.2,17934.566666666666,,,,,,,7941.666666666667,14555.2,14111.366666666667,53942.933333333334,,,,,,,5939.1,57154.53333333333,17019.7,22700.266666666666,5039.7,14297.566666666668,,,,,,,,,,,,,,,,,,,,,,,,,48624.53333333333,84761.0,75910.5
2023-08-14,15793.133333333333,32345.2,41188.13333333333,8428.533333333333,11047.833333333334,24278.5,42675.36666666667,20017.766666666666,10585.566666666668,17825.666666666668,46785.26666666667,17873.366666666665,,,,,,,7896.833333333333,14469.9,14065.9,53792.333333333336,,,,,,,5909.1,56950.73333333333,16923.7,22669.633333333335,5021.0,14222.766666666666,,,,,,,,,,,,,,,,,,,,,,,,,48389.0,84441.63333333333,75686.36666666667
2023-08-15,15738.233333333334,32270.6,40955.23333333333,8387.0,10955.0,24160.4,42525.03333333333,19899.233333333334,10512.9,17777.433333333334,46417.53333333333,17836.1,,,,,,,7835.2,14305.033333333333,14029.833333333334,53868.96666666667,,,,,,,5890.966666666666,56751.566666666666,16785.166666666668,22548.333333333332,5010.666666666667,14147.566666666668,,,,,,,,,,,,,,,,,,,,,,,,,48214.5,84280.9,75539.8
2023-08-16,15602.6,32176.166666666668,40672.5,8349.466666666667,10868.466666666667,24056.166666666668,42526.03333333333,19775.9,11902.066666666668,17292.133333333335,45398.53333333333,18111.366666666665,,,,,,,9410.8,13991.3,14408.2,54374.73333333333,,,,,,,5855.833333333333,56477.433333333334,16643.966666666667,22474.5,4996.666666666667,14078.833333333334,,,,,,,,,,,,,,,,,,,,,,,,,48278.566666666666,84059.93333333333,75378.96666666666
2023-08-17,15519.866666666667,32034.9,40336.066666666666,8292.333333333334,10771.066666666668,23941.533333333333,42237.4,19648.966666666667,11854.6,17255.033333333333,43877.4,20654.966666666667,,,,,,,9363.4,13892.3,14333.233333333334,54165.7,,,,,,,5815.033333333334,55920.3,16500.866666666665,22313.733333333334,4939.933333333333,14116.066666666668,,,,,,,,,,,,,,,,,,,,,,,,,48005.566666666666,83741.26666666666,75151.4
2023-08-18,15415.7,32013.433333333334,39975.566666666666,8247.8,10712.533333333333,23835.5,42002.0,19506.466666666667,11846.833333333334,17203.866666666665,43719.36666666667,20709.666666666668,,,,,,,9333.0,13820.133333333333,14318.566666666668,53965.066666666666,,,,,,,5795.9,55466.6,16365.366666666667,22103.033333333333,4859.6,13863.733333333334,,,,,,,,,,,,,,,,,,,,,,,,,47753.2,83324.73333333334,73728.16666666667
2023-08-21,15358.833333333334,31904.333333333332,39818.3,8212.9,10673.2,23739.866666666665,42097.76666666667,19417.7,11813.633333333333,17129.1,43536.933333333334,20654.466666666667,,,,,,,9283.366666666667,13772.666666666666,14254.733333333334,53730.433333333334,,,,,,,5775.466666666666,55244.933333333334,16268.566666666668,22138.633333333335,4854.8,13766.9,,,,,,,,,,,,,,,,,,,,,,,,,47655.066666666666,83255.6,73683.26666666666
2023-08-22,15309.433333333332,31802.633333333335,39617.933333333334,8167.133333333333,10605.266666666666,23633.9,41924.53333333333,19308.0,11773.833333333334,17067.9,43313.833333333336,20605.366666666665,,,,,,,9227.8,13666.233333333334,14174.833333333334,53482.5,,,,,,,5744.333333333333,55029.86666666667,16155.966666666667,22043.133333333335,4848.533333333334,13731.966666666667,,,,,,,,,,,,,,,,,,,,,,,,,47463.26666666667,83040.9,73663.93333333333
2023-08-23,15250.5,31722.433333333334,39331.6,8118.7,10536.566666666668,23516.466666666667,41696.53333333333,19182.866666666665,11730.333333333334,16995.666666666668,43037.833333333336,20543.266666666666,,,,,,,9172.566666666668,13542.0,14090.666666666666,53252.73333333333,,,,,,,5710.0,54795.566666666666,16041.8,21964.833333333332,4834.666666666667,13642.833333333334,,,,,,,,,,,,,,,,,,,,,,,,,47220.9,82737.8,73593.06666666667
2023-08-24,15223.533333333333,31532.3,39050.066666666666,8079.833333333333,10453.5,23385.533333333333,41501.3,19046.6,11714.433333333332,16868.366666666665,42638.666666666664,20456.766666666666,,,,,,,9113.766666666666,13404.666666666666,14001.133333333333,52922.833333333336,,,,,,,5690.4,54489.433333333334,15901.766666666666,21827.266666666666,4787.733333333334,13531.733333333334,,,,,,,,,,,,,,,,,,,,,,,,,47194.933333333334,82354.53333333334,73581.13333333333
2023-08-25,15188.733333333334,31491.066666666666,39014.666666666664,8056.733333333334,10389.433333333332,23290.9,41496.9,18959.1,11640.666666666666,16841.966666666667,42501.73333333333,20555.266666666666,,,,,,,9084.533333333333,13338.966666666667,13991.633333333333,52634.36666666667,,,,,,,5670.1,54346.36666666667,15809.3,21689.2,4795.8,13487.666666666666,,,,,,,,,,,,,,,,,,,,,,,,,47068.0,82194.33333333333,73568.46666666666
2023-08-29,15232.633333333333,31475.733333333334,39164.1,8059.033333333334,10398.366666666667,23318.533333333333,41481.23333333333,18966.933333333334,11659.8,16838.3,42595.833333333336,20533.0,,,,,,,9058.0,13349.033333333333,14017.866666666667,52743.1,,,,,,,5697.466666666666,54370.26666666667,15762.733333333334,21583.033333333333,4790.533333333334,13469.633333333333,,,,,,,,,,,,,,,,,,,,,,,,,47034.26666666667,82418.26666666666,73519.53333333334
2023-08-30,15206.633333333333,31344.933333333334,39339.333333333336,8014.433333333333,10394.366666666667,23194.633333333335,41357.1,18890.0,11420.066666666668,16787.566666666666,42781.86666666667,20904.1,,,,,,,8986.766666666666,13252.7,14092.533333333333,54166.166666666664,,,,,,,5673.666666666667,54250.36666666667,15684.066666666668,21495.166666666668,4759.7,13407.1,,,,,17444.166666666668,37566.13333333333,14865.533333333333,,,,,,,,,,,,,,,,,,46853.7,82238.0,73354.76666666666
2023-08-31,15346.0,31220.333333333332,39411.73333333333,7976.133333333333,10397.3,23140.233333333334,41284.333333333336,18811.833333333332,11375.733333333334,15355.666666666666,44048.63333333333,18122.0,,,,,,,8722.566666666668,11442.533333333333,14316.8,55120.833333333336,,,,,,,5640.3,54162.166666666664,15611.2,21420.233333333334,4723.666666666667,13346.1,,,,,17430.533333333333,37279.166666666664,14824.4,,,,,,,,,,,,,,,,,,46741.166666666664,82042.43333333333,73291.06666666667
2023-09-01,15305.333333333334,31074.9,39075.833333333336,7902.2,10286.766666666666,22928.933333333334,41030.76666666667,18680.366666666665,11264.666666666666,15325.766666666666,43607.96666666667,18085.366666666665,,,,,,,8649.333333333334,11309.2,14221.366666666667,54740.76666666667,,,,,,,5564.266666666666,53998.46666666667,15517.0,21317.2,4696.466666666666,13220.966666666667,,,,,17337.166666666668,37081.96666666667,14705.0,,,,,,,,,,,,,,,,,,46510.23333333333,80841.0,73244.3
2023-09-04,15201.933333333332,30968.733333333334,39000.5,7906.1,10304.933333333332,22856.666666666668,40655.7,18694.7,11275.333333333334,15234.066666666668,43870.3,17978.366666666665,,,,,,,8666.233333333334,11268.033333333333,14221.6,54927.1,,,,,,,5517.533333333334,53927.3,15428.566666666668,21148.533333333333,4680.633333333333,13163.4,,,,,17163.766666666666,36922.0,14666.833333333334,,,,,,,,,,,,,,,,,,46546.0,80437.73333333334,72992.33333333333
2023-09-05,15306.533333333333,31063.133333333335,39026.13333333333,7969.966666666666,10361.0,23008.566666666666,40726.36666666667,18802.2,11328.833333333334,15260.733333333334,44348.03333333333,18008.6,,,,,,,8715.9,11316.433333333332,14247.866666666667,55426.3,,,,,,,5524.366666666667,54072.4,15446.433333333332,21030.033333333333,4676.6,13167.733333333334,,,,,17099.566666666666,36975.96666666667,14709.4,,,,,,,,,,,,,,,,,,46827.833333333336,80876.9,73053.03333333334
2023-09-06,15336.8,31012.0,39061.36666666667,7986.0,10414.066666666668,23024.866666666665,40371.8,18836.6,11340.3,15227.5,44399.86666666667,17984.9,,,,,,,8729.533333333333,11274.866666666667,14270.633333333333,55676.8,,,,,,,5521.966666666666,54105.566666666666,15455.633333333333,20889.066666666666,4631.266666666666,13146.766666666666,,,,,16994.233333333334,36936.666666666664,14737.266666666666,,,,,,,,,,,,,,,,,,46788.73333333333,80712.03333333334,72813.6
2023-09-07,15390.433333333332,31063.533333333333,39127.46666666667,8011.966666666666,10464.466666666667,23065.966666666667,40165.566666666666,18886.1,11350.733333333334,15199.3,44494.166666666664,17960.566666666666,,,,,,,8743.2,11209.233333333334,14289.266666666666,56099.833333333336,,,,,,,5509.0,54197.23333333333,15487.0,20689.033333333333,4606.766666666666,13090.166666666666,,,,,16815.566666666666,36900.73333333333,14731.133333333333,,,,,,,,,,,,,,,,,,46804.833333333336,80681.16666666667,72706.56666666667
2023-09-08,15405.6,30963.366666666665,39049.03333333333,7960.366666666667,10424.033333333333,22853.133333333335,39895.36666666667,18782.566666666666,11272.1,15104.166666666666,43847.9,17918.966666666667,,,,,,,8693.733333333334,11147.633333333333,14190.266666666666,55649.13333333333,,,,,,,5512.3,53976.433333333334,15482.9,20590.6,4595.5,13061.633333333333,,,,,16647.366666666665,36720.36666666667,14715.966666666667,,,,,,,,,,,,,,,,,,46450.03333333333,80226.2,72625.86666666667
2023-09-11,15364.0,30910.8,38897.166666666664,7993.966666666666,10413.6,22806.233333333334,39833.36666666667,18823.766666666666,11300.466666666667,15024.933333333332,44115.066666666666,17815.0,,,,,,,8704.733333333334,11264.066666666668,14182.533333333333,55888.666666666664,,,,,,,5508.233333333334,53888.333333333336,15472.766666666666,20432.366666666665,4631.066666666667,12055.933333333332,16325.5,,,,16431.333333333332,36580.433333333334,14687.5,,,,,,,,,,,,,,,,,,46548.066666666666,79691.6,72296.06666666667
2023-09-12,15478.633333333333,31066.4,39346.833333333336,8092.933333333333,10523.2,23016.7,40058.2,18858.0,11358.833333333334,15065.6,44730.933333333334,17854.566666666666,,,,,,,8752.6,11448.433333333332,14220.5,56559.03333333333,,,,,,,5525.533333333334,54142.76666666667,15544.266666666666,20345.366666666665,4640.666666666667,12077.033333333333,16399.1,,,,16370.1,36753.46666666667,14768.433333333332,,,,,,,,,,,,,,,,,,46917.86666666667,80176.1,72335.6
2023-09-13,15509.3,31064.8,39545.63333333333,8108.5,10612.866666666667,23078.266666666666,40202.96666666667,18901.366666666665,11524.566666666668,15013.033333333333,43096.333333333336,18134.1,,,,,,,8812.166666666666,,,,,,,,,,5526.766666666666,54186.46666666667,15586.166666666666,20232.566666666666,4651.733333333334,12074.7,16439.966666666667,,,,16265.1,35817.1,14492.033333333333,,,,,,,,,,,,,,,,,,47007.9,80173.9,72196.66666666667
2023-09-14,15554.533333333333,31097.633333333335,39678.8,8158.5,10673.366666666667,23167.7,40272.8,18954.433333333334,11529.233333333334,15003.066666666668,43364.333333333336,21043.566666666666,,,,,,,8848.033333333333,,,,,,,,,,5542.8,54377.0,15621.5,20088.0,4666.7,12104.233333333334,16512.666666666668,,,,16158.1,35909.36666666667,14514.466666666667,,,,,,,,,,,,,,,,,,47214.76666666667,80345.76666666666,72186.4
2023-09-15,15547.966666666667,31185.966666666667,39689.03333333333,8114.166666666667,10704.633333333333,23001.266666666666,40353.4,18858.1,11419.033333333333,15626.533333333333,42055.13333333333,23186.733333333334,,,,,,,8803.866666666667,,,,,,,,,,5559.4,54248.9,15660.133333333333,19932.5,4675.566666666667,12093.666666666666,16566.533333333333,,,,16844.6,34688.03333333333,15432.033333333333,,,,,,,,,,,,,,,,,,46885.63333333333,79991.23333333334,72071.4
2023-09-18,15506.2,31214.8,39613.0,8156.566666666667,10764.8,22974.2,40376.23333333333,18913.3,11455.966666666667,15584.366666666667,42335.53333333333,23099.433333333334,,,,,,,8851.033333333333,,,,,,,,,,5555.966666666666,54288.333333333336,15671.3,19810.766666666666,4644.933333333333,12049.6,16557.866666666665,,,,16623.133333333335,34586.13333333333,15430.333333333334,,,,,,,,,,,,,,,,,,47065.9,79667.16666666667,71904.03333333334
2023-09-19,15699.6,31426.866666666665,39860.666666666664,8248.566666666668,10905.233333333334,23238.0,40573.86666666667,19116.1,11557.233333333334,15678.433333333332,43134.566666666666,23186.8,,,,,,,8970.733333333334,,,,,,,,,,5542.133333333333,54582.73333333333,15785.066666666668,19771.666666666668,4665.733333333334,12113.366666666667,16657.133333333335,,,,16630.5,34774.03333333333,15506.2,,,,,,,,,,,,,,,,,,47482.566666666666,80315.16666666667,72039.33333333333
2023-09-20,15825.533333333333,31437.5,40282.3,8303.166666666666,11011.5,23372.733333333334,40721.066666666666,19204.0,11596.266666666666,15728.533333333333,43348.76666666667,23219.733333333334,,,,,,,9047.866666666667,,,,,,,,,,5549.8,54677.26666666667,15831.233333333334,19661.633333333335,4667.966666666666,12159.9,16735.4,,,,16680.233333333334,34931.9,15598.266666666666,,,,,,,,,,,,,,,,,,47625.333333333336,80434.16666666667,72104.76666666666
2023-09-21,15970.0,31542.766666666666,40537.73333333333,8360.233333333334,11176.966666666667,23550.933333333334,40850.933333333334,19352.9,11637.7,15809.833333333334,43738.76666666667,23247.833333333332,,,,,,,9126.766666666666,,,,,,,,,,5554.866666666667,54863.5,15939.733333333334,19605.766666666666,4663.033333333334,12213.166666666666,16808.266666666666,,,,16628.366666666665,35064.03333333333,15644.066666666668,,,,,,,,,,,,,,,,,,47804.833333333336,80630.2,72567.9
2023-09-22,16022.733333333334,31495.933333333334,40628.3,8301.733333333334,11211.5,23444.033333333333,40752.76666666667,19329.333333333332,11601.866666666667,15758.4,43245.76666666667,23295.266666666666,,,,,,,9124.766666666666,,,,,,,,,,5553.733333333334,54862.566666666666,16071.466666666667,19706.666666666668,4665.433333333333,12211.933333333332,16903.933333333334,,,,16598.366666666665,34903.26666666667,15634.433333333332,,,,,,,,,,,,,,,,,,47558.333333333336,80367.66666666667,72692.2
2023-09-25,16079.866666666667,31565.5,40628.2,8366.366666666667,11293.2,23473.6,40733.7,19470.3,11653.4,15774.933333333332,43655.63333333333,23261.966666666667,,,,,,,9184.9,,,,,,,,,,5546.533333333334,54934.26666666667,16123.6,19595.433333333334,4618.966666666666,12204.466666666667,16891.233333333334,,,,16472.333333333332,34868.666666666664,15636.566666666668,,,,,,,,,,,,,,,,,,47916.833333333336,80145.26666666666,72789.26666666666
2023-09-26,16312.6,31890.833333333332,40978.166666666664,8488.366666666667,11394.8,23738.966666666667,41001.46666666667,19764.7,11786.333333333334,15931.433333333332,44446.833333333336,23352.4,,,,,,,9296.533333333333,,,,,,,,,,5547.566666666667,55365.03333333333,16230.766666666666,19502.466666666667,4646.033333333334,12251.9,17003.133333333335,,,,16488.666666666668,35234.933333333334,15704.066666666668,,,,,,,,,,,,,,,,,,48418.73333333333,80881.73333333334,73248.73333333334
2023-09-27,16433.133333333335,31978.233333333334,41235.3,8543.833333333334,11494.566666666668,23851.766666666666,41160.76666666667,19924.5,11844.933333333332,16020.866666666667,44697.3,23384.7,,,,,,,9374.0,,,,,,,,,,5559.466666666666,55531.73333333333,16343.333333333334,19435.8,4648.866666666667,12263.9,17070.866666666665,,,,16462.933333333334,35394.166666666664,15777.1,,,,,,,,,,,,,,,,,,48625.03333333333,80942.7,73497.33333333333
2023-09-28,16603.333333333332,32139.2,41542.73333333333,8612.366666666667,11610.633333333333,24054.8,41097.933333333334,20129.1,10468.533333333333,16556.733333333334,45880.03333333333,23109.7,,,,,,,7811.666666666667,,,,,,,,,,5565.766666666666,55834.333333333336,16474.8,19390.1,4634.866666666667,12280.1,17142.0,,,,15619.033333333333,36404.23333333333,15770.933333333332,9844.066666666668,36613.566666666666,,,,,,,,,,,,,,,,48624.333333333336,81166.4,73823.43333333333
2023-09-29,16650.533333333333,32166.0,41645.4,8598.7,11611.166666666666,23948.3,41120.46666666667,20174.833333333332,10432.4,16583.366666666665,46722.833333333336,20560.066666666666,,,,,,,7810.6,,,,,,,,,,5587.366666666667,55876.73333333333,16586.466666666667,19382.633333333335,4638.566666666667,12293.7,17218.7,,,,15560.133333333333,37543.23333333333,14677.1,8649.366666666667,37717.066666666666,,,,,,,,,,,,,,,,48487.63333333333,81194.73333333334,74238.83333333333
2023-10-02,16729.6,32058.8,41584.86666666667,8622.066666666668,11642.6,24012.333333333332,41051.5,20415.133333333335,10365.133333333333,16683.2,47195.36666666667,20380.2,,,,,,,7817.1,,,,,,,,,,5563.833333333333,56018.03333333333,16660.2,19325.566666666666,4609.533333333334,12319.166666666666,17222.7,,,,15451.033333333333,37536.066666666666,14703.966666666667,8630.433333333332,37132.76666666667,,,,,,,,,,,,,,,,48806.46666666667,80919.7,74385.7
2023-10-03,17014.166666666668,32415.3,41952.0,8760.366666666667,11708.633333333333,24313.666666666668,40931.36666666667,20743.166666666668,10507.266666666666,16871.733333333334,48011.5,20468.666666666668,,,,,,,7941.466666666666,,,,,,,,,,5567.966666666666,56466.13333333333,16834.2,19344.966666666667,4604.933333333333,12416.6,17351.5,,,,15540.733333333334,37813.333333333336,14803.266666666666,8599.366666666667,37081.566666666666,,,,,,,,,,,,,,,,49180.76666666667,81481.36666666667,74731.96666666666
2023-10-04,16973.133333333335,32176.433333333334,41029.1,8697.1,11446.866666666667,24127.566666666666,40331.666666666664,20669.133333333335,10356.733333333334,16797.566666666666,47449.73333333333,20423.8,,,,,,,7930.966666666666,,,,,,,,,,5557.866666666667,56222.96666666667,16875.7,19248.166666666668,4584.9,12388.9,17352.933333333334,,,,15429.633333333333,37668.833333333336,14753.266666666666,8561.0,36692.566666666666,,,,,,,,,,,,,,,,48900.5,80174.53333333334,74292.1
2023-10-05,17177.433333333334,32442.0,41316.03333333333,8783.3,11468.3,24321.6,40518.5,20915.0,10412.7,16937.233333333334,47921.933333333334,20487.5,,,,,,,8023.866666666667,,,,,,,,,,5570.933333333333,56513.36666666667,17056.266666666666,19238.166666666668,4592.266666666666,12456.833333333334,17492.1,,,,15430.133333333333,37863.03333333333,14803.966666666667,8531.0,36635.36666666667,,,,,,,,,,,,,,,,49083.5,80520.56666666667,74538.86666666667
2023-10-06,17256.666666666668,32481.366666666665,41377.3,8762.5,11376.0,24220.033333333333,40473.9,20960.666666666668,10354.466666666667,16995.3,47451.933333333334,20571.433333333334,,,,,,,8036.566666666667,,,,,,,,,,6030.633333333333,55400.933333333334,16746.133333333335,18683.4,5823.6,,,,,,15438.933333333332,37966.2,14828.633333333333,8531.966666666667,36673.166666666664,,,,,,,,,,,,,,,,48946.63333333333,80362.5,74562.16666666667
2023-10-09,17348.833333333332,32670.833333333332,41292.066666666666,8846.766666666666,11383.633333333333,24287.3,40360.6,21171.6,10459.966666666667,17064.633333333335,47940.066666666666,20387.466666666667,,,,,,,8120.0,,,,,,,,,,6045.033333333334,55555.566666666666,16889.866666666665,18644.366666666665,5825.066666666667,,,,,,15408.566666666668,38148.96666666667,14935.033333333333,8509.866666666667,36101.6,,,,,,,,,,,,,,,,49290.166666666664,80173.0,74485.73333333334
2023-10-10,17543.333333333332,33008.03333333333,41570.8,8959.533333333333,11457.666666666666,24474.433333333334,40504.933333333334,21414.8,10541.5,18596.566666666666,46960.63333333333,23287.5,,,,,,,8226.966666666667,,,,,,,,,,6033.9,55876.96666666667,17061.566666666666,18678.233333333334,5856.966666666666,,,,,,15425.966666666667,38529.566666666666,15006.7,8524.866666666667,35987.53333333333,,,,,,,,,,,,,,,,49735.066666666666,80599.96666666666,74848.26666666666
2023-10-11,17715.2,33235.2,41892.26666666667,9084.9,11498.766666666666,24636.3,40659.566666666666,21661.333333333332,10854.4,18656.833333333332,46837.3,22915.7,,,,,,,8560.133333333333,,,,,,,,,,6073.0,56094.86666666667,17226.0,18703.3,5888.033333333334,,,,,,15466.0,37778.23333333333,16004.266666666666,9090.266666666666,35207.066666666666,,,,,,,,,,,,,,,,50068.4,80864.43333333333,75091.03333333334
2023-10-12,17880.4,33544.53333333333,42124.73333333333,9206.366666666667,11529.566666666668,24830.9,40783.23333333333,21901.266666666666,10937.733333333334,18842.8,47217.3,22990.4,,,,,,,8671.0,,,,,,,,,,6124.7,56315.1,17405.333333333332,18739.6,5932.266666666666,,,,,,16484.333333333332,36717.933333333334,16875.733333333334,12348.266666666666,,,,,,,,,,,,,,,,,50417.7,81384.06666666667,75390.66666666667
2023-10-13,18087.233333333334,33910.6,43328.5,9319.733333333334,11833.366666666667,25059.9,41461.1,22183.866666666665,11059.333333333334,18986.533333333333,47535.03333333333,23089.233333333334,,,,,,,8762.633333333333,,,,,,,,,,6240.066666666667,56532.6,17604.6,18858.4,5966.533333333334,,,,,,16629.9,37000.166666666664,17063.133333333335,12358.366666666667,,,,,,,,,,,,,,,,,50575.13333333333,82643.43333333333,75805.36666666667
2023-10-16,18210.0,34105.26666666667,43577.166666666664,9371.866666666667,11861.4,25174.733333333334,41816.36666666667,22346.233333333334,11130.866666666667,19124.966666666667,47770.333333333336,23137.966666666667,,,,,,,8824.3,,,,,,,,,,6276.2,56658.4,17717.533333333333,18943.2,5973.366666666667,,,,,,16728.9,37051.2,17116.866666666665,12339.333333333334,,,,,,,,,,,,,,,,,50713.5,82847.4,76021.93333333333
2023-10-17,18332.833333333332,34407.23333333333,43933.03333333333,9447.633333333333,11926.833333333334,25306.2,42070.833333333336,22534.766666666666,11219.1,19252.7,47987.5,23195.533333333333,,,,,,,8879.7,,,,,,,,,,6308.966666666666,56825.26666666667,17826.633333333335,18998.233333333334,6006.866666666667,,,,,,16818.866666666665,37212.433333333334,17194.133333333335,12350.266666666666,,,,,,,,,,,,,,,,,50956.63333333333,83217.66666666667,76322.16666666667
2023-10-18,18464.566666666666,34522.1,44318.76666666667,9496.1,11992.366666666667,25479.266666666666,42267.666666666664,22718.366666666665,11280.366666666667,19396.2,48245.2,23261.866666666665,,,,,,,8928.066666666668,,,,,,,,,,6336.366666666667,56979.13333333333,17929.833333333332,19127.7,6017.166666666667,,,,,,16973.3,37320.46666666667,17279.666666666668,12328.066666666668,,,,,,,16539.566666666666,7947.866666666667,21270.4,25008.533333333333,11996.933333333332,,,,,,51194.36666666667,83546.36666666667,76635.03333333334
2023-10-19,18627.0,34635.03333333333,44565.5,9537.133333333333,12051.466666666667,25624.366666666665,42628.96666666667,22887.3,11325.3,19515.9,48543.5,23341.133333333335,,,,,,,8977.433333333332,,,,,,,,,,6350.3,57031.2,17991.333333333332,19227.8,6046.833333333333,,,,,,17062.766666666666,37379.2,17332.0,12289.933333333332,,,,,,,16595.666666666668,7976.2,21404.933333333334,24965.066666666666,11987.933333333332,,,,,,51225.333333333336,83879.63333333333,76931.66666666667
2023-10-20,18727.4,34743.433333333334,44803.03333333333,9564.266666666666,12071.133333333333,25729.133333333335,42778.566666666666,23030.433333333334,11327.7,19629.166666666668,48620.73333333333,23430.666666666668,,,,,,,9007.666666666666,,,,,,,,,,6351.5,57148.066666666666,18040.833333333332,19287.166666666668,6057.2,,,,,,17167.333333333332,37415.5,17370.466666666667,12260.7,,,,,,,16602.633333333335,7986.733333333334,21486.5,24952.266666666666,11971.966666666667,,,,,,51206.3,84143.03333333334,77117.5
2023-10-23,18752.766666666666,34866.666666666664,44964.7,9569.0,12107.2,25773.9,42790.0,23141.133333333335,11347.9,19721.433333333334,48665.433333333334,23478.866666666665,,,,,,,9039.866666666667,,,,,,,,,,6359.766666666666,57280.433333333334,18085.366666666665,19435.033333333333,6044.8,,,,,,17319.6,37425.36666666667,17400.066666666666,12263.5,,,,,,,16652.3,7989.433333333333,21624.466666666667,24988.2,11954.166666666666,,,,,,51234.73333333333,84335.66666666667,77527.9
2023-10-24,18768.4,35027.2,45117.1,9568.233333333334,12108.633333333333,25825.233333333334,42798.73333333333,23248.366666666665,11399.633333333333,19819.1,48609.9,23520.466666666667,,,,,,,9103.166666666666,,,,,,,,,,6360.866666666667,57358.933333333334,18120.166666666668,19560.3,5992.566666666667,,,,,,17491.4,37452.1,17431.833333333332,12294.233333333334,,,,,,,16715.766666666666,8013.133333333333,21749.2,25095.7,11954.333333333334,,,,,,51208.96666666667,84590.53333333334,77933.16666666667
2023-10-25,18734.9,35142.166666666664,45184.46666666667,9571.633333333333,12100.5,25840.4,42813.0,23326.233333333334,11262.866666666667,19933.5,50385.26666666667,23283.5,81685.2,17555.933333333334,,,,,9076.066666666668,15524.9,21571.166666666668,,,,,,,,6373.833333333333,57422.6,18179.5,19685.733333333334,5968.033333333334,,,,,,17667.433333333334,38420.333333333336,17791.633333333335,11288.333333333334,,,,,,,16749.8,8022.166666666667,21868.833333333332,25124.433333333334,11951.133333333333,,,,,,51210.3,84856.0,78279.43333333333
2023-10-26,18748.866666666665,35221.73333333333,45224.86666666667,9573.6,12105.966666666667,25847.6,42871.433333333334,23427.1,11277.433333333332,20019.633333333335,50371.333333333336,20419.3,84642.4,16633.933333333334,,,,,9066.4,15532.233333333334,21731.166666666668,,,,,,,,6369.9,57478.9,18229.2,19809.233333333334,5969.166666666667,,,,,,17794.466666666667,38369.96666666667,17819.8,10221.566666666668,,,,,,,16783.133333333335,8012.5,21984.3,25132.266666666666,11922.466666666667,,,,,,51116.96666666667,85009.53333333334,78633.83333333333
2023-10-27,18790.0,35168.1,45485.36666666667,9565.4,12131.1,25892.966666666667,42925.3,23527.5,11295.333333333334,19398.1,51136.76666666667,18334.7,87027.23333333334,16128.2,,,,,9073.733333333334,15548.633333333333,21854.233333333334,,,,,,,,6364.466666666666,57556.63333333333,18311.333333333332,19984.666666666668,5956.7,,,,,,17133.5,39455.36666666667,16937.133333333335,9788.366666666667,,,,,,,16865.966666666667,8022.1,22122.766666666666,25165.933333333334,11898.2,,,,,,51166.23333333333,85396.63333333333,79063.93333333333
2023-10-30,18884.5,35280.36666666667,45634.9,9575.033333333333,12140.466666666667,25957.4,42913.2,23630.866666666665,11289.866666666667,19442.233333333334,51251.73333333333,18367.433333333334,87117.0,16144.9,,,,,9088.7,15555.166666666666,21968.433333333334,,,,,,,,6360.766666666666,57534.833333333336,18361.266666666666,20072.866666666665,5957.066666666667,,,,,,17209.966666666667,39486.166666666664,16966.266666666666,9809.333333333334,,,,,,,16916.033333333333,8025.666666666667,22207.033333333333,25205.7,11891.0,,,,,,51158.63333333333,85440.8,79265.76666666666
2023-10-31,18972.233333333334,35346.73333333333,45676.166666666664,9588.7,12130.633333333333,25998.566666666666,42906.96666666667,23758.533333333333,11309.0,19505.9,51273.73333333333,18403.366666666665,87124.16666666667,16147.0,,,,,9106.766666666666,15550.366666666667,22109.133333333335,,,,,,,,6361.2,57479.066666666666,18415.466666666667,20156.833333333332,5963.966666666666,,,,,,17285.933333333334,39487.76666666667,16994.733333333334,9834.0,,,,,,,16957.233333333334,8027.733333333334,22295.566666666666,25220.733333333334,11892.166666666666,,,,,,51158.76666666667,85465.53333333334,79507.23333333334
2023-11-01,18995.966666666667,35393.7,45765.13333333333,9580.766666666666,12132.8,25983.533333333333,42973.2,23853.8,11311.366666666667,19548.4,51362.566666666666,18440.766666666666,87248.76666666666,16213.633333333333,,,,,9121.233333333334,15494.466666666667,22228.333333333332,,,,,,,,6385.366666666667,57524.73333333333,18504.666666666668,20215.033333333333,5984.633333333333,,,,,,17303.9,39598.23333333333,16988.5,9857.266666666666,,,,,,,17000.3,8032.966666666666,22355.966666666667,25318.8,11873.9,,,,,,51226.433333333334,85609.4,80258.46666666666
2023-11-02,19037.366666666665,35461.9,45834.5,9545.333333333334,12105.4,25988.866666666665,42963.433333333334,23969.233333333334,11288.033333333333,19575.633333333335,51258.46666666667,18478.866666666665,87141.6,16141.666666666666,,,,,9112.433333333332,15481.333333333334,22329.266666666666,,,,,,,,6384.333333333333,57465.3,18559.466666666667,20303.733333333334,5978.933333333333,,,,,,17413.866666666665,39494.9,16965.966666666667,9855.733333333334,,,,,,,17028.3,8015.2,22400.733333333334,25247.066666666666,11852.4,,,,,,51110.13333333333,85500.63333333333,79952.0
2023-11-03,19100.133333333335,35548.7,45955.566666666666,9554.066666666668,12131.1,26068.2,43253.9,24059.333333333332,11264.633333333333,19656.833333333332,51314.5,18500.1,87170.0,16154.3,,,,,9127.133333333333,15569.733333333334,22429.366666666665,,,,,,,,6409.4,57545.333333333336,18581.7,20413.933333333334,5978.966666666666,,,,,,17493.9,39535.96666666667,17008.833333333332,9852.2,,,,,,,17132.766666666666,8027.133333333333,22482.0,25263.4,11848.033333333333,,,,,,51179.933333333334,85674.9,80086.56666666667
2023-11-06,19079.866666666665,35526.066666666666,45986.666666666664,9547.4,12138.166666666666,26068.233333333334,43275.066666666666,24070.566666666666,11267.633333333333,19626.366666666665,51344.73333333333,18496.733333333334,87297.53333333334,16140.7,,,,,9161.866666666667,15586.0,22359.266666666666,,,,,,,,6387.866666666667,57541.13333333333,18586.133333333335,20399.766666666666,5984.0,,,,,,17481.166666666668,39520.066666666666,17007.233333333334,9841.033333333333,,,,,,,17072.966666666667,8011.2,22476.733333333334,25189.866666666665,11839.5,,,,,,51163.066666666666,85634.0,80103.73333333334
2023-11-07,19058.466666666667,35478.96666666667,45843.46666666667,9559.6,12181.866666666667,26083.033333333333,43233.333333333336,24075.633333333335,11268.0,19645.666666666668,51053.63333333333,18493.233333333334,87440.8,16121.0,,,,,9182.9,15623.233333333334,22309.766666666666,,,,,,,,6381.533333333334,57549.53333333333,18599.533333333333,20385.033333333333,5971.8,,,,,,17495.4,39384.933333333334,17062.033333333333,9846.066666666668,,,,,,,17116.966666666667,8069.033333333334,22497.066666666666,25156.133333333335,11843.3,,,,,,51622.73333333333,85773.8,80250.0
2023-11-08,19136.033333333333,35411.76666666667,45860.53333333333,9554.433333333332,12193.5,26092.766666666666,43208.4,24086.333333333332,11291.0,19557.4,49017.13333333333,19003.7,,,,,,,11403.2,15490.766666666666,24691.833333333332,,,,,,,,6360.933333333333,57529.0,18610.366666666665,20397.633333333335,5953.633333333333,,,,,,17519.2,38090.46666666667,17819.5,10905.8,,,,,,,17140.766666666666,8093.9,22519.966666666667,25072.6,11823.6,,,,,,52010.73333333333,85951.1,80325.56666666667
2023-11-09,19211.033333333333,35416.6,45809.3,9573.8,12202.233333333334,26126.033333333333,43230.03333333333,24076.033333333333,11525.833333333334,21051.3,47423.433333333334,22147.0,,,,,,,11424.0,15975.166666666666,24656.166666666668,,,,,,,,6351.066666666667,57568.666666666664,18619.433333333334,20397.966666666667,5931.033333333334,,,,,,18495.566666666666,37127.23333333333,17498.6,11461.433333333332,,,,,,,17163.533333333333,8102.4,21992.966666666667,24681.366666666665,11974.7,,,,,,52028.5,86003.86666666667,80839.7
2023-11-10,19294.633333333335,35347.7,45822.2,9559.3,12245.333333333334,26148.766666666666,43238.333333333336,24049.166666666668,11515.433333333332,21003.166666666668,47385.1,24397.0,,,,,,,11429.666666666666,15997.833333333334,24586.066666666666,,,,,,,,6336.866666666667,57546.9,18617.4,21040.133333333335,,,,,,,18553.7,37105.63333333333,17488.066666666666,12875.333333333334,,,,,,,17458.933333333334,8732.666666666666,21648.366666666665,26683.466666666667,,,,,,,51971.833333333336,85812.93333333333,80767.8
2023-11-13,19252.8,35327.76666666667,45836.066666666666,9592.4,12257.533333333333,26136.6,43141.7,24024.233333333334,11575.966666666667,20898.0,47323.8,24410.233333333334,,,,,,,11501.233333333334,15959.266666666666,24597.266666666666,,,,,,,,6335.9,57389.833333333336,18599.6,20999.066666666666,,,,,,,18570.233333333334,37114.8,17477.8,12863.966666666667,,,,,,,17429.533333333333,8717.066666666668,21610.733333333334,26582.366666666665,,,,,,,51872.9,85751.7,80724.3
2023-11-14,19232.2,35285.26666666667,45856.5,9584.966666666667,12282.133333333333,26116.766666666666,43223.4,24028.933333333334,11554.633333333333,20853.166666666668,47306.76666666667,24423.5,,,,,,,11506.766666666666,16019.233333333334,24592.1,,,,,,,,6314.566666666667,57365.0,18560.966666666667,20978.666666666668,,,,,,,18562.7,37191.433333333334,17449.2,12863.933333333332,,,,,,,17406.4,8702.266666666666,21666.9,26539.7,,,,,,,51907.9,85703.0,80665.1
2023-11-15,19418.333333333332,35651.433333333334,47129.666666666664,9720.233333333334,12634.933333333332,26432.8,43999.7,24383.7,11763.033333333333,20998.3,48220.63333333333,24544.866666666665,,,,,,,11604.166666666666,16303.833333333334,24941.9,,,,,,,,6332.866666666667,57897.36666666667,18661.533333333333,21070.966666666667,,,,,,,18688.666666666668,37649.86666666667,17602.533333333333,12919.733333333334,,,,,,,17713.566666666666,8846.3,22108.366666666665,26860.0,,,,,,,52434.76666666667,87199.66666666667,81309.06666666667
2023-11-16,19441.566666666666,35578.96666666667,47216.833333333336,9722.366666666667,12719.266666666666,26467.7,44020.13333333333,24412.533333333333,11792.133333333333,20984.766666666666,48320.36666666667,24569.733333333334,,,,,,,11608.0,16347.9,24958.1,,,,,,,,6329.833333333333,57949.76666666667,18649.966666666667,21145.0,,,,,,,18755.333333333332,37778.066666666666,17634.533333333333,12960.566666666668,,,,,,,17785.0,8868.333333333334,22231.566666666666,26856.7,,,,,,,52513.4,87184.13333333333,81325.53333333334
2023-11-17,19469.033333333333,35736.166666666664,47465.933333333334,9749.9,12879.066666666668,26568.633333333335,44265.63333333333,24463.833333333332,11838.566666666668,20988.6,48461.36666666667,24617.033333333333,,,,,,,11620.933333333332,16415.366666666665,25042.166666666668,,,,,,,,5889.266666666666,59381.333333333336,19143.6,21945.8,,,,,,,18908.9,37986.13333333333,17684.166666666668,13261.2,,,,,,,17872.966666666667,8883.8,22393.333333333332,26872.7,,,,,,,52588.53333333333,87535.1,81501.63333333333
2023-11-20,19403.933333333334,35654.666666666664,47449.53333333333,9739.166666666666,12898.933333333332,26557.8,44218.76666666667,24476.433333333334,11799.8,20962.866666666665,48398.4,24622.8,,,,,,,11606.4,16424.1,25076.433333333334,,,,,,,,5872.8,59464.23333333333,19113.1,22057.3,,,,,,,18955.966666666667,37998.63333333333,17597.133333333335,13404.0,,,,,,,17909.533333333333,8886.766666666666,22383.666666666668,26771.366666666665,,,,,,,52550.833333333336,87468.86666666667,81531.63333333333
2023-11-21,19494.7,35584.86666666667,47362.333333333336,9739.433333333332,12908.4,26578.733333333334,44200.0,24510.933333333334,11811.733333333334,19559.033333333333,49964.666666666664,21790.4,,,,,,,11622.9,16430.866666666665,25050.3,,,,,,,,5862.266666666666,59662.566666666666,19092.933333333334,22199.733333333334,,,,,,,18985.3,38059.8,17605.5,13552.566666666668,,,,,,,18263.4,8854.366666666667,22767.633333333335,27168.1,,,,,,,52510.833333333336,87477.9,81589.33333333333
2023-11-22,19473.066666666666,35546.433333333334,47284.3,9685.1,12944.166666666666,26581.4,44188.5,24467.8,11595.366666666667,19610.666666666668,50551.13333333333,22216.666666666668,,,,,,,11374.633333333333,14514.1,25123.333333333332,,,,,,,,5853.433333333333,59880.8,19087.2,22353.3,,,,,,,18983.733333333334,39150.86666666667,16675.2,13170.666666666666,,,,,,,18293.3,8335.733333333334,22653.333333333332,27561.333333333332,,,,,,,52437.1,87416.16666666667,81681.53333333334
2023-11-23,19436.033333333333,35519.2,47254.2,9653.3,12984.066666666668,26556.6,44305.13333333333,24465.133333333335,11579.966666666667,19569.1,50575.86666666667,22220.4,,,,,,,11365.866666666667,14350.966666666667,23179.466666666667,,,,,,,,5836.4,60136.63333333333,19077.866666666665,22541.7,,,,,,,18060.666666666668,40673.933333333334,15895.2,10133.366666666667,,,,,,,18327.9,8334.366666666667,22723.7,27603.6,,,,,,,52387.53333333333,87394.26666666666,81761.03333333334
2023-11-24,19424.566666666666,35536.8,47406.36666666667,9623.8,13046.333333333334,26610.5,44422.933333333334,24460.666666666668,11599.366666666667,19591.033333333333,50602.76666666667,22239.566666666666,,,,,,,11358.133333333333,14357.1,23174.666666666668,,,,,,,,5842.7,60988.26666666667,19138.866666666665,23040.666666666668,,,,,,,18196.066666666666,41074.73333333333,15965.633333333333,10444.566666666668,,,,,,,18436.8,8343.166666666666,22884.866666666665,27754.9,,,,,,,52465.3,87624.6,82338.1
2023-11-27,19398.533333333333,35520.86666666667,47375.5,9632.466666666667,13082.466666666667,26592.866666666665,44467.7,24468.533333333333,11598.266666666666,19574.733333333334,50540.96666666667,22242.166666666668,,,,,,,11357.1,14491.566666666668,23143.333333333332,,,,,,,,5853.633333333333,61166.333333333336,19163.966666666667,23241.233333333334,,,,,,,18273.066666666666,41204.86666666667,15976.933333333332,10601.1,,,,,,,18476.8,8348.766666666666,22954.6,27760.3,,,,,,,52457.333333333336,87609.56666666667,82412.26666666666
2023-11-28,19397.533333333333,35413.566666666666,47375.0,9612.766666666666,13078.9,26606.5,44403.63333333333,24466.866666666665,11585.366666666667,19567.266666666666,50620.333333333336,22233.866666666665,,,,,,,11342.533333333333,14537.966666666667,23060.766666666666,,,,,,,,5855.533333333334,61366.26666666667,19181.466666666667,23395.133333333335,,,,,,,18354.333333333332,41369.333333333336,15973.666666666666,10773.566666666668,,,,,,,18512.7,8353.166666666666,23073.366666666665,27843.4,,,,,,,52445.63333333333,87614.5,82501.73333333334
2023-11-29,19422.2,35438.9,47362.23333333333,9615.3,13115.933333333332,26607.233333333334,44379.03333333333,24448.1,11587.5,19538.833333333332,50651.833333333336,22242.2,,,,,,,11336.6,14566.233333333334,23041.7,,,,,,,,5847.133333333333,61653.2,19195.466666666667,23485.833333333332,,,,,,,18395.2,41596.333333333336,15942.466666666667,10967.6,,,,,,,18534.333333333332,8363.366666666667,23070.366666666665,27909.2,,,,,,,52433.73333333333,87683.3,82630.9
2023-11-30,19406.3,35496.433333333334,47514.86666666667,9632.4,13168.6,26683.233333333334,44413.4,24474.8,11625.7,19557.7,50693.3,22258.066666666666,,,,,,,11367.466666666667,14652.2,23004.933333333334,,,,,,,,5850.4,62110.5,19243.033333333333,23704.2,,,,,,,18504.666666666668,41917.066666666666,15966.7,11203.333333333334,,,,,,,18547.733333333334,8374.433333333332,23217.766666666666,28068.666666666668,,,,,,,52621.03333333333,87785.43333333333,82847.96666666666
2023-12-01,19429.566666666666,35623.2,47723.4,9643.066666666668,13231.8,26761.3,44633.666666666664,24505.966666666667,11669.133333333333,19599.3,50890.86666666667,22287.3,,,,,,,11396.9,14731.266666666666,23018.066666666666,,,,,,,,5903.6,62839.9,19342.433333333334,24163.266666666666,,,,,,,18622.266666666666,42509.36666666667,16015.766666666666,11647.133333333333,,,,,,,18602.133333333335,8403.866666666667,23517.933333333334,28306.5,,,,,,,52847.8,88262.53333333334,83175.96666666666
2023-12-04,19547.866666666665,35652.36666666667,47862.666666666664,9671.866666666667,13263.533333333333,26833.566666666666,44767.2,24551.066666666666,11698.866666666667,19630.066666666666,51069.5,22304.433333333334,,,,,,,11449.166666666666,14601.466666666667,21674.133333333335,,,,,,,,5922.433333333333,63196.36666666667,19401.066666666666,24429.533333333333,,,,,,,18663.833333333332,42846.8,16083.8,11918.6,,,,,,,18635.3,8449.6,23602.7,28351.833333333332,,,,,,,52900.76666666667,88459.86666666667,83220.5
2023-12-05,19698.8,35667.53333333333,47922.96666666667,9686.333333333334,13288.5,26924.8,44853.73333333333,24603.733333333334,11690.566666666668,19665.6,51346.76666666667,22297.433333333334,,,,,,,11446.766666666666,14687.2,21688.133333333335,,,,,,,,5946.1,63538.566666666666,19467.1,24634.033333333333,,,,,,,18674.8,43180.933333333334,16126.5,12173.366666666667,,,,,,,18636.9,8479.866666666667,23723.466666666667,28381.2,,,,,,,53051.566666666666,88539.1,83080.86666666667
2023-12-06,19808.533333333333,35628.96666666667,47828.13333333333,9710.166666666666,13296.933333333332,26994.366666666665,44968.76666666667,24584.066666666666,11697.233333333334,19652.766666666666,51225.4,22316.866666666665,,,,,,,11464.6,14731.366666666667,21705.7,,,,,,,,5951.466666666666,63952.76666666667,19512.4,24836.933333333334,,,,,,,18750.333333333332,43504.5,16131.4,12483.166666666666,,,,,,,18953.733333333334,8429.933333333332,23604.0,28475.266666666666,,,,,,,53084.833333333336,88230.06666666667,83049.66666666667
2023-12-07,19944.666666666668,35700.4,48151.36666666667,9752.533333333333,13388.333333333334,27188.966666666667,44807.63333333333,24701.666666666668,11747.066666666668,19706.9,51496.5,22292.866666666665,,,,,,,11560.466666666667,14828.433333333332,21755.966666666667,,,,,,,,5974.7,64409.46666666667,19593.633333333335,25140.133333333335,,,,,,,18925.666666666668,44066.066666666666,16162.5,12767.166666666666,,,,,,,19080.0,8488.3,23817.166666666668,28653.766666666666,,,,,,,53368.433333333334,88487.46666666666,83128.46666666666
2023-12-08,20043.066666666666,35785.7,48220.96666666667,9800.533333333333,13410.833333333334,27320.2,44822.73333333333,24780.433333333334,12083.833333333334,20073.233333333334,,,,,,,,,11326.833333333334,,,,,,,,,,6073.166666666667,65028.166666666664,19656.733333333334,25608.4,,,,,,,20277.433333333334,43824.666666666664,,,,,,,,,19095.933333333334,8551.4,24135.166666666668,28960.7,,,,,,,53553.23333333333,88777.26666666666,83160.86666666667
2023-12-11,20020.566666666666,35743.4,48260.36666666667,9823.6,13471.333333333334,27344.566666666666,44871.76666666667,24816.333333333332,12124.4,20108.166666666668,,,,,,,,,11317.533333333333,,,,,,,,,,6087.7,65555.43333333333,19685.466666666667,25873.7,,,,,,,20474.766666666666,44128.7,,,,,,,,,,,,,,,,,,,53661.4,89122.86666666667,83266.53333333334
2023-12-12,20024.133333333335,35691.7,48471.433333333334,9843.533333333333,13544.433333333332,27376.033333333333,44983.666666666664,24830.933333333334,12136.066666666668,20093.266666666666,,,,,,,,,11305.066666666668,,,,,,,,,,6104.3,66184.73333333334,19690.333333333332,26060.9,,,,,,,20638.166666666668,44492.8,,,,,,,,,,,,,,,,,,,53677.96666666667,89257.03333333334,83261.36666666667
2023-12-13,20052.2,35633.6,48517.666666666664,9873.8,13582.366666666667,27451.9,44978.63333333333,24865.266666666666,12157.733333333334,20066.8,,,,,,,,,11277.9,,,,,,,,,,8484.433333333332,64809.166666666664,19156.7,25927.466666666667,,,,,,,20765.266666666666,44824.8,,,,,,,,,,,,,,,,,,,53685.76666666667,89351.23333333334,82753.66666666667
2023-12-14,20071.7,35584.53333333333,48658.73333333333,9914.966666666667,13629.866666666667,27504.633333333335,45124.566666666666,24859.333333333332,12220.766666666666,20046.133333333335,,,,,,,,,11293.066666666668,,,,,,,,,,8497.466666666667,65263.03333333333,19365.633333333335,25848.166666666668,,,,,,,20861.6,45198.8,,,,,,,,,,,,,,,,,,,53799.26666666667,89672.83333333333,83365.06666666667
2023-12-15,20052.533333333333,35455.6,48699.4,9919.966666666667,13697.566666666668,27486.4,44965.666666666664,24870.133333333335,12233.933333333332,20021.4,,,,,,,,,11264.933333333332,,,,,,,,,,8482.533333333333,63912.4,19718.8,25191.2,,,,,,,21019.533333333333,45605.36666666667,,,,,,,,,,,,,,,,,,,53791.53333333333,89569.6,83476.0
2023-12-18,19995.766666666666,35300.23333333333,48667.433333333334,9869.866666666667,13731.833333333334,27451.966666666667,44944.3,24792.366666666665,12213.266666666666,20024.033333333333,,,,,,,,,11215.833333333334,,,,,,,,,,8505.866666666667,64586.1,19674.733333333334,25493.9,,,,,,,21198.366666666665,45992.03333333333,,,,,,,,,,,,,,,,,,,53619.86666666667,89822.7,83491.83333333333
2023-12-19,19947.066666666666,35042.53333333333,48606.63333333333,9769.666666666666,13749.6,27329.766666666666,44816.73333333333,24624.133333333335,12146.833333333334,19944.966666666667,,,,,,,,,11122.0,,,,,,,,,,8516.833333333334,64876.36666666667,19599.733333333334,25837.566666666666,,,,,,,21395.233333333334,46251.6,,,,,,,,,,,,,,,,,,,52772.26666666667,89659.63333333333,83227.8
2023-12-20,19759.133333333335,34835.066666666666,48280.433333333334,9669.366666666667,13723.066666666668,27130.8,44550.76666666667,24407.1,12033.566666666668,19917.666666666668,,,,,,,,,8821.1,,,,,,,,,,8517.2,65323.433333333334,19485.966666666667,26124.1,,,,,,,21623.566666666666,47724.9,,,,,,,,,,,,,,,,,,,51939.23333333333,89238.66666666667,83202.76666666666
2023-12-21,19535.7,34438.7,47811.76666666667,9513.233333333334,13676.333333333334,26728.533333333333,44116.3,24132.033333333333,11690.866666666667,18188.566666666666,,,,,,,,,8684.866666666667,,,,,,,,,,8485.366666666667,65636.9,19321.466666666667,26451.766666666666,,,,,,,20907.0,48747.23333333333,,,,,,,,,,,,,,,,,,,51307.73333333333,88714.86666666667,82704.3
2023-12-22,19268.8,34106.7,47432.1,9410.466666666667,13614.433333333332,26452.4,43756.2,23905.7,11609.1,18036.9,,,,,,,,,8577.7,,,,,,,,,,8464.733333333334,66151.96666666666,19162.4,26161.766666666666,6047.0,20476.133333333335,,,,,21049.333333333332,48826.73333333333,,,,,,,,,,,,,,,,,,,51027.833333333336,88403.76666666666,82751.3
2024-01-02,19095.9,33845.566666666666,47258.53333333333,9306.233333333334,13602.0,26255.066666666666,43692.833333333336,23660.566666666666,,,,,,,,,,,8620.933333333332,,,,,,,,,,8405.366666666667,64778.7,18843.333333333332,26679.066666666666,,,,,,,20739.933333333334,48945.1,,,,,,,,,,,,,,,,,,,50857.4,88248.36666666667,82879.26666666666
2024-01-03,18869.533333333333,33476.8,46858.73333333333,9158.566666666668,13493.033333333333,25972.0,43316.13333333333,23340.366666666665,,,,,,,,,,,8488.966666666667,,,,,,,,,,8426.366666666667,64482.166666666664,18707.8,26817.833333333332,,,,,,,20813.966666666667,48644.26666666667,,,,,,,,,,,,,,,,,,,50330.666666666664,87571.26666666666,82466.56666666667
2024-01-04,18680.066666666666,33215.73333333333,46401.26666666667,9054.533333333333,13439.533333333333,25791.3,42973.6,23025.6,,,,,,,,,,,8425.466666666667,,,,,,,,,,8433.833333333334,64163.13333333333,18582.566666666666,26961.466666666667,,,,,,,20877.166666666668,48273.23333333333,,,,,,,,,,,,,,,,,,,49881.4,87188.6,81994.83333333333
2024-01-05,18373.466666666667,32819.566666666666,45836.7,8881.0,13274.633333333333,25362.633333333335,42454.36666666667,22641.5,,,,,,,,,,,8281.633333333333,,,,,,,,,,8415.633333333333,63675.6,18406.233333333334,26986.4,,,,,,,20828.566666666666,47831.066666666666,,,,,,,,,,,,,,,,,,,49216.1,86383.1,81518.9
2024-01-08,18084.5,32290.8,45095.566666666666,8787.633333333333,13054.033333333333,25063.2,41698.6,22470.166666666668,,,,,,,,,,,8215.2,,,,,,,,,,8331.133333333333,62837.066666666666,18128.566666666666,26526.366666666665,,,,,,,20402.233333333334,47267.9,,,,,,,,,,,,,,,,,,,48852.433333333334,85055.16666666667,80687.26666666666
2024-01-09,18103.066666666666,32289.3,45043.2,8788.733333333334,12830.066666666668,25132.6,41427.53333333333,22506.133333333335,,,,,,,,,,,8214.2,,,,,,,,,,8268.7,62565.46666666667,17995.0,26271.766666666666,,,,,,,20271.3,47147.26666666667,,,,,,,,,,,,,,,,,,,48939.433333333334,85016.03333333334,80438.1
2024-01-10,17915.033333333333,32010.4,44761.7,8705.3,12754.9,25005.0,41102.63333333333,22380.2,,,,,,,,,,,8143.7,,,,,,,,,,8215.3,61992.566666666666,17856.933333333334,26010.1,,,,,,,20139.166666666668,46772.76666666667,,,,,,,,,,,,,,,,,,,48407.666666666664,84423.3,80024.7
2024-01-11,17811.8,31829.666666666668,44456.5,8664.933333333332,12656.0,24935.333333333332,40785.333333333336,22332.2,,,,,,,,,,,8141.633333333333,,,,,,,,,,8165.433333333333,61478.9,17719.933333333334,25736.233333333334,,,,,,,19997.533333333333,46478.13333333333,,,,,,,,,,,,,,,,,,,48258.86666666667,84047.8,79690.53333333334
2024-01-12,17655.666666666668,31444.433333333334,43983.566666666666,8531.633333333333,12465.266666666666,24593.5,40261.0,22101.133333333335,,,,,,,,,,,8027.133333333333,,,,,,,,,,8136.0,60707.6,17575.566666666666,25441.166666666668,,,,,,,19805.4,45946.96666666667,,,,,,,,,,,,,,,,,,,47639.066666666666,83055.13333333333,79186.66666666667
2024-01-15,17481.666666666668,31113.466666666667,43468.066666666666,8516.633333333333,12270.7,24472.766666666666,39894.066666666666,22069.733333333334,,,,,,,,,,,8021.166666666667,,,,,,,,,,8059.433333333333,59661.76666666667,17384.966666666667,24753.9,,,,,,,19436.066666666666,45339.566666666666,,,,,,,,,,,,,,,,,,,47590.433333333334,82190.86666666667,78342.8
2024-01-16,17606.6,31112.266666666666,43458.1,8551.333333333334,12277.4,24674.833333333332,39873.4,22182.633333333335,,,,,,,,,,,8055.966666666666,,,,,,,,,,8026.2,59543.3,17323.166666666668,24450.6,,,,,,,19296.2,45335.46666666667,,,,,,,,,,,,,,,,,,,47940.23333333333,82551.9,78249.06666666667
2024-01-17,17605.566666666666,30959.633333333335,43210.23333333333,8517.133333333333,12247.933333333332,24656.266666666666,39709.13333333333,22155.9,,,,,,,,,,,8039.3,,,,,,,,,,7992.633333333333,59151.46666666667,17304.966666666667,24221.866666666665,,,,,,,19049.333333333332,45146.26666666667,,,,,,,,,,,,,,,,,,,47947.36666666667,82275.7,77946.6
2024-01-18,17611.7,30888.866666666665,42981.4,8500.533333333333,12233.933333333332,24699.666666666668,39565.066666666666,22164.433333333334,,,,,,,,,,,8036.166666666667,,,,,,,,,,7959.866666666667,58794.666666666664,17322.1,24008.366666666665,,,,,,,18900.766666666666,44873.666666666664,,,,,,,,,,,,,,,,,,,47997.6,82189.46666666666,77720.53333333334
2024-01-19,17512.233333333334,30551.7,42516.46666666667,8363.633333333333,12078.266666666666,24367.933333333334,38996.53333333333,21966.633333333335,,,,,,,,,,,7919.3,,,,,,,,,,7928.4,58036.566666666666,17313.3,23751.733333333334,,,,,,,18724.2,44372.1,,,,,,,,,,,,,,,,,,,47478.63333333333,81434.06666666667,77279.1
2024-01-22,17328.8,30358.533333333333,41924.066666666666,8343.966666666667,12008.2,24247.833333333332,38913.7,21933.966666666667,,,,,,,,,,,7919.366666666667,,,,,,,,,,7843.166666666667,57042.333333333336,17151.3,23144.466666666667,,,,,,,18428.7,43657.933333333334,,,,,,,,,,,,,,,,,,,47692.833333333336,80617.9,76740.86666666667
2024-01-23,17310.7,30406.466666666667,41875.86666666667,8387.8,12064.066666666668,24417.833333333332,38915.666666666664,22050.366666666665,,,,,,,,,,,7938.866666666667,,,,,,,,,,7801.4,56702.166666666664,17098.733333333334,22713.9,,,,,,,18267.933333333334,43488.2,,,,,,,,,,,,,,,,,,,48073.166666666664,80786.46666666666,76543.6
2024-01-24,17159.966666666667,30309.866666666665,41766.5,8377.966666666667,12043.566666666668,24361.1,38783.4,22023.666666666668,,,,,,,,,,,7938.366666666667,,,,,,,,,,7767.2,56268.933333333334,17025.333333333332,22339.666666666668,,,,,,,18098.133333333335,43190.9,,,,,,,,,,,,,,,,,,,48234.8,80467.7,76431.13333333333
2024-01-25,17085.066666666666,30380.3,41800.13333333333,8388.5,12062.766666666666,24439.866666666665,38632.3,22107.266666666666,,,,,,,,,,,7964.866666666667,,,,,,,,,,7727.766666666666,55783.96666666667,16956.3,21994.133333333335,,,,,,,17875.166666666668,42869.333333333336,,,,,,,,,,,,,,,,,,,48465.36666666667,80616.13333333333,76307.7
2024-01-26,16882.3,30134.6,41398.63333333333,8267.3,11912.833333333334,24074.966666666667,38601.3,21862.433333333334,,,,,,,,,,,7836.266666666666,,,,,,,,,,7697.7,55011.5,16838.5,21007.9,,,,,,,17513.033333333333,42195.36666666667,,,,,,,,,,,,,,,,,,,48164.6,79903.0,75998.86666666667
2024-01-29,16667.166666666668,29940.266666666666,40854.166666666664,8238.466666666667,11804.933333333332,23872.133333333335,38182.433333333334,21800.4,,,,,,,,,,,8107.966666666666,,,,,,,,,,7550.1,54090.0,16633.0,20321.866666666665,,,,,,,15861.766666666666,41244.36666666667,15320.166666666666,12593.1,,,,,,,,,,,,,,,,,48140.2,78752.86666666667,75484.1
2024-01-30,16703.366666666665,29862.2,40664.9,8263.133333333333,11702.666666666666,23903.3,38113.1,21794.533333333333,,,,,,,,,,,8170.566666666667,,,,,,,,,,7494.966666666666,53617.63333333333,16548.166666666668,19880.566666666666,,,,,,,16471.866666666665,40107.333333333336,15775.766666666666,12712.533333333333,,,,,,,15665.133333333333,10030.6,,,,,,,,,48246.4,78001.76666666666,75251.5
2024-01-31,16625.366666666665,29795.666666666668,40419.6,8240.5,11594.466666666667,23842.533333333333,37907.76666666667,21760.1,,,,,,,,,,,8162.066666666667,,,,,,,,,,7456.266666666666,52963.566666666666,16470.633333333335,19548.433333333334,,,,,,,16214.166666666666,39782.36666666667,15728.433333333332,12446.8,,,,,,,15594.866666666667,10013.166666666666,,,,,,,,,48258.166666666664,77644.46666666666,75082.66666666667
2024-02-01,16555.866666666665,29814.033333333333,40217.7,8233.733333333334,11476.133333333333,23849.333333333332,37681.5,21749.433333333334,,,,,,,,,,,8185.866666666667,,,,,,,,,,5029.9,54277.933333333334,16910.9,19521.8,,,,,,,15953.566666666668,39293.23333333333,15681.433333333332,12160.533333333333,,,,,,,15581.366666666667,10026.433333333332,,,,,,,,,48242.433333333334,77384.03333333334,75426.63333333333
2024-02-02,16443.933333333334,29582.1,39784.03333333333,8106.666666666667,11257.733333333334,23554.766666666666,37237.666666666664,21558.966666666667,,,,,,,,,,,8104.166666666667,,,,,,,,,,4993.966666666666,53430.76666666667,16596.266666666666,19426.433333333334,,,,,,,15690.966666666667,38721.5,15612.466666666667,11868.3,,,,,,,15329.1,9908.866666666667,,,,,,,,,47769.166666666664,76433.2,74674.4
2024-02-05,16311.166666666666,29470.0,39451.6,8110.3,10921.733333333334,23451.066666666666,36620.76666666667,21546.066666666666,,,,,,,,,,,8146.0,,,,,,,,,,4960.2,54399.433333333334,16117.366666666667,19815.266666666666,,,,,,,15258.8,38093.0,15533.3,11423.0,,,,,,,15365.133333333333,9945.833333333334,,,,,,,,,47784.1,75770.63333333333,74181.4
2024-02-06,16489.066666666666,29734.433333333334,39590.0,8231.633333333333,10908.833333333334,23706.8,36736.066666666666,21812.733333333334,,,,,,,,,,,8262.0,,,,,,,,,,4941.566666666667,53831.13333333333,16180.433333333332,19466.433333333334,,,,,,,15094.466666666667,37894.96666666667,15571.633333333333,11090.566666666668,,,,,,,15511.0,10053.233333333334,,,,,,,,,48277.86666666667,75961.76666666666,74197.2
2024-02-07,16662.466666666667,29931.133333333335,39772.36666666667,8305.666666666666,10891.033333333333,23839.666666666668,36791.23333333333,21984.066666666666,,,,,,,,,,,8354.766666666666,,,,,,,,,,4937.666666666667,53385.8,16256.7,19104.433333333334,,,,,,,14868.6,37720.36666666667,15582.366666666667,10835.366666666667,,,,,,,15623.4,10093.666666666666,,,,,,,,,48676.23333333333,75890.26666666666,74244.63333333333
2024-02-08,16831.6,30281.433333333334,40089.166666666664,8441.266666666666,11040.266666666666,24166.433333333334,37025.73333333333,22273.933333333334,,,,,,,,,,,8486.5,,,,,,,,,,4942.233333333334,52875.53333333333,16371.0,18770.533333333333,,,,,,,14621.333333333334,37540.36666666667,15613.833333333334,10496.766666666666,,,,,,,15837.766666666666,10200.266666666666,,,,,,,,,49086.23333333333,76111.43333333333,74082.3
2024-02-09,16904.533333333333,30458.8,40415.433333333334,8481.366666666667,10939.2,24295.866666666665,37239.166666666664,22427.833333333332,,,,,,,,,,,8544.466666666667,,,,,,,,,,6513.233333333334,50972.1,16533.566666666666,17902.466666666667,,,,,,,14337.733333333334,37309.23333333333,15622.9,10118.366666666667,,,,,,,15863.866666666667,10202.533333333333,,,,,,,,,49170.2,75923.03333333334,73833.5
2024-02-12,16940.5,30832.433333333334,40527.73333333333,8586.1,11040.533333333333,24509.7,37600.46666666667,22640.6,,,,,,,,,,,8648.766666666666,,,,,,,,,,6535.466666666666,50353.53333333333,16639.733333333334,17530.866666666665,,,,,,,14129.6,37156.3,15645.066666666668,9703.466666666667,,,,,,,16076.7,10295.166666666666,,,,,,,,,49577.166666666664,76029.16666666667,73588.76666666666
2024-02-13,17184.333333333332,31337.166666666668,40796.4,8669.933333333332,11183.433333333332,24913.3,38096.5,22998.633333333335,11788.1,,,,,,,,,,8571.233333333334,13362.266666666666,17600.466666666667,64804.433333333334,8294.066666666668,29513.233333333334,64349.13333333333,11318.7,,,6607.5,52068.5,17027.1,17107.5,5564.266666666666,,,,,,14527.2,37226.6,14842.1,8977.2,,,,,,,16534.466666666667,8093.166666666667,20794.833333333332,21949.866666666665,7613.2,11374.266666666666,14333.633333333333,14218.566666666668,,,50072.36666666667,76922.23333333334,73762.36666666667
2024-02-14,17327.7,31646.4,41043.53333333333,8758.5,11306.133333333333,25171.033333333333,38546.3,23203.3,11896.866666666667,,,,,,,,,,8677.8,13503.366666666667,17795.5,65636.66666666667,8381.2,29891.966666666667,64570.566666666666,11274.933333333332,,,6622.266666666666,52476.0,17196.966666666667,17039.033333333333,5226.8,,,,,,14581.2,37517.566666666666,14939.4,7808.866666666667,,,,,,,16673.7,7611.833333333333,20974.733333333334,22717.766666666666,7588.066666666667,11374.833333333334,14627.966666666667,13808.566666666668,,,50580.96666666667,77754.4,74307.36666666667
2024-02-15,17486.733333333334,31986.566666666666,41405.933333333334,8848.566666666668,11383.966666666667,25420.333333333332,38979.9,23385.2,11987.566666666668,,,,,,,,,,8755.766666666666,13559.7,18010.0,66453.66666666667,8421.666666666666,30164.633333333335,64765.23333333333,11277.366666666667,,,6638.4,52764.933333333334,17365.6,16904.433333333334,5270.366666666667,,,,,,14591.633333333333,37839.7,14981.133333333333,7827.666666666667,,,,,,,16770.366666666665,7676.7,21127.6,23020.833333333332,7633.8,11445.166666666666,14722.166666666666,14019.966666666667,,,50905.333333333336,78277.36666666667,74707.2
2024-02-16,17646.766666666666,32279.2,41793.8,8899.766666666666,11494.8,25614.733333333334,39412.86666666667,23507.333333333332,12020.3,,,,,,,,,,8818.2,13609.466666666667,18163.033333333333,66869.6,8485.066666666668,30416.3,64997.566666666666,11337.066666666668,,,6669.933333333333,52983.96666666667,17539.6,16868.666666666668,5316.833333333333,,,,,,14675.766666666666,38011.1,15064.033333333333,7885.3,,,,,,,16879.966666666667,7707.166666666667,21329.0,23258.033333333333,7670.433333333333,11498.666666666666,14780.4,14189.0,,,51069.7,78754.76666666666,75073.83333333333
2024-02-19,17790.633333333335,32664.566666666666,42240.46666666667,8977.5,11616.8,25780.366666666665,39802.7,23648.8,12104.6,,,,,,,,,,8887.933333333332,13703.166666666666,18325.933333333334,67180.36666666667,8529.733333333334,30623.133333333335,65410.166666666664,11456.566666666668,,,6725.2,53326.8,17710.366666666665,16990.833333333332,5361.466666666666,,,,,,14806.1,38222.86666666667,15162.566666666668,7928.133333333333,,,,,,,17021.533333333333,7752.966666666666,21544.733333333334,23500.5,7733.466666666666,11578.766666666666,14936.833333333334,14259.666666666666,,,51350.73333333333,79343.6,75476.13333333333
2024-02-20,17890.633333333335,32833.0,42513.6,9037.5,11902.433333333332,25895.266666666666,40172.23333333333,23741.433333333334,12159.4,,,,,,,,,,8941.833333333334,13756.366666666667,18447.9,67534.4,8589.6,30817.433333333334,65465.23333333333,11537.133333333333,,,6779.666666666667,53663.73333333333,17833.7,17076.466666666667,5404.166666666667,,,,,,14911.4,38438.86666666667,15246.033333333333,7955.9,,,,,,,17117.4,7766.966666666666,21823.2,23713.733333333334,7782.9,11635.366666666667,15044.966666666667,14372.366666666667,,,51536.53333333333,79872.7,75803.43333333333
2024-02-21,17951.866666666665,33060.03333333333,42887.833333333336,9095.633333333333,11999.733333333334,26043.533333333333,40501.73333333333,23844.1,12220.166666666666,,,,,,,,,,9013.933333333332,13832.033333333333,18568.133333333335,67879.96666666666,8655.2,31061.166666666668,65747.26666666666,11647.533333333333,,,6833.4,53873.3,17961.133333333335,17198.833333333332,5441.666666666667,,,,,,15065.6,38698.666666666664,15330.766666666666,7979.666666666667,,,,,,,17237.433333333334,7794.433333333333,22071.733333333334,23909.5,7814.633333333333,11708.633333333333,15146.833333333334,14467.333333333334,,,51966.9,80341.43333333333,76038.93333333333
2024-02-22,18053.4,33329.666666666664,43284.96666666667,9147.8,12111.2,26192.866666666665,40783.53333333333,23935.2,12279.2,,,,,,,,,,9061.366666666667,13915.166666666666,18658.633333333335,68152.36666666667,8735.5,31300.466666666667,66087.03333333334,11783.733333333334,,,6883.633333333333,54065.166666666664,18126.933333333334,17362.2,5494.966666666666,,,,,,15259.3,38890.433333333334,15387.733333333334,8004.966666666666,,,,,,,17374.1,7837.566666666667,21688.7,23609.633333333335,8141.366666666667,11728.7,15880.666666666666,17611.066666666666,,,52032.166666666664,80883.73333333334,76282.2
2024-02-23,18159.233333333334,33561.13333333333,43675.7,9176.666666666666,12197.4,26281.4,41009.833333333336,23997.833333333332,12327.466666666667,,,,,,,,,,11175.033333333333,16695.3,,,,,,,,,6930.7,52911.933333333334,19208.933333333334,,,,,,,,15429.366666666667,39086.8,15442.833333333334,8041.966666666666,,,,,,,17829.666666666668,8489.6,,,,,,,,,52115.333333333336,81408.13333333333,76560.1
2024-02-26,18180.566666666666,33728.666666666664,43765.53333333333,9180.333333333334,12303.933333333332,26266.733333333334,41050.566666666666,23997.533333333333,12328.2,,,,,,,,,,11188.566666666668,16713.133333333335,,,,,,,,,6943.0,52870.5,19248.6,,,,,,,,15456.4,39181.2,15458.266666666666,8052.933333333333,,,,,,,17852.833333333332,8489.833333333334,,,,,,,,,52151.666666666664,81490.76666666666,77049.33333333333
2024-02-27,18175.2,33865.86666666667,43886.76666666667,9186.833333333334,12323.933333333332,26240.4,41083.2,23947.9,13959.0,,,,,,,,,,11205.6,16718.833333333332,,,,,,,,,6949.833333333333,52887.0,19287.8,,,,,,,,15518.233333333334,,,,,,,,,,17857.466666666667,8511.133333333333,,,,,,,,,52025.666666666664,81584.0,77066.06666666667
2024-02-28,18201.933333333334,33949.933333333334,43997.933333333334,9200.533333333333,12309.433333333332,26225.133333333335,41198.833333333336,23962.2,13966.066666666668,,,,,,,,,,11245.066666666668,16733.433333333334,,,,,,,,,6978.4,52979.13333333333,19280.6,,,,,,,,16673.5,,,,,,,,,,17918.066666666666,8526.966666666667,,,,,,,,,51847.4,81565.16666666667,77099.46666666666
2024-02-29,18169.0,34056.566666666666,44179.5,9233.633333333333,12257.0,26230.833333333332,41295.666666666664,23983.166666666668,13967.633333333333,,,,,,,,,,11288.2,16795.333333333332,,,,,,,,,7003.7,53029.1,19240.8,,,,,,,,16754.733333333334,,,,,,,,,,17980.133333333335,8547.366666666667,,,,,,,,,51700.86666666667,81744.76666666666,77196.1
2024-03-01,18142.433333333334,34151.46666666667,44400.23333333333,9255.833333333334,12245.5,26247.3,41366.7,23996.533333333333,13949.733333333334,,,,,,,,,,11296.4,16808.4,,,,,,,,,7032.666666666667,53159.066666666666,19202.933333333334,,,,,,,,16765.633333333335,,,,,,,,,,18056.233333333334,8574.033333333333,,,,,,,,,51578.933333333334,81830.23333333334,77314.16666666667
2024-03-04,18142.466666666667,34194.1,44538.8,9272.233333333334,12216.7,26213.266666666666,41118.333333333336,24011.766666666666,13983.966666666667,,,,,,,,,,11296.3,16797.6,,,,,,,,,7035.733333333334,53278.066666666666,19224.466666666667,,,,,,,,16783.533333333333,,,,,,,,,,18099.566666666666,8569.266666666666,,,,,,,,,51354.433333333334,81740.6,77324.13333333333
2024-03-05,18152.066666666666,34225.86666666667,44541.1,9289.9,12181.366666666667,26167.8,41069.96666666667,23998.866666666665,13995.333333333334,,,,,,,,,,11288.033333333333,16799.4,,,,,,,,,7033.8,53420.7,19240.133333333335,,,,,,,,16838.733333333334,,,,,,,,,,18109.6,8550.266666666666,,,,,,,,,51227.1,81743.5,77455.43333333333
2024-03-06,18165.8,34250.53333333333,44600.4,9299.5,12203.933333333332,26135.8,41069.86666666667,24002.633333333335,14012.433333333332,,,,,,,,,,11279.433333333332,16819.966666666667,,,,,,,,,7025.133333333333,53435.76666666667,19243.266666666666,,,,,,,,16884.033333333333,,,,,,,,,,18174.266666666666,8545.133333333333,,,,,,,,,51030.6,81829.86666666667,77581.3
2024-03-07,18196.133333333335,34277.46666666667,44651.9,9315.066666666668,12202.5,26124.266666666666,41072.26666666667,24004.5,14012.2,,,,,,,,,,11280.633333333333,16841.3,,,,,,,,,7041.2,53465.433333333334,19270.133333333335,,,,,,,,16942.866666666665,,,,,,,,,,18218.333333333332,8539.033333333333,,,,,,,,,50811.433333333334,81872.7,77617.6
2024-03-08,18197.233333333334,34289.9,44669.566666666666,9330.333333333334,12203.533333333333,26127.166666666668,41081.833333333336,24016.966666666667,14021.466666666667,,,,,,,,,,11274.5,16866.933333333334,,,,,,,,,7055.933333333333,53482.26666666667,19282.866666666665,,,,,,,,17034.833333333332,,,,,,,,,,18222.1,8539.066666666668,,,,,,,,,50516.36666666667,81912.16666666667,77667.33333333333
2024-03-11,18179.133333333335,34296.36666666667,44821.8,9342.133333333333,12253.5,26111.533333333333,41258.73333333333,24028.366666666665,12854.166666666666,18137.3,49600.433333333334,,,,,,,,11262.4,16885.866666666665,,,,,,,,,7067.333333333333,53428.46666666667,19317.266666666666,,,,,,,,17081.766666666666,,,,,,,,,,18264.2,8536.933333333332,,,,,,,,,50384.1,81945.36666666667,77538.13333333333
2024-03-12,18265.066666666666,34473.5,45231.833333333336,9371.866666666667,12382.333333333334,26232.666666666668,41443.8,24170.466666666667,12924.2,18225.733333333334,51197.53333333333,,,,,,,,11282.8,17082.933333333334,,,,,,,,,7113.266666666666,53411.566666666666,19382.4,,,,,,,,16201.933333333332,,,,,,,,,,18481.566666666666,8625.066666666668,,,,,,,,,50422.03333333333,82905.76666666666,77577.63333333333
2024-03-13,18274.3,34494.8,45315.3,9370.766666666666,12431.133333333333,26227.266666666666,41544.166666666664,24157.033333333333,12937.966666666667,18258.5,51200.1,,,,,,,,11295.3,17110.066666666666,,,,,,,,,7133.1,53344.53333333333,19415.033333333333,,,,,,,,16241.033333333333,,,,,,,,,,18534.766666666666,8622.533333333333,,,,,,,,,50376.333333333336,83025.4,77497.8
2024-03-14,18248.2,34525.76666666667,45360.066666666666,9378.833333333334,12489.266666666666,26198.9,41666.46666666667,24137.533333333333,12914.833333333334,18305.766666666666,51196.86666666667,,,,,,,,11303.566666666668,17141.666666666668,,,,,,,,,7142.933333333333,53282.86666666667,19471.133333333335,,,,,,,,16296.633333333333,,,,,,,,,,18570.6,8597.833333333334,,,,,,,,,50308.46666666667,83102.13333333333,77454.93333333333
2024-03-15,18264.233333333334,34578.833333333336,45535.96666666667,9405.166666666666,12573.1,26214.066666666666,41854.166666666664,24149.133333333335,12955.333333333334,18363.5,51241.36666666667,,,,,,,,11322.4,17179.966666666667,,,,,,,,,7162.8,53301.5,19522.766666666666,,,,,,,,16356.466666666667,,,,,,,,,,18669.766666666666,8610.366666666667,,,,,,,,,50340.4,83417.06666666667,77451.8
2024-03-18,18257.9,34654.63333333333,45587.933333333334,9408.7,12795.333333333334,26206.0,42202.96666666667,24155.766666666666,12968.5,18395.3,51259.2,,,,,,,,11321.933333333332,17205.7,,,,,,,,,7161.3,53310.933333333334,19534.533333333333,,,,,,,,16362.0,,,,,,,,,,18691.4,8600.366666666667,,,,,,,,,50343.0,83519.56666666667,77389.13333333333
2024-03-19,18219.933333333334,34688.1,45676.3,9384.433333333332,12827.766666666666,26177.566666666666,42222.433333333334,24119.3,12979.5,18406.5,51281.2,,,,,,,,11308.166666666666,17215.366666666665,,,,,,,,,7158.366666666667,53294.36666666667,19554.866666666665,,,,,,,,16383.133333333333,,,,,,,,,,18727.9,8581.766666666666,,,,,,,,,50327.333333333336,83594.9,77291.8
2024-03-20,18116.5,34688.4,45656.166666666664,9385.866666666667,12818.833333333334,26146.066666666666,42235.03333333333,24158.233333333334,12959.633333333333,18441.7,51203.8,,,,,,,,11682.733333333334,17103.133333333335,,,,,,,,,7154.033333333334,51955.0,19526.366666666665,,,,,,,,16402.633333333335,,,,,,,,,,18898.666666666668,,,,,,,,,,50247.566666666666,83591.63333333333,77090.56666666667
2024-03-21,18132.833333333332,34645.63333333333,45682.8,9373.766666666666,12689.466666666667,26079.366666666665,42217.6,24118.8,12952.433333333332,18434.1,51077.0,,,,,,,,11664.033333333333,17080.7,,,,,,,,,8961.933333333332,50629.7,19057.433333333334,,,,,,,,16391.066666666666,,,,,,,,,,18884.166666666668,,,,,,,,,,50260.6,83711.83333333333,77017.13333333333
2024-03-22,18201.066666666666,34651.933333333334,45774.066666666666,9387.766666666666,12736.9,26060.0,42215.7,24102.9,12969.7,18446.533333333333,51112.833333333336,,,,,,,,11682.4,17088.266666666666,,,,,,,,,7426.6,51766.86666666667,19052.133333333335,,,,,,,,16410.666666666668,,,,,,,,,,18906.133333333335,,,,,,,,,,50248.6,83851.53333333334,77487.26666666666
2024-03-25,18214.066666666666,34608.3,45847.13333333333,9388.933333333332,12699.833333333334,26035.7,42074.933333333334,24105.033333333333,12960.6,18422.0,51164.26666666667,,,,,,,,11688.1,17113.133333333335,,,,,,,,,7422.4,51591.666666666664,19032.133333333335,,,,,,,,16320.433333333332,,,,,,,,,,18919.566666666666,,,,,,,,,,50186.86666666667,83582.13333333333,77094.93333333333
2024-03-26,18240.766666666666,34570.6,45923.666666666664,9485.233333333334,12665.533333333333,26034.833333333332,41943.7,24041.3,13116.766666666666,18359.933333333334,51151.36666666667,,,,,,,,11772.4,17136.366666666665,,,,,,,,,7425.666666666667,51435.46666666667,18980.433333333334,,,,,,,,16296.2,,,,,,,,,,18949.833333333332,,,,,,,,,,50081.73333333333,83511.06666666667,76670.0
2024-03-27,18284.333333333332,34564.833333333336,45999.7,9515.466666666667,12659.866666666667,26057.466666666667,41917.5,24040.4,13333.1,20900.433333333334,49338.433333333334,,,,,,,,11776.566666666668,17169.366666666665,,,,,,,,,7419.1,51167.066666666666,18940.466666666667,,,,,,,,16223.6,,,,,,,,,,18962.1,,,,,,,,,,49941.46666666667,83352.2,76303.16666666667
2024-03-28,18296.833333333332,34430.4,45931.13333333333,9479.8,12615.866666666667,25998.633333333335,41711.63333333333,23931.166666666668,13265.733333333334,21910.066666666666,47826.933333333334,,,,,,,,11728.866666666667,17146.166666666668,,,,,,,,,7407.933333333333,50877.46666666667,18848.966666666667,,,,,,,,16224.233333333334,,,,,,,,,,18900.6,,,,,,,,,,49658.166666666664,83139.36666666667,76205.46666666666
2024-04-02,18195.133333333335,34330.96666666667,45741.0,9514.433333333332,12596.833333333334,25911.0,41614.1,23915.966666666667,13317.266666666666,21841.933333333334,48112.9,,,,,,,,11726.133333333333,17217.2,,,,,,,,,7367.266666666666,50640.03333333333,18705.033333333333,,,,,,,,16094.266666666666,,,,,,,,,,18980.633333333335,,,,,,,,,,49781.2,82806.73333333334,76562.9
2024-04-03,18238.6,34346.26666666667,45513.7,9526.0,12679.9,26009.766666666666,41755.4,23862.366666666665,13360.2,21941.133333333335,48332.6,,,,,,,,11722.5,17249.3,,,,,,,,,7378.666666666667,50794.76666666667,18689.133333333335,,,,,,,,16234.666666666666,,,,,,,,,,19062.866666666665,,,,,,,,,,49950.63333333333,83271.43333333333,76565.33333333333
2024-04-04,18154.966666666667,34253.666666666664,45417.73333333333,9485.033333333333,12626.166666666666,25971.366666666665,41763.23333333333,23707.666666666668,13335.0,21973.3,48099.9,,,,,,,,11696.9,17213.866666666665,,,,,,,,,7400.0,50767.1,18669.633333333335,,,,,,,,16385.633333333335,,,,,,,,,,19056.966666666667,,,,,,,,,,49711.53333333333,83275.96666666666,76381.8
2024-04-05,18036.566666666666,34159.2,44211.03333333333,9399.866666666667,12530.733333333334,25702.533333333333,41577.166666666664,23428.2,13194.6,21916.766666666666,47171.066666666666,,,,,,,,11570.433333333332,16988.6,,,,,,,,,7403.6,50574.066666666666,18608.466666666667,,,,,,,,16439.566666666666,,,,,,,,,,18841.733333333334,,,,,,,,,,49294.36666666667,83050.4,76302.4
2024-04-08,17746.733333333334,33699.63333333333,43538.36666666667,9265.266666666666,12278.733333333334,25218.233333333334,41143.1,23059.866666666665,12980.6,21708.033333333333,46043.833333333336,,,,,,,,11408.833333333334,16750.433333333334,,,,,,,,,7364.033333333334,50082.4,18390.466666666667,,,,,,,,16233.4,,,,,,,,,,18449.966666666667,,,,,,,,,,48751.333333333336,81506.8,75764.63333333333
2024-04-09,17647.066666666666,33673.63333333333,43320.36666666667,9308.5,12258.233333333334,25263.3,41139.36666666667,23079.466666666667,13041.4,21698.133333333335,46691.23333333333,,,,,,,,9356.866666666667,14098.033333333333,,,,,,,,,7320.133333333333,51444.13333333333,17309.4,17982.366666666665,,,,,,,16173.466666666667,,,,,,,,,,18193.2,,,,,,,,,,49011.066666666666,81452.26666666666,75659.73333333334
2024-04-10,17657.033333333333,33880.53333333333,43493.86666666667,9369.933333333332,12301.133333333333,25371.3,41290.9,23105.0,13104.166666666666,21777.533333333333,47102.86666666667,,,,,,,,9373.966666666667,14124.3,,,,,,,,,7341.766666666666,51754.2,17306.633333333335,18060.366666666665,,,,,,,16384.9,,,,,,,,,,18293.233333333334,,,,,,,,,,49240.566666666666,81996.63333333333,75378.96666666666
2024-04-11,17563.566666666666,33862.5,43508.166666666664,9354.6,12314.966666666667,25367.266666666666,41344.566666666666,23027.8,11470.766666666666,21861.7,48211.76666666667,,,,,,,,9335.733333333334,14074.966666666667,,,,,,,,,7360.033333333334,51899.8,17294.766666666666,18120.2,,,,,,,16522.333333333332,40340.6,14072.133333333333,7694.666666666667,,,,,,,18319.7,,,,,,,,,,49278.03333333333,82227.26666666666,75427.0
2024-04-12,17432.033333333333,33804.13333333333,43507.03333333333,9283.2,12268.8,25164.633333333335,41220.4,22787.033333333333,11350.1,21826.566666666666,48951.5,,,,,,,,9224.333333333334,13874.433333333332,,,,,,,,,7364.666666666667,51762.8,17230.566666666666,18180.3,,,,,,,15626.166666666666,41200.53333333333,14370.9,6666.433333333333,,,,,,,18133.3,,,,,,,,,,49008.7,82319.4,75517.3
2024-04-15,17167.166666666668,33505.23333333333,43194.46666666667,9173.8,12195.966666666667,24758.866666666665,40991.5,22535.966666666667,11246.033333333333,21652.233333333334,48216.666666666664,,,,,,,,,,,,,,,,,,7289.9,,,,,,,,,,15440.766666666666,40864.0,14295.366666666667,6629.033333333334,,,,,,,,,,,,,,,,,47636.86666666667,81318.86666666667,75065.23333333334
2024-04-16,17113.7,33569.73333333333,43088.9,9245.533333333333,12258.2,24856.1,41055.76666666667,22602.966666666667,11368.066666666668,21638.5,49035.8,,,,,,,,,,,,,,,,,,7252.5,,,,,,,,,,15391.6,40930.46666666667,14291.133333333333,6619.633333333333,,,,,,,,,,,,,,,,,48068.4,81439.66666666667,74940.86666666667
2024-04-17,17240.3,33602.7,43392.6,9296.466666666667,12398.6,25046.3,41215.63333333333,22654.733333333334,11385.666666666666,21747.066666666666,49718.86666666667,,,,,,,,,,,,,,,,,,7272.033333333334,,,,,,,,,,15524.4,41212.3,14350.9,6650.066666666667,,,,,,,,,,,,,,,,,48363.9,81988.76666666666,75036.13333333333
2024-04-18,17238.733333333334,33638.23333333333,43541.933333333334,9297.833333333334,12436.633333333333,25135.233333333334,41376.26666666667,22590.966666666667,11400.3,21772.4,49913.46666666667,,,,,,,,,,,,,,,,,,7309.0,,,,,,,,,,15596.8,41299.8,14388.533333333333,6681.6,,,,,,,,,,,,,,,,,48426.7,82306.93333333333,75603.9
2024-04-19,17186.0,33560.833333333336,43516.63333333333,9223.166666666666,12368.366666666667,24957.833333333332,41358.3,22391.5,11289.666666666666,21728.333333333332,49169.666666666664,,,,,,,,,,,,,,,,,,7357.9,,,,,,,,,,15645.633333333333,41208.1,14386.833333333334,6698.0,,,,,,,,,,,,,,,,,48019.566666666666,82111.96666666666,75459.86666666667
2024-04-22,16989.9,33334.03333333333,43225.8,9134.333333333334,12267.266666666666,24622.166666666668,41181.9,22191.033333333333,11200.066666666668,21581.066666666666,48470.433333333334,,,,,,,,,,,,,,,,,,7371.266666666666,,,,,,,,,,15539.633333333333,41030.63333333333,14353.033333333333,6667.833333333333,,,,,,,,,,,,,,,,,47675.1,81351.0,75090.63333333333
2024-04-23,16993.1,33406.5,43264.666666666664,9204.566666666668,12322.5,24712.033333333333,41295.7,22303.5,11306.733333333334,21580.1,49348.166666666664,,,,,,,,,,,,,,,,,,7352.966666666666,,,,,,,,,,15478.8,41103.9,14361.933333333332,6648.9,,,,,,,,,,,,,,,,,48026.1,81488.86666666667,74992.43333333333
2024-04-24,17109.1,33523.46666666667,43514.433333333334,9261.9,12388.866666666667,24934.566666666666,41497.066666666666,22393.333333333332,11483.8,21169.133333333335,48672.36666666667,,,,,,,,,,,,,,,,,,7400.133333333333,,,,,,,,,,15595.766666666666,40420.6,14117.666666666666,7782.066666666667,,,,,,,,,,,,,,,,,48432.53333333333,82188.4,75300.1
2024-04-25,17051.333333333332,33597.53333333333,43486.96666666667,9270.366666666667,12415.833333333334,25039.9,41594.26666666667,22348.166666666668,11519.4,21272.3,48841.53333333333,,,,,,,,,,,,,,,,,,7429.733333333334,,,,,,,,,,15794.5,40559.36666666667,15055.433333333332,8385.0,,,,,,,,,,,,,,,,,48564.96666666667,82509.4,75479.23333333334
2024-04-26,16989.466666666667,33569.6,43383.53333333333,9212.066666666668,12340.833333333334,24878.966666666667,41578.26666666667,22211.066666666666,11407.733333333334,21248.6,48088.0,,,,,,,,,,,,,,,,,,7460.633333333333,,,,,,,,,,16742.1,39572.933333333334,14776.633333333333,9774.4,,,,,,,,,,,,,,,,,48261.333333333336,82519.16666666667,75693.06666666667
2024-04-29,16837.566666666666,33379.76666666667,43082.333333333336,9120.733333333334,12237.5,24582.766666666666,41397.333333333336,22031.3,11339.466666666667,21136.766666666666,47463.4,,,,,,,,,,,,,,,,,,7477.766666666666,,,,,,,,,,16666.966666666667,39363.2,14730.066666666668,9783.233333333334,,,,,,,,,,,,,,,,,48005.4,81839.5,75019.93333333333
2024-04-30,16744.566666666666,33481.166666666664,43022.53333333333,9202.0,12254.366666666667,24669.6,41516.8,22125.333333333332,11478.9,21176.033333333333,48300.63333333333,,,,,,,,,,,,,,,,,,7478.5,,,,,,,,,,16607.5,39502.933333333334,14763.366666666667,9793.566666666668,,,,,,,,,,,,,,,,,48471.6,82031.26666666666,75123.86666666667
2024-05-01,16789.233333333334,33606.9,43161.0,9258.633333333333,12313.6,24881.066666666666,41765.333333333336,22184.666666666668,11573.266666666666,21273.7,48793.566666666666,,,,,,,,,,,,,,,,,,7515.9,,,,,,,,,,16740.966666666667,39801.833333333336,14828.066666666668,9835.1,,,,,,,,,,,,,,,,,48781.26666666667,82570.9,75396.7
2024-05-02,16753.533333333333,33602.73333333333,43110.53333333333,9271.366666666667,12323.433333333332,24933.766666666666,41909.26666666667,22155.0,11575.7,21339.6,48794.5,,,,,,,,,,,,,,,,,,7562.966666666666,,,,,,,,,,16846.533333333333,39832.166666666664,14870.266666666666,9864.133333333333,,,,,,,,,,,,,,,,,48747.86666666667,82710.4,75500.46666666666
2024-05-03,16678.2,33538.23333333333,42915.8,9174.133333333333,12268.333333333334,24704.966666666667,41884.6,21915.5,11470.333333333334,21327.033333333333,47941.8,,,,,,,,,,,,,,,,,,7632.633333333333,,,,,,,,,,16914.466666666667,39699.53333333333,14876.133333333333,9877.5,,,,,,,,,,,,,,,,,48315.166666666664,82486.7,75656.06666666667
2024-05-07,16416.7,33313.7,42543.3,9077.033333333333,12130.233333333334,24386.933333333334,41691.833333333336,21719.466666666667,11361.9,21210.066666666666,47246.26666666667,,,,,,,,,,,,,,,,,,5781.5,,,,,,,,,,16824.733333333334,39449.9,14796.466666666667,9878.9,,,,,,,,,,,,,,,,,47957.6,81428.06666666667,75391.1
2024-05-08,16285.833333333334,33287.5,41511.26666666667,9115.666666666666,11901.9,24416.5,41333.4,21798.733333333334,11401.866666666667,21203.0,47742.46666666667,,,,,,,,,,,,,,,,,,5768.433333333333,,,,,,,,,,16747.166666666668,39733.0,14806.4,9906.866666666667,,,,,,,,,,,,,,,,,48322.166666666664,81365.7,74816.83333333333
2024-05-09,16372.233333333334,33437.1,41611.933333333334,9202.566666666668,11905.433333333332,24615.466666666667,41540.566666666666,21929.933333333334,11502.366666666667,21295.3,48347.23333333333,,,,,,,,,,,,,,,,,,5778.866666666667,,,,,,,,,,16838.066666666666,40084.833333333336,14883.133333333333,9950.966666666667,,,,,,,,,,,,,,,,,48699.76666666667,82080.0,75215.26666666666
2024-05-10,16298.3,33358.0,41463.6,9126.633333333333,11767.166666666666,24420.1,41412.23333333333,21801.8,11383.0,21254.433333333334,47584.03333333333,,,,,,,,,,,,,,,,,,5810.6,,,,,,,,,,16877.133333333335,40302.5,14734.9,9584.1,,,,,,,,,,,,,,,,,48452.566666666666,81838.93333333333,75435.43333333333
2024-05-13,16136.833333333334,33179.833333333336,41248.166666666664,9070.066666666668,11680.233333333334,24187.0,41178.3,21701.933333333334,11093.733333333334,18592.6,48961.23333333333,18263.466666666667,,,,,,,,,,,,,,,,,5785.666666666667,,,,,,,,,,16726.633333333335,40196.066666666666,15012.466666666667,8458.566666666668,37502.7,,,,,,,,,,,,,,,,48237.96666666667,81198.86666666667,75362.83333333333
2024-05-14,16077.666666666666,33171.333333333336,41286.63333333333,9116.033333333333,11692.933333333332,24140.1,41311.9,21842.866666666665,11154.4,17515.7,50489.166666666664,18196.3,,,,,,,,,,,,,,,,,5784.566666666667,,,,,,,,,,16566.066666666666,40432.03333333333,15028.033333333333,8461.5,37167.03333333333,,,,,,,,,,,,,,,,48597.26666666667,81136.86666666667,75346.76666666666
2024-05-15,16161.966666666667,33314.166666666664,41517.5,9184.7,11727.466666666667,24335.333333333332,41501.6,22018.433333333334,11237.5,17572.7,50897.8,18277.033333333333,,,,,,,,,,,,,,,,,5818.066666666667,,,,,,,,,,16552.4,40829.73333333333,15117.766666666666,8514.0,37135.96666666667,,,,,,,,,,,,,,,,48955.23333333333,81609.83333333333,74939.7
2024-05-16,16210.533333333333,33425.1,42071.46666666667,9253.633333333333,11754.9,24530.533333333333,41648.7,22173.133333333335,11306.133333333333,17629.9,51350.0,18303.2,,,,,,,,,,,,,,,,,5838.833333333333,,,,,,,,,,16533.866666666665,40991.26666666667,15164.6,8515.566666666668,37008.13333333333,,,,,,,,,,,,,,,,49191.76666666667,81895.73333333334,75097.03333333334
2024-05-17,16191.833333333334,33347.96666666667,42047.23333333333,9222.766666666666,11732.0,24387.666666666668,41557.36666666667,22114.166666666668,11229.833333333334,17553.8,50740.23333333333,18314.0,,,,,,,,,,,,,,,,,5856.4,,,,,,,,,,16409.833333333332,41037.666666666664,15172.0,8534.966666666667,36935.833333333336,,,,,,,,,,,,,,,,49020.36666666667,81686.0,75184.53333333334
2024-05-20,16125.333333333334,33316.03333333333,42999.5,9250.933333333332,11711.366666666667,24392.366666666665,41634.0,22208.4,11284.9,17537.4,51084.53333333333,18312.666666666668,,,,,,,,,,,,,,,,,5868.633333333333,,,,,,,,,,16237.433333333332,41114.1,15190.4,8539.066666666668,36491.26666666667,,,,,,,,,,,,,,,,49166.0,81332.3,75095.2
2024-05-21,16320.933333333332,33638.6,43608.5,9388.633333333333,11947.533333333333,24746.866666666665,42183.36666666667,22500.533333333333,11492.466666666667,17736.4,52087.4,18412.866666666665,,,,,,,,,,,,,,,,,5920.466666666666,,,,,,,,,,16351.2,41629.96666666667,15337.633333333333,8589.566666666668,36657.833333333336,,,,,,,,,,,,,,,,49733.13333333333,82650.06666666667,75522.36666666667
2024-05-22,16411.666666666668,33651.833333333336,43887.36666666667,9421.533333333333,12052.633333333333,24807.6,42435.76666666667,22574.2,11536.566666666668,17784.4,52212.53333333333,18473.6,,,,,,,,,,,,,,,,,5965.733333333334,,,,,,,,,,16292.533333333333,41810.833333333336,15417.666666666666,8600.933333333332,36630.3,,,,,,,,,,,,,,,,49845.066666666666,82702.6,75482.6
2024-05-23,16517.2,33612.63333333333,44054.7,9447.133333333333,12089.933333333332,24914.366666666665,42664.8,22634.1,11560.2,17842.333333333332,52338.566666666666,18543.8,,,,,,,,,,,,,,,,,5984.533333333334,,,,,,,,,,16211.133333333333,41936.53333333333,15453.2,8636.333333333334,36496.666666666664,,,,,,,,,,,,,,,,49936.166666666664,82886.33333333333,75530.1
2024-05-24,16475.533333333333,33493.63333333333,44144.23333333333,9373.1,12035.033333333333,24701.933333333334,42685.7,22523.933333333334,11230.0,18007.966666666667,,,,,,,,,,,,,,,,,,,6007.866666666667,,,,,,,,,,15790.933333333332,,,,,,,,,,,,,,,,,,,,49523.8,82464.33333333333,75531.66666666667
2024-05-28,16422.133333333335,33500.0,44098.73333333333,9416.633333333333,12089.8,24757.366666666665,42814.36666666667,22605.866666666665,11303.066666666668,18031.8,,,,,,,,,,,,,,,,,,,5998.133333333333,,,,,,,,,,15734.266666666666,,,,,,,,,,,,,,,,,,,,49598.433333333334,82234.4,75469.73333333334
2024-05-29,16586.633333333335,33743.73333333333,44240.23333333333,9470.633333333333,12167.233333333334,24947.5,43008.36666666667,22702.533333333333,11372.7,18154.6,,,,,,,,,8627.533333333333,14201.333333333334,17232.566666666666,69535.7,7744.6,30035.8,67502.96666666666,11798.3,,,6030.8,56452.333333333336,18470.833333333332,19725.1,5109.366666666667,14587.9,,,,,15948.033333333333,,,,,,,,,,18534.666666666668,7954.466666666666,24293.2,25211.966666666667,8280.3,11590.033333333333,17173.566666666666,,,,50869.76666666667,82929.83333333333,75903.73333333334
2024-05-30,16605.8,33771.933333333334,44320.23333333333,9464.8,12196.333333333334,24980.033333333333,43169.26666666667,22682.033333333333,11370.566666666668,18263.0,,,,,,,,,8628.633333333333,14203.166666666666,17192.866666666665,69510.5,7763.3,30100.733333333334,67999.7,11864.933333333332,,,6065.0,56614.333333333336,18584.0,19903.166666666668,5133.933333333333,14651.033333333333,,,,,16123.466666666667,,,,,,,,,,18596.433333333334,7949.2,24451.166666666668,25393.866666666665,8289.733333333334,11573.5,17218.4,,,,50870.5,83274.06666666667,75966.43333333333
2024-05-31,16527.633333333335,33752.166666666664,44211.6,9380.433333333332,12128.566666666668,24793.566666666666,43130.933333333334,22527.933333333334,11326.666666666666,18233.866666666665,,,,,,,,,8526.4,14004.4,17088.866666666665,68670.56666666667,7730.3,29905.433333333334,68176.0,11887.666666666666,,,6093.166666666667,56564.833333333336,18637.866666666665,20063.5,5172.9,14685.566666666668,,,,,16208.4,,,,,,,,,,18468.3,7884.933333333333,24561.933333333334,25464.566666666666,8120.3,11529.533333333333,17132.933333333334,,,,50386.0,83206.23333333334,76036.56666666667
2024-06-03,16358.266666666666,33514.833333333336,43842.73333333333,9287.033333333333,12018.6,24447.0,42921.5,22372.866666666665,11212.566666666668,18071.433333333334,,,,,,,,,8458.866666666667,13858.8,16933.233333333334,67719.46666666666,7658.7,29606.133333333335,67586.53333333334,11806.266666666666,,,6054.166666666667,56162.96666666667,18581.466666666667,19995.2,5178.533333333334,14628.433333333332,,,,,16026.133333333333,,,,,,,,,,18330.9,7805.933333333333,24310.533333333333,25225.6,8016.8,11448.933333333332,16971.066666666666,,,,49958.53333333333,82399.66666666667,75119.96666666666
2024-06-04,16345.066666666668,33473.3,43719.6,9347.233333333334,11947.0,24555.033333333333,42992.26666666667,22511.066666666666,11295.633333333333,18065.633333333335,,,,,,,,,8499.633333333333,14018.166666666666,17023.0,68271.83333333333,7699.866666666667,29742.666666666668,67647.36666666667,11787.933333333332,,,6009.0,56269.066666666666,18574.266666666666,19901.066666666666,5181.266666666666,14602.033333333333,,,,,15935.933333333332,,,,,,,,,,18495.233333333334,7897.533333333334,24240.666666666668,25229.2,8099.6,11456.2,17058.8,,,,50216.3,82461.5,75083.53333333334
2024-06-05,16471.233333333334,33657.1,43741.8,9416.866666666667,12099.933333333332,24718.0,43226.166666666664,22610.133333333335,11356.233333333334,18109.266666666666,,,,,,,,,8539.333333333334,14117.766666666666,17021.933333333334,68832.36666666667,7730.666666666667,29968.533333333333,68012.16666666667,11785.166666666666,,,5999.5,56514.7,18598.2,19917.8,5209.966666666666,14639.3,,,,,16001.3,,,,,,,,,,18587.233333333334,7965.866666666667,24437.6,25401.933333333334,8140.633333333333,11486.233333333334,17115.333333333332,,,,50504.5,82990.8,75328.6
2024-06-06,16450.3,33779.066666666666,43785.86666666667,9423.266666666666,12112.966666666667,24774.266666666666,43240.933333333334,22581.033333333333,11349.0,18103.5,,,,,,,,,8519.766666666666,14146.733333333334,16991.833333333332,69005.2,7727.533333333334,30030.4,68138.0,11758.1,,,5963.5,56623.1,18595.033333333333,19922.933333333334,5234.966666666666,14662.933333333332,,,,,16055.833333333334,,,,,,,,,,18509.066666666666,7930.9,24513.1,25473.533333333333,8107.6,11511.533333333333,17112.666666666668,,,,50598.96666666667,83181.7,75445.1
2024-06-07,16380.966666666667,33766.933333333334,43682.7,9358.266666666666,12054.033333333333,24565.933333333334,43238.9,22416.366666666665,11162.166666666666,18537.466666666667,,,,,,,,,8454.966666666667,13915.0,16855.8,68295.93333333333,7656.0,29708.666666666668,67861.86666666667,11717.966666666667,,,5968.8,56406.63333333333,18600.4,19410.866666666665,5188.6,15462.933333333332,,,,,16053.233333333334,,,,,,,,,,18334.966666666667,7826.4,23879.866666666665,24955.3,8201.766666666666,11364.066666666668,,,,,50177.3,82949.5,75482.2
2024-06-10,16225.166666666666,33505.5,43454.9,9280.766666666666,11945.7,24225.7,43032.53333333333,22222.8,11031.133333333333,18351.033333333333,,,,,,,,,8392.833333333334,13762.0,16687.7,67476.46666666666,7560.0,29376.833333333332,67265.5,11613.7,,,5931.766666666666,56047.6,18545.833333333332,19314.066666666666,5155.766666666666,15400.933333333332,,,,,15906.9,,,,,,,,,,18136.333333333332,7740.333333333333,23696.033333333333,24769.3,8112.2,11286.4,,,,,49838.1,82060.03333333334,75180.13333333333
2024-06-11,16211.866666666667,33602.833333333336,43588.933333333334,9352.0,12021.366666666667,24350.933333333334,43109.53333333333,22307.733333333334,11145.433333333332,18354.933333333334,,,,,,,,,8495.366666666667,13939.4,16768.333333333332,68043.0,7607.133333333333,29573.433333333334,67359.43333333333,11605.5,,,5899.366666666667,56196.1,18551.266666666666,19259.2,5145.333333333333,15375.966666666667,,,,,14972.0,,,,,,,,,,18266.866666666665,7881.866666666667,23701.166666666668,24796.566666666666,8214.9,11707.666666666666,,,,,50183.666666666664,82154.56666666667,75032.8
2024-06-12,16339.3,33790.333333333336,43842.8,9438.466666666667,12118.2,24518.866666666665,43384.53333333333,22414.5,11222.133333333333,18385.833333333332,,,,,,,,,8542.333333333334,14043.533333333333,16878.033333333333,68573.63333333333,7671.966666666666,29787.833333333332,67704.13333333333,11633.2,,,5892.966666666666,56465.46666666667,18594.933333333334,19269.866666666665,5144.366666666667,15426.833333333334,,,,,15033.166666666666,,,,,,,,,,18389.5,7946.366666666667,23894.033333333333,24961.4,8259.966666666667,11750.833333333334,,,,,50453.7,82719.5,75211.83333333333
2024-06-13,16371.633333333333,34016.03333333333,43975.6,9488.366666666667,12159.166666666666,24606.866666666665,43499.76666666667,22447.233333333334,11219.166666666666,18393.6,,,,,,,,,8557.666666666666,14081.6,16861.466666666667,68685.56666666667,7681.733333333334,29888.7,67362.46666666666,11641.366666666667,,,5886.8,56726.23333333333,18619.7,19303.433333333334,5135.9,15431.6,,,,,15109.166666666666,,,,,,,,,,18397.533333333333,7964.2,24020.066666666666,25008.466666666667,8254.066666666668,11762.266666666666,,,,,50395.6,82777.43333333333,75147.33333333333
2024-06-14,16363.7,34056.23333333333,44015.8,9452.4,12112.666666666666,24415.966666666667,43477.13333333333,22312.9,11089.533333333333,18290.266666666666,,,,,,,,,8477.566666666668,13920.833333333334,16687.4,67977.6,7622.533333333334,29649.933333333334,67121.8,11632.533333333333,,,5876.533333333334,56564.6,18636.233333333334,19323.6,5122.733333333334,15450.033333333333,,,,,15102.4,,,,,,,,,,18225.6,7852.2,23937.133333333335,24875.633333333335,8143.2,11778.2,,,,,49964.13333333333,82600.66666666667,75095.26666666666
2024-06-17,16223.666666666666,33919.433333333334,43959.6,9368.566666666668,12034.333333333334,24137.433333333334,43314.2,22135.9,10967.033333333333,18108.733333333334,,,,,,,,,8405.733333333334,13789.8,16545.966666666667,67261.23333333334,7549.0,29331.533333333333,66609.0,11596.033333333333,,,5829.966666666666,56368.96666666667,18549.433333333334,19317.8,5109.033333333334,15436.5,,,,,15008.166666666666,,,,,,,,,,18047.0,7759.233333333334,23680.333333333332,24676.2,8065.1,11702.933333333332,,,,,49669.7,81926.86666666667,74848.16666666667
2024-06-18,16194.666666666666,34013.066666666666,44155.066666666666,9446.433333333332,12089.533333333333,24312.7,43435.1,22246.233333333334,11070.1,18096.266666666666,,,,,,,,,8466.8,14034.366666666667,16654.733333333334,67889.6,7556.7,29506.233333333334,66780.83333333333,11546.966666666667,,,5759.066666666667,56658.166666666664,18514.7,19208.8,5136.033333333334,15481.333333333334,,,,,14941.5,,,,,,,,,,18240.166666666668,7858.233333333334,23605.766666666666,24769.866666666665,8160.766666666666,11724.533333333333,,,,,50121.166666666664,82215.06666666667,74782.1
2024-06-19,16287.9,34201.26666666667,44505.63333333333,9522.866666666667,12230.866666666667,24525.7,44082.63333333333,22354.333333333332,11168.1,18170.533333333333,,,,,,,,,8523.2,14133.566666666668,16735.7,68467.76666666666,7612.6,29691.133333333335,67385.76666666666,11589.6,,,5812.0,57119.53333333333,18673.9,19354.966666666667,5198.333333333333,15606.7,,,,,15061.233333333334,,,,,,,,,,18530.366666666665,7975.733333333334,23854.133333333335,24989.0,8207.966666666667,11770.466666666667,,,,,50566.7,83194.76666666666,75125.03333333334
2024-06-20,16306.166666666666,34627.9,45663.9,9555.466666666667,12588.633333333333,24709.9,44714.833333333336,22354.1,11315.166666666666,18090.333333333332,,,,,,,,,8562.633333333333,14198.5,16968.333333333332,68948.3,7631.233333333334,29789.866666666665,67735.46666666666,11621.4,,,5817.266666666666,57377.63333333333,18756.033333333333,19543.233333333334,5226.966666666666,15742.1,,,,,15170.533333333333,,,,,,,,,,18461.366666666665,7895.266666666666,24003.0,25093.666666666668,8131.066666666667,11800.366666666667,,,,,50566.0,83805.83333333333,76351.4
2024-06-21,16259.6,34575.066666666666,45783.5,9474.766666666666,12593.433333333332,24542.566666666666,44780.166666666664,22174.9,11214.966666666667,18000.1,,,,,,,,,8488.866666666667,14019.233333333334,16894.6,68179.23333333334,7585.733333333334,29522.066666666666,67476.16666666667,11614.9,,,5834.233333333334,57267.933333333334,18761.7,19609.033333333333,5241.733333333334,15831.333333333334,,,,,16118.433333333332,,,,,,,,,,18274.833333333332,7782.466666666666,23972.833333333332,24959.966666666667,8014.166666666667,11758.7,,,,,50124.7,83569.5,76393.4
2024-06-24,16145.966666666667,34514.9,45741.63333333333,9467.733333333334,12628.233333333334,24490.866666666665,44820.96666666667,22174.433333333334,11237.5,17890.966666666667,,,,,,,,,8499.733333333334,14058.6,16881.866666666665,68311.23333333334,7570.8,29427.4,67066.56666666667,11565.666666666666,,,5817.7,57314.2,18725.4,19542.533333333333,5200.8,15765.3,,,,,16020.3,,,,,,,,,,18320.133333333335,7844.7,23781.1,24810.366666666665,8029.866666666667,11727.166666666666,,,,,50140.5,83230.5,76202.93333333333
2024-06-25,16230.6,34830.5,45974.73333333333,9569.133333333333,12701.833333333334,24682.633333333335,45200.3,22294.566666666666,11320.866666666667,17924.866666666665,,,,,,,,,8549.2,14135.033333333333,16972.5,68902.36666666667,7631.3,29577.933333333334,69096.1,11498.3,15384.2,,5838.633333333333,57626.833333333336,18770.9,20105.133333333335,5014.6,15046.266666666666,,,,,16114.266666666666,,,,,,,,,,18443.833333333332,7918.566666666667,24379.166666666668,25392.2,7898.666666666667,11846.266666666666,,,,,50268.9,83902.73333333334,76437.1
2024-06-26,16211.566666666668,34939.333333333336,45996.3,9561.333333333334,12708.433333333332,24632.333333333332,45282.333333333336,22219.3,11305.166666666666,17879.333333333332,,,,,,,,,8547.966666666667,14084.4,16944.3,68801.56666666667,7626.0,29480.1,69081.5,11472.9,15405.366666666667,,5860.133333333333,57699.53333333333,18811.5,20181.8,5043.4,15118.833333333334,,,,,16163.166666666666,,,,,,,,,,18475.5,7926.466666666666,24432.266666666666,25485.6,7888.533333333334,11798.6,,,,,50023.333333333336,83953.36666666667,76401.26666666666
2024-06-27,16218.166666666666,35007.7,46106.96666666667,9551.233333333334,12738.733333333334,24620.766666666666,45361.53333333333,22175.466666666667,11296.633333333333,17877.766666666666,,,,,,,,,8544.433333333332,14066.0,16888.266666666666,68700.86666666667,7627.633333333333,29455.933333333334,69106.83333333333,11456.066666666668,15400.733333333334,,5876.633333333333,57773.73333333333,18876.4,20273.333333333332,5054.7,15161.7,,,,,16205.966666666667,,,,,,,,,,18505.366666666665,7914.133333333333,24465.566666666666,25495.233333333334,7881.3,11789.1,,,,,50004.8,84075.23333333334,76460.1
2024-06-28,16164.633333333333,34912.666666666664,46006.3,9468.6,12647.266666666666,24334.133333333335,45321.333333333336,22015.333333333332,11172.3,17771.133333333335,,,,,,,,,8454.966666666667,13864.166666666666,16754.533333333333,67827.93333333333,7577.5,29155.033333333333,68873.63333333333,11394.0,15276.633333333333,,5875.866666666667,57685.566666666666,18868.133333333335,20362.866666666665,5071.133333333333,15246.333333333334,,,,,16262.033333333333,,,,,,,,,,18347.6,7797.666666666667,24425.266666666666,25417.833333333332,7786.333333333333,11719.1,,,,,49577.433333333334,83763.1,76573.9
2024-07-01,16054.4,34860.9,45962.76666666667,9459.166666666666,12660.6,24249.766666666666,45641.933333333334,21989.2,11191.233333333334,17719.0,,,,,,,,,8457.8,13934.966666666667,16735.966666666667,67893.33333333333,7582.533333333334,29077.733333333334,68785.2,11363.366666666667,15302.666666666666,,5868.333333333333,57734.8,18832.166666666668,20386.633333333335,5042.366666666667,15224.2,,,,,16210.1,,,,,,,,,,18422.0,7846.566666666667,24321.266666666666,25329.633333333335,7825.833333333333,11709.0,,,,,49666.46666666667,83336.33333333333,76462.76666666666
2024-07-02,16154.6,35020.46666666667,46151.53333333333,9511.566666666668,12746.1,24403.233333333334,45927.13333333333,22083.333333333332,11254.333333333334,17741.533333333333,,,,,,,,,8724.133333333333,15999.333333333334,16473.833333333332,66928.6,9793.5,28614.133333333335,67290.9,13899.1,,,5854.366666666667,57987.433333333334,18844.5,20445.8,5052.566666666667,15275.266666666666,,,,,16302.366666666667,,,,,,,,,,18589.866666666665,8472.3,24542.966666666667,24882.333333333332,7983.466666666666,11877.3,,,,,49902.13333333333,83972.9,76639.76666666666
2024-07-03,16187.4,35186.7,46170.46666666667,9504.2,12790.366666666667,24384.9,46082.53333333333,22039.566666666666,11247.233333333334,17712.566666666666,,,,,,,,,8706.9,16047.466666666667,18403.666666666668,64498.63333333333,9885.7,,,,,,7003.566666666667,,,,,,,,,,16345.766666666666,,,,,,,,,,18587.2,8462.966666666667,24657.166666666668,24344.266666666666,8090.533333333334,11991.3,,,,,49995.7,84052.43333333333,76804.33333333333
2024-07-04,16180.9,35357.333333333336,46203.933333333334,9511.3,12779.5,24344.366666666665,46181.63333333333,22011.066666666666,11222.933333333332,17714.133333333335,,,,,,,,,8683.166666666666,16006.0,18341.266666666666,62812.73333333333,12173.0,,,,,,7012.2,,,,,,,,,,16439.733333333334,,,,,,,,,,18141.366666666665,8981.933333333332,24113.633333333335,,,,,,,,50107.9,84430.96666666666,76954.33333333333
2024-07-05,16150.633333333333,35229.1,46214.433333333334,9417.066666666668,12731.433333333332,24164.333333333332,46157.333333333336,21847.133333333335,11097.433333333332,17627.6,,,,,,,,,8587.9,15820.166666666666,18175.3,61786.23333333333,12138.833333333334,,,,,,7028.833333333333,,,,,,,,,,16538.933333333334,,,,,,,,,,17956.033333333333,8886.2,24161.233333333334,,,,,,,,49727.9,84207.26666666666,76861.33333333333
2024-07-08,16069.3,35206.6,46036.46666666667,9435.3,12746.0,24176.433333333334,46168.2,21892.2,11335.8,17395.133333333335,52558.2,16949.633333333335,89172.93333333333,15832.7,40065.26666666667,3961.6666666666665,,,8612.7,15901.0,18172.5,61958.2,12160.2,,,,,,7026.433333333333,,,,,,,,,,16866.466666666667,43065.0,15547.3,6661.233333333334,40058.333333333336,,,,,,18038.466666666667,8923.466666666667,24175.5,,,,,,,,49907.666666666664,83939.7,76750.86666666667
2024-07-09,16135.7,35279.5,46161.23333333333,9466.7,12783.733333333334,24294.1,46302.53333333333,21985.1,11390.666666666666,17414.4,52857.86666666667,16980.666666666668,89617.8,15914.366666666667,40315.2,3965.1666666666665,,,8648.333333333334,15975.233333333334,18200.933333333334,62315.53333333333,12185.633333333333,,,,,,7044.133333333333,,,,,,,,,,16875.833333333332,43259.666666666664,15605.466666666667,6680.633333333333,39993.1,,,,,,18171.0,8972.9,24191.133333333335,,,,,,,,50157.13333333333,84318.86666666667,76735.26666666666
2024-07-10,16134.733333333334,35448.7,46291.6,9479.233333333334,12826.033333333333,24387.4,46521.4,22035.666666666668,11403.833333333334,17441.6,52946.833333333336,16974.0,89829.33333333333,15948.766666666666,40464.833333333336,3970.0666666666666,,,8698.6,16000.033333333333,18227.7,62479.63333333333,12213.666666666666,,,,,,7122.333333333333,,,,,,,,,,16858.933333333334,43341.73333333333,15703.466666666667,6668.9,39912.86666666667,,,,,,18268.533333333333,9005.866666666667,24239.433333333334,,,,,,,,50308.36666666667,84642.0,76849.2
2024-07-11,16088.966666666667,35736.6,46546.5,9505.466666666667,12868.566666666668,24416.766666666666,46737.433333333334,22038.833333333332,11410.333333333334,17396.133333333335,52975.666666666664,16971.866666666665,90169.4,15934.366666666667,40442.566666666666,3974.5,,,8722.6,15977.1,18305.933333333334,62687.6,12217.833333333334,,,,,,7138.9,,,,,,,,,,16897.533333333333,43456.0,15731.066666666668,6723.433333333333,39857.26666666667,,,,,,18230.533333333333,9007.9,24320.766666666666,,,,,,,,50395.8,84807.86666666667,77045.56666666667
2024-07-12,16075.8,35897.03333333333,46727.63333333333,9515.166666666666,12883.533333333333,24453.633333333335,46888.433333333334,22039.066666666666,11420.833333333334,17375.066666666666,52993.03333333333,16981.866666666665,90402.3,15939.0,40489.6,3985.3333333333335,,,8744.166666666666,15968.533333333333,18316.5,62782.76666666667,12213.766666666666,,,,,,7145.6,,,,,,,,,,16914.4,43666.73333333333,15743.233333333334,6951.0,39739.53333333333,,,,,,18216.7,8966.333333333334,24305.4,,,,,,,,50549.86666666667,84788.53333333334,77079.4
2024-07-15,16058.666666666666,35918.6,46744.0,9508.766666666666,12917.5,24480.333333333332,46943.86666666667,22015.833333333332,11418.7,17428.266666666666,52910.6,16986.633333333335,90446.46666666666,15964.2,40423.9,3984.366666666667,,,8737.766666666666,15934.5,18312.6,62834.2,12223.8,,,,,,7180.133333333333,,,,,,,,,,17068.2,43711.9,15776.633333333333,7003.233333333334,39987.333333333336,,,,,,18198.0,8965.733333333334,24417.566666666666,,,,,,,,50552.8,84704.23333333334,77173.9
2024-07-16,16043.933333333332,36028.7,46799.333333333336,9497.266666666666,13065.833333333334,24489.266666666666,47003.566666666666,21971.266666666666,11435.433333333332,17460.033333333333,52812.03333333333,17006.733333333334,90539.23333333334,15989.3,40419.3,3979.9,,,8750.433333333332,15868.066666666668,18309.366666666665,62922.3,12223.433333333332,,,,,,7206.833333333333,,,,,,,,,,17122.0,43786.23333333333,15793.6,7025.866666666667,40136.066666666666,,,,,,18236.9,8975.066666666668,24517.8,,,,,,,,50556.3,84815.86666666667,77247.53333333334
2024-07-17,16002.433333333332,36098.833333333336,47028.03333333333,9476.333333333334,13003.766666666666,24492.5,47044.433333333334,21936.366666666665,11457.966666666667,17466.7,52794.2,17017.066666666666,90638.73333333334,16014.833333333334,40353.96666666667,3976.366666666667,,,8757.466666666667,15811.766666666666,18353.066666666666,62956.066666666666,12215.9,,,,,,7230.9,,,,,,,,,,17194.5,43975.4,15802.566666666668,7064.766666666666,40324.9,,,,,,18267.3,8965.7,24578.7,,,,,,,,50586.0,85019.63333333333,77320.13333333333
2024-07-18,15936.266666666666,36039.933333333334,46969.86666666667,9472.466666666667,12989.333333333334,24437.066666666666,47132.066666666666,21872.266666666666,11466.933333333332,17476.833333333332,52662.26666666667,16993.5,90613.66666666667,16062.4,40315.166666666664,3968.133333333333,,,8761.6,15727.3,18340.2,62926.066666666666,12175.833333333334,,,,,,7287.866666666667,,,,,,,,,,17239.033333333333,44006.03333333333,15853.633333333333,7109.733333333334,40395.8,,,,,,18350.1,9005.666666666666,24525.466666666667,,,,,,,,50449.933333333334,84972.76666666666,77320.7
2024-07-19,15872.366666666667,36031.933333333334,46867.666666666664,9460.766666666666,12945.7,24394.566666666666,47039.933333333334,21799.6,11449.5,17474.666666666668,52584.066666666666,17032.533333333333,90466.23333333334,16084.0,40245.1,3978.6,,,8745.5,15714.0,18282.733333333334,62820.3,12166.666666666666,,,,,,7282.433333333333,,,,,,,,,,17243.766666666666,44019.433333333334,15823.766666666666,7164.7,40348.2,,,,,,18369.766666666666,9013.233333333334,25073.033333333333,,,,,,,,50358.333333333336,84891.7,77255.83333333333
2024-07-22,15824.933333333332,36064.76666666667,46797.13333333333,9439.566666666668,12929.6,24392.533333333333,47052.76666666667,21758.266666666666,11459.233333333334,17487.5,52472.46666666667,17026.666666666668,90286.46666666666,16076.7,40193.5,3993.866666666667,,,8730.366666666667,15640.133333333333,18260.566666666666,62753.066666666666,12150.8,,,,,,7284.933333333333,,,,,,,,,,17247.733333333334,44040.166666666664,15793.766666666666,7202.9,40330.03333333333,,,,,,18374.8,9011.366666666667,24997.133333333335,,,,,,,,50313.1,84909.2,77373.6
2024-07-23,15770.666666666666,35993.26666666667,46690.36666666667,9401.1,12920.333333333334,24389.1,47066.23333333333,21712.033333333333,11442.566666666668,17502.933333333334,52495.566666666666,17019.766666666666,90189.26666666666,16057.3,40162.8,4004.133333333333,,,8710.733333333334,15571.266666666666,18234.266666666666,62665.933333333334,12115.0,,,,,,7299.433333333333,,,,,,,,,,17304.166666666668,44013.566666666666,15773.8,7226.933333333333,40431.7,,,,,,18401.6,8970.6,24984.933333333334,,,,,,,,50253.8,84942.03333333334,77424.7
2024-07-24,15694.233333333334,35938.566666666666,46648.0,9360.066666666668,12911.5,24391.333333333332,47054.73333333333,21664.5,11433.333333333334,17523.266666666666,52400.9,16994.766666666666,89832.13333333333,16076.1,40059.53333333333,4011.9666666666667,,,8698.033333333333,15512.433333333332,18184.633333333335,62530.53333333333,12083.833333333334,,,,,,7314.366666666667,,,,,,,,,,17367.933333333334,44003.2,15747.333333333334,7269.533333333334,40612.166666666664,,,,,,18404.2,8974.3,24986.766666666666,,,,,,,,50215.4,85082.66666666667,77464.76666666666
2024-07-25,15651.7,35800.6,46643.53333333333,9297.266666666666,12942.1,24382.666666666668,47088.4,21566.233333333334,11447.033333333333,17495.333333333332,52262.96666666667,16996.666666666668,89795.03333333334,16128.7,39971.1,4011.233333333333,,,8659.3,15456.166666666666,18173.266666666666,62481.2,12065.2,,,,,,7344.966666666666,,,,,,,,,,17424.066666666666,43914.5,15741.466666666667,7285.6,40786.23333333333,,,,,,18438.633333333335,8961.666666666666,24982.366666666665,,,,,,,,50161.53333333333,85319.53333333334,77618.1
2024-07-26,15596.666666666666,35689.53333333333,46626.26666666667,9250.233333333334,12924.866666666667,24380.066666666666,47050.46666666667,21490.566666666666,11459.8,17518.933333333334,52196.5,16984.733333333334,89697.83333333333,16151.733333333334,39930.3,4023.366666666667,,,8636.233333333334,15422.1,18167.633333333335,62410.86666666667,12061.5,,,,,,7426.4,,,,,,,,,,17453.933333333334,43946.36666666667,15732.933333333332,7326.5,40957.433333333334,,,,,,18499.5,8976.8,24959.033333333333,,,,,,,,50141.433333333334,85480.23333333334,77883.2
2024-07-29,15556.1,35633.36666666667,46520.26666666667,9240.066666666668,12870.6,24336.5,47049.76666666667,21439.8,11481.266666666666,17522.0,52028.76666666667,16979.133333333335,89547.06666666667,16149.1,39871.3,4024.0666666666666,,,8628.9,15357.133333333333,18178.033333333333,62432.5,12044.833333333334,,,,,,7779.433333333333,,,,,,,,,,17442.066666666666,43866.8,15692.433333333332,7347.966666666666,41036.433333333334,,,,,,18557.433333333334,8983.9,24881.433333333334,,,,,,,,50059.066666666666,85500.93333333333,77999.33333333333
2024-07-30,15506.233333333334,35621.333333333336,46425.23333333333,9237.1,12778.366666666667,24284.366666666665,47834.26666666667,21380.6,11506.233333333334,17514.766666666666,51814.53333333333,16954.5,89546.23333333334,16143.466666666667,39740.166666666664,4043.866666666667,,,8657.1,15258.233333333334,18147.9,60234.7,12732.766666666666,,,,,,7783.166666666667,,,,,,,,,,17466.0,43797.96666666667,15657.433333333332,7357.633333333333,41146.46666666667,,,,,,18543.266666666666,9013.066666666668,24336.7,,,,,,,,50189.53333333333,85642.06666666667,78102.73333333334
2024-07-31,15466.266666666666,35480.666666666664,46302.3,9190.566666666668,12710.266666666666,24206.233333333334,47365.4,21304.833333333332,11489.5,17492.166666666668,51540.566666666666,16895.9,89124.46666666666,16127.166666666666,39587.7,4043.7,,,10687.3,17086.366666666665,20538.433333333334,,,,,,,,7782.2,,,,,,,,,,17485.666666666668,43595.73333333333,15587.7,7366.733333333334,41215.7,,,,,,18676.1,9704.533333333333,23778.466666666667,,,,,,,,49830.1,85500.7,78117.9
2024-08-01,15432.6,35159.5,46052.76666666667,9155.4,12637.2,24099.6,47172.6,21223.333333333332,11382.933333333332,17569.066666666666,51004.46666666667,16821.133333333335,88592.23333333334,16078.4,39410.63333333333,4007.6666666666665,,,10661.566666666668,16972.466666666667,20446.433333333334,,,,,,,,7789.966666666666,,,,,,,,,,17497.466666666667,43288.13333333333,15560.933333333332,7320.7,41234.166666666664,,,,,,18790.333333333332,9748.2,23664.0,,,,,,,,49755.666666666664,85188.1,77007.13333333333
2024-08-02,15371.6,35006.566666666666,45873.63333333333,9113.033333333333,12569.033333333333,24021.133333333335,46904.73333333333,21149.833333333332,11347.166666666666,17514.233333333334,50888.46666666667,14568.466666666667,90488.06666666667,15511.933333333332,40161.23333333333,3208.4666666666667,27873.266666666666,,10624.166666666666,16916.466666666667,20333.0,,,,,,,,7756.733333333334,,,,,,,,,,16530.2,44094.9,15220.033333333333,7019.133333333333,39667.5,36954.23333333333,22365.266666666666,18084.833333333332,,,18736.366666666665,9732.733333333334,23523.633333333335,,,,,,,,49658.8,85006.23333333334,76911.0
2024-08-05,15310.133333333333,34892.6,45811.23333333333,9079.466666666667,12535.366666666667,23947.833333333332,46723.0,21066.0,11315.766666666666,17506.066666666666,50652.433333333334,14516.7,90245.56666666667,15459.833333333334,39951.63333333333,3210.866666666667,27872.166666666668,,10574.3,16844.2,20310.266666666666,,,,,,,,7746.033333333334,,,,,,,,,,16533.766666666666,43891.7,15172.8,7003.266666666666,39683.63333333333,36885.9,22216.866666666665,18007.666666666668,,,18714.4,9682.133333333333,23473.266666666666,,,,,,,,49533.3,84797.6,76821.0
2024-08-06,15236.1,34749.7,45710.03333333333,8984.733333333334,12602.633333333333,23862.8,46367.63333333333,20972.666666666668,11233.266666666666,17508.333333333332,50362.86666666667,14463.4,89909.33333333333,15400.766666666666,39658.566666666666,3169.4666666666667,27889.133333333335,,10498.866666666667,16780.5,20240.366666666665,,,,,,,,7738.433333333333,,,,,,,,,,16581.033333333333,43692.1,15109.3,6963.333333333333,39793.0,36900.53333333333,22068.866666666665,17891.233333333334,,,18669.366666666665,9650.0,23397.8,,,,,,,,49428.3,84581.56666666667,76696.76666666666
2024-08-07,15188.166666666666,34608.46666666667,45484.26666666667,8923.1,12525.0,23792.733333333334,46143.1,20880.566666666666,11200.233333333334,17476.8,50145.96666666667,14421.866666666667,89583.33333333333,15382.466666666667,39438.86666666667,3148.5666666666666,27914.733333333334,,10440.733333333334,16700.066666666666,20147.933333333334,,,,,,,,7726.1,,,,,,,,,,16626.7,43485.433333333334,15048.833333333334,6940.766666666666,39919.433333333334,36914.46666666667,21891.366666666665,17801.733333333334,,,18589.533333333333,9582.1,23316.8,,,,,,,,49405.8,84395.23333333334,76476.0
2024-08-08,15126.033333333333,34501.066666666666,45165.333333333336,8878.133333333333,12443.766666666666,23748.5,45914.86666666667,20779.766666666666,11159.066666666668,17434.333333333332,49868.3,14377.066666666668,89203.23333333334,15367.033333333333,39242.6,3126.1,27779.333333333332,,10389.733333333334,16622.533333333333,20056.033333333333,,,,,,,,7714.9,,,,,,,,,,16657.533333333333,43255.53333333333,14982.1,6916.066666666667,39960.933333333334,36900.73333333333,21656.7,17710.633333333335,,,18518.2,9544.833333333334,23226.033333333333,,,,,,,,49156.666666666664,84205.1,76209.63333333333
2024-08-09,15044.4,34508.166666666664,45129.9,8819.833333333334,12339.233333333334,23689.733333333334,45780.2,20664.4,11118.6,17402.566666666666,49701.63333333333,14349.3,88920.9,15356.866666666667,39093.53333333333,3128.6666666666665,27809.533333333333,,10329.0,16552.066666666666,19979.233333333334,,,,,,,,7720.6,,,,,,,,,,16628.466666666667,43080.8,14915.033333333333,6883.833333333333,39801.36666666667,36926.9,21480.533333333333,17651.566666666666,,,18458.4,9543.2,23099.066666666666,,,,,,,,49000.433333333334,84124.3,75987.0
2024-08-12,14983.666666666666,34468.7,44959.36666666667,8783.433333333332,12293.233333333334,23626.233333333334,45381.666666666664,20577.466666666667,11068.066666666668,17386.166666666668,49422.833333333336,14271.1,88581.13333333333,15343.8,38895.53333333333,3123.9666666666667,27796.433333333334,,10271.433333333332,16456.233333333334,19913.733333333334,,,,,,,,7698.933333333333,,,,,,,,,,16596.166666666668,42899.8,14862.566666666668,6910.6,39704.96666666667,37000.63333333333,21280.0,17576.6,,,18419.2,9510.933333333332,22980.733333333334,,,,,,,,48811.46666666667,83978.86666666667,75743.06666666667
2024-08-13,14914.733333333334,34411.46666666667,44708.46666666667,8741.3,12236.833333333334,23548.9,45124.3,20466.266666666666,11064.1,17367.333333333332,49105.23333333333,14216.433333333332,88250.53333333334,15313.433333333332,38673.433333333334,3111.9333333333334,27826.566666666666,,9998.166666666666,14385.833333333334,20161.033333333333,,,,,,,,7694.833333333333,,,,,,,,,,16599.033333333333,42759.63333333333,14814.0,6915.366666666667,39653.73333333333,37055.666666666664,21094.866666666665,17489.166666666668,,,18351.366666666665,8930.433333333332,22817.266666666666,,,,,,,,48477.1,83834.0,75536.6
2024-08-14,14799.0,34240.833333333336,44517.2,8681.933333333332,12133.1,23466.566666666666,44864.26666666667,20374.933333333334,11029.733333333334,17317.933333333334,48838.6,14211.766666666666,87899.4,15242.266666666666,38269.86666666667,3106.8333333333335,27808.166666666668,,9948.433333333332,14151.233333333334,18121.3,,,,,,,,6507.8,55871.9,17056.6,20906.133333333335,5607.6,13198.066666666668,,,,,16577.2,42669.46666666667,14641.766666666666,6910.533333333334,39621.63333333333,37085.7,20883.1,17407.8,,,18252.4,8894.733333333334,22649.8,,,,,,,,48212.26666666667,83698.63333333333,75308.2
2024-08-15,14739.266666666666,34237.63333333333,44386.066666666666,8655.233333333334,12135.466666666667,23432.933333333334,44737.1,20273.8,11068.766666666666,17280.433333333334,48667.53333333333,14160.466666666667,87751.5,15206.566666666668,38068.166666666664,3096.9333333333334,27739.133333333335,,9919.066666666668,14063.766666666666,18184.1,,,,,,,,6480.433333333333,55598.7,16964.9,20852.233333333334,5570.366666666667,12986.833333333334,,,,,16569.6,42342.26666666667,14539.3,7887.166666666667,39785.833333333336,36315.53333333333,20644.666666666668,20060.966666666667,,,18603.133333333335,8187.833333333333,23150.4,28420.8,,,,,,,47982.066666666666,83505.1,75271.4
2024-08-16,14635.233333333334,34352.166666666664,44268.166666666664,8662.666666666666,12074.2,23350.1,44636.933333333334,20188.7,11117.966666666667,17247.666666666668,48552.1,14254.133333333333,87628.53333333334,15219.533333333333,37973.23333333333,3099.233333333333,27811.066666666666,,9887.866666666667,14001.333333333334,18200.8,,,,,,,,6479.133333333333,55535.23333333333,16891.3,20809.066666666666,5573.533333333334,12808.1,,,,,16554.333333333332,42272.53333333333,14453.3,7777.5,39697.96666666667,36435.76666666667,20541.666666666668,20033.033333333333,,,18608.433333333334,8177.366666666667,22999.0,28500.566666666666,,,,,,,47854.63333333333,83466.76666666666,75317.4
2024-08-19,14596.9,34372.566666666666,44206.4,8649.966666666667,12062.033333333333,23271.3,44654.833333333336,20081.6,11201.2,,,,,,,,,,9841.466666666667,13915.366666666667,18209.6,,,,,,,,6472.633333333333,55410.066666666666,16849.533333333333,20804.433333333334,5567.1,12762.866666666667,,,,,16188.4,,,,,,,,,,18542.9,8156.966666666666,22884.633333333335,28489.8,,,,,,,47671.833333333336,83390.6,75208.43333333333
2024-08-20,14565.133333333333,34451.53333333333,44068.13333333333,8641.433333333332,12072.433333333332,23166.1,44627.166666666664,19919.166666666668,11209.966666666667,,,,,,,,,,9808.833333333334,13792.0,18215.0,,,,,,,,6474.033333333334,55170.23333333333,16776.266666666666,20743.866666666665,5575.4,12725.1,,,,,16193.933333333332,,,,,,,,,,18444.633333333335,8117.233333333334,22756.666666666668,28486.933333333334,,,,,,,47516.833333333336,83295.9,75180.4
2024-08-21,14511.866666666667,34256.5,43929.9,8607.033333333333,12000.633333333333,23056.366666666665,44462.6,19797.933333333334,11200.0,,,,,,,,,,9755.866666666667,13700.7,18146.1,,,,,,,,6450.133333333333,55054.53333333333,16691.4,20739.366666666665,5546.033333333334,12679.166666666666,,,,,16181.4,,,,,,,,,,18340.4,8075.533333333334,22632.266666666666,28461.4,,,,,,,47309.53333333333,82968.13333333333,74963.53333333334
2024-08-22,14538.0,33962.4,43657.5,8544.9,11901.233333333334,22955.066666666666,44201.26666666667,19685.933333333334,11162.966666666667,,,,,,,,,,9685.466666666667,13583.866666666667,18021.3,,,,,,,,6428.9,54826.933333333334,16618.533333333333,20545.766666666666,5479.6,12539.133333333333,,,,,16031.1,,,,,,,,,,18336.966666666667,8049.1,22436.433333333334,28399.9,,,,,,,47083.63333333333,82616.2,74726.76666666666
2024-08-23,14515.766666666666,33736.566666666666,43412.46666666667,8507.066666666668,11835.933333333332,22841.066666666666,43969.1,19572.033333333333,11131.7,,,,,,,,,,9613.966666666667,13511.133333333333,17940.733333333334,,,,,,,,6402.866666666667,54367.5,16543.133333333335,20332.1,5431.333333333333,12311.9,,,,,15944.4,,,,,,,,,,18289.766666666666,8035.466666666666,22231.0,28306.833333333332,,,,,,,46902.666666666664,82400.6,74628.03333333334
2024-08-27,14501.5,33766.86666666667,43516.1,8528.8,11852.866666666667,22769.933333333334,43960.1,19594.066666666666,11169.733333333334,,,,,,,,,,9631.766666666666,13496.3,17977.966666666667,,,,,,,,6388.566666666667,54407.566666666666,16496.6,20256.233333333334,5413.2,12337.633333333333,,,,,15908.566666666668,,,,,,,,,,18336.8,8050.266666666666,22153.666666666668,28378.0,,,,,,,46953.96666666667,82799.1,74711.16666666667
2024-08-28,14447.9,33691.4,43457.53333333333,8505.1,11803.233333333334,22657.533333333333,43771.63333333333,19486.133333333335,11147.633333333333,,,,,,,,,,9591.266666666666,13419.566666666668,17903.833333333332,,,,,,,,6368.6,54138.833333333336,16456.266666666666,20286.933333333334,5389.6,12291.5,,,,,15870.3,,,,,,,,,,18269.033333333333,8003.466666666666,22047.5,28327.233333333334,,,,,,,46879.3,82613.7,75063.93333333333
2024-08-29,14386.8,33725.066666666666,43347.933333333334,8494.4,11806.3,22614.933333333334,43665.9,19414.166666666668,11098.433333333332,,,,,,,,,,9565.666666666666,13370.533333333333,17848.433333333334,,,,,,,,6339.566666666667,53913.46666666667,16406.266666666666,20254.766666666666,5357.166666666667,12193.766666666666,,,,,15855.633333333333,,,,,,,,,,18236.766666666666,7977.0,21893.233333333334,28211.6,,,,,,,46572.73333333333,82388.2,75041.83333333333
2024-08-30,14344.633333333333,33634.166666666664,43172.066666666666,8402.033333333333,11717.1,22379.266666666666,43419.833333333336,19219.866666666665,10933.2,,,,,,,,,,9454.333333333334,13172.633333333333,17686.033333333333,,,,,,,,6318.9,53617.6,16325.0,20220.1,5312.633333333333,12125.1,,,,,15765.733333333334,,,,,,,,,,18028.533333333333,7861.133333333333,21762.7,27990.033333333333,,,,,,,46125.13333333333,81885.33333333333,74923.26666666666
2024-09-02,14276.966666666667,33372.8,43044.4,8392.7,11713.866666666667,22327.666666666668,43283.23333333333,19268.1,10930.2,,,,,,,,,,9447.066666666668,13222.333333333334,17684.266666666666,,,,,,,,6265.266666666666,53531.6,16236.1,20079.933333333334,5248.733333333334,12024.333333333334,,,,,15646.933333333332,,,,,,,,,,18026.833333333332,7884.233333333334,21581.666666666668,27870.366666666665,,,,,,,46194.933333333334,81319.93333333333,74774.5
2024-09-03,14415.133333333333,33384.46666666667,43077.5,8434.2,11758.933333333332,22427.4,43277.96666666667,19361.433333333334,10971.233333333334,,,,,,,,,,9462.066666666668,13308.066666666668,17753.733333333334,,,,,,,,6243.933333333333,53619.2,16236.3,19982.166666666668,5232.866666666667,11987.866666666667,,,,,15643.3,,,,,,,,,,18085.733333333334,7942.4,21599.866666666665,27922.9,,,,,,,46425.96666666667,81669.1,74848.03333333334
2024-09-04,14492.9,33286.2,43018.7,8429.766666666666,11732.866666666667,22368.7,43134.433333333334,19345.5,10950.933333333332,,,,,,,,,,9441.6,13286.6,17726.566666666666,,,,,,,,6217.066666666667,53544.3,16217.966666666667,19871.066666666666,5203.733333333334,11927.8,,,,,15588.433333333332,,,,,,,,,,18027.3,7926.3,21517.533333333333,27836.5,,,,,,,46384.933333333334,81414.23333333334,74672.1
2024-09-05,14556.133333333333,33212.9,43019.9,8427.633333333333,11739.733333333334,22415.533333333333,43042.833333333336,19372.266666666666,10937.266666666666,,,,,,,,,,9440.233333333334,13333.6,17696.433333333334,,,,,,,,6195.766666666666,53509.96666666667,16231.766666666666,19769.166666666668,5177.733333333334,11861.1,,,,,15532.7,,,,,,,,,,18036.9,7930.166666666667,21442.733333333334,27730.266666666666,,,,,,,46416.0,81327.6,74489.23333333334
2024-09-06,14583.5,32932.46666666667,42786.9,8343.1,11598.9,22139.1,42694.46666666667,19236.866666666665,10774.033333333333,,,,,,,,,,9368.433333333332,13159.0,17513.033333333333,,,,,,,,6155.666666666667,53123.86666666667,16201.4,19617.1,5157.1,11793.833333333334,,,,,15420.6,,,,,,,,,,17807.4,7814.766666666666,21201.433333333334,27489.1,,,,,,,46059.0,80689.9,74175.13333333333
2024-09-09,14540.433333333332,32795.63333333333,42588.9,8347.866666666667,11590.7,22089.0,42625.066666666666,19298.033333333333,10796.466666666667,,,,,,,,,,9410.566666666668,13243.8,17518.7,,,,,,,,6056.233333333334,52963.566666666666,16200.833333333334,19507.8,5037.233333333334,11705.566666666668,,,,,15260.533333333333,,,,,,,,,,17806.033333333333,7858.1,20989.8,27256.166666666668,,,,,,,46195.86666666667,80149.46666666666,73689.1
2024-09-10,14702.533333333333,32986.53333333333,42776.46666666667,8436.233333333334,11747.133333333333,22335.066666666666,42815.666666666664,19478.2,10913.9,,,,,,,,,,9491.0,13411.266666666666,17646.4,,,,,,,,5723.933333333333,54174.666666666664,16385.333333333332,19687.4,4937.7,12022.433333333332,16730.366666666665,,,,15286.233333333334,,,,,,,,,,17920.066666666666,7940.033333333334,21095.033333333333,27290.966666666667,,,,,,,46587.46666666667,80769.06666666667,73724.36666666667
2024-09-11,14815.266666666666,32954.433333333334,42886.3,8452.666666666666,11848.266666666666,22421.766666666666,42076.933333333334,19561.033333333333,10918.0,,,,,,,,,,9466.833333333334,13449.333333333334,17690.866666666665,,,,,,,,5754.733333333334,54475.96666666667,16447.9,20047.266666666666,4631.733333333334,12193.366666666667,16054.766666666666,,,,15274.9,,,,,,,,,,17947.733333333334,7922.2,21613.0,27703.4,,,,,,,46500.066666666666,80688.5,73650.46666666666
2024-09-12,14900.266666666666,33113.26666666667,43024.066666666666,8504.166666666666,11918.3,22576.3,42197.23333333333,19656.033333333333,10964.333333333334,,,,,,,,,,7453.4,11627.133333333333,15293.666666666666,62808.433333333334,6424.4,25371.5,66668.43333333333,10331.866666666667,13484.4,82978.7,5757.766666666666,54591.666666666664,16353.666666666666,20566.133333333335,4266.6,12529.166666666666,15407.0,7491.266666666666,4287.6,,15226.3,,,,,,,,,,17822.466666666667,7329.233333333334,22079.0,25346.866666666665,6976.066666666667,9886.5,12922.266666666666,8134.966666666666,29878.366666666665,89530.13333333333,46794.96666666667,80985.7,73674.5
2024-09-13,14946.3,33023.26666666667,43054.2,8450.066666666668,11853.566666666668,22425.933333333334,42153.03333333333,19585.4,10885.366666666667,,,,,,,,,,7403.5,11510.0,15233.0,62296.166666666664,6402.3,25248.7,66570.06666666667,10329.833333333334,13399.466666666667,82846.9,5774.666666666667,54435.2,16393.033333333333,20513.1,4294.5,12543.5,15505.466666666667,7504.1,4282.633333333333,,15146.333333333334,,,,,,,,,,17686.233333333334,7256.3,21993.7,25222.8,6878.9,9922.1,12821.966666666667,8092.1,29935.133333333335,89003.56666666667,46541.76666666667,80727.43333333333,73711.63333333333
2024-09-16,14934.266666666666,33065.3,43004.0,8493.333333333334,11875.466666666667,22469.066666666666,42173.2,19696.433333333334,10958.3,,,,,,,,,,7448.833333333333,11628.2,15325.3,62695.8,6428.533333333334,25311.0,66490.36666666667,10284.333333333334,13462.7,82459.33333333333,5778.5,54434.7,16442.833333333332,20391.4,4269.4,12504.666666666666,15496.933333333332,7470.233333333334,4285.3,,15006.866666666667,,,,,,,,,,17793.2,7310.533333333334,21899.0,25096.166666666668,6939.533333333334,9972.6,12889.0,8224.9,29898.633333333335,89061.76666666666,46785.36666666667,80485.73333333334,73624.9
2024-09-17,15160.933333333332,33324.73333333333,43281.1,8596.933333333332,11989.733333333334,22781.266666666666,42445.333333333336,19902.3,11088.9,,,,,,,,,,7550.2,11834.866666666667,15463.566666666668,63442.76666666667,6502.833333333333,25608.133333333335,66913.33333333333,10305.766666666666,13605.733333333334,82957.13333333333,5784.933333333333,54705.7,16538.033333333333,20304.766666666666,4294.466666666666,12542.833333333334,15606.566666666668,7483.866666666667,4322.833333333333,,15001.8,,,,,,,,,,18010.133333333335,7431.6,22011.4,25261.433333333334,7023.633333333333,10095.133333333333,13006.933333333332,8377.533333333333,30213.866666666665,89354.93333333333,46065.03333333333,81239.16666666667,73757.53333333334
2024-09-18,15329.0,33447.4,43430.066666666666,8675.2,11931.433333333332,22892.7,42650.86666666667,20007.133333333335,11351.533333333333,,,,,,,,,,7611.0,11911.033333333333,15540.3,63813.36666666667,6521.7,25733.666666666668,67038.0,10297.4,13675.733333333334,83162.0,5802.233333333334,54875.76666666667,16634.633333333335,20195.2,4310.5,12568.366666666667,15697.4,7510.2,4342.9,,15998.333333333334,,,,,,,,,,18038.166666666668,7467.333333333333,22025.8,25328.6,7047.466666666666,10179.433333333332,13055.366666666667,8475.4,30367.866666666665,89781.53333333334,46438.26666666667,81587.0,73872.3
2024-09-19,15414.366666666667,33607.63333333333,43739.2,8761.833333333334,11910.1,23074.066666666666,42899.833333333336,20140.4,11418.3,,,,,,,,,,7686.066666666667,12035.6,15649.766666666666,64366.066666666666,6535.2,25892.8,67337.2,10319.933333333332,13767.266666666666,83553.96666666666,7682.433333333333,53675.1,16786.666666666668,19643.133333333335,4766.733333333334,12414.566666666668,15312.233333333334,8506.766666666666,,,15964.1,,,,,,,,,,18127.233333333334,7537.466666666666,22048.233333333334,25407.0,7095.666666666667,10277.533333333333,13112.633333333333,8620.833333333334,30591.6,90309.33333333333,46789.96666666667,82139.66666666667,74203.03333333334
2024-09-20,15481.0,33609.166666666664,43867.566666666666,8738.3,11888.6,22971.833333333332,42987.833333333336,20122.533333333333,11359.966666666667,,,,,,,,,,10379.566666666668,,,,,,,,,,7698.5,52238.066666666666,,,,,,,,,15909.533333333333,,,,,,,,,,20382.9,,,,,,,,,,46716.566666666666,82085.4,74468.56666666667
2024-09-23,15556.4,33618.066666666666,43766.3,8813.966666666667,11971.8,23054.133333333335,43008.066666666666,20314.166666666668,11432.866666666667,,,,,,,,,,10477.566666666668,,,,,,,,,,7681.7,52343.0,,,,,,,,,15735.166666666666,,,,,,,,,,20460.366666666665,,,,,,,,,,47050.7,81912.86666666667,74557.73333333334
2024-09-24,15810.566666666668,33930.13333333333,44189.4,8945.866666666667,12077.533333333333,23389.1,43414.7,20601.6,11592.3,,,,,,,,,,10583.4,,,,,,,,,,7687.7,52853.73333333333,,,,,,,,,15787.366666666667,,,,,,,,,,20600.3,,,,,,,,,,47662.9,82908.36666666667,75129.9
2024-09-25,16000.866666666667,34049.1,44649.1,9018.266666666666,12135.733333333334,23609.9,43610.2,20797.833333333332,11653.866666666667,,,,,,,,,,10646.433333333332,,,,,,,,,,7705.7,53101.433333333334,,,,,,,,,15762.2,,,,,,,,,,20638.433333333334,,,,,,,,,,48142.4,83165.8,75458.33333333333
2024-09-26,16197.766666666666,34282.833333333336,44844.0,9116.266666666666,12204.066666666668,23773.166666666668,43776.933333333334,20999.0,11727.566666666668,,,,,,,,,,10719.833333333334,,,,,,,,,,7746.0,53386.833333333336,,,,,,,,,15766.633333333333,,,,,,,,,,20725.433333333334,,,,,,,,,,48438.8,83493.43333333333,75801.23333333334
2024-09-27,16307.466666666667,34307.066666666666,44866.2,9085.733333333334,12125.966666666667,23758.433333333334,43734.1,21028.8,11629.9,,,,,,,,,,10681.933333333332,,,,,,,,,,7767.366666666667,53299.3,,,,,,,,,15737.633333333333,,,,,,,,,,20608.933333333334,,,,,,,,,,48268.7,83463.36666666667,76028.33333333333
2024-09-30,16370.566666666668,34209.566666666666,44800.23333333333,9104.766666666666,12152.1,23832.533333333333,43583.833333333336,21234.333333333332,11637.933333333332,,,,,,,,,,10746.633333333333,,,,,,,,,,7727.166666666667,53302.96666666667,,,,,,,,,15554.8,,,,,,,,,,20662.366666666665,,,,,,,,,,48547.13333333333,83061.03333333334,76051.43333333333
2024-10-01,16630.466666666667,34426.46666666667,45121.86666666667,9216.866666666667,12236.133333333333,24193.666666666668,43680.333333333336,21586.7,11798.766666666666,18305.866666666665,50558.76666666667,18228.1,81799.16666666667,,,,,,10868.466666666667,,,,,,,,,,7722.733333333334,53652.4,,,,,,,,,15938.7,42049.566666666666,,,,,,,,,20842.3,,,,,,,,,,49075.666666666664,83759.0,76447.16666666667
2024-10-02,16772.366666666665,34410.86666666667,45361.63333333333,9229.3,12216.6,24348.0,43658.63333333333,21801.0,11802.666666666666,18371.533333333333,50960.1,15335.433333333332,84556.9,,,,,,10938.166666666666,,,,,,,,,,7708.8,54019.9,,,,,,,,,15887.066666666668,42243.73333333333,,,,,,,,,20873.6,,,,,,,,,,49341.433333333334,83817.2,76682.46666666666
2024-10-03,16911.866666666665,34588.0,45624.23333333333,9310.666666666666,12289.233333333334,24583.2,43832.36666666667,22025.9,11858.433333333332,18518.733333333334,51415.03333333333,15405.266666666666,85113.46666666666,,,,,,11017.933333333332,,,,,,,,,,7726.733333333334,54251.63333333333,,,,,,,,,15877.633333333333,42419.96666666667,,,,,,,,,20996.3,,,,,,,,,,49630.066666666666,84244.56666666667,76997.03333333334
2024-10-04,16981.366666666665,34633.76666666667,45726.566666666666,9297.2,12280.666666666666,24549.066666666666,43778.0,22097.666666666668,11811.9,18550.166666666668,50980.433333333334,15479.3,84809.43333333333,,,,,,11023.033333333333,,,,,,,,,,7765.2,54295.566666666666,,,,,,,,,15923.1,42517.2,,,,,,,,,20864.233333333334,,,,,,,,,,49575.566666666666,84283.9,77369.93333333333
2024-10-07,17026.8,34774.7,45742.6,9384.8,12302.766666666666,24665.033333333333,43774.03333333333,22336.5,11897.8,18612.6,51476.63333333333,15376.7,85052.76666666666,,,,,,11147.433333333332,,,,,,,,,,7770.733333333334,54451.03333333333,,,,,,,,,15849.533333333333,42647.23333333333,,,,,,,,,20979.4,,,,,,,,,,49881.7,84137.8,77499.53333333334
2024-10-08,17279.433333333334,35051.333333333336,46006.53333333333,9467.233333333334,12386.133333333333,25006.8,44250.2,22608.466666666667,12002.7,18829.933333333334,51881.86666666667,15451.033333333333,85814.33333333333,,,,,,11244.2,,,,,,,,,,7793.533333333334,54776.7,,,,,,,,,15901.766666666666,43002.1,,,,,,,,,21110.7,,,,,,,,,,50394.8,84651.5,77929.83333333333
2024-10-09,17475.2,35238.333333333336,46324.96666666667,9547.533333333333,12431.066666666668,25198.066666666666,44490.26666666667,22896.0,12070.733333333334,18973.933333333334,52302.933333333334,15532.333333333334,86293.63333333333,,,,,,11322.633333333333,,,,,,,,,,7826.966666666666,55181.333333333336,,,,,,,,,15968.266666666666,43304.7,,,,,,,,,21191.333333333332,,,,,,,,,,50716.8,85110.7,77787.9
2024-10-10,17680.166666666668,35347.333333333336,46659.5,9667.633333333333,12508.933333333332,25387.133333333335,44775.566666666666,23151.733333333334,12207.5,19136.266666666666,52781.03333333333,15626.1,87037.1,,,,,,11420.766666666666,,,,,,,,,,7865.366666666667,55528.066666666666,,,,,,,,,15988.966666666667,43663.5,,,,,,,,,21306.766666666666,,,,,,,,,,51194.4,85438.7,78093.26666666666
2024-10-11,17902.366666666665,35400.36666666667,46907.6,9753.366666666667,12557.366666666667,25544.066666666666,44909.833333333336,23371.233333333334,12281.366666666667,19309.433333333334,52988.166666666664,15722.566666666668,87384.6,,,,,,11491.3,,,,,,,,,,7901.166666666667,55778.13333333333,,,,,,,,,16087.466666666667,43924.8,,,,,,,,,21374.266666666666,,,,,,,,,,51413.4,85831.83333333333,78375.73333333334
2024-10-14,18048.266666666666,35711.9,47134.46666666667,9850.066666666668,12629.933333333332,25658.766666666666,45041.066666666666,23517.133333333335,12361.633333333333,19470.3,53182.36666666667,15765.6,87824.5,,,,,,11553.3,,,,,,,,,,7936.933333333333,56036.933333333334,,,,,,,,,16157.533333333333,44160.5,,,,,,,,,21463.7,,,,,,,,,,51645.26666666667,86305.36666666667,78528.86666666667
2024-10-15,18183.066666666666,36032.03333333333,47402.566666666666,9902.933333333332,12693.066666666668,25836.066666666666,45238.2,23766.233333333334,12377.333333333334,19461.733333333334,54767.6,15906.8,86658.53333333334,,,,,,11601.4,,,,,,,,,,7958.8,56305.9,,,,,,,,,16224.3,44381.2,,,,,,,,,21549.1,,,,,,,,,,51892.933333333334,86694.6,78776.03333333334
2024-10-16,18223.4,36271.63333333333,47650.23333333333,10005.733333333334,12734.333333333334,25868.833333333332,45402.9,23915.233333333334,12666.333333333334,20978.4,54592.166666666664,15538.433333333332,84448.73333333334,,,,,,11941.5,,,,,,,,,,10074.9,55087.63333333333,,,,,,,,,17307.3,43178.666666666664,,,,,,,,,21235.766666666666,,,,,,,,,,52084.2,86941.56666666667,79150.46666666666
2024-10-17,18331.166666666668,36502.76666666667,47848.86666666667,10072.166666666666,12760.4,25999.833333333332,45560.933333333334,24041.866666666665,12733.766666666666,21129.233333333334,54746.26666666667,15591.033333333333,84834.9,,,,,,11995.033333333333,,,,,,,,,,10102.8,53821.03333333333,,,,,,,,,17365.3,42296.8,,,,,,,,,21255.1,,,,,,,,,,52224.73333333333,87208.23333333334,79575.0
2024-10-18,18353.8,36698.7,48069.933333333334,10125.9,12813.166666666666,26034.033333333333,45788.566666666666,24263.9,12789.433333333332,21254.1,54835.86666666667,15652.433333333332,85171.5,,,,,,12048.0,,,,,,,,,,10144.233333333334,54088.2,,,,,,,,,17455.466666666667,42450.833333333336,,,,,,,,,21284.266666666666,,,,,,,,,,52382.73333333333,87455.73333333334,79934.36666666667
2024-10-21,18431.866666666665,36837.933333333334,48230.333333333336,10163.533333333333,12834.866666666667,26099.966666666667,45821.2,24374.166666666668,12820.9,21368.333333333332,54917.63333333333,15683.4,85249.46666666666,,,,,,12072.0,,,,,,,,,,10168.366666666667,54218.73333333333,,,,,,,,,17580.833333333332,42539.8,,,,,,,,,21351.866666666665,,,,,,,,,,52450.666666666664,87653.36666666667,80199.1
2024-10-22,18557.366666666665,36914.7,48290.36666666667,10187.5,12817.933333333332,26161.033333333333,45798.933333333334,24490.8,12814.733333333334,21451.033333333333,54939.4,15737.433333333332,85348.36666666667,,,,,,12068.466666666667,,,,,,,,,,10178.466666666667,54298.6,,,,,,,,,17678.533333333333,42599.13333333333,,,,,,,,,21333.6,,,,,,,,,,52496.96666666667,87712.4,80505.2
2024-10-23,18627.633333333335,37088.9,48401.3,10215.966666666667,12740.733333333334,26214.7,45820.1,24599.166666666668,12818.633333333333,21522.733333333334,54907.166666666664,15777.633333333333,85394.46666666666,,,,,,12090.566666666668,,,,,,,,,,10175.366666666667,54421.9,,,,,,,,,17732.166666666668,42673.73333333333,,,,,,,,,21336.766666666666,,,,,,,,,,52586.933333333334,87855.13333333333,80733.5
2024-10-24,18616.766666666666,37198.566666666666,48533.166666666664,10257.4,12735.566666666668,26095.566666666666,45874.333333333336,24700.5,12881.766666666666,21534.066666666666,54716.96666666667,15803.4,85645.1,,,,,,12084.833333333334,,,,,,,,,,10175.333333333334,54553.53333333333,,,,,,,,,17814.333333333332,42702.333333333336,,,,,,,,,21353.366666666665,,,,,,,,,,52681.0,87901.3,81045.3
2024-10-25,18685.1,37286.066666666666,48735.73333333333,10289.2,12779.333333333334,26172.6,46007.46666666667,24806.8,12901.433333333332,21616.4,54703.433333333334,15858.366666666667,85916.36666666667,,,,,,12118.266666666666,,,,,,,,,,10171.966666666667,54685.2,,,,,,,,,17935.7,42740.8,,,,,,,,,21397.4,,,,,,,,,,52759.6,88185.73333333334,81311.6
2024-10-28,18728.1,37341.333333333336,48900.9,10292.333333333334,12808.466666666667,26241.8,46176.86666666667,24890.333333333332,12890.233333333334,21736.933333333334,54473.2,15889.566666666668,86211.2,,,,,,12155.5,,,,,,,,,,10190.6,54958.13333333333,,,,,,,,,18155.4,42864.76666666667,,,,,,,,,21468.266666666666,,,,,,,,,,52750.03333333333,88392.6,81571.9
2024-10-29,18706.466666666667,37375.0,48966.066666666666,10273.566666666668,12811.0,26284.766666666666,46260.7,24965.266666666666,12874.1,20432.4,55461.53333333333,14750.266666666666,89618.56666666667,,,,,,12156.933333333332,,,,,,,,,,10203.566666666668,55218.5,,,,,,,,,18342.766666666666,40746.53333333333,16701.666666666668,8233.266666666666,36471.86666666667,,,,,,21434.866666666665,,,,,,,,,,53978.76666666667,88694.46666666666,81982.93333333333
2024-10-30,18680.333333333332,37368.76666666667,49047.9,10259.5,12846.2,26371.7,46410.1,25031.766666666666,12685.333333333334,20648.4,54075.63333333333,15159.566666666668,92188.6,15965.066666666668,,,,,12166.6,,,,,,,,,,10208.666666666666,55492.23333333333,,,,,,,,,17479.8,41833.86666666667,17121.333333333332,7268.766666666666,36795.26666666667,,,,,,21468.266666666666,,,,,,,,,,53983.6,88904.63333333333,82335.8
2024-10-31,18729.833333333332,37343.63333333333,49076.166666666664,10210.666666666666,12926.0,26446.6,46388.46666666667,25083.2,12654.233333333334,20745.6,53850.4,15171.266666666666,92118.2,15920.4,,,,,12140.8,,,,,,,,,,8342.433333333332,57041.933333333334,,,,,,,,,17630.7,41806.333333333336,17171.233333333334,7256.1,37180.0,,,,,,21491.7,,,,,,,,,,53866.3,88871.7,82544.3
2024-11-01,18780.866666666665,37344.23333333333,49349.53333333333,10179.266666666666,12978.433333333332,26531.7,46485.666666666664,25142.033333333333,12650.033333333333,20831.866666666665,53822.566666666666,15231.6,92347.26666666666,15951.8,,,,,9417.566666666668,17365.133333333335,20817.033333333333,70786.56666666667,,,,,,,8346.1,58666.23333333333,19070.166666666668,,,,,,,,17786.466666666667,41985.36666666667,17227.766666666666,7255.766666666666,37538.566666666666,,,,,,19159.7,9684.966666666667,24122.633333333335,,,,,,,,53868.76666666667,89056.33333333333,82806.13333333333
2024-11-04,18733.133333333335,37286.0,49305.13333333333,10166.533333333333,13002.9,26539.533333333333,46469.833333333336,25099.9,12650.2,20805.8,53842.76666666667,15243.666666666666,92365.06666666667,15949.966666666667,,,,,9418.1,17368.033333333333,20719.466666666667,70822.06666666667,,,,,,,8293.333333333334,58721.53333333333,19048.133333333335,,,,,,,,17851.066666666666,41970.7,17209.866666666665,7237.833333333333,37557.76666666667,,,,,,19134.966666666667,9689.433333333332,24151.3,,,,,,,,53926.166666666664,89004.96666666666,82918.16666666667
2024-11-05,18696.933333333334,37183.066666666666,49130.566666666666,10138.0,12961.266666666666,26475.266666666666,46278.03333333333,25043.766666666666,12607.566666666668,20770.0,53811.36666666667,15249.1,92220.7,15908.166666666666,,,,,9439.366666666667,17370.366666666665,20615.333333333332,70780.13333333333,,,,,,,8258.8,58684.333333333336,19009.0,,,,,,,,17829.833333333332,41958.1,17198.3,7216.1,37469.8,,,,,,19113.533333333333,9669.7,24128.933333333334,,,,,,,,53837.26666666667,88704.86666666667,82793.53333333334
2024-11-06,18658.733333333334,37120.53333333333,49016.7,10066.966666666667,12918.666666666666,26419.866666666665,46090.433333333334,25025.666666666668,12473.966666666667,20740.8,53832.53333333333,15248.266666666666,92175.83333333333,15888.533333333333,,,,,9416.3,17397.566666666666,20435.4,70780.36666666667,,,,,,,8186.8,58755.666666666664,18979.133333333335,,,,,,,,17804.866666666665,41980.4,17141.233333333334,7204.5,37431.566666666666,,,,,,19092.366666666665,9650.7,24120.866666666665,,,,,,,,53848.6,88747.26666666666,82753.93333333333
2024-11-07,18571.433333333334,36890.8,48849.666666666664,9995.266666666666,12829.666666666666,26380.133333333335,45897.6,24893.266666666666,12385.0,20665.666666666668,53539.3,15226.7,91632.33333333333,15787.866666666667,,,,,9389.466666666667,17349.0,20154.033333333333,70550.16666666667,,,,,,,8146.033333333334,58702.03333333333,18916.133333333335,,,,,,,,17731.566666666666,41987.1,17113.233333333334,7172.266666666666,37400.0,,,,,,19025.0,9610.533333333333,24000.866666666665,,,,,,,,53621.8,88457.4,82517.16666666667
2024-11-08,18556.6,36686.26666666667,48887.03333333333,9958.966666666667,12850.166666666666,26374.533333333333,45826.0,24856.666666666668,12379.233333333334,20582.466666666667,53580.5,15223.166666666666,91660.16666666667,15783.9,,,,,9389.4,17347.1,20069.233333333334,70590.5,,,,,,,8091.9,58863.0,18893.4,,,,,,,,17731.166666666668,42083.2,17114.833333333332,7161.7,37441.6,,,,,,18956.8,9597.933333333332,24004.933333333334,,,,,,,,53644.2,88372.1,82467.3
2024-11-11,18558.5,36720.36666666667,48866.2,9970.133333333333,12853.2,26386.5,45841.26666666667,24837.266666666666,12376.033333333333,20608.566666666666,53595.26666666667,15230.233333333334,91757.76666666666,15807.6,,,,,9419.6,17331.733333333334,20041.1,70668.26666666666,,,,,,,8099.3,59006.53333333333,18908.033333333333,,,,,,,,17783.166666666668,42189.53333333333,17151.133333333335,7182.966666666666,37545.96666666667,,,,,,18947.066666666666,9618.233333333334,24048.666666666668,,,,,,,,53698.63333333333,88499.53333333334,82499.93333333333
2024-11-12,18547.133333333335,36675.53333333333,48780.6,9962.1,12882.366666666667,26349.6,45710.63333333333,24711.1,12217.133333333333,20763.533333333333,53553.5,15219.033333333333,91940.46666666666,15819.366666666667,,,,,9403.666666666666,19406.7,19602.133333333335,69191.0,,,,,,,8080.033333333334,59069.03333333333,18883.033333333333,,,,,,,,17797.833333333332,42304.3,17149.733333333334,7194.033333333334,37656.96666666667,,,,,,18912.533333333333,9609.933333333332,24088.2,,,,,,,,53708.46666666667,88518.36666666667,82478.3
2024-11-13,18566.966666666667,36715.73333333333,48878.36666666667,9978.633333333333,12921.033333333333,26376.8,45728.03333333333,24584.6,12313.7,,,,,,,,,,9622.933333333332,19579.733333333334,19419.5,,,,,,,,8601.8,57146.166666666664,18799.233333333334,,,,,,,,17866.166666666668,41323.333333333336,16811.5,8386.466666666667,37824.433333333334,,,,,,19305.1,,,,,,,,,,53771.96666666667,88679.83333333333,82498.3
2024-11-14,18631.933333333334,36731.63333333333,48938.26666666667,9988.966666666667,12953.766666666666,26405.966666666667,45684.166666666664,24523.466666666667,12297.566666666668,,,,,,,,,,9631.266666666666,19628.933333333334,19387.066666666666,,,,,,,,8571.333333333334,57377.26666666667,18795.133333333335,,,,,,,,19024.433333333334,40362.333333333336,17019.266666666666,11636.833333333334,,,,,,,19288.0,,,,,,,,,,53827.46666666667,88892.2,82500.1
2024-11-15,18709.0,36700.066666666666,49018.86666666667,9995.833333333334,13011.133333333333,26423.066666666666,45720.46666666667,24508.366666666665,12299.233333333334,,,,,,,,,,9635.6,19657.766666666666,19352.133333333335,,,,,,,,8534.433333333332,57647.86666666667,18782.2,,,,,,,,19161.166666666668,40538.36666666667,16724.533333333333,13165.6,,,,,,,19276.7,,,,,,,,,,53806.166666666664,89025.06666666667,82489.36666666667
2024-11-18,18407.8,36648.03333333333,49038.76666666667,9986.533333333333,13053.933333333332,26482.066666666666,45806.23333333333,24506.3,12290.166666666666,,,,,,,,,,9641.066666666668,19672.733333333334,19341.266666666666,,,,,,,,8515.466666666667,57766.066666666666,18742.2,,,,,,,,19259.966666666667,40597.3,16729.833333333332,13158.7,,,,,,,19275.466666666667,,,,,,,,,,53835.7,89145.13333333333,82466.26666666666
2024-11-19,18410.866666666665,36589.2,49066.933333333334,9995.233333333334,13106.7,26521.166666666668,45582.833333333336,24490.666666666668,12264.233333333334,,,,,,,,,,9628.5,19663.3,19277.4,,,,,,,,8494.8,57880.9,18703.433333333334,,,,,,,,19320.8,40585.8,16709.433333333334,13171.0,,,,,,,19291.3,,,,,,,,,,53657.23333333333,89120.5,82366.13333333333
2024-11-20,18466.033333333333,36539.6,49071.03333333333,9972.033333333333,13157.966666666667,26567.8,45435.566666666666,24421.366666666665,12231.4,,,,,,,,,,9616.7,19698.166666666668,19201.6,,,,,,,,8476.2,58118.566666666666,18679.766666666666,,,,,,,,19405.133333333335,40670.4,16707.933333333334,13192.466666666667,,,,,,,19295.133333333335,,,,,,,,,,53437.166666666664,89134.73333333334,82461.13333333333
2024-11-21,18512.8,36438.73333333333,49099.46666666667,9914.9,13166.2,26644.7,45395.0,24390.4,12154.733333333334,,,,,,,,,,9595.066666666668,19709.1,19108.366666666665,,,,,,,,8442.066666666668,58361.433333333334,18635.1,,,,,,,,19523.8,40761.933333333334,16713.966666666667,13380.866666666667,,,,,,,19253.0,,,,,,,,,,53341.433333333334,89388.56666666667,82527.7
2024-11-22,18510.466666666667,36409.666666666664,49233.96666666667,9874.4,13228.366666666667,26687.533333333333,45541.0,24348.866666666665,12135.433333333332,,,,,,,,,,9577.133333333333,19743.8,19070.066666666666,,,,,,,,8424.933333333332,58740.433333333334,18626.466666666667,,,,,,,,19696.866666666665,40926.066666666666,16740.9,13686.5,,,,,,,19261.833333333332,,,,,,,,,,53157.96666666667,89463.33333333333,82631.83333333333
2024-11-25,18498.1,36330.23333333333,49017.46666666667,9825.9,13218.666666666666,26703.9,45467.9,24326.266666666666,12099.7,,,,,,,,,,9571.933333333332,19739.5,18977.566666666666,,,,,,,,8423.7,58985.36666666667,18623.133333333335,,,,,,,,19763.166666666668,40975.6,16770.966666666667,13897.066666666668,,,,,,,19219.233333333334,,,,,,,,,,53135.36666666667,89475.46666666666,82766.13333333333
2024-11-26,18471.2,36286.36666666667,48922.4,9859.3,13239.933333333332,26724.066666666666,47153.6,24265.466666666667,12140.466666666667,,,,,,,,,,9741.366666666667,19862.833333333332,18991.166666666668,,,,,,,,8425.1,58815.76666666667,18608.4,,,,,,,,19891.166666666668,41177.6,16802.533333333333,14080.933333333332,,,,,,,19267.466666666667,,,,,,,,,,53484.566666666666,89866.8,83002.13333333333
2024-11-27,18606.333333333332,36347.03333333333,48885.4,9811.166666666666,13286.633333333333,26891.6,47452.73333333333,24283.566666666666,11919.666666666666,,,,,,,,,,9498.7,19748.733333333334,18773.166666666668,,,,,,,,6299.033333333334,60458.8,19115.066666666666,,,,,,,,18937.7,42826.36666666667,16129.766666666666,12889.9,,,,,,,19621.266666666666,,,,,,,,,,53614.8,90353.2,83147.16666666667
2024-11-28,18696.933333333334,36401.4,49012.433333333334,9824.033333333333,13384.8,26959.6,47597.433333333334,24338.666666666668,11911.033333333333,,,,,,,,,,9500.866666666667,17506.466666666667,19182.066666666666,,,,,,,,6301.2,62446.0,19363.1,22655.7,,,,,,,19075.166666666668,44266.166666666664,15464.166666666666,12512.233333333334,,,,,,,19633.3,,,,,,,,,,53698.7,90818.76666666666,83407.13333333333
2024-11-29,18776.633333333335,36483.46666666667,49202.066666666666,9821.666666666666,13510.166666666666,27146.366666666665,47797.066666666666,24287.966666666667,11928.766666666666,,,,,,,,,,9479.866666666667,17560.433333333334,19133.266666666666,,,,,,,,6310.333333333333,63481.933333333334,19449.233333333334,23084.2,,,,,,,19316.433333333334,44925.7,15584.066666666668,12869.533333333333,,,,,,,19698.933333333334,,,,,,,,,,53808.7,91431.46666666666,84091.73333333334
2024-12-02,18810.833333333332,36521.46666666667,49254.0,9829.566666666668,13558.066666666668,27204.866666666665,47906.13333333333,24308.433333333334,11937.366666666667,,,,,,,,,,9512.733333333334,17595.866666666665,19102.666666666668,,,,,,,,6306.033333333334,63975.5,19498.766666666666,23358.866666666665,,,,,,,19435.266666666666,45189.066666666666,15620.033333333333,13088.033333333333,,,,,,,19684.9,,,,,,,,,,53898.73333333333,91697.6,84300.56666666667
2024-12-03,18823.533333333333,36561.566666666666,49397.8,9829.3,13621.9,27280.433333333334,48019.73333333333,24325.866666666665,11942.166666666666,,,,,,,,,,9545.033333333333,17676.866666666665,19079.9,,,,,,,,6305.566666666667,64477.2,19554.933333333334,23566.133333333335,,,,,,,19506.866666666665,45495.2,15678.2,13286.033333333333,,,,,,,19721.7,,,,,,,,,,54044.566666666666,91984.26666666666,84486.83333333333
2024-12-04,18930.666666666668,36528.066666666666,49618.666666666664,9832.666666666666,13785.166666666666,27326.233333333334,48210.566666666666,24348.2,11951.033333333333,,,,,,,,,,9556.966666666667,17747.533333333333,19051.533333333333,,,,,,,,6316.9,64933.2,19616.5,23838.033333333333,,,,,,,19666.966666666667,45815.8,15716.433333333332,13538.133333333333,,,,,,,19759.6,,,,,,,,,,54100.36666666667,92325.16666666667,84634.63333333333
2024-12-05,19151.2,36566.23333333333,49886.73333333333,9842.3,13919.233333333334,27660.233333333334,48508.26666666667,24395.366666666665,11920.1,,,,,,,,,,9587.066666666668,17878.2,19042.466666666667,,,,,,,,6338.366666666667,65420.833333333336,19723.466666666667,24124.4,,,,,,,19798.7,46194.73333333333,15805.9,13772.8,,,,,,,19853.4,,,,,,,,,,54189.03333333333,92846.23333333334,84715.36666666667
2024-12-06,19254.466666666667,36622.0,50171.333333333336,9878.2,13978.933333333332,27780.733333333334,48730.76666666667,24427.7,11928.633333333333,,,,,,,,,,9601.433333333332,17966.333333333332,19002.5,,,,,,,,6366.1,66253.56666666667,19812.966666666667,24531.766666666666,,,,,,,20031.366666666665,46747.73333333333,15871.266666666666,14186.566666666668,,,,,,,19889.133333333335,,,,,,,,,,54366.53333333333,93427.43333333333,84986.93333333333
2024-12-09,19352.9,36585.4,50196.7,9896.866666666667,14018.866666666667,27809.533333333333,48714.1,24452.566666666666,11935.233333333334,,,,,,,,,,9601.233333333334,18032.866666666665,18938.833333333332,,,,,,,,8487.666666666666,64900.53333333333,20095.066666666666,23800.933333333334,,,,,,,20057.7,47029.13333333333,15866.066666666668,14385.8,,,,,,,19863.2,,,,,,,,,,54529.5,93726.96666666666,85496.73333333334
2024-12-10,19543.066666666666,36540.23333333333,50385.76666666667,9927.1,14093.433333333332,27886.6,48762.2,24513.866666666665,11949.466666666667,,,,,,,,,,9620.766666666666,18222.4,18521.633333333335,,,,,,,,8475.9,63380.86666666667,20118.6,,,,,,,,20040.233333333334,47408.066666666666,15868.3,14554.566666666668,,,,,,,19870.666666666668,,,,,,,,,,54650.03333333333,93855.93333333333,85526.86666666667
2024-12-11,19686.933333333334,36527.63333333333,50611.666666666664,9945.633333333333,14161.333333333334,27973.333333333332,48880.066666666666,24573.7,11963.866666666667,,,,,,,,,,9943.333333333334,20537.133333333335,18304.466666666667,,,,,,,,8483.633333333333,63796.4,20297.466666666667,,,,,,,,19979.833333333332,47806.1,15850.833333333334,14719.166666666666,,,,,,,20212.066666666666,,,,,,,,,,54761.23333333333,94089.36666666667,85502.36666666667
2024-12-12,19797.5,36476.566666666666,50898.36666666667,10017.666666666666,14070.233333333334,28092.066666666666,49069.8,24661.6,12011.1,,,,,,,,,,9992.1,20656.3,18375.333333333332,,,,,,,,8489.8,64310.96666666667,20298.033333333333,,,,,,,,20000.7,48221.1,15830.833333333334,14932.866666666667,,,,,,,20232.733333333334,,,,,,,,,,54952.066666666666,94440.43333333333,85674.2
2024-12-13,19868.7,36449.333333333336,51075.333333333336,10077.7,14122.633333333333,28154.4,49161.8,24719.166666666668,12345.7,,,,,,,,,,10021.033333333333,20729.8,18362.733333333334,,,,,,,,8497.933333333332,64828.566666666666,20296.5,,,,,,,,20068.8,48448.23333333333,16093.133333333333,18223.933333333334,,,,,,,20227.433333333334,,,,,,,,,,55013.76666666667,94760.7,85705.46666666666
2024-12-16,19884.9,36356.666666666664,51122.76666666667,10066.566666666668,14151.4,28161.0,49187.666666666664,24696.6,12333.766666666666,,,,,,,,,,9986.966666666667,20735.566666666666,18314.766666666666,,,,,,,,8547.166666666666,65509.166666666664,20285.5,,,,,,,,20252.1,48807.666666666664,16145.033333333333,18473.2,,,,,,,20240.233333333334,,,,,,,,,,54877.6,95056.63333333333,85685.1
2024-12-17,19916.366666666665,36260.8,51229.53333333333,10021.5,14264.766666666666,28196.833333333332,49225.63333333333,24692.033333333333,12349.666666666666,,,,,,,,,,9923.9,20745.2,18217.966666666667,,,,,,,,8576.6,66113.0,20245.0,,,,,,,,20459.466666666667,49139.26666666667,16159.5,18686.833333333332,,,,,,,20192.133333333335,,,,,,,,,,54710.46666666667,95371.13333333333,85790.53333333334
2024-12-18,19972.233333333334,36148.9,51144.03333333333,10022.433333333332,14347.6,28150.4,49313.46666666667,24581.0,12388.333333333334,,,,,,,,,,9916.466666666667,20675.166666666668,18205.633333333335,,,,,,,,8628.633333333333,66594.7,20180.8,,,,,,,,20660.0,49369.3,16228.0,18865.5,,,,,,,20122.866666666665,,,,,,,,,,54474.76666666667,95457.0,85948.26666666666
2024-12-19,20023.166666666668,36046.63333333333,51212.066666666666,10010.033333333333,14435.733333333334,28094.6,49365.03333333333,24542.3,12361.333333333334,,,,,,,,,,9874.9,20644.3,18146.8,,,,,,,,8652.5,67207.16666666667,20123.666666666668,,,,,,,,20757.033333333333,49628.9,16264.633333333333,18986.833333333332,,,,,,,20061.0,,,,,,,,,,54370.433333333334,95778.63333333333,86210.0
2024-12-20,19919.433333333334,35836.76666666667,51030.9,9985.2,14448.3,27971.1,49227.4,24433.366666666665,12280.733333333334,,,,,,,,,,9827.733333333334,20588.8,18033.633333333335,,,,,,,,8672.6,67788.6,20013.133333333335,,,,,,,,20922.233333333334,49810.2,16266.533333333333,19251.566666666666,,,,,,,20026.166666666668,,,,,,,,,,54234.3,95828.6,86354.63333333333
2024-12-23,19735.6,35458.36666666667,50842.76666666667,9846.133333333333,14406.933333333332,27657.1,49092.46666666667,24123.5,12161.466666666667,,,,,,,,,,9684.166666666666,20383.3,17739.4,,,,,,,,8663.866666666667,68693.33333333333,19851.466666666667,,,,,,,,21232.833333333332,49868.96666666667,16202.7,19626.4,,,,,,,19773.333333333332,,,,,,,,,,53704.36666666667,95871.73333333334,86493.33333333333
2025-01-02,19497.6,35058.03333333333,50218.1,9663.633333333333,14249.633333333333,27207.633333333335,48899.86666666667,23791.133333333335,11991.1,,,,,,,,,,9528.866666666667,17971.966666666667,17714.4,,,,,,,,8692.133333333333,67512.93333333333,19351.966666666667,,,,,,,,21091.066666666666,49848.9,16781.0,,,,,,,,19515.5,,,,,,,,,,52843.86666666667,95056.46666666666,86107.13333333333
2025-01-03,19235.5,34651.566666666666,49642.03333333333,9478.0,14153.4,26757.233333333334,48560.5,23536.6,11964.233333333334,19482.833333333332,52986.7,,,,,,,,9693.566666666668,17611.866666666665,20011.0,,,,,,,,9882.2,67848.73333333334,19357.133333333335,,,,,,,,21180.966666666667,50572.5,17047.133333333335,,,,,,,,19309.533333333333,9135.1,27241.433333333334,27277.4,,,,,,,51956.333333333336,94181.26666666666,85691.86666666667
2025-01-06,18961.366666666665,34090.9,48949.0,9320.7,13977.066666666668,26314.666666666668,47992.7,23319.0,11793.6,19210.133333333335,52049.8,,,,,,,,9577.266666666666,17402.633333333335,19677.066666666666,,,,,,,,9837.7,67053.26666666666,19137.4,,,,,,,,19806.666666666668,51095.86666666667,16686.533333333333,,,,,,,,19069.033333333333,9021.666666666666,26849.166666666668,26832.4,,,,,,,51332.03333333333,92712.9,85084.56666666667
2025-01-07,18828.733333333334,33868.36666666667,48541.166666666664,9318.633333333333,13939.466666666667,26290.033333333333,47721.23333333333,23347.633333333335,11806.2,19093.566666666666,52589.666666666664,,,,,,,,9572.4,17515.266666666666,19593.5,,,,,,,,9774.566666666668,66648.1,18973.1,,,,,,,,19504.766666666666,50738.73333333333,16913.9,,,,,,,,19143.266666666666,9094.566666666668,26636.3,26676.433333333334,,,,,,,51414.7,92121.86666666667,84607.23333333334
2025-01-08,19136.733333333334,33724.066666666666,48376.36666666667,9320.266666666666,13942.466666666667,26306.366666666665,47536.9,23326.733333333334,11811.766666666666,18981.766666666666,53123.933333333334,,,,,,,,9560.9,17554.533333333333,19452.533333333333,,,,,,,,9731.833333333334,66509.26666666666,18891.133333333335,,,,,,,,19356.9,50679.7,16882.766666666666,,,,,,,,19131.933333333334,9050.766666666666,26632.766666666666,26719.7,,,,,,,51430.8,92072.0,84288.73333333334
2025-01-09,19093.8,33477.833333333336,47994.26666666667,9269.7,13840.333333333334,26225.866666666665,47176.433333333334,23178.666666666668,11746.866666666667,18843.133333333335,53010.833333333336,,,,,,,,9534.566666666668,17497.333333333332,19223.933333333334,,,,,,,,9692.7,66226.46666666666,18793.733333333334,,,,,,,,19215.633333333335,50467.8,16832.966666666667,,,,,,,,19039.1,9007.833333333334,26434.333333333332,26600.2,,,,,,,51300.166666666664,91640.3,83923.4
2025-01-10,18929.9,33128.03333333333,47400.166666666664,9142.1,13700.533333333333,25914.1,46871.4,22920.033333333333,11577.5,18642.066666666666,51964.5,,,,,,,,9424.866666666667,17281.5,18920.7,,,,,,,,9647.033333333333,65535.2,18664.8,,,,,,,,19044.4,49948.96666666667,16736.3,,,,,,,,18758.866666666665,8885.666666666666,26180.766666666666,26296.333333333332,,,,,,,50907.4,90801.16666666667,83341.73333333334
2025-01-13,18693.8,32768.5,46852.36666666667,9037.333333333334,13519.933333333332,25542.266666666666,46326.23333333333,22757.333333333332,11461.4,18416.433333333334,51238.333333333336,,,,,,,,9341.633333333333,17123.1,18729.8,,,,,,,,9600.7,64728.76666666667,18518.9,,,,,,,,18702.633333333335,49397.13333333333,16604.966666666667,,,,,,,,18579.766666666666,8808.833333333334,25818.066666666666,25963.133333333335,,,,,,,50520.4,89722.53333333334,82803.43333333333
2025-01-14,18648.966666666667,32687.566666666666,46575.1,9075.7,13485.7,25622.8,46115.3,22892.866666666665,11536.3,18353.7,51992.96666666667,,,,,,,,9387.8,17265.7,18812.4,,,,,,,,9535.4,64317.13333333333,18409.966666666667,,,,,,,,18344.333333333332,49133.9,16532.4,,,,,,,,18698.266666666666,8916.966666666667,25635.0,25882.533333333333,,,,,,,51011.23333333333,89491.46666666666,82934.03333333334
2025-01-15,18819.8,32661.566666666666,46771.566666666666,9119.7,13539.1,25793.433333333334,46213.13333333333,22956.933333333334,11617.0,18334.166666666668,52527.6,,,,,,,,9435.766666666666,17377.266666666666,18877.3,,,,,,,,9500.133333333333,64111.7,18335.8,,,,,,,,18220.133333333335,49134.666666666664,16524.033333333333,,,,,,,,18783.1,8967.366666666667,25690.766666666666,25966.9,,,,,,,51236.2,89774.23333333334,82840.83333333333
2025-01-16,18845.4,32481.633333333335,46782.46666666667,9086.633333333333,13511.0,25827.466666666667,44375.23333333333,22938.1,11604.9,18231.4,52397.333333333336,,,,,,,,9301.333333333334,17251.566666666666,18810.8,,,,,,,,9472.133333333333,64209.066666666666,18257.1,,,,,,,,18070.633333333335,48808.76666666667,16475.866666666665,,,,,,,,18706.733333333334,8892.066666666668,25617.066666666666,25886.933333333334,,,,,,,50749.566666666666,89327.13333333333,82394.83333333333
2025-01-17,18694.033333333333,32092.7,46545.6,8989.2,13392.866666666667,25573.766666666666,43791.166666666664,22754.333333333332,11433.9,18098.0,51351.166666666664,,,,,,,,9184.533333333333,16960.333333333332,18610.633333333335,,,,,,,,9480.4,63684.166666666664,18180.533333333333,,,,,,,,17930.333333333332,48257.566666666666,16438.3,,,,,,,,18501.966666666667,8740.566666666668,25425.333333333332,25678.966666666667,,,,,,,50111.066666666666,88401.63333333333,81980.06666666667
2025-01-20,18434.3,31738.4,46062.23333333333,8885.233333333334,13195.9,25216.666666666668,43295.6,22572.0,11327.033333333333,17855.366666666665,50689.26666666667,,,,,,,,9110.6,16792.833333333332,18459.433333333334,,,,,,,,9423.6,62728.76666666667,18017.9,,,,,,,,17591.866666666665,47507.76666666667,16289.633333333333,,,,,,,,18360.166666666668,8647.6,24930.0,25255.433333333334,,,,,,,49694.3,87109.96666666666,81278.43333333333
2025-01-21,18478.1,31680.833333333332,45826.03333333333,8949.033333333333,13115.833333333334,25285.1,43010.63333333333,22685.933333333334,11400.433333333332,17805.066666666666,51402.86666666667,,,,,,,,9194.933333333332,16944.633333333335,18542.266666666666,,,,,,,,9358.3,61695.36666666667,17871.266666666666,,,,,,,,17184.6,46816.6,16173.466666666667,,,,,,,,18453.1,8742.966666666667,24622.633333333335,25010.1,,,,,,,49991.4,86651.6,80410.43333333333
2025-01-22,18671.833333333332,31674.933333333334,45956.53333333333,9001.833333333334,13156.566666666668,25442.766666666666,43012.53333333333,22782.666666666668,11472.733333333334,17797.2,51907.0,,,,,,,,9204.0,17059.5,18576.666666666668,,,,,,,,9328.466666666667,61417.76666666667,17830.7,,,,,,,,17014.966666666667,46713.433333333334,16173.0,,,,,,,,18550.033333333333,8789.5,24569.866666666665,25043.5,,,,,,,50281.333333333336,86896.26666666666,80225.26666666666
2025-01-23,18710.166666666668,31583.566666666666,45912.433333333334,9024.733333333334,13138.566666666668,25466.6,42845.0,22800.966666666667,11471.566666666668,17751.966666666667,51891.0,,,,,,,,9195.833333333334,17064.166666666668,18535.2,,,,,,,,9310.833333333334,60946.4,17770.3,,,,,,,,16863.933333333334,46416.1,16129.9,,,,,,,,18529.866666666665,8754.666666666666,24419.1,24940.633333333335,,,,,,,50261.1,86707.83333333333,79887.3
2025-01-24,18591.6,31346.4,45423.166666666664,8938.4,13000.066666666668,25261.466666666667,42423.23333333333,22622.366666666665,11319.333333333334,17642.866666666665,50843.73333333333,,,,,,,,9108.5,16824.266666666666,18337.5,,,,,,,,9279.9,60099.166666666664,17689.3,,,,,,,,16611.5,45813.666666666664,16039.1,,,,,,,,18274.466666666667,8629.133333333333,24135.033333333333,24632.066666666666,,,,,,,49429.333333333336,86027.6,79566.33333333333
2025-01-27,18318.3,31047.966666666667,44766.4,8837.3,12794.9,24857.766666666666,42006.76666666667,22448.133333333335,11173.8,17420.966666666667,50043.7,,,,,,,,9088.7,16654.7,18176.966666666667,,,,,,,,9234.466666666667,58998.7,17502.9,,,,,,,,16285.6,45110.166666666664,15883.133333333333,,,,,,,,18049.666666666668,8525.3,23605.3,24169.866666666665,,,,,,,49128.23333333333,84724.46666666666,79029.26666666666
2025-01-28,18233.433333333334,31088.866666666665,44437.9,8865.633333333333,12808.166666666666,24937.6,41832.73333333333,22576.166666666668,11231.666666666666,17359.366666666665,50730.46666666667,,,,,,,,9148.866666666667,16822.933333333334,18254.133333333335,,,,,,,,9169.366666666667,58106.26666666667,17380.3,,,,,,,,15888.7,44589.36666666667,15767.666666666666,,,,,,,,18174.2,8624.133333333333,23268.9,23882.866666666665,,,,,,,49439.0,84170.76666666666,78609.2
2025-01-29,18278.4,31154.3,44537.2,8921.933333333332,12849.9,25098.333333333332,42131.26666666667,22667.033333333333,11280.233333333334,17345.966666666667,51222.1,,,,,,,,9239.433333333332,16976.533333333333,18335.766666666666,,,,,,,,7013.0,59388.066666666666,17009.033333333333,,,,,,,,15698.8,44403.066666666666,15735.766666666666,,,,,,,,18278.566666666666,8673.866666666667,23204.733333333334,23884.333333333332,,,,,,,49939.3,84294.96666666666,78050.83333333333
2025-01-30,18158.666666666668,31267.733333333334,44480.7,8955.266666666666,12770.866666666667,25135.066666666666,42022.9,22677.5,11282.066666666668,17335.3,51233.96666666667,,,,,,,,9243.633333333333,16871.133333333335,18734.5,,,,,,,,6985.766666666666,60875.166666666664,16924.2,19874.133333333335,,,,,,,15569.133333333333,44048.26666666667,15713.766666666666,,,,,,,,18265.966666666667,8653.566666666668,23741.033333333333,24254.466666666667,,,,,,,50031.7,84138.9,77925.4
2025-01-31,18065.9,31081.433333333334,44081.8,8868.766666666666,12637.733333333334,24916.166666666668,41564.3,22500.666666666668,11134.3,17269.066666666666,50292.5,,,,,,,,8860.4,14462.0,18767.666666666668,,,,,,,,6959.033333333334,59973.166666666664,16663.033333333333,20350.766666666666,,,,,,,15450.866666666667,43355.8,15656.066666666668,,,,,,,,17707.7,7731.7,24014.233333333334,24583.1,,,,,,,49708.76666666667,83437.96666666666,77679.03333333334
2025-02-03,17861.533333333333,30973.133333333335,43528.433333333334,8776.266666666666,12656.266666666666,24535.0,41055.26666666667,22322.966666666667,11004.733333333334,17091.9,49800.5,,,,,,,,8794.133333333333,14273.266666666666,18611.333333333332,,,,,,,,6913.033333333334,58968.9,16532.1,19965.966666666667,,,,,,,15135.166666666666,42657.9,15520.8,,,,,,,,17547.766666666666,7608.633333333333,23508.166666666668,24123.5,,,,,,,49304.23333333333,82262.83333333333,77100.0
2025-02-04,17837.6,31071.633333333335,43177.76666666667,8842.266666666666,12611.266666666666,24600.5,40867.76666666667,22436.1,10779.333333333334,17085.833333333332,51814.066666666666,,,,,,,,8857.766666666666,14377.433333333332,18733.033333333333,,,,,,,,6874.666666666667,58341.26666666667,16429.066666666666,19505.933333333334,,,,,,,14789.4,42285.86666666667,15187.7,,,,,,,,17706.3,7705.966666666666,23166.133333333335,23912.666666666668,,,,,,,49603.6,81899.1,76862.13333333333
2025-02-05,18042.366666666665,31270.366666666665,43354.8,8925.233333333334,12649.933333333332,24812.166666666668,40937.933333333334,22622.3,10878.366666666667,17117.8,52415.86666666667,,,,,,,,8933.933333333332,14540.5,18944.066666666666,,,,,,,,6853.766666666666,57817.0,16469.5,19183.0,,,,,,,14616.2,42135.833333333336,15216.866666666667,,,,,,,,17851.333333333332,7771.0,23121.933333333334,23876.5,,,,,,,49998.166666666664,82189.8,76895.13333333333
2025-02-06,18136.133333333335,31423.0,43421.96666666667,9012.833333333334,12617.566666666668,24962.1,40965.2,22743.966666666667,10913.3,17224.733333333334,52621.6,,,,,,,,9013.933333333332,14594.466666666667,19138.2,,,,,,,,6849.766666666666,57256.26666666667,16539.566666666666,18927.133333333335,,,,,,,14427.0,41781.933333333334,15225.3,,,,,,,,17972.866666666665,7802.966666666666,22997.833333333332,23776.266666666666,,,,,,,50196.23333333333,82238.9,76830.6
2025-02-07,18092.133333333335,31406.833333333332,43413.8,8996.7,12553.9,24869.133333333335,40836.0,22735.433333333334,10850.866666666667,17239.366666666665,52019.7,,,,,,,,8993.333333333334,14525.166666666666,19190.633333333335,,,,,,,,6859.666666666667,56372.0,16602.066666666666,18770.166666666668,,,,,,,14283.533333333333,41342.36666666667,15215.6,,,,,,,,17889.633333333335,7732.8,22804.166666666668,23529.266666666666,,,,,,,49948.0,81843.96666666666,76689.16666666667
2025-02-10,17969.066666666666,31441.566666666666,43276.4,8989.7,12454.766666666666,24763.6,40572.53333333333,22775.233333333334,,,,,,,,,,,,,,,,,,,,,7272.666666666667,,,,,,,,,,14134.4,40798.6,15146.933333333332,,,,,,,,17900.166666666668,7720.466666666666,22490.733333333334,23189.866666666665,,,,,,,49893.7,81012.83333333333,76282.96666666666
2025-02-11,18068.533333333333,31771.733333333334,43412.9,9118.6,12468.166666666666,25020.8,40670.066666666666,23083.4,,,,,,,,,,,,,,,,,,,,,7249.5,,,,,,,,,,13859.133333333333,40607.76666666667,15169.066666666668,,,,,,,,18166.5,7860.2,22284.833333333332,23099.533333333333,,,,,,,50419.333333333336,81081.8,76002.06666666667
2025-02-12,18337.833333333332,32168.666666666668,43776.26666666667,9323.433333333332,12578.533333333333,25551.4,40892.333333333336,23472.166666666668,,,,,,,,,,,,,,,,,,,,,7238.5,,,,,,,,,,13565.0,40687.86666666667,15256.1,,,,,,,,18535.733333333334,8036.433333333333,22195.8,23102.933333333334,,,,,,,51114.1,81479.76666666666,75859.13333333333
2025-02-13,18603.433333333334,32573.433333333334,44459.26666666667,9525.2,12716.766666666666,26089.466666666667,41165.1,23908.566666666666,,,,,,,,,,,,,,,,,,,,,7197.766666666666,,,,,,,,,,13627.733333333334,40651.0,14689.166666666666,5486.033333333334,33631.9,32504.866666666665,21728.533333333333,,,,18878.666666666668,8202.8,22241.7,23855.466666666667,,,,,,,51895.9,82411.5,76259.93333333333
2025-02-14,18813.133333333335,32832.6,44768.333333333336,9616.7,12706.9,26372.266666666666,41406.3,24137.5,,,,,,,,,,,,,,,,,,,,,5484.033333333334,,,,,,,,,,13566.9,40783.13333333333,14778.733333333334,3980.5333333333333,34788.7,33455.833333333336,19967.166666666668,15989.233333333334,88299.26666666666,25199.2,18513.1,8157.133333333333,22744.4,23937.566666666666,7431.766666666666,10790.433333333332,14224.566666666668,13091.766666666666,36054.6,,52345.03333333333,83071.5,76804.5
2025-02-17,18887.9,33184.1,45195.2,9665.866666666667,12770.1,26512.8,41774.73333333333,24201.166666666668,,,,,,,,,,,,,,,,,,,,,5527.366666666667,,,,,,,,,,14524.766666666666,39852.9,14875.033333333333,6712.0,34911.5,,,,,,18622.066666666666,8176.833333333333,22353.1,23768.966666666667,7563.833333333333,13300.333333333334,,,,,52548.8,83673.23333333334,77212.83333333333
2025-02-18,18956.533333333333,33500.76666666667,45566.96666666667,9710.066666666668,12832.533333333333,26654.833333333332,42142.73333333333,24251.933333333334,,,,,,,,,,,,,,,,,,,,,5595.433333333333,,,,,,,,,,14755.833333333334,40093.833333333336,14982.033333333333,6756.0,35428.8,,,,,,18749.533333333333,8212.5,22483.866666666665,23967.366666666665,7606.366666666667,13437.166666666666,,,,,52784.833333333336,84246.26666666666,77625.26666666666
2025-02-19,19045.3,33762.76666666667,45917.36666666667,9728.666666666666,12901.566666666668,26771.5,42459.03333333333,24303.233333333334,,,,,,,,,,,,,,,,,,,,,5664.066666666667,,,,,,,,,,14989.4,40282.03333333333,15080.666666666666,6816.366666666667,35953.333333333336,,,,,,18861.6,8244.366666666667,22635.133333333335,24182.933333333334,7641.9,13865.433333333332,,,,,52924.36666666667,84895.2,78095.5
2025-02-20,19092.7,34058.433333333334,46359.63333333333,9699.733333333334,12848.833333333334,26910.566666666666,42883.2,24391.1,,,,,,,,,,,,,,,,,,,,,5707.4,,,,,,,,,,15206.733333333334,40443.666666666664,15149.366666666667,6856.966666666666,36449.6,,,,,,18945.3,8259.5,22780.2,24339.266666666666,7657.2,14256.1,,,,,53060.63333333333,85524.63333333333,78540.26666666666
2025-02-21,19148.466666666667,34324.7,46881.433333333334,9738.833333333334,12935.4,27037.333333333332,43301.26666666667,24445.3,,,,,,,,,,,,,,,,,,,,,5775.533333333334,,,,,,,,,,15382.1,40692.1,15260.433333333332,6908.066666666667,37013.03333333333,,,,,,19032.066666666666,8279.033333333333,23008.133333333335,24639.833333333332,7678.366666666667,14311.466666666667,,,,,53238.1,86228.13333333333,78977.2
2025-02-24,19170.033333333333,34359.166666666664,47046.13333333333,9756.4,12977.166666666666,27054.733333333334,43440.63333333333,24441.1,,,,,,,,,,,,,,,,,,,,,5788.5,,,,,,,,,,15445.9,40787.03333333333,15283.466666666667,6917.733333333334,37132.4,,,,,,19046.933333333334,8276.8,23161.233333333334,24700.833333333332,7697.5,14351.2,,,,,53287.433333333334,86308.23333333334,78998.3
2025-02-25,19159.2,34472.23333333333,47213.333333333336,9791.633333333333,13015.266666666666,27064.4,43590.63333333333,24428.266666666666,,,,,,,,,,,,,,,,,,,,,5817.266666666666,,,,,,,,,,15512.133333333333,40950.6,15328.066666666668,6940.366666666667,37213.3,,,,,,19097.233333333334,8276.6,23189.433333333334,24752.7,7723.066666666667,14364.266666666666,,,,,53316.066666666666,86536.8,78593.16666666667
2025-02-26,19154.866666666665,34579.066666666666,47475.96666666667,9813.266666666666,13055.233333333334,27129.7,43765.5,24497.866666666665,,,,,,,,,,,,,,,,,,,,,5859.866666666667,,,,,,,,,,15622.966666666667,41141.2,15359.066666666668,6970.633333333333,37338.9,,,,,,19155.733333333334,8290.3,23248.266666666666,24760.633333333335,7745.766666666666,14393.066666666668,,,,,53237.73333333333,86494.93333333333,78669.36666666667
2025-02-27,19231.4,34705.36666666667,47696.833333333336,9834.166666666666,13083.5,27173.666666666668,43967.13333333333,24523.9,,,,,,,,,,,,,,,,,,,,,5900.566666666667,,,,,,,,,,15691.8,41298.1,15414.8,7001.033333333334,37489.333333333336,,,,,,19197.733333333334,8311.533333333333,23299.5,24815.433333333334,7779.8,14428.433333333332,,,,,53333.066666666666,86843.33333333333,79375.46666666666
2025-02-28,19272.533333333333,34845.7,47885.26666666667,9842.366666666667,13112.0,27211.533333333333,44163.03333333333,24519.2,,,,,,,,,,,,,,,,,,,,,5949.266666666666,,,,,,,,,,15780.9,41437.666666666664,15470.433333333332,7030.666666666667,37662.1,,,,,,19253.066666666666,8326.133333333333,23339.766666666666,24897.033333333333,7800.733333333334,14448.4,,,,,53393.3,87175.9,79580.33333333333
2025-03-03,19257.566666666666,34912.9,47891.4,9848.166666666666,13108.1,27206.4,44204.433333333334,24494.1,,,,,,,,,,,,,,,,,,,,,5973.3,,,,,,,,,,15831.866666666667,41448.7,15494.433333333332,7055.8,37748.833333333336,,,,,,19231.0,8316.6,23397.533333333333,24916.766666666666,7811.666666666667,14451.266666666666,,,,,53404.9,87285.2,79560.76666666666
2025-03-04,19178.166666666668,34951.066666666666,47893.4,9836.7,13102.766666666666,27179.666666666668,44264.666666666664,24473.3,,,,,,,,,,,,,,,,,,,,,5987.666666666667,,,,,,,,,,15895.833333333334,41480.73333333333,15523.466666666667,7083.766666666666,37797.6,,,,,,19235.433333333334,8322.433333333332,23454.1,24981.033333333333,7816.533333333334,14451.366666666667,,,,,53227.13333333333,87337.8,79616.36666666667
2025-03-05,19061.433333333334,35012.933333333334,47771.7,9833.766666666666,13107.1,27164.233333333334,44212.333333333336,24460.766666666666,,,,,,,,,,,,,,,,,,,,,6011.633333333333,,,,,,,,,,15876.933333333332,41503.433333333334,15565.3,7101.233333333334,37789.46666666667,,,,,,19222.266666666666,8325.466666666667,23502.833333333332,25039.966666666667,7826.866666666667,14462.9,,,,,53101.0,87312.3,79632.43333333333
2025-03-06,19004.9,35079.4,47770.7,9832.166666666666,13088.866666666667,27142.633333333335,44303.3,24412.7,,,,,,,,,,,,,,,,,,,,,6022.4,,,,,,,,,,15897.266666666666,41576.36666666667,15587.933333333332,7127.566666666667,37895.6,,,,,,19211.0,8333.866666666667,23568.8,25094.966666666667,7840.1,14321.8,,,,,53007.333333333336,87454.6,79681.6
2025-03-07,18948.333333333332,35171.13333333333,47934.46666666667,9835.833333333334,13060.866666666667,27142.9,44361.73333333333,24400.166666666668,,,,,,,,,,,,,,,,,,,,,6043.166666666667,,,,,,,,,,15970.9,41686.566666666666,15633.4,7149.466666666666,38032.566666666666,,,,,,19220.333333333332,8332.233333333334,23610.766666666666,25180.166666666668,7861.5,14315.533333333333,,,,,53306.4,87500.23333333334,79691.53333333334
2025-03-10,18939.6,35187.13333333333,47977.63333333333,9841.133333333333,13063.933333333332,27111.166666666668,44175.9,24373.966666666667,,,,,,,,,,,,,,,,,,,,,6047.833333333333,,,,,,,,,,16000.0,41710.666666666664,15658.233333333334,7154.866666666667,38019.0,,,,,,19224.3,8338.3,23649.066666666666,25223.633333333335,7863.666666666667,14313.9,,,,,53175.666666666664,87598.86666666667,80194.13333333333
2025-03-11,18873.4,35172.36666666667,48052.36666666667,9847.566666666668,13045.833333333334,26996.166666666668,44097.1,24395.133333333335,,,,,,,,,,,,,,,,,,,,,6051.833333333333,,,,,,,,,,16009.833333333334,41716.9,15692.933333333332,7168.833333333333,37967.86666666667,,,,,,19167.3,8331.033333333333,23654.866666666665,25276.133333333335,7863.766666666666,14308.0,,,,,53094.5,87568.5,80128.16666666667
2025-03-12,18873.066666666666,35194.166666666664,48148.23333333333,9855.6,13033.4,26988.3,43865.666666666664,24394.333333333332,,,,,,,,,,,,,,,,,,,,,6075.4,,,,,,,,,,16048.3,41728.1,15741.7,7170.5,37918.13333333333,,,,,,19137.9,8332.5,23683.733333333334,25310.433333333334,7871.733333333334,14422.933333333332,,,,,52717.3,87565.46666666666,80063.96666666666
2025-03-13,18899.266666666666,35083.666666666664,48131.63333333333,9827.766666666666,13091.4,26950.4,43942.73333333333,24344.066666666666,,,,,,,,,,,,,,,,,,,,,6099.633333333333,,,,,,,,,,16077.533333333333,41667.3,15756.233333333334,7182.033333333334,37929.666666666664,,,,,,19141.466666666667,8347.666666666666,23728.9,25329.133333333335,7880.0,14440.233333333334,,,,,52460.73333333333,87487.7,79929.73333333334
2025-03-14,18881.033333333333,35093.9,48192.2,9825.7,13076.5,26883.0,44042.23333333333,24307.2,,,,,,,,,,,,,,,,,,,,,6110.266666666666,,,,,,,,,,16122.366666666667,41658.5,15754.6,7197.1,37961.96666666667,,,,,,19113.733333333334,8353.266666666666,23773.4,25347.8,7897.133333333333,14430.566666666668,,,,,52282.1,87525.93333333333,79879.43333333333
2025-03-17,18852.166666666668,35108.2,48206.666666666664,9827.266666666666,13064.366666666667,26898.1,44096.9,24297.566666666666,,,,,,,,,,,,,,,,,,,,,6134.0,,,,,,,,,,16202.466666666667,41705.73333333333,15779.733333333334,7200.833333333333,38067.6,,,,,,19094.233333333334,8370.033333333333,23822.733333333334,25407.566666666666,7892.866666666667,14436.633333333333,,,,,52290.6,87536.9,79880.66666666667
2025-03-18,18779.2,35115.23333333333,48254.03333333333,9824.433333333332,13066.2,26858.7,44094.3,24285.666666666668,,,,,,,,,,,,,,,,,,,,,6120.8,,,,,,,,,,16274.666666666666,41778.3,15803.366666666667,7216.933333333333,38112.7,,,,,,19184.966666666667,8368.4,23832.466666666667,25469.166666666668,7900.933333333333,14434.533333333333,,,,,52318.23333333333,87643.13333333333,79833.1
2025-03-19,18706.5,35137.4,48318.166666666664,9835.666666666666,13078.933333333332,26839.1,44161.76666666667,24278.566666666666,,,,,,,,,,,,,,,,,,,,,6140.9,,,,,,,,,,16288.166666666666,41838.066666666666,15816.9,7220.566666666667,38085.933333333334,,,,,,19167.433333333334,8379.1,23848.833333333332,25569.633333333335,7903.066666666667,14447.5,,,,,52273.13333333333,87734.06666666667,79823.3
2025-03-20,18731.4,35209.73333333333,48362.833333333336,9845.666666666666,13073.0,26834.033333333333,44233.666666666664,24236.633333333335,,,,,,,,,,,,,,,,,,,,,6151.7,,,,,,,,,,16317.7,41990.26666666667,15834.966666666667,7236.066666666667,38116.46666666667,,,,,,19149.433333333334,8380.133333333333,23858.366666666665,25717.533333333333,7918.833333333333,14437.2,,,,,52339.36666666667,87978.33333333333,79839.03333333334
2025-03-21,18801.0,35315.8,48341.433333333334,9869.366666666667,13063.8,26822.366666666665,44253.2,24200.433333333334,,,,,,,,,,,,,,,,,,,,,6159.966666666666,,,,,,,,,,16309.166666666666,42006.7,15815.3,7249.533333333334,38142.833333333336,,,,,,19135.3,8376.633333333333,23844.666666666668,25820.9,7933.4,14419.466666666667,,,,,52404.4,88124.8,79722.43333333333
2025-03-24,18772.5,35374.166666666664,48348.066666666666,9882.166666666666,13086.166666666666,26796.1,44354.066666666666,24166.166666666668,11903.9,18483.433333333334,54681.86666666667,18844.8,,,,,,,11044.533333333333,18120.133333333335,,,,,,,,,5738.833333333333,57329.1,18904.466666666667,18325.5,5680.9,,,,,,16294.966666666667,42009.4,15825.9,7262.833333333333,38144.96666666667,,,,,,19115.1,8372.733333333334,23793.4,25862.533333333333,7930.4,14393.933333333332,,,,,52466.23333333333,88238.73333333334,79724.06666666667
2025-03-25,18747.866666666665,35349.333333333336,48370.6,9873.0,13071.6,26788.233333333334,44402.8,24117.866666666665,11903.133333333333,18456.066666666666,54667.666666666664,18820.6,,,,,,,11043.133333333333,18121.8,,,,,,,,,5746.933333333333,57375.3,18905.833333333332,18779.166666666668,5406.366666666667,,,,,,16299.566666666668,41982.2,15789.766666666666,7282.533333333334,38228.9,,,,,,19089.933333333334,8375.7,23806.2,25892.366666666665,7947.3,14388.766666666666,,,,,52480.13333333333,88274.06666666667,79719.8
2025-03-26,18759.433333333334,35397.1,48373.46666666667,9859.0,13038.433333333332,26754.533333333333,44477.26666666667,24128.566666666666,11899.366666666667,18443.233333333334,54669.9,18818.466666666667,,,,,,,11043.233333333334,18109.566666666666,,,,,,,,,5765.933333333333,57312.23333333333,18908.966666666667,18772.433333333334,5427.0,,,,,,16285.3,41999.8,15801.233333333334,7300.8,38235.5,,,,,,19076.866666666665,8382.9,23801.0,25956.166666666668,7965.633333333333,14386.733333333334,,,,,52512.13333333333,88341.06666666667,79735.06666666667
2025-03-27,18710.966666666667,35440.7,48379.03333333333,9858.2,13012.266666666666,26677.133333333335,44556.433333333334,24062.133333333335,11910.833333333334,18450.133333333335,54645.86666666667,18801.3,,,,,,,11057.9,18075.533333333333,,,,,,,,,5800.233333333334,57373.13333333333,18915.7,18802.966666666667,5411.466666666666,,,,,,16337.333333333334,42021.73333333333,15818.933333333332,7340.766666666666,38298.1,,,,,,19003.333333333332,8392.833333333334,23775.066666666666,26034.3,7976.5,14364.566666666668,,,,,52509.76666666667,88338.76666666666,79738.83333333333
2025-03-28,18671.7,35414.96666666667,48401.76666666667,9874.866666666667,13021.133333333333,26639.733333333334,44521.8,24038.233333333334,11913.166666666666,18445.533333333333,54672.933333333334,18818.066666666666,,,,,,,11076.966666666667,18077.833333333332,,,,,,,,,5807.866666666667,57264.13333333333,18905.2,18789.633333333335,5426.733333333334,,,,,,16295.133333333333,41959.5,15812.333333333334,7347.8,38069.46666666667,,,,,,19009.866666666665,8395.533333333333,23776.866666666665,26034.7,8004.1,14353.066666666668,,,,,52427.5,88221.83333333333,79527.16666666667
2025-03-31,18614.0,35369.53333333333,48313.5,9880.633333333333,12983.233333333334,26585.7,44437.63333333333,24009.4,11891.566666666668,18372.933333333334,54643.7,18765.7,,,,,,,11067.833333333334,18038.7,,,,,,,,,5790.333333333333,57151.0,18794.233333333334,18632.7,5398.133333333333,,,,,,15435.833333333334,43059.9,15772.766666666666,4655.4,38134.76666666667,35551.066666666666,21474.9,17639.533333333333,92773.33333333333,28452.6,18955.7,8383.7,24187.566666666666,26336.133333333335,7898.933333333333,11870.6,14835.166666666666,12879.566666666668,35107.73333333333,94964.8,52463.1,87956.76666666666,79370.53333333334
2025-04-01,18613.766666666666,35346.333333333336,48257.26666666667,9897.4,12957.833333333334,26524.366666666665,44336.73333333333,24020.0,11894.833333333334,18306.7,54666.566666666666,18747.133333333335,,,,,,,11078.433333333332,18046.866666666665,,,,,,,,,5762.833333333333,57026.46666666667,18665.866666666665,18480.433333333334,5398.366666666667,,,,,,15251.533333333333,43009.13333333333,15737.166666666666,4643.933333333333,37699.5,34895.76666666667,21740.166666666668,,,,18994.433333333334,8944.933333333332,23708.366666666665,25901.8,10787.666666666666,,,,,,52461.73333333333,87870.1,79184.66666666667
2025-04-02,18578.133333333335,35332.86666666667,48234.833333333336,9924.066666666668,12932.4,26489.5,44291.73333333333,24022.1,11851.966666666667,18358.166666666668,54782.96666666667,18720.166666666668,,,,,,,11074.366666666667,18056.4,,,,,,,,,5723.433333333333,56982.03333333333,18545.166666666668,18335.666666666668,5396.866666666667,,,,,,15753.333333333334,42145.166666666664,18289.633333333335,,,,,,,,18955.966666666667,8956.533333333333,23573.866666666665,25175.666666666668,10912.366666666667,,,,,,52466.4,87654.66666666667,79027.9
2025-04-03,18527.133333333335,35253.433333333334,48158.53333333333,10016.233333333334,13028.533333333333,26365.766666666666,44173.36666666667,23969.466666666667,11924.466666666667,18290.166666666668,54828.96666666667,18657.366666666665,,,,,,,11174.233333333334,18002.5,,,,,,,,,5708.633333333333,56975.1,18411.233333333334,18170.633333333335,5387.0,,,,,,15608.733333333334,42149.63333333333,18281.033333333333,,,,,,,,18933.966666666667,8987.933333333332,23636.866666666665,24471.766666666666,11011.4,,,,,,52524.0,87496.23333333334,78862.06666666667
2025-04-04,18491.633333333335,35202.6,48008.933333333334,10032.7,12956.333333333334,26301.1,43990.833333333336,23925.233333333334,11886.733333333334,18230.533333333333,54774.03333333333,18632.5,,,,,,,11173.0,17978.2,,,,,,,,,5677.066666666667,56811.86666666667,18238.2,17996.166666666668,5381.833333333333,,,,,,15494.033333333333,42033.9,18222.6,,,,,,,,18879.466666666667,8977.0,23455.133333333335,24338.5,11004.433333333332,,,,,,52501.166666666664,87287.56666666667,78756.2
2025-04-07,18495.933333333334,35266.03333333333,47997.6,10040.033333333333,12929.0,26267.466666666667,44019.63333333333,23838.266666666666,11878.8,18223.4,54645.8,18602.9,,,,,,,11128.866666666667,17919.066666666666,,,,,,,,,5708.2,56907.7,18203.666666666668,18068.7,5397.0,,,,,,15532.833333333334,42038.86666666667,18230.366666666665,,,,,,,,18855.333333333332,8965.7,23355.466666666667,24371.4,10992.5,,,,,,52511.2,87371.5,78834.36666666667
2025-04-08,18543.066666666666,35255.03333333333,47948.166666666664,10023.533333333333,12888.533333333333,26174.466666666667,43952.166666666664,23735.666666666668,11847.633333333333,18182.333333333332,54446.833333333336,18569.3,,,,,,,11052.433333333332,17823.133333333335,,,,,,,,,5719.1,56765.46666666667,18143.133333333335,18156.766666666666,5399.366666666667,,,,,,15593.866666666667,41929.833333333336,18211.633333333335,,,,,,,,18783.366666666665,8941.433333333332,23329.5,24362.3,10959.733333333334,,,,,,52482.4,87368.6,78893.73333333334
2025-04-09,18534.366666666665,35208.13333333333,47818.166666666664,9997.033333333333,12826.333333333334,26059.266666666666,43844.8,23590.4,11787.4,18142.3,54238.666666666664,18533.533333333333,,,,,,,11008.533333333333,17746.566666666666,,,,,,,,,5711.1,56754.4,18069.866666666665,18181.0,5397.1,,,,,,15629.7,41802.1,18226.033333333333,,,,,,,,18738.4,8919.4,23272.7,24408.433333333334,10947.966666666667,,,,,,52534.833333333336,87665.83333333333,78880.63333333333
2025-04-10,18460.1,35154.066666666666,47636.5,9980.166666666666,12797.133333333333,25951.366666666665,43795.1,23466.833333333332,11734.733333333334,18079.9,54000.566666666666,18458.1,,,,,,,10964.1,17628.833333333332,,,,,,,,,5707.733333333334,56815.8,17996.533333333333,18235.466666666667,5392.433333333333,,,,,,15648.433333333332,41724.2,18193.366666666665,,,,,,,,18678.866666666665,8890.2,23214.833333333332,24446.133333333335,10925.466666666667,,,,,,52392.5,87546.96666666666,78379.06666666667
2025-04-11,18408.7,35168.73333333333,47586.5,9977.266666666666,12767.666666666666,25892.766666666666,43755.86666666667,23373.9,11707.3,18025.833333333332,53905.96666666667,18425.7,,,,,,,10925.8,17559.4,,,,,,,,,5682.8,56778.166666666664,17906.9,18279.433333333334,5386.933333333333,,,,,,15652.5,41684.86666666667,18155.733333333334,,,,,,,,18621.966666666667,8877.1,23164.4,24499.066666666666,10902.866666666667,,,,,,52441.4,87599.86666666667,78298.36666666667
2025-04-14,18358.666666666668,35060.433333333334,47605.333333333336,9938.933333333332,12769.0,25849.566666666666,43790.5,23277.5,11693.733333333334,18003.733333333334,53837.03333333333,18397.933333333334,,,,,,,10899.733333333334,17486.233333333334,,,,,,,,,5699.2,56878.36666666667,17888.533333333333,18379.933333333334,5387.166666666667,,,,,,15751.766666666666,41720.03333333333,18166.1,,,,,,,,18613.7,8864.8,23216.0,24597.033333333333,10900.2,,,,,,52344.1,87537.6,78338.53333333334
2025-04-15,18298.433333333334,34965.4,47545.76666666667,9899.6,12772.866666666667,25782.133333333335,43787.1,23158.166666666668,11659.166666666666,18003.433333333334,53715.23333333333,18400.066666666666,,,,,,,10871.533333333333,17425.066666666666,,,,,,,,,5723.0,56937.433333333334,17913.6,18549.3,5391.033333333334,,,,,,15853.3,41741.73333333333,18169.0,,,,,,,,18607.466666666667,8846.766666666666,23243.9,24650.066666666666,10901.466666666667,,,,,,52275.433333333334,87540.9,78257.13333333333
2025-04-16,18268.366666666665,34907.2,47543.53333333333,9854.333333333334,12742.533333333333,25730.533333333333,43861.933333333334,23018.2,11615.0,18019.466666666667,53546.46666666667,18369.266666666666,,,,,,,10822.666666666666,17322.033333333333,,,,,,,,,5744.166666666667,57036.03333333333,17917.633333333335,18722.7,5412.666666666667,,,,,,16020.6,41777.433333333334,18170.433333333334,,,,,,,,18613.233333333334,8819.6,23218.766666666666,24753.933333333334,10898.433333333332,,,,,,52189.166666666664,87695.9,78345.1
2025-04-17,18164.066666666666,34768.6,47359.5,9776.8,12704.3,25568.333333333332,43826.933333333334,22798.1,11529.766666666666,17994.9,52975.36666666667,18360.066666666666,,,,,,,10751.4,17160.166666666668,,,,,,,,,5769.766666666666,56869.066666666666,17882.033333333333,18880.466666666667,5433.066666666667,,,,,,16114.4,41613.666666666664,18186.966666666667,,,,,,,,18523.833333333332,8748.633333333333,23132.866666666665,24836.033333333333,10856.133333333333,,,,,,51908.73333333333,87560.26666666666,78373.86666666667
2025-04-22,18059.3,34674.166666666664,47374.1,9773.033333333333,12750.633333333333,25539.2,43892.566666666666,22734.4,11560.366666666667,17932.066666666666,53439.333333333336,18296.866666666665,,,,,,,10749.0,17197.2,,,,,,,,,5736.633333333333,56770.2,17759.633333333335,18841.4,5421.166666666667,,,,,,15996.366666666667,41489.76666666667,18125.833333333332,,,,,,,,18623.0,8798.9,22984.933333333334,24780.433333333334,10905.3,,,,,,52069.26666666667,87385.5,78168.56666666667
2025-04-23,18157.733333333334,34727.7,47573.7,9784.8,12870.466666666667,25702.0,44125.933333333334,22745.4,11605.2,17948.533333333333,53988.36666666667,18324.233333333334,,,,,,,10790.366666666667,17244.566666666666,,,,,,,,,5747.2,56987.333333333336,17753.266666666666,18945.366666666665,5430.366666666667,,,,,,16047.266666666666,41717.13333333333,18164.666666666668,,,,,,,,18728.633333333335,8853.966666666667,23061.966666666667,24971.133333333335,10959.4,,,,,,52233.36666666667,87794.2,77674.56666666667
2025-04-24,18164.533333333333,34725.933333333334,47523.26666666667,9776.5,12874.166666666666,25793.866666666665,44252.8,22640.133333333335,11594.2,17941.666666666668,54173.13333333333,18342.133333333335,,,,,,,10782.3,17206.966666666667,,,,,,,,,5780.966666666666,57178.333333333336,17768.733333333334,19073.4,5447.9,,,,,,16123.666666666666,41877.7,18175.166666666668,,,,,,,,18777.433333333334,8833.566666666668,23082.7,25138.266666666666,10973.766666666666,,,,,,52232.73333333333,88119.3,77634.13333333333
2025-04-25,18093.133333333335,34641.26666666667,47318.73333333333,9696.633333333333,12797.033333333333,25597.733333333334,44158.13333333333,22418.2,11464.233333333334,17907.466666666667,53393.666666666664,18371.766666666666,,,,,,,10691.266666666666,16969.933333333334,,,,,,,,,5815.733333333334,57095.933333333334,17799.166666666668,19268.966666666667,5476.5,,,,,,16195.2,41886.9,18150.333333333332,,,,,,,,18627.0,8734.733333333334,22998.0,25167.5,10896.666666666666,,,,,,51875.26666666667,87982.63333333333,77580.73333333334
2025-04-28,17891.366666666665,34438.566666666666,47020.933333333334,9636.366666666667,12653.866666666667,25295.133333333335,43906.63333333333,22222.233333333334,11394.066666666668,17786.6,52754.46666666667,18275.366666666665,,,,,,,10600.166666666666,16743.466666666667,,,,,,,,,7437.8,55653.3,17268.8,19047.966666666667,5881.1,,,,,,16077.0,41787.333333333336,18086.566666666666,,,,,,,,18481.9,8660.366666666667,22714.6,25043.5,10844.633333333333,,,,,,51660.63333333333,87256.53333333334,77405.0
2025-04-29,17869.866666666665,34560.96666666667,47076.2,9722.766666666666,12693.366666666667,25416.966666666667,44051.86666666667,22325.9,13267.333333333334,17793.866666666665,53244.666666666664,18543.266666666666,,,,,,,10657.033333333333,16999.266666666666,,,,,,,,,7427.933333333333,54474.26666666667,16793.966666666667,,,,,,,,15972.9,41998.333333333336,18101.9,,,,,,,,18697.533333333333,8767.733333333334,22631.7,25206.4,10952.5,,,,,,52066.26666666667,87506.73333333334,77470.9
2025-04-30,17935.366666666665,34677.433333333334,47290.7,9785.966666666667,12769.166666666666,25569.833333333332,44254.333333333336,22390.933333333334,13353.366666666667,17846.2,52182.2,21732.566666666666,,,,,,,10913.066666666668,19357.833333333332,,,,,,,,,7447.133333333333,54744.0,16811.3,,,,,,,,15986.633333333333,42333.96666666667,18169.266666666666,,,,,,,,18838.7,8835.066666666668,22703.366666666665,25478.933333333334,11012.7,,,,,,52422.46666666667,88197.0,77767.93333333333
2025-05-01,17960.966666666667,34747.9,47347.5,9767.5,12833.833333333334,25626.0,44364.9,22380.8,13281.633333333333,17919.8,52307.6,21765.266666666666,,,,,,,10761.166666666666,19226.666666666668,,,,,,,,,7481.933333333333,54929.833333333336,16851.566666666666,,,,,,,,16027.0,42482.6,18180.633333333335,,,,,,,,18804.533333333333,8837.433333333332,22727.733333333334,25655.0,11035.2,,,,,,52457.333333333336,88472.66666666667,77828.4
2025-05-02,17901.133333333335,34738.6,47092.933333333334,9674.3,12805.166666666666,25416.4,44296.76666666667,22194.633333333335,13122.766666666666,17925.133333333335,51414.5,21773.633333333335,,,,,,,10684.466666666667,18992.9,,,,,,,,,7538.433333333333,54751.73333333333,16858.9,,,,,,,,16108.1,42323.4,18165.533333333333,,,,,,,,18666.766666666666,8727.6,22708.766666666666,25715.066666666666,10961.133333333333,,,,,,52102.63333333333,88262.6,77826.63333333333
2025-05-06,17711.766666666666,34528.23333333333,47001.7,9580.8,12774.033333333333,25221.966666666667,44201.833333333336,22145.766666666666,13034.9,17851.933333333334,51145.13333333333,18452.8,,,,,,,10630.5,18923.066666666666,,,,,,,,,7506.266666666666,54452.13333333333,16765.933333333334,,,,,,,,16015.266666666666,42147.23333333333,18083.133333333335,,,,,,,,18598.733333333334,8686.333333333334,22515.033333333333,25512.033333333333,10914.066666666668,,,,,,51962.433333333334,87670.53333333334,77679.06666666667
2025-05-07,17593.933333333334,34467.066666666666,47054.333333333336,9618.366666666667,12811.633333333333,25349.666666666668,44339.4,22254.033333333333,12903.733333333334,18029.433333333334,53176.36666666667,18229.966666666667,,,,,,,8821.833333333334,16513.133333333335,16158.266666666666,68146.0,,,,,,,7481.5,56347.46666666667,16942.6,,,,,,,,15939.466666666667,42344.03333333333,18101.833333333332,,,,,,,,18778.633333333335,8785.866666666667,22433.833333333332,25588.9,11004.266666666666,,,,,,52433.2,87773.03333333334,77732.46666666666
2025-05-08,17704.133333333335,34532.3,47296.666666666664,9611.166666666666,12880.766666666666,25600.233333333334,44686.73333333333,22399.0,12879.733333333334,18160.033333333333,53861.63333333333,18304.166666666668,,,,,,,8789.133333333333,16674.566666666666,16130.4,68662.23333333334,,,,,,,7487.933333333333,56730.1,17023.733333333334,,,,,,,,15960.366666666667,42668.566666666666,18152.966666666667,,,,,,,,18942.633333333335,8868.0,22639.966666666667,25946.833333333332,11087.0,,,,,,52728.6,88493.43333333333,77919.0
2025-05-09,17602.7,34373.1,47220.73333333333,9537.666666666666,12842.2,25401.766666666666,44592.23333333333,22227.0,12761.033333333333,18124.4,53018.666666666664,18307.033333333333,,,,,,,8706.966666666667,16457.433333333334,15977.633333333333,67931.5,,,,,,,7532.566666666667,56579.73333333333,17051.7,,,,,,,,15949.333333333334,42720.0,18169.9,,,,,,,,18843.6,8757.566666666668,22553.3,26020.566666666666,10984.5,,,,,,52330.7,88387.06666666667,77954.43333333333
2025-05-12,17434.9,34240.6,47091.833333333336,9507.766666666666,12641.6,25182.833333333332,44417.2,22128.933333333334,12693.333333333334,18023.3,52523.0,18252.566666666666,,,,,,,8655.533333333333,16358.933333333332,15912.4,67475.2,,,,,,,7531.766666666666,56156.433333333334,17311.3,,,,,,,,15807.333333333334,42612.6,18093.533333333333,,,,,,,,18730.833333333332,8683.966666666667,22286.833333333332,25852.833333333332,10909.433333333332,,,,,,51901.3,87712.93333333333,77749.26666666666
2025-05-13,17420.766666666666,34123.1,47017.1,9472.6,12623.5,25087.133333333335,44323.3,22102.566666666666,12670.533333333333,17945.333333333332,52455.4,18224.866666666665,,,,,,,8625.9,16321.0,15842.533333333333,67369.23333333334,,,,,,,7529.333333333333,56033.433333333334,17303.933333333334,,,,,,,,15709.233333333334,42566.6,18084.233333333334,,,,,,,,18728.7,8673.033333333333,22097.433333333334,25808.666666666668,10894.6,,,,,,52006.433333333334,87607.03333333334,77645.33333333333
2025-05-14,17452.133333333335,34221.8,47116.433333333334,9546.433333333332,12680.433333333332,25226.433333333334,44493.86666666667,22198.8,12785.566666666668,17967.4,53285.13333333333,18198.666666666668,,,,,,,8650.0,16471.666666666668,15972.166666666666,68229.8,,,,,,,7527.9,56365.933333333334,17335.3,,,,,,,,15606.933333333332,42856.5,18090.266666666666,,,,,,,,18904.166666666668,8772.6,22032.7,25976.6,10970.4,,,,,,52550.833333333336,87890.4,77603.6
2025-05-15,17627.9,34349.76666666667,47375.53333333333,9621.633333333333,12790.266666666666,25480.5,44793.166666666664,22358.866666666665,12902.0,18117.0,54014.1,18298.1,,,,,,,8704.1,16643.4,16156.9,69075.9,,,,,,,7594.366666666667,56740.3,17464.566666666666,,,,,,,,15683.666666666666,43157.9,18161.1,,,,,,,,19097.2,8868.366666666667,22169.1,26243.366666666665,11055.5,,,,,,52902.03333333333,88781.46666666666,77808.9
2025-05-16,17582.5,34209.166666666664,47236.166666666664,9541.5,12722.966666666667,25293.4,44769.5,22194.166666666668,12792.866666666667,18090.6,53219.7,18334.166666666668,,,,,,,8622.533333333333,16469.8,16087.166666666666,68453.36666666667,,,,,,,7642.333333333333,56578.13333333333,17546.066666666666,,,,,,,,15720.433333333332,43130.066666666666,18188.5,,,,,,,,18891.833333333332,8194.7,22147.3,26118.566666666666,8181.466666666666,13053.533333333333,,,,,52575.566666666666,88655.33333333333,77841.06666666667
2025-05-19,17458.5,34039.2,47075.53333333333,9473.7,12645.966666666667,25101.7,44625.13333333333,22119.0,12709.5,18010.3,52696.7,18275.733333333334,,,,,,,8571.9,16357.166666666666,16023.5,67873.86666666667,,,,,,,7667.7,56148.7,17567.2,,,,,,,,14954.066666666668,43813.63333333333,15565.9,5331.333333333333,37860.6,35095.7,21384.733333333334,20428.566666666666,,,18817.366666666665,8136.566666666667,21940.166666666668,26642.133333333335,8026.866666666667,12220.466666666667,,,,,52432.36666666667,88183.5,77672.16666666667
2025-05-20,17440.166666666668,34007.433333333334,47114.26666666667,9422.9,12661.633333333333,25074.9,44596.9,22156.066666666666,12696.466666666667,17988.666666666668,52601.4,18235.833333333332,,,,,,,8523.0,16364.766666666666,15990.833333333334,67812.93333333333,,,,,,,7675.266666666666,56040.86666666667,17611.833333333332,,,,,,,,14856.266666666666,43860.166666666664,15552.5,5338.8,37796.933333333334,34940.3,22075.166666666668,20444.8,,,18822.6,8117.3,21621.866666666665,27300.933333333334,7938.166666666667,12070.6,,,,,52437.433333333334,88035.53333333334,77659.0
2025-05-21,17499.533333333333,34069.7,47338.166666666664,9486.6,12763.266666666666,25274.7,44838.5,22329.2,12835.966666666667,18032.666666666668,53471.7,18220.966666666667,,,,,,,8619.433333333332,16535.6,16145.9,68703.93333333333,,,,,,,7688.533333333334,56241.9,17693.633333333335,,,,,,,,14824.566666666668,44071.46666666667,15612.7,5326.0,37626.76666666667,34909.26666666667,22757.933333333334,20657.2,,,19062.333333333332,8244.833333333334,21610.5,27466.533333333333,8045.766666666666,12174.7,,,,,52821.23333333333,88361.4,77654.23333333334
2025-05-22,17605.666666666668,34207.46666666667,47652.666666666664,9532.766666666666,12872.933333333332,25533.4,45202.26666666667,22488.366666666665,12954.133333333333,18109.066666666666,54160.2,18312.266666666666,,,,,,,8709.4,16685.7,16278.633333333333,69525.26666666666,,,,,,,7717.1,56521.96666666667,17808.2,,,,,,,,14853.666666666666,44341.13333333333,15708.7,5347.233333333334,37806.066666666666,35030.166666666664,23524.133333333335,20781.433333333334,,,19228.0,8331.666666666666,21677.233333333334,27691.333333333332,8090.033333333334,12283.166666666666,,,,,53122.46666666667,89019.86666666667,77838.83333333333
2025-05-23,17488.0,34041.53333333333,47673.76666666667,9435.1,12830.333333333334,25399.9,45159.0,22357.166666666668,12835.5,18056.533333333333,53355.7,18346.166666666668,,,,,,,8647.033333333333,16504.766666666666,16187.966666666667,68832.66666666667,,,,,,,7741.6,56324.53333333333,17868.8,,,,,,,,14794.166666666666,44191.23333333333,15742.333333333334,5343.266666666666,38026.066666666666,34939.666666666664,24319.9,20654.966666666667,,,19102.033333333333,8243.433333333332,21597.733333333334,27739.033333333333,7997.7,12273.566666666668,,,,,52698.86666666667,88805.0,77765.56666666667
2025-05-27,17322.533333333333,33947.9,47615.86666666667,9403.133333333333,12829.0,25327.566666666666,45282.36666666667,22346.366666666665,12839.533333333333,17956.433333333334,53210.73333333333,18313.433333333334,,,,,,,8672.766666666666,16512.1,16198.466666666667,68475.26666666666,,,,,,,7726.666666666667,56165.23333333333,17906.5,,,,,,,,14727.8,44046.7,15689.633333333333,5321.566666666667,37981.833333333336,34811.2,24255.133333333335,20547.3,,,19096.733333333334,8218.066666666668,21481.666666666668,27631.033333333333,7968.766666666666,12243.733333333334,,,,,52649.2,88535.66666666667,77809.06666666667
2025-05-28,17214.8,33869.36666666667,47501.86666666667,9369.566666666668,12814.333333333334,25251.466666666667,45179.2,22315.9,12829.733333333334,17903.233333333334,53050.433333333334,18313.333333333332,,,,,,,8659.966666666667,16483.366666666665,16185.433333333332,68271.13333333333,,,,,,,7723.2,56040.26666666667,17929.766666666666,,,,,,,,14681.333333333334,44067.86666666667,15682.4,5318.066666666667,38009.73333333333,34724.86666666667,24207.666666666668,20556.2,,,19150.566666666666,8206.933333333332,21399.366666666665,27636.366666666665,7949.0,12240.1,,,,,52622.46666666667,88417.13333333333,77743.46666666666
2025-05-29,17192.3,33997.566666666666,47466.03333333333,9437.9,12908.7,25392.833333333332,45325.03333333333,22469.166666666668,12939.666666666666,17965.7,53886.666666666664,18302.133333333335,,,,,,,8747.966666666667,16665.1,16312.6,68935.33333333333,,,,,,,7732.433333333333,56335.433333333334,18026.1,,,,,,,,14611.966666666667,44230.76666666667,15744.966666666667,5295.733333333334,37908.26666666667,34769.3,24256.266666666666,20697.133333333335,,,19366.133333333335,8309.866666666667,21434.4,27800.633333333335,8058.133333333333,12295.466666666667,,,,,52957.26666666667,88731.46666666666,77851.26666666666
2025-05-30,17285.5,34130.5,47539.1,9455.833333333334,12954.733333333334,25373.533333333333,45411.8,22459.966666666667,12969.5,17951.733333333334,53632.933333333334,18408.766666666666,,,,,,,8732.0,16621.566666666666,16312.033333333333,68938.6,,,,,,,7739.5,56477.9,18094.833333333332,,,,,,,,14652.733333333334,44374.73333333333,15768.233333333334,5327.033333333334,38242.1,34850.166666666664,24333.766666666666,20668.0,,,19332.4,8284.466666666667,21423.833333333332,27939.633333333335,8013.066666666667,12302.6,,,,,52911.066666666666,89191.16666666667,78309.73333333334
2025-06-02,17176.866666666665,33969.46666666667,47416.76666666667,9404.266666666666,12876.4,25202.866666666665,45209.833333333336,22384.0,12852.133333333333,17839.7,53155.066666666666,18361.033333333333,,,,,,,8674.533333333333,16527.933333333334,16254.7,68558.06666666667,,,,,,,7689.633333333333,56218.433333333334,18019.466666666667,,,,,,,,14389.666666666666,44198.53333333333,15667.1,5271.9,37814.7,34369.4,24281.2,20585.266666666666,,,19225.4,8233.966666666667,21166.1,27767.033333333333,7932.9,12250.0,,,,,52795.8,88555.2,78237.96666666666
2025-06-03,17165.333333333332,33953.6,47468.13333333333,9436.1,12897.233333333334,25229.866666666665,45189.8,22456.766666666666,12872.066666666668,17785.6,53322.26666666667,18357.6,,,,,,,8702.033333333333,16588.433333333334,16308.433333333332,68696.2,,,,,,,7651.9,55738.46666666667,18000.633333333335,,,,,,,,14207.433333333332,44110.5,15618.233333333334,5206.933333333333,37363.36666666667,33992.73333333333,24271.733333333334,20601.333333333332,,,19238.3,8275.633333333333,21012.5,27568.666666666668,7929.6,12281.033333333333,,,,,52918.9,88420.8,78152.43333333333
2025-06-04,17189.166666666668,33972.333333333336,47660.63333333333,9475.066666666668,12916.3,25308.733333333334,45155.7,22597.966666666667,12936.966666666667,17740.933333333334,53745.833333333336,18365.333333333332,,,,,,,8752.2,16690.133333333335,16445.2,69046.8,,,,,,,7632.7,55787.13333333333,17997.733333333334,,,,,,,,14057.6,44238.36666666667,15564.9,5161.733333333334,36969.96666666667,33715.96666666667,24291.066666666666,20694.566666666666,,,19344.6,8341.766666666666,20937.933333333334,27459.666666666668,7955.466666666666,12329.366666666667,,,,,53187.6,88356.76666666666,78130.2
2025-06-05,17322.566666666666,34122.63333333333,47910.9,9542.7,13015.166666666666,25585.033333333333,45287.73333333333,22747.366666666665,13005.266666666666,17837.9,54047.0,18429.8,,,,,,,8823.966666666667,16864.533333333333,16544.233333333334,69622.96666666666,,,,,,,7649.566666666667,56121.63333333333,18118.3,,,,,,,,14146.7,44481.066666666666,15629.1,5161.033333333334,37158.7,33839.066666666666,24427.133333333335,20795.566666666666,,,19521.9,8456.233333333334,21097.4,27684.7,8019.733333333334,12419.466666666667,,,,,53407.03333333333,88960.9,78425.96666666666
2025-06-06,17250.533333333333,34126.1,47991.86666666667,9487.233333333334,12931.833333333334,25398.933333333334,45226.53333333333,22625.866666666665,12896.266666666666,17799.366666666665,53208.833333333336,18548.833333333332,,,,,,,8759.533333333333,16710.0,16472.4,68931.26666666666,,,,,,,7667.233333333334,56034.73333333333,18164.966666666667,,,,,,,,14212.266666666666,44381.066666666666,15610.9,5173.766666666666,37419.0,33828.166666666664,24420.766666666666,20632.166666666668,,,19371.366666666665,8353.666666666666,21014.033333333333,27645.433333333334,7920.866666666667,12359.0,,,,,53049.03333333333,88944.86666666667,79616.06666666667
2025-06-09,17096.933333333334,33959.03333333333,47812.9,9448.366666666667,12844.2,25129.566666666666,45022.666666666664,22475.566666666666,12815.7,17670.1,52532.566666666666,18487.9,,,,,,,8732.6,16596.266666666666,16394.266666666666,68232.5,,,,,,,7662.266666666666,55748.0,18141.133333333335,,,,,,,,14031.0,44165.46666666667,15576.833333333334,5127.0,37141.86666666667,33532.333333333336,24329.333333333332,20529.133333333335,,,19276.966666666667,8298.533333333333,20817.033333333333,27454.0,7851.266666666666,12292.933333333332,,,,,52818.3,88147.9,79446.73333333334
2025-06-10,17094.733333333334,34056.1,48097.26666666667,9490.866666666667,12933.766666666666,25232.166666666668,45058.433333333334,22648.833333333332,12912.366666666667,17663.733333333334,53340.1,18451.3,,,,,,,8774.0,16770.733333333334,16458.8,68851.06666666667,,,,,,,7600.433333333333,55948.566666666666,18142.066666666666,,,,,,,,13951.3,44217.6,15563.1,5108.1,36794.1,33270.2,24331.966666666667,20615.066666666666,,,19452.433333333334,8392.333333333334,20763.9,27474.8,7931.1,12333.333333333334,,,,,53225.166666666664,88391.1,79580.43333333333
2025-06-11,17193.266666666666,34307.433333333334,48385.76666666667,9544.766666666666,13011.066666666668,25371.3,45291.03333333333,22743.633333333335,12968.6,17710.333333333332,53836.4,18556.7,,,,,,,8833.333333333334,16919.9,16552.7,69347.8,,,,,,,6001.833333333333,57513.26666666667,18653.666666666668,,,,,,,,14035.0,44497.03333333333,15608.066666666668,5111.633333333333,36966.6,33477.066666666666,24447.633333333335,20719.366666666665,,,19566.9,8449.333333333334,20887.233333333334,27683.7,7961.833333333333,12389.033333333333,,,,,53541.86666666667,89094.0,79785.46666666666
2025-06-12,17196.3,34504.46666666667,48543.933333333334,9554.566666666668,13057.333333333334,25428.4,45348.3,22714.5,11212.866666666667,17707.2,54283.0,18280.633333333335,94730.73333333334,16544.566666666666,,,,,8872.8,16814.3,16767.833333333332,71540.63333333333,9339.566666666668,31559.066666666666,,,,,6007.733333333334,59047.333333333336,19151.633333333335,19226.633333333335,5188.866666666667,13213.6,,,,,14053.066666666668,44602.5,15635.733333333334,5116.833333333333,37113.433333333334,33555.7,24497.3,20725.3,,,19585.8,8455.433333333332,20941.566666666666,27761.533333333333,7955.766666666666,12430.7,,,,,53552.53333333333,89402.9,79808.03333333334
2025-06-13,17129.933333333334,34531.1,48471.26666666667,9463.5,13005.7,25199.866666666665,45264.3,22523.833333333332,11113.733333333334,17585.566666666666,55031.8,15276.1,97435.8,15972.633333333333,44492.0,3062.9,24761.133333333335,,8574.633333333333,14381.2,16978.8,72382.26666666666,7082.366666666667,29241.2,68562.66666666667,11596.9,,,6012.0,58875.066666666666,19160.4,19245.5,4885.033333333334,13054.0,,,,,14097.2,44461.26666666667,15598.7,5136.466666666666,37331.53333333333,33533.2,24453.733333333334,20528.066666666666,,,19368.7,8329.2,20843.9,27643.2,7832.233333333334,12379.266666666666,,,,,53090.23333333333,89213.76666666666,79719.06666666667
2025-06-16,16912.666666666668,34264.333333333336,48413.36666666667,9412.233333333334,12876.833333333334,24889.166666666668,45077.7,22349.1,11067.6,17404.1,54369.13333333333,15227.6,96556.26666666666,15778.9,44118.066666666666,3037.133333333333,24635.5,,8575.0,14265.033333333333,16987.133333333335,71711.4,7014.733333333334,28971.333333333332,68036.93333333333,11527.8,,,5994.8,58552.1,19091.8,19197.9,4852.2,12956.666666666666,,,,,14003.6,44204.7,15559.1,5085.7,37007.7,33188.3,24340.7,20407.533333333333,,,19187.333333333332,8258.1,20628.366666666665,27439.766666666666,7752.233333333334,12322.8,,,,,52778.433333333334,88288.1,79512.8
2025-06-17,16918.9,34270.5,48661.8,9507.066666666668,12874.933333333332,25041.566666666666,45195.63333333333,22475.5,11219.166666666666,17369.233333333334,55227.1,15210.8,97325.66666666667,15860.7,44763.2,3044.5333333333333,24581.0,,8644.633333333333,14529.133333333333,17144.866666666665,72410.16666666667,7074.666666666667,29133.166666666668,68045.26666666666,11512.833333333334,,,5965.266666666666,58822.46666666667,19091.066666666666,19103.833333333332,4836.066666666667,12909.466666666667,,,,,13928.233333333334,44379.2,15568.833333333334,5057.3,36601.1,32905.6,24343.833333333332,20481.266666666666,,,19359.666666666668,8367.566666666668,20513.666666666668,27420.933333333334,7832.7,12349.1,,,,,53187.8,88527.2,79568.13333333333
2025-06-18,16934.8,34443.933333333334,48782.5,9589.5,12892.5,25078.733333333334,45299.0,22447.833333333332,11277.666666666666,17357.833333333332,55317.76666666667,15263.833333333334,97705.73333333334,15921.033333333333,44853.9,3057.233333333333,24686.266666666666,,8679.6,14524.933333333332,17209.6,72584.93333333333,7089.9,29155.666666666668,68288.76666666666,11541.7,,,6023.766666666666,59128.933333333334,19166.4,19204.466666666667,4866.366666666667,12985.933333333332,,,,,14005.966666666667,44621.433333333334,15653.766666666666,5112.4,36771.066666666666,33016.066666666666,24451.966666666667,20556.433333333334,,,19431.4,8380.6,20559.433333333334,27619.3,7867.0,12362.333333333334,,,,,53324.666666666664,88875.33333333333,79742.9
2025-06-19,16918.733333333334,34854.933333333334,48855.066666666666,9684.7,12920.433333333332,25067.666666666668,45467.2,22436.5,11324.3,17351.133333333335,55303.03333333333,15297.4,98165.66666666667,15957.966666666667,44894.9,3064.4666666666667,24805.8,,8695.3,14485.6,17258.633333333335,72731.6,7080.633333333333,29129.2,68327.56666666667,11554.266666666666,,,6067.3,59461.86666666667,19235.2,19317.266666666666,4908.7,12845.7,,,,,14002.833333333334,44681.03333333333,15690.333333333334,5169.333333333333,36839.833333333336,33083.03333333333,24523.866666666665,20519.266666666666,,,19467.766666666666,8418.4,20603.633333333335,27740.666666666668,7881.1,12344.3,,,,,53317.63333333333,89143.76666666666,79932.93333333333
2025-06-20,16844.933333333334,34939.1,48735.7,9715.333333333334,12872.6,24785.466666666667,45329.23333333333,22207.066666666666,11309.8,17231.333333333332,54266.566666666666,15284.366666666667,97337.16666666667,15719.9,44223.9,3060.7,24720.8,,8682.733333333334,14202.966666666667,17251.033333333333,71962.33333333333,7005.666666666667,28828.366666666665,67939.2,11540.333333333334,,,6104.066666666667,59330.36666666667,19240.833333333332,19427.766666666666,4935.9,12856.766666666666,,,,,14040.2,44540.86666666667,15685.133333333333,5214.566666666667,36876.833333333336,33016.03333333333,24526.2,20320.8,,,19231.233333333334,8292.833333333334,20408.1,27531.733333333334,7767.033333333334,12261.3,,,,,52976.23333333333,88920.03333333334,80008.8
2025-06-23,16763.3,34931.36666666667,48630.3,9723.566666666668,12870.933333333332,24747.033333333333,45343.53333333333,22206.8,11358.2,17161.266666666666,54584.6,15236.4,97409.96666666666,15731.066666666668,44516.7,3060.4333333333334,24670.4,,8692.966666666667,14263.1,17250.066666666666,72065.96666666666,7003.166666666667,28796.9,67922.36666666667,11541.733333333334,,,6065.033333333334,59386.5,19209.466666666667,19453.5,4930.166666666667,12844.9,,,,,14037.833333333334,44404.23333333333,15648.066666666668,5220.4,36603.566666666666,32869.4,24493.5,20309.833333333332,,,19212.966666666667,8331.466666666667,20351.266666666666,27439.633333333335,7806.866666666667,12254.933333333332,,,,,53092.7,88451.5,79807.16666666667
2025-06-24,16858.366666666665,35128.566666666666,48783.13333333333,9753.3,13121.066666666668,24884.133333333335,45621.3,22244.7,11432.3,17239.433333333334,55100.86666666667,15281.733333333334,98097.16666666667,15858.066666666668,44846.833333333336,3057.1,24844.2,,8739.6,14324.666666666666,17285.466666666667,72535.86666666667,7055.466666666666,28916.533333333333,68538.1,11574.333333333334,,,6071.566666666667,59936.03333333333,19000.8,19560.566666666666,4921.766666666666,12960.433333333332,,,,,14153.466666666667,44572.8,15736.0,5234.833333333333,36939.333333333336,33601.8,24609.466666666667,20437.3,,,19364.0,8406.7,20537.866666666665,27668.5,7894.033333333334,12307.866666666667,,,,,53624.36666666667,89248.43333333333,80074.6
2025-06-25,16816.2,35154.13333333333,48882.566666666666,9763.833333333334,13132.333333333334,24862.466666666667,45701.3,22193.866666666665,11416.9,17232.3,55024.2,15316.0,98204.86666666667,15855.6,44842.1,3051.3333333333335,24941.1,,8735.633333333333,14310.666666666666,17297.333333333332,72466.63333333333,7049.1,28896.366666666665,68713.8,11595.266666666666,,,6090.233333333334,60117.86666666667,19047.7,19665.333333333332,4940.433333333333,13006.433333333332,,,,,14235.833333333334,44737.23333333333,15766.766666666666,5279.733333333334,37101.96666666667,33749.73333333333,24681.033333333333,20448.7,,,19365.133333333335,8420.133333333333,20608.166666666668,27741.5,7917.233333333334,12318.666666666666,,,,,53565.96666666667,89244.8,80103.23333333334
2025-06-26,16784.166666666668,35241.53333333333,48943.066666666666,9779.166666666666,13202.4,24889.833333333332,45847.86666666667,22165.2,11436.4,17222.2,55070.6,15321.333333333334,98508.53333333334,15868.066666666668,44898.166666666664,3044.5333333333333,25073.4,,8762.766666666666,14302.733333333334,17356.6,72499.9,7049.3,28912.766666666666,69157.4,11586.133333333333,,,6115.8,60256.46666666667,19109.166666666668,19753.9,4954.2,13042.4,,,,,14297.533333333333,44723.73333333333,15799.466666666667,5303.066666666667,37210.6,33909.166666666664,24744.766666666666,20448.1,,,19412.2,8430.7,20660.033333333333,27782.133333333335,7937.333333333333,12246.8,,,,,53450.933333333334,89473.53333333334,80236.13333333333
2025-06-27,16688.8,35208.333333333336,48856.433333333334,9670.533333333333,13174.066666666668,24630.533333333333,45774.666666666664,22011.633333333335,11225.0,17118.633333333335,54102.2,15325.966666666667,97686.83333333333,15715.733333333334,44262.03333333333,3037.866666666667,25119.933333333334,,8675.933333333332,14086.1,17198.1,71507.1,6992.866666666667,28591.333333333332,69042.0,11610.733333333334,,,6094.666666666667,60406.066666666666,19099.333333333332,19979.933333333334,5009.433333333333,13258.666666666666,,,,,14300.666666666666,44800.8,15813.333333333334,5536.5,37420.9,34019.4,24732.333333333332,20271.166666666668,,,19201.833333333332,8318.566666666668,20585.966666666667,27683.0,7846.366666666667,11994.1,,,,,53020.26666666667,89182.06666666667,80271.36666666667
2025-06-30,16515.233333333334,35157.4,48788.86666666667,9687.966666666667,13166.266666666666,24585.9,45928.13333333333,21999.6,11249.333333333334,17054.8,54372.166666666664,15196.733333333334,97660.06666666667,15761.966666666667,44571.26666666667,3037.6,25169.233333333334,,8710.8,14108.466666666667,17207.933333333334,71635.93333333333,6999.433333333333,28500.8,68956.9,11564.066666666668,,,6098.6,60485.36666666667,19067.233333333334,19981.733333333334,4990.933333333333,13248.8,,,,,14233.4,44700.23333333333,15798.766666666666,5544.033333333334,37343.933333333334,34205.566666666666,24886.566666666666,17868.766666666666,94154.66666666667,30154.1,19268.266666666666,8378.333333333334,20799.9,28148.133333333335,7787.966666666666,11107.533333333333,14024.833333333334,9921.566666666668,34916.76666666667,96448.83333333333,52829.333333333336,88711.0,80100.06666666667
2025-07-01,16549.4,35298.5,48924.433333333334,9755.6,13156.233333333334,24671.8,46230.23333333333,22033.833333333332,11349.033333333333,17114.866666666665,54783.933333333334,15209.233333333334,98299.1,15892.433333333332,44890.833333333336,3056.5333333333333,25294.366666666665,,8749.866666666667,14155.966666666667,17313.333333333332,72083.9,7077.566666666667,28591.933333333334,69178.26666666666,11599.0,,,6108.966666666666,61025.566666666666,19100.166666666668,20064.4,4937.066666666667,13294.133333333333,,,,,,,,,,,,,,,19407.166666666668,8437.5,20503.5,27718.2,,,,,,,52947.1,89200.36666666667,80272.6
2025-07-02,16566.0,35378.03333333333,48957.9,9771.433333333332,13193.033333333333,24690.4,46484.433333333334,22024.233333333334,11477.1,16906.4,54918.833333333336,15252.166666666666,98580.06666666667,15869.666666666666,44967.0,3101.3,25356.233333333334,,8767.566666666668,14156.7,17337.166666666668,71994.83333333333,7102.166666666667,28626.566666666666,69433.36666666667,11635.2,,,6143.566666666667,61369.36666666667,19124.3,20205.333333333332,4878.1,13357.333333333334,,,,,,,,,,,,,,,19624.466666666667,9145.666666666666,20221.833333333332,27283.233333333334,,,,,,,52992.63333333333,89463.4,80378.26666666666
2025-07-03,16541.966666666667,35614.933333333334,49113.666666666664,9805.5,13284.233333333334,24711.9,46822.4,22066.533333333333,11593.066666666668,16648.5,55129.4,15294.366666666667,99062.56666666667,15896.366666666667,45180.03333333333,3142.766666666667,25504.533333333333,,8921.5,14276.766666666666,17436.7,71235.76666666666,7106.433333333333,28701.9,69864.6,11672.233333333334,,,6165.266666666666,61775.833333333336,19189.466666666667,20366.0,4892.033333333334,13488.233333333334,,,,,,,,,,,,,,,19613.8,9100.766666666666,20407.166666666668,27321.6,,,,,,,53104.4,89859.5,80660.03333333334
2025-07-04,16483.3,35706.23333333333,49308.9,9744.533333333333,13291.0,24486.0,46929.4,21930.766666666666,11467.566666666668,16618.033333333333,54264.833333333336,15340.733333333334,98553.0,15791.766666666666,44607.8,3126.5666666666666,25518.1,,8820.666666666666,14077.766666666666,17392.333333333332,70354.16666666667,7052.0,28487.8,69936.3,11691.033333333333,,,6183.833333333333,62076.333333333336,19231.9,20579.1,4951.566666666667,13747.766666666666,,,,,,,,,,,,,,,19434.133333333335,8985.766666666666,20415.033333333333,27302.933333333334,,,,,,,52826.96666666667,89922.1,80791.33333333333
2025-07-07,16395.066666666666,35794.833333333336,49232.566666666666,9783.366666666667,13278.066666666668,24495.633333333335,46965.63333333333,21992.633333333335,11528.033333333333,16609.233333333334,54727.433333333334,15300.766666666666,98714.03333333334,15854.366666666667,44915.73333333333,3137.733333333333,25653.8,,8845.8,14157.4,17468.466666666667,70606.06666666667,7086.6,28554.866666666665,69986.53333333334,11691.733333333334,,,6180.8,62311.46666666667,19205.4,20607.666666666668,5010.566666666667,13786.0,,,,,,,,,,,,,,,19520.666666666668,9037.333333333334,20348.4,27228.366666666665,,,,,,,53037.333333333336,89649.1,80732.36666666667
2025-07-08,16444.766666666666,35995.73333333333,49390.933333333334,9830.433333333332,13313.4,24571.366666666665,47039.73333333333,22073.8,11593.666666666666,16648.366666666665,55069.86666666667,15381.3,99261.56666666667,15939.933333333332,45147.4,3147.0666666666666,25752.633333333335,,8834.533333333333,14153.133333333333,17527.266666666666,71082.3,7089.266666666666,28601.133333333335,70312.83333333333,11751.8,,,6213.4,62731.9,19238.1,20709.166666666668,4875.9,13919.9,,,,,,,,,,,,,,,19576.0,9074.566666666668,20395.1,27462.066666666666,,,,,,,53198.86666666667,90011.7,80871.4
2025-07-09,16485.1,36113.333333333336,49625.26666666667,9860.066666666668,13333.966666666667,24583.466666666667,47309.46666666667,22095.7,11615.833333333334,16652.0,55228.2,15376.166666666666,99580.83333333333,16003.333333333334,45314.4,3151.633333333333,25822.466666666667,,8878.966666666667,14139.033333333333,17620.433333333334,71331.53333333334,7096.566666666667,28581.633333333335,70494.3,11803.566666666668,,,6261.066666666667,62929.73333333333,19267.133333333335,20803.766666666666,4871.533333333334,13974.966666666667,,,,,,,,,,,,,,,19590.2,9094.966666666667,20403.0,27541.333333333332,,,,,,,53366.433333333334,90120.3,80981.46666666666
2025-07-10,16536.033333333333,36351.13333333333,49940.46666666667,9897.566666666668,13358.033333333333,24608.766666666666,47562.96666666667,22113.166666666668,11650.066666666668,16647.166666666668,55269.5,15380.733333333334,99991.06666666667,16018.466666666667,45424.333333333336,3156.3333333333335,25825.7,,8890.2,14080.9,17740.766666666666,71586.6,7105.633333333333,28647.266666666666,70356.2,11836.766666666666,,,6297.833333333333,63214.26666666667,19268.633333333335,20880.966666666667,4863.766666666666,14014.233333333334,,,,,,,,,,,,,,,19647.766666666666,9116.433333333332,20408.3,27590.6,,,,,,,53467.066666666666,90357.23333333334,81072.86666666667
2025-07-11,16552.333333333332,36536.23333333333,50241.566666666666,9898.233333333334,13379.1,24651.333333333332,47731.566666666666,22117.433333333334,11601.033333333333,16672.933333333334,55303.46666666667,15372.333333333334,100114.96666666666,15986.733333333334,45485.26666666667,3140.1,25717.966666666667,,8899.5,14035.4,17812.9,71648.16666666667,7100.833333333333,28637.2,70235.13333333333,11859.133333333333,,,6319.333333333333,63451.46666666667,19250.466666666667,20875.233333333334,4869.5,14182.2,,,,,,,,,,,,,,,19634.133333333335,9107.666666666666,20379.6,27568.466666666667,,,,,,,53587.2,90518.16666666667,80886.4
2025-07-14,16530.233333333334,36758.46666666667,50278.0,9929.333333333334,13416.066666666668,24628.566666666666,47941.23333333333,22111.066666666666,11676.133333333333,16711.3,55129.933333333334,15369.466666666667,100290.0,16018.1,45497.1,3157.0666666666666,25882.666666666668,,8933.566666666668,13995.633333333333,17879.533333333333,71770.13333333333,7105.666666666667,28650.433333333334,70448.5,11929.7,,,6376.0,63634.4,19266.266666666666,21026.0,4851.166666666667,14218.766666666666,,,,,,,,,,,,,,,19676.666666666668,9162.766666666666,20443.7,27711.533333333333,,,,,,,53639.36666666667,90657.0,80961.76666666666
2025-07-15,16491.266666666666,36810.23333333333,50323.833333333336,9935.5,13407.566666666668,24586.9,48061.566666666666,22107.333333333332,11703.466666666667,16740.966666666667,53498.13333333333,18354.0,98613.8,15561.566666666668,44687.96666666667,,,,9136.2,14460.766666666666,19888.066666666666,69757.1,9968.866666666667,,,,,,6398.533333333334,64211.1,19398.4,20534.1,5155.966666666666,14354.666666666666,,,,,,,,,,,,,,,19687.5,9152.733333333334,20559.4,27849.066666666666,,,,,,,53599.63333333333,90757.36666666667,81080.5
2025-07-16,16456.5,37025.36666666667,50448.433333333334,9917.5,13437.866666666667,24520.0,48197.96666666667,22095.0,11666.5,16769.6,53462.53333333333,18351.266666666666,95656.33333333333,16614.8,43104.96666666667,,,,9130.566666666668,14427.0,19912.033333333333,69737.33333333333,9977.933333333332,,,,,,6812.533333333334,62606.166666666664,19373.966666666667,20018.466666666667,6284.533333333334,,,,,,,,,,,,,,,,19658.4,9134.433333333332,20623.566666666666,27975.9,,,,,,,53650.1,90869.33333333333,81125.33333333333
2025-07-17,16389.166666666668,37070.36666666667,50357.03333333333,9918.533333333333,13387.933333333332,24411.4,48254.73333333333,22066.933333333334,13376.9,19857.8,52026.933333333334,18779.3,,,,,,,9121.533333333333,14473.7,21983.566666666666,67300.73333333334,10768.933333333332,,,,,,6835.166666666667,62747.53333333333,19340.466666666667,20072.8,6265.633333333333,,,,,,,,,,,,,,,,19588.933333333334,9071.3,20618.366666666665,28004.8,,,,,,,53723.26666666667,90878.8,81205.5
2025-07-18,16324.2,37006.6,50268.63333333333,9912.5,13346.5,24360.433333333334,48259.433333333334,22059.166666666668,13365.766666666666,19845.466666666667,51936.166666666664,18687.033333333333,,,,,,,9099.1,14452.933333333332,21956.133333333335,67270.63333333333,10785.6,,,,,,6837.166666666667,62837.566666666666,19299.533333333333,20610.333333333332,6079.466666666666,,,,,,,,,,,,,,,,19557.366666666665,9059.3,20636.233333333334,28067.7,,,,,,,53812.1,90762.66666666667,80210.86666666667
2025-07-21,16298.533333333333,36963.03333333333,50321.86666666667,9867.166666666666,13348.4,24327.3,48330.166666666664,22042.0,13349.1,19848.266666666666,51731.76666666667,18626.3,,,,,,,9059.9,14388.7,21967.033333333333,67216.7,10777.266666666666,,,,,,6821.433333333333,62851.7,19258.666666666668,20644.1,6055.4,,,,,,,,,,,,,,,,19525.7,9056.333333333334,20670.366666666665,28069.433333333334,,,,,,,53405.6,90680.93333333333,80124.46666666666
2025-07-22,16230.866666666667,36908.7,50136.2,9872.066666666668,13322.833333333334,24307.9,48379.566666666666,22000.966666666667,13360.766666666666,19870.633333333335,51654.53333333333,18590.5,,,,,,,9070.533333333333,14315.9,22062.233333333334,67169.93333333333,10749.233333333334,,,,,,6856.266666666666,62901.96666666667,19203.466666666667,20625.033333333333,6005.533333333334,,,,,,,,,,,,,,,,19508.666666666668,9040.3,20603.6,28098.866666666665,,,,,,,53316.0,90626.56666666667,80092.96666666666
2025-07-23,16173.033333333333,36757.3,50071.066666666666,9843.433333333332,13330.666666666666,24252.9,48357.9,21991.1,13345.3,19863.533333333333,51584.566666666666,18545.633333333335,,,,,,,9034.5,14267.9,22046.6,67011.93333333333,10754.166666666666,,,,,,6846.733333333334,62935.5,19166.9,20614.333333333332,5975.9,,,,,,,,,,,,,,,,19484.766666666666,9024.9,20614.566666666666,28070.733333333334,,,,,,,53231.566666666666,90516.66666666667,80129.6
2025-07-24,16055.833333333334,36577.96666666667,49915.3,9830.1,13316.133333333333,24168.3,48343.566666666666,21992.8,13346.833333333334,19890.833333333332,51540.1,18506.033333333333,,,,,,,8999.933333333332,14233.1,22070.533333333333,66915.7,10737.166666666666,,,,,,6850.033333333334,63036.03333333333,19106.633333333335,20638.766666666666,5933.1,,,,,,,,,,,,,,,,19470.3,9012.066666666668,20657.6,28059.2,,,,,,,53139.833333333336,90373.86666666667,80149.8
2025-07-25,16032.766666666666,36597.73333333333,50064.066666666666,9855.433333333332,13344.433333333332,24153.033333333333,48424.46666666667,21991.866666666665,13336.7,19904.366666666665,51566.433333333334,18437.5,,,,,,,9007.166666666666,14217.133333333333,22163.6,66925.5,10732.433333333332,,,,,,6854.9,63179.9,19043.8,20586.566666666666,5914.6,,,,,,,,,,,,,,,,19484.7,9017.466666666667,20757.933333333334,28151.066666666666,,,,,,,53168.96666666667,90477.5,80347.43333333333
2025-07-28,16041.133333333333,36607.666666666664,49884.46666666667,9836.066666666668,13322.6,24143.2,48399.7,21931.2,13338.266666666666,19928.8,51486.4,18375.9,,,,,,,8986.366666666667,14165.866666666667,22110.5,66854.46666666666,10730.933333333332,,,,,,6845.233333333334,63245.73333333333,19000.533333333333,20629.933333333334,5899.633333333333,,,,,,,,,,,,,,,,19478.2,8994.8,20833.4,28150.833333333332,,,,,,,53117.96666666667,90538.83333333333,80287.16666666667
2025-07-29,15959.3,36587.8,49811.0,9804.1,13325.933333333332,24080.2,48418.566666666666,21886.033333333333,13318.933333333332,19968.833333333332,51407.5,18319.4,,,,,,,8969.366666666667,14053.566666666668,22077.566666666666,66751.33333333333,10726.333333333334,,,,,,6828.833333333333,63325.4,18957.0,20657.4,5874.266666666666,,,,,,,,,,,,,,,,19473.5,8965.666666666666,20955.5,28208.666666666668,,,,,,,53049.066666666666,90476.93333333333,80205.73333333334
2025-07-30,15911.233333333334,36598.13333333333,49527.73333333333,9761.233333333334,13381.733333333334,24032.266666666666,48438.53333333333,21807.433333333334,13338.6,19980.0,51304.63333333333,18269.933333333334,,,,,,,8931.2,14005.8,22090.233333333334,66645.03333333334,10711.0,,,,,,6825.533333333334,63347.5,18891.566666666666,20692.433333333334,5858.866666666667,,,,,,,,,,,,,,,,19432.566666666666,8946.066666666668,21017.633333333335,28186.8,,,,,,,52885.03333333333,90366.8,80094.73333333334
2025-07-31,15855.366666666667,36233.36666666667,49465.333333333336,9648.0,13380.1,24041.9,48362.13333333333,21740.566666666666,13281.7,20010.766666666666,51241.76666666667,18220.666666666668,,,,,,,8888.633333333333,14002.666666666666,22001.7,66426.7,10698.4,,,,,,6800.0,63172.2,18817.9,20688.8,5815.233333333334,,,,,,,,,,,,,,,,19404.8,8893.033333333333,21064.533333333333,28168.466666666667,,,,,,,52742.7,90254.4,79936.76666666666
2025-08-01,15806.766666666666,35947.8,49419.166666666664,9547.633333333333,13322.733333333334,23986.2,48201.0,21680.366666666665,13231.866666666667,20015.033333333333,51177.4,18197.533333333333,,,,,,,8857.333333333334,13969.1,21910.266666666666,66241.16666666667,10692.566666666668,,,,,,6780.866666666667,63190.03333333333,18717.9,20734.866666666665,5775.933333333333,,,,,,,,,,,,,,,,19376.166666666668,8882.333333333334,21092.633333333335,28120.6,,,,,,,52618.53333333333,90114.53333333334,79796.53333333334
2025-08-04,15772.2,35877.86666666667,49313.0,9516.5,13292.966666666667,23951.166666666668,48171.96666666667,21632.6,13222.733333333334,19993.8,50987.13333333333,18155.633333333335,,,,,,,8818.3,14037.666666666666,23395.233333333334,64357.26666666667,11409.333333333334,,,,,,6799.366666666667,63143.433333333334,18641.166666666668,20793.8,5748.766666666666,,,,,,,,,,,,,,,,19364.966666666667,8840.0,21085.766666666666,28081.233333333334,,,,,,,52483.63333333333,90033.6,79707.83333333333
2025-08-05,15697.033333333333,35921.6,49197.8,9481.6,13240.266666666666,23872.2,48048.86666666667,21575.833333333332,13217.233333333334,19942.866666666665,50744.2,18106.766666666666,,,,,,,8759.766666666666,13936.6,23367.4,64107.73333333333,11378.9,,,,,,6811.4,63054.1,18552.1,20836.4,5744.933333333333,,,,,,,,,,,,,,,,19323.033333333333,8799.966666666667,21057.366666666665,28050.866666666665,,,,,,,52333.166666666664,89928.36666666667,79612.63333333333
2025-08-06,15673.633333333333,35893.46666666667,49043.3,9438.166666666666,13200.933333333332,23815.2,47945.9,21523.233333333334,13203.766666666666,19949.666666666668,50520.4,18031.1,,,,,,,8708.4,13563.933333333332,23298.266666666666,63981.73333333333,11352.9,,,,,,6818.233333333334,62915.5,18445.0,20868.6,5727.366666666667,,,,,,,,,,,,,,,,19267.333333333332,8739.766666666666,21079.233333333334,28020.133333333335,,,,,,,52225.6,89850.26666666666,79522.03333333334
2025-08-07,15598.533333333333,35795.6,48904.03333333333,9341.4,13130.366666666667,23735.9,47491.4,21510.566666666666,13136.3,20001.333333333332,50302.26666666667,17970.833333333332,,,,,,,8614.366666666667,13467.3,23083.866666666665,63628.833333333336,11316.166666666666,,,,,,6664.533333333334,62683.3,18312.3,20880.9,5710.0,,,,,,,,,,,,,,,,19195.233333333334,8687.266666666666,21091.2,27959.7,,,,,,,52071.933333333334,89577.43333333333,79304.63333333333
2025-08-08,15528.033333333333,35671.933333333334,48743.166666666664,9330.8,13024.133333333333,23639.833333333332,47356.7,21404.333333333332,13192.466666666667,19959.666666666668,50212.63333333333,17912.7,,,,,,,8597.833333333334,13388.133333333333,23056.133333333335,63495.666666666664,11276.633333333333,,,,,,6651.366666666667,62237.566666666666,18192.6,20709.266666666666,5635.966666666666,,,,,,,,,,,,,,,,19156.966666666667,8686.866666666667,21076.9,27955.1,,,,,,,51973.0,89091.73333333334,79104.6
2025-08-11,15502.166666666666,35634.13333333333,48586.3,9295.466666666667,12998.366666666667,23608.8,47115.36666666667,21339.966666666667,13182.666666666666,19946.466666666667,50025.03333333333,17882.5,,,,,,,8543.066666666668,13325.0,22994.933333333334,63345.2,11250.633333333333,,,,,,6622.3,62091.46666666667,18099.466666666667,20733.0,5622.1,,,,,,,,,,,,,,,,19091.833333333332,8648.533333333333,21086.433333333334,27914.066666666666,,,,,,,52061.73333333333,89077.73333333334,78975.3
2025-08-12,15467.6,35616.333333333336,48465.066666666666,9270.5,13008.6,23585.633333333335,46899.36666666667,21261.266666666666,13129.966666666667,19977.2,49827.933333333334,17839.5,,,,,,,8507.133333333333,13231.4,22910.4,63218.166666666664,11223.4,,,,,,6634.433333333333,61918.066666666666,18002.033333333333,20762.966666666667,5670.666666666667,,,,,,15679.566666666668,44561.26666666667,14837.2,6299.066666666667,40392.6,38063.433333333334,20036.066666666666,16902.666666666668,95137.96666666666,32019.8,19070.7,8610.6,21481.466666666667,28491.166666666668,8476.633333333333,13570.7,,,,,51954.166666666664,89225.33333333333,78843.63333333333
2025-08-13,15373.866666666667,35471.03333333333,48190.36666666667,9235.8,12861.866666666667,23463.733333333334,46580.433333333334,21107.4,12990.433333333332,20181.433333333334,49406.2,17753.3,,,,,,,8461.633333333333,13097.066666666668,22858.5,62962.833333333336,11172.466666666667,,,,,,6630.566666666667,61637.933333333334,17865.4,20707.0,5697.833333333333,,,,,,15668.333333333334,44237.433333333334,14738.966666666667,6247.3,40311.4,37996.9,19868.433333333334,16872.466666666667,94942.3,31881.9,18793.866666666665,7863.3,21786.366666666665,28960.666666666668,7500.2,10212.833333333334,14113.866666666667,9379.233333333334,33328.666666666664,97344.0,51688.2,88883.93333333333,78582.6
2025-08-14,15296.833333333334,35423.76666666667,47809.23333333333,9176.7,12703.3,23275.466666666667,46166.066666666666,20946.3,12845.166666666666,20441.166666666668,48952.933333333334,17607.133333333335,,,,,,,8253.0,12820.466666666667,22707.7,63393.1,11122.3,,,,,,6622.633333333333,61265.96666666667,17719.566666666666,20618.733333333334,5667.566666666667,,,,,,15553.733333333334,43840.03333333333,14642.666666666666,6169.333333333333,40436.666666666664,37248.333333333336,19617.4,19507.633333333335,92391.33333333333,,18751.266666666666,7857.033333333334,21655.333333333332,28949.133333333335,7482.466666666666,10135.6,14041.5,9348.4,35254.9,,51386.46666666667,88430.86666666667,78228.73333333334
2025-08-15,15200.033333333333,35242.46666666667,47355.6,9143.866666666667,12586.766666666666,23155.966666666667,45814.2,20814.0,12825.6,20399.933333333334,48745.76666666667,17538.066666666666,,,,,,,8224.4,12715.733333333334,22637.0,63297.9,11089.7,,,,,,6605.533333333334,60716.63333333333,17543.166666666668,20422.366666666665,5601.0,,,,,,16215.433333333332,,,,,,,,,,18907.1,8633.5,23657.866666666665,,,,,,,,51182.566666666666,87998.93333333333,77913.23333333334
2025-08-18,15126.4,35113.96666666667,47193.46666666667,9089.233333333334,12548.533333333333,23043.9,45632.933333333334,20711.166666666668,12800.7,20334.633333333335,48467.6,17449.566666666666,,,,,,,8171.933333333333,12605.633333333333,22542.766666666666,63037.23333333333,11031.033333333333,,,,,,6569.966666666666,60411.666666666664,17416.633333333335,20357.666666666668,5574.3,,,,,,16145.933333333332,,,,,,,,,,18806.733333333334,8577.4,23608.6,,,,,,,,50955.3,87735.8,77651.03333333334
2025-08-19,15016.266666666666,34965.86666666667,46916.833333333336,9035.066666666668,12475.1,22929.766666666666,45374.53333333333,20588.7,12718.5,20346.733333333334,48123.066666666666,17339.0,,,,,,,8116.9,12423.7,22461.8,62754.566666666666,10974.433333333332,,,,,,6544.766666666666,60035.36666666667,17281.7,20295.366666666665,5684.866666666667,,,,,,16060.833333333334,,,,,,,,,,18712.1,8536.6,23546.533333333333,,,,,,,,50676.0,87359.46666666666,77305.76666666666
2025-08-20,14922.766666666666,34982.8,46675.1,8972.433333333332,12428.233333333334,22828.2,45121.7,20479.566666666666,12681.566666666668,20312.766666666666,47802.36666666667,17302.233333333334,,,,,,,8050.9,12346.833333333334,22353.333333333332,62325.73333333333,10936.533333333333,,,,,,6492.7,59765.63333333333,17139.566666666666,20223.366666666665,5663.8,,,,,,16080.333333333334,,,,,,,,,,18577.633333333335,8474.133333333333,23503.466666666667,,,,,,,,50393.0,87062.7,77013.03333333334
2025-08-21,14857.966666666667,34637.2,46385.76666666667,8899.366666666667,12350.266666666666,22723.966666666667,44787.666666666664,20354.066666666666,12614.366666666667,20284.733333333334,47517.6,17236.533333333333,,,,,,,8000.3,12285.8,22190.866666666665,61829.3,10887.566666666668,,,,,,6437.7,59322.76666666667,17001.066666666666,20128.5,5646.433333333333,,,,,,16351.466666666667,,,,,,,,,,18438.333333333332,8410.7,23441.933333333334,,,,,,,,50059.46666666667,86569.5,76692.6
2025-08-22,14762.633333333333,34414.333333333336,46176.566666666666,8839.033333333333,12310.266666666666,22599.666666666668,44640.3,20264.166666666668,12615.2,20273.833333333332,47302.5,17291.966666666667,,,,,,,7963.766666666666,12243.833333333334,22112.9,61595.23333333333,10858.066666666668,,,,,,6380.133333333333,59016.36666666667,16905.933333333334,20078.966666666667,5642.333333333333,,,,,,16443.566666666666,,,,,,,,,,18379.066666666666,8385.8,23441.666666666668,,,,,,,,49853.566666666666,86259.46666666666,77203.13333333333
2025-08-26,14776.133333333333,34327.6,46314.03333333333,8851.333333333334,12306.1,22628.9,44673.0,20216.233333333334,12645.3,20249.4,47523.23333333333,17273.066666666666,,,,,,,7955.4,12238.3,22174.2,61600.433333333334,10870.066666666668,,,,,,6364.433333333333,59008.26666666667,16828.333333333332,20021.7,5652.4,,,,,,16401.233333333334,,,,,,,,,,18337.533333333333,8316.566666666668,23479.1,,,,,,,,49681.7,86417.66666666667,77087.36666666667
2025-08-27,14731.033333333333,34305.46666666667,46228.9,8816.133333333333,12337.166666666666,22530.6,44619.333333333336,20118.9,12657.4,20180.2,48808.2,14235.333333333334,,,,,,,7715.6,11640.666666666666,20165.8,63441.3,7963.266666666666,28756.4,65514.566666666666,,,,6358.933333333333,58828.23333333333,16608.5,20609.533333333333,5331.233333333334,,,,,,16417.733333333334,,,,,,,,,,18244.7,8265.633333333333,23485.066666666666,,,,,,,,49305.6,85945.53333333334,76841.93333333333
2025-08-28,14707.2,34081.53333333333,45976.4,8796.4,12282.333333333334,22509.2,44477.333333333336,20043.766666666666,12678.833333333334,20143.033333333333,48597.8,14180.833333333334,,,,,,,7698.566666666667,11575.9,20069.1,63367.0,7940.4,29269.633333333335,67608.0,14376.566666666668,,,5921.733333333334,60445.26666666667,16555.633333333335,21199.033333333333,4194.233333333334,12672.5,,,,,16501.733333333334,,,,,,,,,,18317.833333333332,8256.9,23467.733333333334,,,,,,,,49020.066666666666,85785.53333333334,76707.3
2025-08-29,14659.833333333334,33829.3,45717.5,8693.666666666666,12181.033333333333,22228.933333333334,44208.166666666664,19819.366666666665,10832.6,16956.566666666666,49114.46666666667,13697.266666666666,91989.73333333334,15404.6,39989.2,2973.5333333333333,26800.366666666665,26965.466666666667,7591.766666666666,11226.633333333333,17824.1,64817.03333333333,7065.8,27304.4,69506.36666666667,11359.766666666666,16128.433333333332,,5843.066666666667,60083.13333333333,16481.733333333334,21203.5,4199.533333333334,12810.566666666668,16266.133333333333,8459.033333333333,3234.4,38934.13333333333,16462.2,,,,,,,,,,18100.3,8142.433333333333,23332.433333333334,,,,,,,,48162.53333333333,85131.16666666667,76375.46666666666
2025-09-01,14575.466666666667,33712.96666666667,45457.36666666667,8718.233333333334,12159.066666666668,22197.233333333334,44051.6,19807.8,10883.3,16876.5,49350.666666666664,13596.966666666667,91657.1,15394.466666666667,40218.26666666667,2973.9666666666667,26671.1,26923.133333333335,7597.766666666666,11247.7,17836.166666666668,64917.933333333334,7067.5,27273.433333333334,69373.96666666666,11263.866666666667,16133.933333333332,,5806.333333333333,59937.36666666667,16389.533333333333,21123.066666666666,4199.4,12758.433333333332,16149.533333333333,8363.733333333334,3221.8,38851.933333333334,16220.933333333332,,,,,,,,,,18143.1,8179.433333333333,23246.633333333335,,,,,,,,47911.166666666664,84500.1,76087.8
2025-09-02,14654.966666666667,33742.7,45389.76666666667,8769.9,12190.333333333334,22305.633333333335,43987.4,19902.0,10959.1,16901.166666666668,50001.9,13660.766666666666,92003.5,15540.7,40565.166666666664,3006.0666666666666,26655.033333333333,26908.733333333334,7625.633333333333,11336.8,17851.733333333334,65426.8,7097.366666666667,27330.566666666666,69572.83333333333,11273.733333333334,16179.3,,5789.6,60050.13333333333,16345.333333333334,21078.633333333335,4183.7,12748.733333333334,16152.366666666667,8326.6,3229.0666666666666,38799.63333333333,16222.133333333333,,,,,,,,,,18223.5,8229.766666666666,23277.033333333333,,,,,,,,48084.566666666666,84642.16666666667,76318.23333333334
2025-09-03,14741.9,33719.566666666666,45342.96666666667,8779.5,12231.666666666666,22302.3,44020.63333333333,19878.3,10975.6,16855.133333333335,49906.4,13666.8,91859.06666666667,15508.6,40559.26666666667,3003.7,26531.0,26893.7,7637.166666666667,11328.033333333333,17834.4,65399.76666666667,7113.433333333333,27211.1,69628.06666666667,11291.866666666667,16147.133333333333,,5776.9,59927.5,16322.8,21021.433333333334,4173.766666666666,12718.833333333334,16149.466666666667,8305.7,3225.2,38816.3,16192.766666666666,,,,,,,,,,18238.4,8252.4,23412.566666666666,,,,,,,,47903.7,84482.9,76111.66666666667
2025-09-04,14800.6,33987.03333333333,45287.433333333334,8806.433333333332,12293.433333333332,22391.6,44071.933333333334,19866.633333333335,11023.733333333334,16847.666666666668,50020.13333333333,13674.666666666666,92020.36666666667,15532.3,40752.833333333336,2999.9,26457.266666666666,26872.4,7696.766666666666,11332.733333333334,17886.866666666665,65572.83333333333,7108.933333333333,27202.9,69701.46666666666,11291.033333333333,16164.166666666666,,5772.633333333333,59886.666666666664,16331.466666666667,20979.9,4158.966666666666,12694.1,16156.333333333334,8290.266666666666,3229.6,38777.36666666667,16141.7,,,,,,,,,,18277.933333333334,8263.8,23457.766666666666,,,,,,,,47896.433333333334,84587.7,75947.46666666666
2025-09-05,14825.066666666668,33798.8,45072.433333333334,8720.533333333333,12182.466666666667,22176.866666666665,44032.6,19676.866666666665,10893.133333333333,16719.166666666668,49099.53333333333,13657.5,91227.86666666667,15303.733333333334,40167.36666666667,2992.5333333333333,26285.3,26833.233333333334,7637.7,11148.066666666668,17695.366666666665,64739.76666666667,7053.066666666667,26888.6,69230.7,11245.566666666668,16013.133333333333,,5780.533333333334,59457.1,16305.4,20907.233333333334,4163.733333333334,12671.033333333333,16156.866666666667,8263.2,3219.133333333333,38610.76666666667,15989.666666666666,,,,,,,,,,18077.733333333334,8158.866666666667,23308.333333333332,,,,,,,,47560.1,84032.16666666667,75717.16666666667
2025-09-08,14324.566666666668,32551.6,43355.46666666667,,,,,,10568.6,17978.166666666668,47982.36666666667,13957.266666666666,88272.86666666667,14862.366666666667,40101.9,,,,9194.733333333334,10823.133333333333,19418.9,,,,,,,,7246.1,,,,,,,,,,15405.333333333334,,,,,,,,,,17569.6,,,,,,,,,,46016.36666666667,83078.13333333333,
2025-09-09,13893.366666666667,31512.533333333333,42257.3,,,,,,10313.766666666666,19622.333333333332,46491.26666666667,14674.166666666666,85605.16666666667,15521.966666666667,,,,,11031.833333333334,10514.666666666666,18905.733333333334,,,,,,,,7056.033333333334,,,,,,,,,,14949.8,,,,,,,,,,17080.3,,,,,,,,,,44444.2,80811.1,
2025-09-10,13382.233333333334,30347.366666666665,40646.26666666667,,,,,,9912.333333333334,20932.166666666668,44665.433333333334,15291.133333333333,82502.53333333334,14932.166666666666,,,,,12620.866666666667,12805.3,,,,,,,,,8887.5,,,,,,,,,,14409.733333333334,,,,,,,,,,16382.933333333332,,,,,,,,,,44843.76666666667,,
2025-09-11,12875.2,29059.633333333335,39190.13333333333,,,,,,9484.9,22710.366666666665,42687.03333333333,15931.333333333334,80235.53333333334,,,,,,14442.0,12345.166666666666,,,,,,,,,8673.233333333334,,,,,,,,,,13872.933333333332,,,,,,,,,,15717.8,,,,,,,,,,43043.2,,
2025-09-12,12797.1,28813.1,38956.833333333336,,,,,,9315.166666666666,22487.966666666667,41686.2,15785.666666666666,79384.13333333333,,,,,,14347.833333333334,12022.533333333333,,,,,,,,,8644.166666666666,,,,,,,,,,13677.0,,,,,,,,,,15425.8,,,,,,,,,,42274.9,,
2025-09-15,12769.133333333333,28868.333333333332,38853.8,,,,,,9373.1,22437.3,42157.53333333333,15720.233333333334,79506.73333333334,,,,,,14401.266666666666,12131.8,,,,,,,,,8619.6,,,,,,,,,,13547.366666666667,,,,,,,,,,15520.766666666666,,,,,,,,,,42295.7,,
2025-09-16,12945.133333333333,29178.766666666666,39181.1,,,,,,9431.6,22528.633333333335,42900.833333333336,15770.2,80412.93333333333,,,,,,14498.766666666666,12162.7,,,,,,,,,8621.8,,,,,,,,,,13525.5,,,,,,,,,,15668.7,,,,,,,,,,42707.73333333333,,
2025-09-17,13061.766666666666,29125.966666666667,39300.166666666664,,,,,,9417.433333333332,22564.866666666665,43153.066666666666,15798.666666666666,80830.33333333333,,,,,,14562.166666666666,12243.166666666666,,,,,,,,,8613.2,,,,,,,,,,13481.566666666668,,,,,,,,,,15691.8,,,,,,,,,,42723.76666666667,,
2025-09-18,13136.366666666667,29279.7,39365.833333333336,,,,,,9456.733333333334,22607.1,43614.1,15850.633333333333,81381.13333333333,,,,,,14657.366666666667,12631.566666666668,,,,,,,,,8605.9,,,,,,,,,,13425.933333333332,,,,,,,,,,15745.966666666667,,,,,,,,,,42964.8,,
2025-09-19,13087.3,29272.7,39409.23333333333,,,,,,9404.133333333333,22458.666666666668,42931.46666666667,15878.7,80833.26666666666,,,,,,14702.466666666667,12517.3,,,,,,,,,8768.933333333332,,,,,,,,,,13380.866666666667,,,,,,,,,,15577.566666666668,,,,,,,,,,42766.6,,
2025-09-22,13132.666666666666,29330.9,39418.0,,,,,,9457.466666666667,22473.166666666668,43387.23333333333,15830.766666666666,80988.36666666667,,,,,,14775.133333333333,12643.733333333334,,,,,,,,,8764.033333333333,,,,,,,,,,13253.366666666667,,,,,,,,,,15661.5,,,,,,,,,,42822.13333333333,,
2025-09-23,13367.7,29612.833333333332,39859.0,,,,,,9560.7,22590.633333333335,44182.76666666667,15930.666666666666,81893.1,,,,,,14900.366666666667,12835.833333333334,,,,,,,,,8758.533333333333,,,,,,,,,,13252.633333333333,,,,,,,,,,15779.8,,,,,,,,,,43247.7,,
2025-09-24,13522.066666666668,29741.433333333334,40190.166666666664,,,,,,9596.033333333333,22624.433333333334,44544.73333333333,15996.666666666666,82372.6,,,,,,14971.2,12962.1,,,,,,,,,8751.266666666666,,,,,,,,,,13260.566666666668,,,,,,,,,,15753.233333333334,,,,,,,,,,43518.833333333336,,
2025-09-25,13677.133333333333,30012.4,40556.9,,,,,,9641.366666666667,22703.833333333332,45018.96666666667,16046.166666666666,82937.76666666666,,,,,,15054.733333333334,13079.733333333334,,,,,,,,,8753.8,,,,,,,,,,13236.033333333333,,,,,,,,,,15822.6,,,,,,,,,,43798.666666666664,,
2025-09-26,13742.866666666667,29873.866666666665,40785.0,,,,,,9555.166666666666,22665.133333333335,44468.96666666667,16162.666666666666,82831.3,,,,,,15016.666666666666,13056.4,,,,,,,,,8752.166666666666,,,,,,,,,,13270.566666666668,,,,,,,,,,15703.3,,,,,,,,,,43658.26666666667,,
2025-09-29,13814.633333333333,29968.6,40879.566666666666,,,,,,9614.466666666667,22683.9,45029.23333333333,16095.266666666666,83014.7,,,,,,15096.533333333333,13223.4,,,,,,,,,8725.166666666666,,,,,,,,,,12450.033333333333,,,,,,,,,,,,,,,,,,,,43979.36666666667,,
2025-09-30,14058.4,30297.133333333335,41336.1,,,,,,9734.1,22855.666666666668,45797.03333333333,16180.4,84002.93333333333,,,,,,15219.933333333332,13431.733333333334,,,,,,,,,8746.266666666666,,,,,,,,,,12505.666666666666,,,,,,,,,,,,,,,,,,,,44522.1,,
2025-10-01,14260.566666666668,30415.233333333334,41723.9,,,,,,9775.533333333333,22779.6,44776.333333333336,16794.133333333335,,,,,,,15420.566666666668,,,,,,,,,,9199.433333333332,,,,,,,,,,12520.6,,,,,,,,,,,,,,,,,,,,44613.433333333334,,
2025-10-02,14395.866666666667,30473.4,41934.6,,,,,,10046.033333333333,24420.666666666668,46690.76666666667,16942.7,,,,,,,15500.3,,,,,,,,,,9209.966666666667,,,,,,,,,,12467.133333333333,,,,,,,,,,,,,,,,,,,,44902.8,,
2025-10-03,14496.433333333332,30526.933333333334,42087.73333333333,,,,,,9977.433333333332,24454.1,46198.166666666664,17022.633333333335,,,,,,,15536.533333333333,,,,,,,,,,9242.766666666666,,,,,,,,,,12432.933333333332,,,,,,,,,,,,,,,,,,,,44890.0,,
2025-10-06,14594.866666666667,30613.266666666666,42018.13333333333,,,,,,10011.966666666667,24501.666666666668,46702.666666666664,16885.033333333333,,,,,,,15620.1,,,,,,,,,,9253.3,,,,,,,,,,12296.733333333334,,,,,,,,,,,,,,,,,,,,45184.23333333333,,
2025-10-07,14799.866666666667,30772.366666666665,42162.36666666667,,,,,,10050.2,24618.066666666666,47257.1,16943.633333333335,,,,,,,15708.533333333333,,,,,,,,,,9245.233333333334,,,,,,,,,,12299.333333333334,,,,,,,,,,,,,,,,,,,,45620.6,,
2025-10-08,14947.0,30834.9,42394.333333333336,,,,,,9994.866666666667,24660.566666666666,47602.666666666664,16990.933333333334,,,,,,,15758.0,,,,,,,,,,9234.8,,,,,,,,,,12260.7,,,,,,,,,,,,,,,,,,,,46038.4,,
2025-10-09,15104.9,31157.933333333334,42680.4,,,,,,10054.066666666668,24750.0,48008.0,17055.566666666666,,,,,,,15827.6,,,,,,,,,,9267.5,,,,,,,,,,12119.1,,,,,,,,,,,,,,,,,,,,46382.36666666667,,
2025-10-10,15247.666666666666,31338.3,42897.6,,,,,,10076.4,24821.966666666667,48222.833333333336,17094.566666666666,,,,,,,15874.133333333333,,,,,,,,,,9357.0,,,,,,,,,,12107.366666666667,,,,,,,,,,,,,,,,,,,,46909.96666666667,,
2025-10-13,15359.966666666667,31524.0,43105.333333333336,,,,,,10099.466666666667,24939.2,48360.13333333333,17131.066666666666,,,,,,,15935.9,,,,,,,,,,9392.866666666667,,,,,,,,,,12219.466666666667,,,,,,,,,,,,,,,,,,,,47299.066666666666,,
2025-10-14,15496.633333333333,31774.633333333335,43420.13333333333,,,,,,10141.366666666667,25089.766666666666,48529.53333333333,17161.433333333334,,,,,,,16008.8,,,,,,,,,,9427.666666666666,,,,,,,,,,12284.066666666668,,,,,,,,,,,,,,,,,,,,47805.2,,
2025-10-15,15543.7,31902.966666666667,43648.63333333333,,,,,,10142.733333333334,25194.333333333332,48735.73333333333,17196.966666666667,,,,,,,16068.5,,,,,,,,,,9458.966666666667,,,,,,,,,,12339.7,,,,,,,,,,,,,,,,,,,,48132.833333333336,,
2025-10-16,15631.833333333334,31843.733333333334,43899.566666666666,,,,,,10142.366666666667,25282.2,48855.63333333333,17196.533333333333,,,,,,,16094.466666666667,,,,,,,,,,9484.4,,,,,,,,,,12364.0,,,,,,,,,,,,,,,,,,,,48244.5,,
2025-10-17,15726.8,32016.233333333334,44196.73333333333,,,,,,10159.4,25397.966666666667,48946.73333333333,17257.633333333335,,,,,,,16115.433333333332,,,,,,,,,,9494.5,,,,,,,,,,12271.333333333334,,,,,,,,,,,,,,,,,,,,48363.4,,
2025-10-20,16216.166666666666,33124.666666666664,45787.933333333334,9286.4,,,,,10508.533333333333,24219.2,50406.5,16828.933333333334,,,,,,,14618.666666666666,,,,,,,,,,8018.666666666667,60367.53333333333,,,,,,,,,12733.1,,,,,,,,,,,,,,,,,,,,49982.2,,
2025-10-21,16717.0,34413.8,47159.2,9557.233333333334,,,,,10860.133333333333,22709.066666666666,52474.2,16137.533333333333,,,,,,,12894.566666666668,,,,,,,,,,8233.133333333333,60493.86666666667,,,,,,,,,13222.766666666666,,,,,,,,,,,,,,,,,,,,51899.3,,
2025-10-22,17231.733333333334,35632.53333333333,48824.23333333333,9886.566666666668,,,,,11271.833333333334,21442.633333333335,54331.5,15560.666666666666,,,,,,,11364.966666666667,,,,,,,,,,6430.133333333333,62654.6,17460.666666666668,18027.2,,,,,,,13788.433333333332,41256.066666666666,,,,,,,,,,,,,,,,,,,51456.166666666664,87033.2,
2025-10-23,17816.433333333334,36948.73333333333,50557.333333333336,10262.166666666666,12626.833333333334,24405.3,47376.3,23579.5,11692.433333333332,19757.7,56535.833333333336,14955.2,,,,,,,9630.533333333333,,,,,,,,,,6645.2,62640.36666666667,18133.966666666667,18746.333333333332,,,,,,,14370.033333333333,42738.23333333333,,,,,,,,,,,,,,,,,,,53293.53333333333,87900.5,83087.66666666667
2025-10-24,17996.233333333334,37196.46666666667,50861.63333333333,10325.633333333333,12706.166666666666,24587.166666666668,47724.13333333333,23749.9,11766.566666666668,19969.566666666666,56835.4,15133.766666666666,,,,,,,9694.333333333334,,,,,,,,,,6692.766666666666,62808.0,18284.8,18871.066666666666,,,,,,,14519.733333333334,42977.9,,,,,,,,,,,,,,,,,,,53821.63333333333,88695.8,83345.43333333333
2025-10-27,18009.5,37281.53333333333,51092.36666666667,10326.466666666667,12752.666666666666,24619.5,47842.03333333333,23799.9,11771.0,20069.966666666667,56847.6,15153.066666666668,,,,,,,9695.433333333332,,,,,,,,,,6699.0,62958.63333333333,18373.7,19113.433333333334,,,,,,,14655.633333333333,43091.2,,,,,,,,,,,,,,,,,,,54012.7,88983.5,83818.76666666666
2025-10-28,18055.933333333334,37300.46666666667,51215.1,10329.0,12752.633333333333,24613.966666666667,47855.86666666667,23875.066666666666,11788.9,20181.266666666666,56835.76666666667,15140.566666666668,,,,,,,9688.466666666667,,,,,,,,,,6710.766666666666,63226.2,18452.133333333335,19340.5,,,,,,,14808.033333333333,43206.7,,,,,,,,,,,,,,,,,,,53956.96666666667,89219.4,84111.4
2025-10-29,18077.433333333334,37310.066666666666,51418.5,10254.7,12808.566666666668,24671.3,47929.76666666667,23974.766666666666,11681.633333333333,20324.266666666666,56856.066666666666,15134.966666666667,,,,,,,9657.033333333333,,,,,,,,,,6707.033333333334,63343.0,18573.5,19607.6,,,,,,,15005.5,43302.36666666667,,,,,,,,,,,,,,,,,,,53997.76666666667,89480.6,84514.7
2025-10-30,18094.6,37314.0,51737.333333333336,10167.766666666666,12869.0,24690.266666666666,47614.46666666667,24061.3,11556.033333333333,20433.666666666668,56847.96666666667,15134.633333333333,,,,,,,9602.266666666666,,,,,,,,,,6690.533333333334,63410.36666666667,18671.066666666666,19822.233333333334,,,,,,,15159.566666666668,43314.0,,,,,,,,,,,,,,,,,,,53893.8,89856.73333333334,84849.96666666666
2025-10-31,18224.766666666666,37198.9,51921.23333333333,10081.533333333333,12967.066666666668,24751.033333333333,47604.933333333334,24170.833333333332,11467.5,20576.833333333332,56964.53333333333,15199.566666666668,,,,,,,9543.433333333332,,,,,,,,,,6656.533333333334,63465.03333333333,18730.033333333333,19934.7,,,,,,,15217.1,43361.96666666667,,,,,,,,,,,,,,,,,,,53929.933333333334,90030.9,85083.4
2025-11-03,18184.666666666668,37189.46666666667,51924.36666666667,10036.066666666668,12996.5,24761.9,47594.566666666666,24148.933333333334,11406.266666666666,20572.8,57013.2,15190.033333333333,,,,,,,9527.566666666668,,,,,,,,,,6623.0,63470.3,18745.466666666667,19914.3,,,,,,,15223.933333333332,43372.833333333336,,,,,,,,,,,,,,,,,,,53976.4,90020.13333333333,84964.96666666666
2025-11-04,18132.7,37172.066666666666,51924.63333333333,10004.6,13020.266666666666,24815.733333333334,47599.96666666667,24166.5,11300.5,20598.2,57160.166666666664,15206.766666666666,,,,,,,9522.9,,,,,,,,,,6596.566666666667,63539.066666666666,18772.166666666668,19879.933333333334,,,,,,,15200.533333333333,43380.96666666667,,,,,,,,,,,,,,,,,,,54075.066666666666,90055.1,84979.83333333333
2025-11-05,18128.633333333335,37100.96666666667,51890.9,9963.833333333334,13055.666666666666,24843.133333333335,47895.6,24154.866666666665,11184.966666666667,20589.1,57308.73333333333,15216.833333333334,,,,,,,9494.5,,,,,,,,,,6574.2,63512.6,18792.533333333333,19865.166666666668,,,,,,,15157.666666666666,43463.433333333334,,,,,,,,,,,,,,,,,,,53952.3,90087.23333333334,84854.86666666667
2025-11-06,18104.166666666668,37021.5,51781.86666666667,9928.266666666666,13107.966666666667,24840.3,47799.4,24157.933333333334,11082.4,20554.8,57434.0,15234.966666666667,,,,,,,9464.366666666667,,,,,,,,,,6542.0,63597.433333333334,18809.833333333332,19852.766666666666,,,,,,,15123.7,43534.833333333336,,,,,,,,,,,,,,,,,,,53949.96666666667,90014.56666666667,84412.53333333334
2025-11-07,18110.0,36985.96666666667,51705.666666666664,9888.7,13140.333333333334,24874.366666666665,47745.76666666667,24162.566666666666,11005.566666666668,20567.333333333332,57517.9,15211.333333333334,,,,,,,9460.1,,,,,,,,,,6541.766666666666,63518.86666666667,18821.633333333335,19926.666666666668,,,,,,,15140.5,43584.53333333333,,,,,,,,,,,,,,,,,,,53973.76666666667,89884.26666666666,84275.46666666666
2025-11-10,18064.233333333334,36916.76666666667,51655.03333333333,9885.966666666667,13163.066666666668,24894.533333333333,47763.066666666666,24191.133333333335,10981.5,20587.333333333332,57597.73333333333,15215.5,,,,,,,9496.733333333334,,,,,,,,,,6548.866666666667,63582.0,18847.266666666666,20011.733333333334,,,,,,,15192.866666666667,44788.8,15448.6,4643.0,40055.23333333333,38151.666666666664,21645.366666666665,17325.0,92145.4,28694.633333333335,19317.5,8507.5,21724.7,27640.966666666667,7686.033333333334,12432.066666666668,14662.0,13639.633333333333,36241.76666666667,100510.66666666667,53924.13333333333,89724.16666666667,84214.9
2025-11-11,18060.966666666667,36918.166666666664,51595.3,9884.966666666667,13191.933333333332,24944.166666666668,47697.3,24212.166666666668,11029.466666666667,23486.433333333334,55570.0,15790.2,,,,,,,9508.1,,,,,,,,,,6547.233333333334,63746.36666666667,18655.633333333335,19657.4,,,,,,,15239.666666666666,44882.23333333333,15456.033333333333,4652.666666666667,40133.03333333333,38268.1,21664.066666666666,17299.966666666667,92119.8,28794.1,19322.266666666666,8517.766666666666,21802.1,27667.166666666668,7680.933333333333,12440.666666666666,14681.066666666668,13664.1,36260.2,100545.6,53925.86666666667,89726.33333333333,84091.9
2025-11-12,18032.333333333332,36942.36666666667,51554.76666666667,9886.133333333333,13223.833333333334,24964.566666666666,47687.3,24243.933333333334,11008.533333333333,23617.266666666666,57033.36666666667,15355.666666666666,,,,,,,9781.866666666667,13787.4,23000.9,73966.06666666667,,,,,,,6090.633333333333,63777.5,19160.633333333335,19373.733333333334,,,,,,,15328.433333333332,43887.2,15086.066666666668,5830.133333333333,40169.433333333334,38062.166666666664,,,,,,,,,,,,,,,54158.26666666667,89785.03333333334,84251.2
2025-11-13,18084.033333333333,37042.433333333334,51744.166666666664,9907.9,13305.533333333333,25070.933333333334,47817.7,24263.2,10807.766666666666,22085.4,55767.03333333333,15273.6,,,,,,,9808.233333333334,13842.866666666667,22973.2,74227.46666666666,,,,,,,8331.333333333334,62210.933333333334,19582.333333333332,19410.366666666665,5065.366666666667,,,,,,15470.633333333333,44022.63333333333,15117.266666666666,6477.233333333334,39508.2,40221.9,,,,,,,,,,,,,,,54158.23333333333,89902.06666666667,84263.93333333333
2025-11-14,18119.266666666666,37001.26666666667,51707.46666666667,9903.366666666667,13241.6,25006.666666666668,47671.7,24247.7,10786.066666666668,22060.0,55833.1,15307.866666666667,,,,,,,9772.133333333333,13830.733333333334,22957.3,74285.8,,,,,,,8324.466666666667,62533.73333333333,19603.866666666665,19506.8,5030.133333333333,,,,,,16447.866666666665,42906.666666666664,16117.533333333333,7727.933333333333,38690.23333333333,39347.0,,,,,,,,,,,,,,,54136.566666666666,89876.0,84245.53333333334
2025-11-17,17562.166666666668,36968.13333333333,51816.76666666667,9873.4,13277.166666666666,25113.133333333335,47676.3,24277.4,10769.933333333332,22025.7,56006.8,15330.366666666667,,,,,,,9778.7,13853.833333333334,22955.9,74323.36666666667,,,,,,,8325.633333333333,62629.566666666666,19580.633333333335,19598.533333333333,5021.233333333334,,,,,,16535.033333333333,42985.933333333334,16139.833333333334,7825.133333333333,38740.36666666667,39389.666666666664,,,,,,,,,,,,,,,54186.63333333333,89964.06666666667,84300.3
2025-11-18,18181.166666666668,37442.03333333333,50479.8,9974.033333333333,13845.7,25832.933333333334,46993.566666666666,,10758.666666666666,22025.566666666666,56193.03333333333,15348.2,,,,,,,9788.6,13879.833333333334,22941.1,74382.36666666667,,,,,,,8319.8,62845.96666666667,19571.9,19672.066666666666,5024.8,,,,,,16563.033333333333,43068.433333333334,16166.4,7852.2,38885.566666666666,39527.13333333333,,,,,,,,,,,,,,,54247.46666666667,89940.36666666667,84257.56666666667
2025-11-19,17535.633333333335,37427.566666666666,50568.6,9981.166666666666,13884.6,25996.966666666667,47124.933333333334,,10780.133333333333,22080.0,56420.9,15369.733333333334,,,,,,,9826.2,13948.366666666667,22950.033333333333,74334.0,,,,,,,8338.333333333334,62940.13333333333,19562.0,19745.9,5018.933333333333,,,,,,16624.0,43163.933333333334,16205.833333333334,7963.466666666666,38939.76666666667,39601.566666666666,,,,,,,,,,,,,,,54267.666666666664,89985.76666666666,84176.8
2025-11-20,16842.466666666667,37293.8,50630.63333333333,9958.533333333333,13875.933333333332,26141.433333333334,47126.03333333333,,10739.233333333334,22098.8,56733.03333333333,15384.366666666667,,,,,,,9824.033333333333,14013.866666666667,22846.033333333333,74380.53333333334,,,,,,,8341.6,63100.96666666667,19543.6,19828.966666666667,5009.066666666667,,,,,,16741.7,43259.76666666667,16228.9,8075.733333333334,39105.86666666667,39703.933333333334,,,,,,,,,,,,,,,54232.96666666667,89950.4,84108.2
2025-11-21,16691.5,37293.73333333333,50666.76666666667,9941.333333333334,13942.333333333334,26235.1,47250.566666666666,,10729.3,22120.866666666665,56844.4,15409.666666666666,,,,,,,9837.733333333334,14034.733333333334,22851.766666666666,74343.0,,,,,,,8345.066666666668,63475.7,19561.1,20059.133333333335,5010.0,,,,,,16856.1,43434.7,16307.4,8301.1,39507.86666666667,40031.2,,,,,,,,,,,,,,,54319.933333333334,90124.13333333333,84218.56666666667
2025-11-24,16678.433333333334,37284.03333333333,50697.4,9926.7,13969.766666666666,26268.566666666666,47551.5,,10724.4,22120.566666666666,57072.4,15431.9,,,,,,,9857.966666666667,14077.066666666668,22809.7,74200.93333333333,,,,,,,8293.233333333334,63603.96666666667,19557.733333333334,20203.766666666666,5036.766666666666,,,,,,17005.0,43515.76666666667,16322.6,8324.733333333334,39661.333333333336,40126.73333333333,,,,,,,,,,,,,,,54417.76666666667,90217.93333333333,84340.3
2025-11-25,16654.933333333334,37334.6,50727.3,9945.7,14014.633333333333,26327.2,47642.166666666664,,10709.833333333334,22097.3,57226.0,15459.066666666668,,,,,,,9857.066666666668,14128.966666666667,22849.3,74159.5,,,,,,,8302.133333333333,64034.26666666667,19568.0,20301.0,5045.966666666666,,,,,,17136.133333333335,43228.23333333333,16361.433333333332,8386.4,39897.53333333333,40417.2,,,,,,,,,,,,,,,54501.86666666667,90321.76666666666,84445.2
2025-11-26,16769.166666666668,37378.333333333336,50916.23333333333,9922.8,14077.4,26401.6,47809.0,,10703.933333333332,22116.333333333332,57420.3,15474.8,,,,,,,9840.266666666666,14207.533333333333,22822.366666666665,74183.03333333334,,,,,,,8301.266666666666,64391.333333333336,19592.233333333334,20388.166666666668,5069.066666666667,,,,,,17236.9,43450.9,16417.466666666667,8562.433333333332,40158.46666666667,40582.23333333333,,,,,,,,,,,,,,,54451.23333333333,90512.66666666667,84538.23333333334
2025-11-27,16795.566666666666,37306.4,51071.96666666667,9875.466666666667,14003.666666666666,26459.566666666666,47877.73333333333,,10682.033333333333,22140.066666666666,57650.36666666667,15510.433333333332,,,,,,,9817.8,14315.0,22782.7,74063.26666666666,,,,,,,8295.466666666667,64773.76666666667,19620.933333333334,20591.933333333334,5110.366666666667,,,,,,17411.6,43673.63333333333,16465.666666666668,8725.733333333334,40358.86666666667,40801.23333333333,,,,,,,,,,,,,,,54382.833333333336,90608.06666666667,84675.06666666667
2025-11-28,16800.833333333332,37346.166666666664,51317.433333333334,9823.8,14077.9,26543.266666666666,47955.96666666667,,10679.666666666666,22165.866666666665,57814.6,15542.2,,,,,,,9818.3,14369.3,22834.566666666666,74161.43333333333,,,,,,,8309.1,65742.7,19683.9,21241.233333333334,5118.033333333334,,,,,,17459.6,44027.8,16547.966666666667,9070.533333333333,41123.1,41452.6,,,,,,,,,,,,,,,54469.4,90866.4,85332.83333333333
2025-12-01,16855.166666666668,37371.333333333336,51341.26666666667,9828.033333333333,14117.8,26641.3,48005.63333333333,,10673.366666666667,22150.4,57962.3,15617.066666666668,,,,,,,9827.966666666667,14415.233333333334,22755.266666666666,74155.23333333334,,,,,,,8302.833333333334,66113.43333333333,19736.633333333335,21393.066666666666,5136.033333333334,,,,,,17328.1,44263.333333333336,16592.1,9208.8,41512.566666666666,41584.9,,,,,,,,,,,,,,,54580.6,91153.23333333334,85037.4
2025-12-02,17039.533333333333,37392.7,51464.2,9818.866666666667,14178.5,26915.333333333332,48112.63333333333,,10684.0,22154.166666666668,58284.26666666667,15679.6,,,,,,,9827.766666666666,14517.533333333333,22701.966666666667,74124.36666666667,,,,,,,8296.133333333333,66474.06666666667,19777.433333333334,21573.233333333334,5133.5,,,,,,17479.833333333332,44508.5,16658.866666666665,9363.733333333334,41802.9,41776.03333333333,,,,,,,,,,,,,,,54711.666666666664,91521.93333333333,85093.93333333333
2025-12-03,17241.133333333335,37453.7,51742.23333333333,9809.966666666667,14217.933333333332,27206.666666666668,48009.433333333334,,10700.533333333333,22155.033333333333,58564.73333333333,15729.966666666667,,,,,,,9815.366666666667,14580.166666666666,22643.466666666667,74335.63333333333,,,,,,,8294.5,66946.93333333333,19819.433333333334,21797.433333333334,5113.066666666667,,,,,,17594.533333333333,44873.13333333333,16705.166666666668,9553.3,42060.4,41981.26666666667,,,,,,,,,,,,,,,55028.46666666667,92154.73333333334,85344.3
2025-12-04,17400.933333333334,37498.86666666667,52155.26666666667,9819.8,14311.3,27477.966666666667,48220.833333333336,,10733.8,22188.0,58980.46666666667,15779.466666666667,,,,,,,9814.033333333333,14709.933333333332,22621.6,74603.06666666667,,,,,,,8315.366666666667,67367.63333333333,19878.933333333334,22041.133333333335,5126.2,,,,,,17801.233333333334,45293.433333333334,16795.933333333334,9790.2,42412.36666666667,42234.4,,,,,,,,,,,,,,,55275.8,92798.36666666667,85478.66666666667
2025-12-05,17464.633333333335,37565.6,52486.46666666667,9832.033333333333,14391.533333333333,27610.2,48425.066666666666,,10761.833333333334,22244.033333333333,59262.73333333333,15846.666666666666,,,,,,,9833.666666666666,14803.5,22606.266666666666,74784.66666666667,,,,,,,8349.733333333334,67984.63333333333,19969.666666666668,22454.133333333335,5155.766666666666,,,,,,18100.966666666667,45859.36666666667,16887.5,10103.0,42972.1,42496.333333333336,,,,,,,,,,,,,,,55466.23333333333,93335.26666666666,85670.7
2025-12-08,17597.4,37552.86666666667,52481.9,9858.466666666667,14408.0,27682.7,48460.2,,10768.866666666667,22282.0,59443.53333333333,15868.1,,,,,,,9867.3,14886.033333333333,22552.5,74901.56666666667,,,,,,,8381.066666666668,68336.7,19973.533333333333,22578.5,5146.533333333334,,,,,,18230.666666666668,46086.6,16952.933333333334,10281.466666666667,43001.36666666667,42604.4,,,,,,,,,,,,,,,55548.7,93688.66666666667,85615.43333333333
2025-12-09,17678.3,37528.73333333333,52609.1,9870.2,14438.566666666668,27775.566666666666,48545.433333333334,,10760.666666666666,22270.266666666666,59747.566666666666,15939.1,,,,,,,9885.0,15022.133333333333,22582.433333333334,75141.56666666667,,,,,,,8395.233333333334,68459.86666666667,19972.6,22603.233333333334,5145.433333333333,,,,,,18302.666666666668,46324.53333333333,16989.733333333334,10414.2,42975.13333333333,42603.666666666664,,,,,,,,,,,,,,,55755.03333333333,93905.23333333334,85569.33333333333
2025-12-10,17707.333333333332,37495.1,52678.166666666664,9951.666666666666,14426.933333333332,27838.033333333333,48788.13333333333,,10872.7,22226.466666666667,60085.86666666667,16014.066666666668,,,,,,,9912.466666666667,15107.133333333333,22698.8,75452.4,,,,,,,8436.666666666666,68853.96666666666,19924.066666666666,22560.133333333335,5171.833333333333,,,,,,18336.0,46616.4,17049.933333333334,10598.933333333332,43018.933333333334,42678.5,,,,,,,,,,,,,,,55899.8,94280.9,85623.86666666667
2025-12-11,17802.466666666667,37471.8,52773.23333333333,10040.8,14423.066666666668,27952.3,48934.23333333333,,10991.833333333334,22190.133333333335,60327.76666666667,16062.133333333333,,,,,,,9949.333333333334,15197.3,23074.933333333334,75830.5,,,,,,,8467.533333333333,69194.23333333334,19924.133333333335,22600.433333333334,5206.966666666666,,,,,,18436.0,46952.7,17111.666666666668,10786.533333333333,43069.7,42796.166666666664,,,,,,,,,,,,,,,56024.9,94481.23333333334,85627.56666666667
2025-12-12,17864.9,37549.666666666664,52944.46666666667,10147.433333333332,14433.133333333333,28026.333333333332,49094.4,,11069.266666666666,22167.833333333332,60544.23333333333,16079.333333333334,,,,,,,9991.766666666666,15253.066666666668,23206.9,76153.73333333334,,,,,,,8514.333333333334,69881.6,19961.433333333334,22803.566666666666,5241.433333333333,,,,,,18668.7,47383.96666666667,17108.966666666667,11085.666666666666,43337.5,43151.433333333334,,,,,,,,,,,,,,,56170.1,94954.46666666666,85675.96666666666
2025-12-15,17871.9,37428.933333333334,53036.13333333333,10151.5,14425.4,28042.233333333334,49133.03333333333,,11116.433333333332,22188.0,60566.73333333333,16122.4,,,,,,,9994.6,15272.966666666667,23189.9,76194.53333333334,,,,,,,8553.466666666667,70337.06666666667,19938.8,23094.833333333332,5269.366666666667,,,,,,18910.166666666668,47716.333333333336,17180.266666666666,11304.866666666667,43723.933333333334,43511.7,,,,,,,,,,,,,,,56246.2,95253.4,85876.86666666667
2025-12-16,17878.333333333332,37262.1,53054.26666666667,10149.5,14437.7,27997.566666666666,49081.5,,11173.4,22175.233333333334,60557.7,16136.366666666667,,,,,,,9961.566666666668,15274.133333333333,23163.033333333333,76082.83333333333,,,,,,,8577.833333333334,70637.83333333333,19862.266666666666,23316.1,5269.333333333333,,,,,,19147.333333333332,47969.5,17224.7,11464.0,44111.13333333333,43874.26666666667,,,,,,,,,,,,,,,56109.8,95407.63333333333,85811.2
2025-12-17,17879.233333333334,37128.433333333334,52978.666666666664,10122.2,14428.333333333334,27957.666666666668,48680.4,,11182.466666666667,22145.9,60458.86666666667,16173.233333333334,,,,,,,9929.833333333334,15223.9,23076.166666666668,76095.36666666667,,,,,,,8571.966666666667,71001.83333333333,19769.966666666667,23504.7,5200.133333333333,,,,,,19373.566666666666,48183.933333333334,17240.133333333335,11634.333333333334,44489.7,44161.8,,,,,,,,,,,,,,,56108.5,95601.66666666667,85900.06666666667
2025-12-18,17858.5,36867.833333333336,52963.13333333333,10106.033333333333,14416.966666666667,27898.133333333335,48565.63333333333,,11225.7,22107.0,60197.666666666664,16166.966666666667,,,,,,,9908.133333333333,15207.933333333332,22939.533333333333,75781.23333333334,,,,,,,8581.933333333332,71079.8,19649.266666666666,23753.066666666666,5203.266666666666,,,,,,19667.4,48261.76666666667,17264.766666666666,11770.266666666666,44850.4,44326.066666666666,,,,,,,,,,,,,,,55826.333333333336,95701.4,85865.26666666666
2025-12-19,17705.3,36674.933333333334,52924.333333333336,10083.633333333333,14393.533333333333,27855.366666666665,48446.566666666666,,11261.4,22068.733333333334,60139.73333333333,16184.633333333333,,,,,,,9888.4,15193.633333333333,22864.633333333335,75694.9,,,,,,,8575.6,71610.26666666666,19536.5,23934.666666666668,5242.2,,,,,,19912.766666666666,48547.86666666667,17295.833333333332,12056.966666666667,45311.8,44658.26666666667,,,,,,,,,,,,,,,55775.46666666667,96101.8,86124.46666666666
2025-12-22,17494.1,36435.0,52755.7,9987.866666666667,14374.866666666667,27630.4,48278.53333333333,,11169.166666666666,21988.166666666668,59594.1,16212.333333333334,,,,,,,9750.233333333334,15031.633333333333,22562.666666666668,74809.93333333333,,,,,,,8587.966666666667,72472.63333333333,19403.7,23323.3,6369.0,,,,,,20252.466666666667,48886.1,17318.066666666666,12458.0,46166.36666666667,45058.86666666667,,,,,,,,,,,,,,,55322.333333333336,96338.0,86288.5
2025-12-23,17276.166666666668,35904.2,52199.73333333333,9790.6,14289.033333333333,27152.0,47901.6,,10883.1,18885.566666666666,60470.0,15537.533333333333,100952.96666666666,17247.466666666667,,,,,9572.166666666666,14720.033333333333,20021.533333333333,73564.56666666667,,,,,,,8589.366666666667,72634.4,19405.133333333335,24145.1,6362.2,,,,,,20534.466666666667,48715.96666666667,17244.133333333335,12768.1,46823.6,45418.96666666667,,,,,,,,,,,,,,,54539.2,95799.33333333333,86141.83333333333
