Date,Angel,Baker Street,Euston,Great Portland Street,Marylebone,Old Street,Paddington,Warren Street,Aldgate,Aldgate East,Bank,Bethnal Green,Liverpool Street,Monument,Moorgate,Tower Gateway,Tower Hill,Whitechapel,Barbican,Chancery Lane,Euston Square,Farringdon,Goodge Street,Holborn,Oxford Circus,Russell Square,St Pauls,Tottenham Court Road,Bayswater,Bond Street,Gloucester Road,Knightsbridge,Lancaster Gate,Marble Arch,Notting Hill Gate,Queensway,Regents Park,South Kensington,Covent Garden,Green Park,High Street Kensington,Hyde Park Corner,Leicester Square,Piccadilly Circus,Sloane Square,St James's Park,Victoria,Westminster,Blackfriars,Cannon Street,Charing Cross,Embankment,Mansion House,Pimlico,Southwark,Temple,Vauxhall,Waterloo,Canary Wharf,London Bridge,Stratford
2021-01-04,3201.0,5335.0,5964.0,1823.0,1810.0,4734.0,9044.0,5941.0,1700.0,2172.0,3733.0,4653.0,12299.0,1672.0,3987.0,384.0,2934.0,6058.0,1648.0,2716.0,2785.0,4422.0,1206.0,4262.0,11173.0,1915.0,2768.0,4288.0,772.0,7294.0,2585.0,3425.0,966.0,2377.0,3667.0,1407.0,1141.0,6032.0,858.0,6220.0,2550.0,1095.0,2798.0,2923.0,3965.0,2192.0,16506.0,4445.0,2176.0,1333.0,2344.0,2897.0,682.0,2455.0,2422.0,882.0,10685.0,11634.0,9297.0,17152.0,17376.0
2021-01-05,2950.0,5211.0,5063.0,1860.0,1655.0,4486.0,8357.0,5554.0,1697.0,2100.0,3495.0,4493.0,11314.0,1489.0,3787.0,370.0,2982.0,5740.0,1654.0,2597.0,2772.0,4284.0,1082.0,4028.0,9660.0,1906.0,2657.0,3984.0,729.0,7180.0,2295.0,2455.0,919.0,2297.0,3521.0,1324.0,1134.0,6177.0,749.0,5872.0,2449.0,1211.0,2395.0,2613.0,3947.0,2109.0,15277.0,4363.0,2086.0,1202.0,2290.0,2794.0,630.0,2437.0,2240.0,906.0,10738.0,10423.0,8751.0,15794.0,15537.0
2021-01-06,2964.0,5124.0,4579.0,1802.0,1612.0,4464.0,7805.0,5580.0,1754.0,1998.0,3228.0,4470.0,10959.0,1531.0,3555.0,390.0,2887.0,5935.0,1552.0,2484.0,2755.0,4278.0,1107.0,4049.0,9134.0,1871.0,2610.0,3794.0,694.0,6678.0,2341.0,3039.0,962.0,2289.0,3509.0,1302.0,1052.0,6013.0,768.0,5664.0,2338.0,1227.0,2320.0,2585.0,3718.0,2069.0,14715.0,4515.0,1929.0,1222.0,2194.0,2814.0,598.0,2381.0,2210.0,846.0,10726.0,10129.0,8591.0,15378.0,15388.0
2021-01-07,2914.0,5005.0,4381.0,1789.0,1621.0,4330.0,7983.0,5521.0,1719.0,2031.0,3307.0,4249.0,10845.0,1523.0,3648.0,349.0,2795.0,5501.0,1575.0,2524.0,2655.0,4096.0,1065.0,3898.0,9324.0,1854.0,2602.0,3782.0,660.0,6998.0,2218.0,3003.0,799.0,2383.0,3429.0,1295.0,984.0,5992.0,755.0,5545.0,2233.0,1087.0,2314.0,2437.0,3805.0,2082.0,14345.0,4291.0,2042.0,1385.0,2114.0,2718.0,605.0,2437.0,2123.0,812.0,10447.0,10020.0,8420.0,15842.0,14930.0
2021-01-08,3030.0,4967.0,4575.0,1817.0,1570.0,4236.0,7730.0,5566.0,1642.0,1999.0,3059.0,4303.0,11049.0,1423.0,3479.0,371.0,2633.0,5463.0,1575.0,2400.0,2555.0,4367.0,917.0,3720.0,9434.0,1846.0,2523.0,3754.0,714.0,6726.0,2357.0,2944.0,897.0,2451.0,3519.0,1434.0,979.0,5733.0,651.0,5474.0,2247.0,1062.0,2290.0,2451.0,3745.0,2003.0,14857.0,4036.0,1953.0,1203.0,2112.0,2543.0,567.0,2322.0,2128.0,808.0,10839.0,10249.0,8619.0,16194.0,15532.0
2021-01-11,2894.0,4837.0,4732.0,1669.0,1537.0,4171.0,7920.0,5614.0,1663.0,1919.0,3245.0,4207.0,10752.0,1478.0,3710.0,333.0,2798.0,5524.0,1570.0,2474.0,2583.0,4479.0,967.0,3870.0,9564.0,1786.0,2616.0,3775.0,649.0,6557.0,2325.0,3002.0,931.0,2330.0,3588.0,1437.0,1005.0,5751.0,680.0,5500.0,2118.0,1180.0,2224.0,2323.0,3540.0,2062.0,14206.0,4294.0,1906.0,1187.0,2140.0,2683.0,568.0,2335.0,2159.0,739.0,10976.0,9902.0,8593.0,15727.0,15339.0
2021-01-12,2785.0,5076.0,3301.0,1235.0,1551.0,4098.0,7577.0,5757.0,1768.0,2037.0,3262.0,4448.0,10913.0,1482.0,3564.0,216.0,2731.0,5537.0,1505.0,2445.0,1932.0,4460.0,1068.0,4024.0,9726.0,1908.0,2607.0,3834.0,583.0,6521.0,2301.0,3099.0,898.0,2310.0,3551.0,1384.0,1050.0,5910.0,656.0,5593.0,2175.0,1260.0,2143.0,2301.0,3482.0,1987.0,14486.0,4436.0,1354.0,1013.0,2201.0,2698.0,534.0,2466.0,2109.0,792.0,10857.0,10095.0,6381.0,15817.0,14863.0
2021-01-13,2847.0,4820.0,4184.0,1579.0,1577.0,4194.0,8386.0,5790.0,1743.0,1923.0,3212.0,4275.0,10608.0,1485.0,3671.0,342.0,2756.0,5802.0,1613.0,2507.0,3049.0,4456.0,1089.0,3894.0,9852.0,1861.0,2569.0,3912.0,659.0,6614.0,2362.0,3051.0,892.0,2242.0,3520.0,1321.0,1088.0,5868.0,673.0,5604.0,2254.0,1179.0,2188.0,2306.0,3808.0,2067.0,14397.0,4438.0,2014.0,1128.0,2194.0,2734.0,549.0,2498.0,2218.0,844.0,11039.0,10064.0,8533.0,15844.0,15617.0
2021-01-14,2929.0,4805.0,4190.0,1612.0,1620.0,4262.0,7712.0,5790.0,1726.0,1958.0,3226.0,4373.0,10918.0,1483.0,3608.0,327.0,2876.0,5650.0,1612.0,2472.0,2607.0,4395.0,1084.0,3970.0,10138.0,1856.0,2651.0,3817.0,649.0,6684.0,2341.0,3047.0,904.0,2259.0,3588.0,1356.0,1039.0,5908.0,677.0,5423.0,2260.0,1211.0,2141.0,2339.0,3603.0,1984.0,14474.0,4361.0,1988.0,1207.0,2200.0,2680.0,551.0,2414.0,2224.0,821.0,11099.0,9970.0,8714.0,15725.0,14975.0
2021-01-15,3083.0,5210.0,4557.0,1701.0,1589.0,4565.0,7862.0,5755.0,1648.0,2089.0,3425.0,4566.0,10857.0,1653.0,3635.0,405.0,2807.0,5694.0,1695.0,2387.0,2634.0,4292.0,1136.0,3773.0,9038.0,1909.0,2683.0,3946.0,707.0,7004.0,2428.0,3088.0,977.0,2370.0,3695.0,1455.0,1003.0,5815.0,672.0,5680.0,2374.0,1168.0,2343.0,2630.0,3766.0,1973.0,14668.0,4042.0,1934.0,1125.0,2246.0,2743.0,595.0,2522.0,2214.0,788.0,11514.0,10239.0,9052.0,16692.0,16296.0
2021-01-18,2851.0,5105.0,5389.0,1702.0,1553.0,4338.0,7987.0,5712.0,1654.0,1961.0,3314.0,4344.0,10931.0,1534.0,3739.0,375.0,2824.0,5872.0,1733.0,2475.0,2695.0,4560.0,1119.0,3889.0,9435.0,1817.0,2475.0,3892.0,685.0,6583.0,2442.0,2999.0,945.0,2270.0,3627.0,1390.0,1057.0,5800.0,646.0,5618.0,2271.0,1160.0,2336.0,2404.0,3655.0,2129.0,14869.0,4341.0,2028.0,1102.0,2177.0,2851.0,586.0,2291.0,2135.0,860.0,11280.0,10140.0,8873.0,15693.0,15957.0
2021-01-19,2845.0,5130.0,5199.0,1841.0,1490.0,4328.0,7776.0,6014.0,1739.0,1913.0,3463.0,4484.0,11035.0,1499.0,3634.0,428.0,2876.0,5712.0,1720.0,2530.0,2794.0,4825.0,1160.0,3896.0,9354.0,1925.0,2564.0,3902.0,662.0,6642.0,2402.0,3101.0,907.0,2318.0,3799.0,1450.0,1048.0,6006.0,685.0,5767.0,2438.0,1230.0,2209.0,2440.0,3799.0,2066.0,15011.0,4504.0,1867.0,1152.0,2252.0,2843.0,656.0,2376.0,2277.0,861.0,11702.0,10420.0,8798.0,15795.0,16486.0
2021-01-20,3038.0,5090.0,5071.0,1779.0,1621.0,4540.0,8249.0,5921.0,1687.0,2038.0,3504.0,4477.0,10822.0,1469.0,3744.0,374.0,2924.0,6048.0,1721.0,2548.0,2675.0,4695.0,1116.0,4066.0,10194.0,1909.0,2625.0,4062.0,680.0,6771.0,2446.0,3089.0,906.0,2353.0,3701.0,1358.0,1062.0,6177.0,694.0,5743.0,2326.0,1175.0,2270.0,2394.0,3700.0,2081.0,14726.0,4716.0,2059.0,1213.0,2267.0,2944.0,600.0,2400.0,2356.0,902.0,11576.0,10176.0,8780.0,15843.0,15731.0
2021-01-21,3260.0,5196.0,5103.0,1869.0,1466.0,4472.0,7934.0,5738.0,1727.0,1986.0,3384.0,4662.0,11044.0,1523.0,3747.0,416.0,2895.0,5988.0,1737.0,2486.0,2608.0,4837.0,1148.0,4133.0,10183.0,1915.0,2581.0,3928.0,748.0,6819.0,2465.0,3143.0,982.0,2497.0,3541.0,1732.0,1071.0,6097.0,688.0,5761.0,2433.0,1246.0,2382.0,2540.0,3767.0,2196.0,15040.0,4597.0,2102.0,1191.0,2260.0,2939.0,638.0,2479.0,2278.0,878.0,11532.0,10371.0,9036.0,16341.0,16378.0
2021-01-22,3366.0,5314.0,5608.0,1819.0,1781.0,4550.0,8038.0,5789.0,1671.0,2161.0,3491.0,4705.0,11788.0,1562.0,3744.0,441.0,2948.0,5849.0,1700.0,2523.0,2582.0,4558.0,1166.0,4067.0,10048.0,1855.0,2704.0,4093.0,680.0,7031.0,2556.0,3138.0,929.0,2556.0,3973.0,1763.0,1092.0,6103.0,708.0,5751.0,2624.0,1286.0,2573.0,2754.0,3820.0,2035.0,15269.0,4561.0,2055.0,1178.0,2292.0,3019.0,622.0,2632.0,2459.0,945.0,12035.0,10747.0,9593.0,16801.0,17391.0
2021-01-25,3023.0,5225.0,5517.0,1931.0,1749.0,4397.0,8038.0,6019.0,1720.0,2157.0,3470.0,4616.0,11054.0,1661.0,3805.0,417.0,3381.0,6304.0,1688.0,2271.0,2736.0,4039.0,1131.0,4317.0,10574.0,1937.0,2594.0,4025.0,742.0,6665.0,2532.0,3148.0,1020.0,2445.0,3839.0,1657.0,1043.0,6320.0,715.0,5863.0,2418.0,1296.0,2344.0,2520.0,3847.0,2190.0,15611.0,4660.0,2158.0,1257.0,2285.0,3029.0,594.0,2406.0,2170.0,835.0,11626.0,10809.0,9023.0,17488.0,17080.0
2021-01-26,2989.0,5222.0,5334.0,1971.0,1681.0,4616.0,7993.0,6025.0,1849.0,2211.0,3591.0,4568.0,11304.0,1633.0,3913.0,342.0,2955.0,6336.0,1789.0,2306.0,2744.0,4939.0,1179.0,4316.0,10520.0,1996.0,2567.0,3967.0,732.0,7004.0,2580.0,3168.0,990.0,2402.0,3753.0,1533.0,1152.0,6218.0,729.0,5955.0,2486.0,1230.0,2359.0,2519.0,3916.0,2249.0,15377.0,4715.0,2182.0,1239.0,2259.0,2890.0,564.0,2635.0,2223.0,911.0,11940.0,10421.0,9220.0,17684.0,15927.0
2021-01-27,3227.0,5348.0,5470.0,1925.0,1587.0,4699.0,7922.0,6015.0,1767.0,2125.0,3502.0,4741.0,11342.0,1700.0,3953.0,399.0,2942.0,6289.0,1741.0,2528.0,2913.0,4787.0,1201.0,4274.0,10306.0,1870.0,2631.0,4162.0,671.0,7143.0,2559.0,3287.0,1051.0,2493.0,3775.0,1588.0,1133.0,6336.0,710.0,6016.0,2535.0,1258.0,2358.0,2691.0,4009.0,2157.0,15511.0,4878.0,2204.0,1247.0,2303.0,3117.0,634.0,2517.0,2352.0,873.0,12143.0,10716.0,9287.0,16603.0,15833.0
2021-01-28,3278.0,5316.0,5454.0,1873.0,1673.0,4833.0,7836.0,6002.0,1823.0,2203.0,3485.0,4647.0,11106.0,1683.0,3990.0,390.0,3017.0,6226.0,1784.0,2527.0,2817.0,4966.0,1151.0,4195.0,10350.0,1957.0,2667.0,4090.0,7054.0,3285.0,1053.0,1092.0,,,,,,,760.0,5891.0,2508.0,1360.0,2498.0,2471.0,3962.0,2198.0,15437.0,4739.0,2288.0,1262.0,2478.0,3142.0,678.0,2580.0,2402.0,876.0,12206.0,10833.0,9332.0,16773.0,16239.0
2021-01-29,3298.0,5471.0,5888.0,1899.0,1676.0,4850.0,8433.0,5886.0,1776.0,2179.0,3438.0,4831.0,11299.0,1649.0,3938.0,448.0,3057.0,6131.0,1803.0,2485.0,2872.0,4753.0,1164.0,4264.0,11020.0,1939.0,2680.0,4341.0,825.0,2627.0,2610.0,3965.0,1722.0,6488.0,,,,,703.0,6020.0,2569.0,1231.0,2624.0,2697.0,4156.0,2172.0,16134.0,4350.0,2016.0,1141.0,2312.0,3088.0,564.0,2593.0,2332.0,820.0,12437.0,11369.0,9948.0,17681.0,17744.0
2021-02-01,3140.0,5262.0,5057.0,1917.0,1812.0,4663.0,8590.0,6000.0,1833.0,2060.0,3703.0,4672.0,11396.0,1691.0,3939.0,380.0,3191.0,6266.0,1715.0,2461.0,2724.0,4739.0,1205.0,4161.0,2667.0,4233.0,,,705.0,7295.0,2604.0,3157.0,1064.0,2502.0,3918.0,1543.0,1105.0,6213.0,733.0,6169.0,2537.0,1294.0,2466.0,2528.0,3976.0,2332.0,16139.0,4555.0,1967.0,1308.0,2363.0,3126.0,641.0,2428.0,2270.0,862.0,11947.0,10964.0,8524.0,16888.0,16942.0
2021-02-02,3209.0,5413.0,5446.0,1991.0,1605.0,4697.0,8328.0,6057.0,1901.0,2178.0,3642.0,4822.0,11479.0,1688.0,4080.0,416.0,3112.0,6552.0,1831.0,4467.0,10472.0,1940.0,4175.0,,,,,,734.0,7288.0,2592.0,3283.0,713.0,2705.0,3986.0,1651.0,1114.0,6415.0,759.0,6174.0,2501.0,1338.0,2517.0,2708.0,4100.0,2371.0,16134.0,4689.0,2222.0,1261.0,2455.0,3156.0,599.0,2536.0,2330.0,869.0,12309.0,11092.0,9461.0,16995.0,16748.0
2021-02-03,3264.0,5398.0,5568.0,1932.0,1599.0,4823.0,8185.0,6180.0,1849.0,2125.0,3576.0,3073.0,6510.0,,,,,,2654.0,2822.0,5053.0,1246.0,10800.0,1881.0,2843.0,,,,834.0,7226.0,2620.0,3225.0,983.0,2543.0,3903.0,1638.0,1173.0,6569.0,2592.0,15740.0,,,,,,,,,2282.0,1274.0,2382.0,3208.0,655.0,2584.0,2437.0,885.0,12448.0,11374.0,9512.0,16974.0,16888.0
2021-02-04,3501.0,5342.0,5531.0,1956.0,1641.0,4789.0,8391.0,6301.0,1944.0,4747.0,11602.0,1658.0,4316.0,410.0,,,,,1778.0,2363.0,2857.0,4944.0,833.0,4449.0,10674.0,2025.0,2743.0,4355.0,771.0,7253.0,2733.0,3377.0,1063.0,2605.0,3908.0,1620.0,1111.0,6552.0,738.0,6269.0,1379.0,2490.0,2606.0,4091.0,2431.0,4718.0,,,2251.0,2401.0,3150.0,660.0,2598.0,2355.0,973.0,12157.0,11757.0,,9530.0,17291.0,17059.0
2021-02-05,3724.0,5958.0,6236.0,1977.0,1774.0,4925.0,8589.0,6015.0,2359.0,3984.0,5216.0,11872.0,1719.0,3920.0,533.0,3279.0,6242.0,,1836.0,2090.0,2870.0,4996.0,1278.0,4697.0,11720.0,2057.0,2870.0,4478.0,899.0,7574.0,2761.0,3484.0,1257.0,2770.0,4210.0,1807.0,1118.0,6717.0,779.0,6791.0,2799.0,1455.0,3135.0,2970.0,4412.0,2348.0,16771.0,4931.0,2266.0,1226.0,2582.0,3217.0,624.0,2697.0,2532.0,898.0,12837.0,12034.0,10339.0,18908.0,18709.0
2021-02-08,3375.0,5368.0,5778.0,1964.0,1807.0,4554.0,8562.0,6456.0,1762.0,2186.0,3579.0,4688.0,11230.0,1577.0,3929.0,386.0,3136.0,6270.0,1765.0,2562.0,2780.0,4863.0,1281.0,4216.0,9255.0,2010.0,2746.0,4591.0,815.0,8123.0,2676.0,3342.0,1073.0,2519.0,3939.0,1662.0,1249.0,6298.0,739.0,6648.0,2477.0,1444.0,2600.0,2963.0,4126.0,2549.0,15040.0,4866.0,2414.0,1289.0,2191.0,2988.0,622.0,2503.0,2161.0,902.0,12209.0,11561.0,8873.0,17006.0,17005.0
2021-02-09,3385.0,5380.0,5567.0,1967.0,1817.0,4914.0,8475.0,6199.0,1866.0,2289.0,3766.0,4785.0,11519.0,1657.0,4051.0,442.0,3172.0,6587.0,1876.0,2460.0,2817.0,5060.0,1274.0,4437.0,10662.0,2015.0,2826.0,4291.0,732.0,7326.0,2670.0,3380.0,1093.0,2579.0,3853.0,1627.0,1173.0,6503.0,793.0,6587.0,2550.0,1463.0,3021.0,2459.0,4101.0,2468.0,15669.0,5081.0,2326.0,1318.0,2333.0,3096.0,649.0,2610.0,2317.0,950.0,12460.0,11219.0,9242.0,17068.0,16422.0
2021-02-10,3485.0,5813.0,5956.0,1998.0,1834.0,4899.0,8701.0,6359.0,1921.0,2462.0,3811.0,5044.0,11769.0,1779.0,4184.0,467.0,3124.0,6721.0,1831.0,2604.0,3047.0,5410.0,1322.0,4730.0,11331.0,2021.0,2953.0,4579.0,850.0,7706.0,2818.0,3459.0,1214.0,2679.0,4129.0,1709.0,1252.0,6973.0,819.0,6905.0,2662.0,1527.0,3396.0,3078.0,4240.0,2473.0,16751.0,5126.0,2349.0,1294.0,2508.0,3283.0,690.0,2687.0,2454.0,940.0,12973.0,11551.0,9846.0,17592.0,17414.0
2021-02-11,3591.0,5591.0,5815.0,2018.0,1865.0,5192.0,8773.0,6333.0,1997.0,2350.0,4042.0,4994.0,12797.0,1798.0,4188.0,416.0,3250.0,6533.0,1991.0,2672.0,2903.0,5442.0,1313.0,4512.0,11717.0,2086.0,2923.0,4680.0,785.0,8010.0,2813.0,3517.0,1118.0,2705.0,4153.0,1687.0,1188.0,6662.0,825.0,6913.0,2780.0,1438.0,3408.0,3136.0,4342.0,2503.0,16721.0,5068.0,2419.0,1255.0,2488.0,3193.0,652.0,2750.0,2439.0,991.0,13036.0,11748.0,9940.0,17817.0,17484.0
2021-02-12,3877.0,5825.0,6314.0,2084.0,1887.0,5285.0,9335.0,6323.0,1953.0,2506.0,3777.0,5362.0,15354.0,1780.0,4170.0,403.0,3178.0,6435.0,1928.0,2635.0,2901.0,5151.0,1353.0,4445.0,11046.0,2135.0,2877.0,4575.0,900.0,7782.0,2976.0,3512.0,1177.0,2773.0,4271.0,1783.0,1231.0,6689.0,863.0,6759.0,2712.0,1370.0,3543.0,3302.0,4393.0,2398.0,16733.0,4612.0,2176.0,1214.0,2442.0,3240.0,638.0,2783.0,2486.0,947.0,13025.0,12506.0,10214.0,19288.0,18498.0
2021-02-15,3476.0,5651.0,6808.0,2084.0,1764.0,4894.0,9231.0,6235.0,1951.0,2342.0,3703.0,4800.0,12263.0,1810.0,4036.0,405.0,3225.0,6351.0,1856.0,2546.0,2995.0,5085.0,1191.0,4449.0,11409.0,2036.0,2865.0,4444.0,770.0,7586.0,2827.0,3411.0,1199.0,2700.0,3934.0,1671.0,1173.0,6697.0,828.0,6613.0,2657.0,1432.0,2803.0,2856.0,4214.0,2340.0,16568.0,4691.0,2369.0,1274.0,2428.0,3382.0,669.0,2585.0,2350.0,943.0,12480.0,11971.0,9869.0,17941.0,18013.0
2021-02-16,3567.0,5728.0,6381.0,2153.0,1820.0,5108.0,9010.0,6212.0,2069.0,2338.0,3849.0,4883.0,12433.0,1866.0,4166.0,475.0,3275.0,6753.0,2081.0,2745.0,2966.0,5263.0,1313.0,4601.0,12836.0,2103.0,2978.0,4399.0,872.0,7716.0,2870.0,3430.0,1179.0,2612.0,4252.0,1594.0,1182.0,6739.0,861.0,6746.0,2605.0,1427.0,2849.0,2874.0,4365.0,2538.0,17234.0,4874.0,2389.0,1260.0,2460.0,3296.0,731.0,2743.0,2349.0,998.0,13029.0,12164.0,8835.0,18343.0,17952.0
2021-02-17,3660.0,6071.0,6390.0,2139.0,1890.0,5312.0,9079.0,6436.0,2113.0,2414.0,4108.0,5055.0,12748.0,1984.0,4524.0,452.0,3248.0,6636.0,1896.0,2835.0,2971.0,5237.0,1305.0,4742.0,12029.0,2142.0,2959.0,4699.0,833.0,8024.0,2704.0,3540.0,1236.0,2784.0,4395.0,1683.0,1310.0,7133.0,905.0,7060.0,2864.0,1481.0,2937.0,3041.0,4381.0,2422.0,17942.0,5140.0,2539.0,1581.0,2537.0,3496.0,735.0,2719.0,2671.0,1043.0,13194.0,12551.0,9971.0,19126.0,17903.0
2021-02-18,3557.0,6107.0,6689.0,2201.0,1819.0,5276.0,9054.0,6306.0,2037.0,2471.0,3808.0,4800.0,12786.0,1879.0,4310.0,471.0,3502.0,6534.0,2142.0,2823.0,2901.0,5248.0,1304.0,4514.0,12645.0,2070.0,3071.0,4622.0,822.0,8071.0,2896.0,3484.0,1215.0,2802.0,4310.0,1706.0,1244.0,6886.0,861.0,6937.0,2791.0,1479.0,3080.0,2965.0,4545.0,2645.0,17411.0,5204.0,2469.0,1353.0,2609.0,3445.0,731.0,2663.0,2574.0,1020.0,13228.0,12460.0,10320.0,18833.0,18170.0
2021-02-19,3300.0,6419.0,7092.0,1982.0,1904.0,5029.0,9852.0,6344.0,1872.0,2494.0,3988.0,5240.0,12605.0,1901.0,4269.0,514.0,3218.0,6398.0,1978.0,2645.0,2978.0,5075.0,1267.0,4656.0,12373.0,2095.0,2906.0,4653.0,858.0,8101.0,2890.0,3531.0,1290.0,2888.0,4521.0,1846.0,1198.0,6997.0,880.0,7058.0,2844.0,1483.0,3107.0,3152.0,4661.0,2570.0,18055.0,4987.0,2393.0,1245.0,2627.0,3447.0,702.0,2790.0,2500.0,829.0,13874.0,13067.0,10749.0,19621.0,19242.0
2021-02-22,3475.0,6005.0,6667.0,2154.0,2097.0,5065.0,9431.0,6442.0,2053.0,2374.0,3783.0,4956.0,12311.0,1748.0,4238.0,450.0,3145.0,6777.0,2008.0,2405.0,3060.0,5247.0,1274.0,4868.0,11992.0,1999.0,2908.0,4425.0,776.0,7747.0,2833.0,3388.0,1392.0,2849.0,4326.0,1715.0,1362.0,6753.0,793.0,6592.0,2719.0,1469.0,2701.0,2713.0,4382.0,2455.0,17772.0,5074.0,2404.0,1421.0,2526.0,3403.0,670.0,2649.0,2522.0,962.0,12833.0,12395.0,9807.0,18252.0,17931.0
2021-02-23,3662.0,6654.0,6285.0,2286.0,1902.0,5342.0,9433.0,6477.0,2078.0,2480.0,4256.0,5432.0,13021.0,2034.0,4510.0,519.0,3481.0,7230.0,2107.0,2850.0,3068.0,5540.0,1367.0,4882.0,12477.0,2057.0,3071.0,4784.0,928.0,8333.0,2962.0,3635.0,1596.0,3150.0,4815.0,1832.0,1376.0,7295.0,845.0,7328.0,2970.0,1661.0,3270.0,3305.0,4709.0,2780.0,18030.0,5666.0,2462.0,1527.0,2638.0,3723.0,2903.0,2468.0,1085.0,12862.0,,,10409.0,19229.0,18794.0
2021-02-24,3685.0,6906.0,6421.0,2304.0,2081.0,5353.0,9600.0,6590.0,2191.0,2593.0,4216.0,5467.0,13095.0,2025.0,4600.0,535.0,3578.0,7016.0,2020.0,2861.0,3147.0,5406.0,1362.0,5099.0,13074.0,2122.0,3045.0,4945.0,846.0,8332.0,2963.0,3765.0,1679.0,3187.0,4742.0,1970.0,1428.0,7325.0,943.0,7611.0,2739.0,1727.0,3160.0,3211.0,4851.0,2585.0,18497.0,5577.0,2575.0,2670.0,770.0,2699.0,13838.0,,,,,,10920.0,20203.0,19270.0
2021-02-25,3858.0,6217.0,6759.0,2173.0,1940.0,5570.0,9532.0,6656.0,2108.0,2481.0,4228.0,5371.0,12878.0,1998.0,4523.0,525.0,3531.0,7907.0,2071.0,2922.0,2927.0,5511.0,1384.0,4857.0,13077.0,2142.0,3087.0,4706.0,798.0,8314.0,3029.0,3545.0,1346.0,2845.0,4647.0,1768.0,1257.0,6986.0,944.0,7043.0,2805.0,1526.0,3159.0,3074.0,4605.0,2654.0,18108.0,5446.0,1380.0,3613.0,889.0,2983.0,1015.0,13582.0,13237.0,,,,10665.0,19406.0,18823.0
2021-02-26,4260.0,7355.0,7310.0,2352.0,2063.0,5659.0,10150.0,6580.0,2025.0,2697.0,4565.0,5992.0,13947.0,2307.0,4018.0,683.0,3868.0,7076.0,1975.0,2845.0,3103.0,5298.0,1380.0,5117.0,13352.0,2356.0,3246.0,5071.0,964.0,8799.0,3300.0,3780.0,5026.0,1396.0,7028.0,,,,1065.0,8041.0,3065.0,1775.0,3699.0,3570.0,4862.0,2703.0,19054.0,5737.0,2661.0,1385.0,2877.0,3848.0,758.0,3151.0,2654.0,972.0,13985.0,14493.0,12242.0,22080.0,21362.0
2021-03-01,3665.0,6683.0,7789.0,2277.0,2006.0,5596.0,9990.0,6561.0,2051.0,2804.0,4104.0,5444.0,13708.0,2166.0,4428.0,459.0,3703.0,6128.0,1948.0,2889.0,3222.0,5399.0,1350.0,4878.0,12333.0,2279.0,3061.0,4851.0,855.0,8459.0,3477.0,3857.0,1409.0,2916.0,4546.0,1923.0,1254.0,6128.0,937.0,7227.0,2862.0,1642.0,3144.0,3118.0,4679.0,2670.0,18829.0,5323.0,2629.0,1393.0,2822.0,3602.0,748.0,2800.0,2455.0,1048.0,13809.0,13537.0,10417.0,21387.0,19799.0
2021-03-02,3973.0,6925.0,6822.0,2315.0,1938.0,5593.0,9994.0,6712.0,2270.0,2581.0,4448.0,5411.0,13361.0,2022.0,4813.0,501.0,3707.0,7208.0,2058.0,3048.0,3219.0,5617.0,1326.0,5114.0,12948.0,2388.0,3157.0,4826.0,793.0,8634.0,3640.0,3800.0,1433.0,3085.0,4777.0,1936.0,1348.0,6339.0,898.0,7718.0,2966.0,1768.0,3277.0,3275.0,4966.0,2899.0,18595.0,5702.0,2500.0,1519.0,2887.0,3821.0,786.0,2916.0,3125.0,1076.0,14088.0,12733.0,10757.0,20324.0,19631.0
2021-03-03,3982.0,6709.0,7043.0,2448.0,2224.0,5638.0,10010.0,6834.0,2147.0,2733.0,4355.0,5497.0,13542.0,2209.0,4887.0,484.0,3614.0,7203.0,2272.0,3225.0,3254.0,5837.0,1518.0,5233.0,13388.0,2183.0,3260.0,4997.0,896.0,8830.0,3538.0,3813.0,1315.0,2959.0,4639.0,1889.0,1397.0,6656.0,992.0,7804.0,2902.0,1725.0,3129.0,3249.0,4889.0,3129.0,19252.0,5759.0,2704.0,1513.0,2859.0,3742.0,861.0,3050.0,2853.0,1204.0,14306.0,13385.0,10568.0,20208.0,19097.0
2021-03-04,4209.0,6641.0,7053.0,2257.0,2114.0,5924.0,9924.0,6576.0,2188.0,2661.0,4337.0,5648.0,13750.0,2139.0,4852.0,502.0,3583.0,6987.0,2088.0,3032.0,3231.0,6006.0,5298.0,,,,,,866.0,8771.0,3712.0,3811.0,1367.0,3017.0,4762.0,1987.0,1334.0,6298.0,971.0,7638.0,3007.0,1604.0,3140.0,3195.0,5009.0,2831.0,18884.0,5693.0,2640.0,1600.0,2861.0,3645.0,823.0,2970.0,2697.0,1128.0,14157.0,13644.0,10792.0,20691.0,19632.0
2021-03-05,4401.0,7259.0,7945.0,2419.0,2142.0,5980.0,10969.0,6793.0,2164.0,2914.0,4236.0,5926.0,13984.0,2024.0,4665.0,534.0,3682.0,7097.0,2179.0,1444.0,13877.0,2395.0,3324.0,5045.0,,,,,1043.0,8693.0,3941.0,3903.0,1669.0,3467.0,5432.0,2167.0,1556.0,6763.0,1132.0,7545.0,3132.0,1674.0,3627.0,3450.0,5384.0,2776.0,19872.0,5526.0,2697.0,1422.0,2966.0,3787.0,780.0,3230.0,2811.0,1086.0,15152.0,14694.0,11513.0,22235.0,21646.0
2021-03-08,4515.0,7609.0,7774.0,2425.0,2234.0,5871.0,10842.0,6884.0,2146.0,2682.0,4623.0,5864.0,14156.0,2180.0,5301.0,517.0,3835.0,7533.0,2228.0,3121.0,3237.0,5905.0,1458.0,5375.0,14443.0,2275.0,3352.0,5128.0,903.0,8783.0,4092.0,3995.0,1414.0,3254.0,5110.0,2171.0,1442.0,7019.0,934.0,8020.0,3028.0,1597.0,3431.0,3363.0,5623.0,3153.0,20273.0,6086.0,2827.0,1534.0,2893.0,3970.0,879.0,3207.0,2967.0,1006.0,14306.0,14690.0,11450.0,21656.0,21952.0
2021-03-09,4760.0,8518.0,7705.0,2709.0,2201.0,6364.0,11135.0,7388.0,2346.0,2984.0,4916.0,6157.0,15227.0,2263.0,5701.0,609.0,4206.0,8075.0,2495.0,3308.0,3313.0,6560.0,1577.0,5819.0,15090.0,2500.0,3651.0,5643.0,987.0,9564.0,4372.0,4191.0,1731.0,3891.0,5562.0,2241.0,1622.0,7969.0,1082.0,8905.0,3357.0,2036.0,3935.0,3874.0,6001.0,3547.0,21365.0,6761.0,3103.0,1641.0,3174.0,4337.0,999.0,3815.0,3148.0,1231.0,15303.0,15562.0,12348.0,23129.0,22785.0
2021-03-10,4653.0,7846.0,7845.0,2677.0,2438.0,6447.0,11126.0,7325.0,2855.0,6177.0,14669.0,2347.0,508.0,3783.0,7882.0,,,,2538.0,3391.0,3340.0,6384.0,1645.0,6066.0,14496.0,2541.0,3559.0,5416.0,957.0,9427.0,4289.0,4121.0,1382.0,3265.0,5390.0,2013.0,1528.0,8132.0,972.0,7965.0,3052.0,1592.0,3169.0,3298.0,6035.0,21097.0,,,3106.0,1673.0,2993.0,3883.0,1078.0,3732.0,3161.0,1233.0,15088.0,14831.0,11438.0,21778.0,21122.0
2021-03-11,4971.0,8223.0,7883.0,2676.0,2368.0,6536.0,11192.0,7361.0,2432.0,4875.0,6010.0,3931.0,,,,,,,2589.0,3421.0,3276.0,6128.0,1694.0,5962.0,20067.0,2463.0,3568.0,5511.0,976.0,9312.0,4492.0,4277.0,1489.0,3410.0,5589.0,2154.0,1569.0,8644.0,8458.0,3607.0,6424.0,,,,,,,,3103.0,1657.0,3007.0,3967.0,1088.0,4109.0,3194.0,1204.0,14656.0,15999.0,11934.0,22404.0,22081.0
2021-03-12,5169.0,8597.0,8458.0,2637.0,2459.0,6556.0,11856.0,7298.0,2330.0,3323.0,4587.0,6770.0,14947.0,2237.0,5528.0,654.0,7488.0,,2590.0,3148.0,3426.0,5443.0,1560.0,5902.0,14381.0,2498.0,3437.0,5468.0,990.0,9318.0,4704.0,4231.0,1592.0,3483.0,5717.0,2367.0,1592.0,8425.0,1132.0,3485.0,1635.0,3769.0,3681.0,6211.0,3457.0,22235.0,5861.0,,2990.0,1563.0,3139.0,3990.0,967.0,4129.0,3191.0,1119.0,15747.0,15831.0,12473.0,24474.0,22951.0
2021-03-15,5107.0,8117.0,8386.0,2606.0,2444.0,6306.0,11579.0,7310.0,2278.0,2923.0,4606.0,6223.0,14768.0,2346.0,5619.0,570.0,3860.0,7663.0,2525.0,2676.0,3351.0,5944.0,1572.0,5764.0,15051.0,2462.0,3750.0,5256.0,993.0,9093.0,4572.0,4206.0,1492.0,3366.0,5431.0,2011.0,1528.0,8439.0,1101.0,8228.0,3386.0,1719.0,3588.0,3440.0,6013.0,3347.0,21204.0,6654.0,3537.0,1542.0,3221.0,4117.0,1011.0,3717.0,3116.0,1232.0,14769.0,15610.0,11452.0,23643.0,22067.0
2021-03-16,5286.0,8311.0,8016.0,2718.0,2429.0,6445.0,11453.0,7412.0,2413.0,2967.0,4927.0,6465.0,15307.0,2583.0,6063.0,579.0,4044.0,8462.0,2538.0,3401.0,3477.0,6631.0,1646.0,5760.0,15843.0,2443.0,3650.0,5603.0,938.0,9604.0,4549.0,4413.0,1602.0,3604.0,5698.0,2088.0,1542.0,8624.0,1054.0,8621.0,3470.0,1773.0,3748.0,3523.0,6131.0,3672.0,22406.0,7291.0,3169.0,1765.0,3280.0,4278.0,1106.0,4102.0,3205.0,1280.0,15245.0,15515.0,12402.0,23119.0,22136.0
2021-03-17,5528.0,8967.0,8307.0,2858.0,2604.0,6878.0,11909.0,7580.0,2415.0,2984.0,5280.0,6644.0,15327.0,2391.0,6110.0,627.0,4192.0,8335.0,2667.0,2880.0,3570.0,7219.0,1618.0,6303.0,16757.0,2537.0,3850.0,5831.0,884.0,10103.0,4784.0,4422.0,1923.0,3936.0,6065.0,2341.0,1745.0,8875.0,1173.0,8843.0,3466.0,1848.0,3893.0,3895.0,6500.0,3794.0,22740.0,6888.0,3151.0,1720.0,3456.0,4357.0,1211.0,4039.0,3337.0,1329.0,15669.0,16320.0,12212.0,24093.0,22618.0
2021-03-18,5374.0,8388.0,8301.0,2733.0,2478.0,6702.0,11755.0,7376.0,2347.0,2994.0,5158.0,6384.0,15125.0,2476.0,5870.0,584.0,3933.0,7824.0,2571.0,2868.0,3432.0,6598.0,1662.0,6274.0,16541.0,2530.0,3737.0,5659.0,973.0,9696.0,4785.0,4236.0,1569.0,3565.0,5663.0,2189.0,1504.0,8918.0,1043.0,8571.0,3432.0,1826.0,3506.0,3645.0,6287.0,3679.0,22494.0,6697.0,3144.0,1719.0,3208.0,4137.0,1073.0,4352.0,3301.0,1212.0,15260.0,15733.0,12075.0,24419.0,22289.0
2021-03-19,5971.0,9432.0,9478.0,2758.0,2602.0,6888.0,12858.0,7682.0,2276.0,3452.0,5222.0,6959.0,16478.0,2446.0,5866.0,962.0,4645.0,8076.0,2444.0,2827.0,3633.0,6313.0,1609.0,6189.0,16042.0,2614.0,3786.0,5737.0,1139.0,9884.0,4906.0,4513.0,1953.0,4085.0,6310.0,2632.0,1663.0,8835.0,1203.0,9186.0,3776.0,1974.0,4523.0,4242.0,6383.0,3510.0,23685.0,6637.0,3202.0,1664.0,3460.0,4341.0,1107.0,4136.0,3244.0,1246.0,16349.0,17349.0,12830.0,26869.0,25224.0
2021-03-22,5147.0,9149.0,8464.0,2754.0,2395.0,6520.0,11617.0,7250.0,2433.0,2945.0,4761.0,6306.0,15038.0,2464.0,5657.0,641.0,4294.0,8112.0,2387.0,3084.0,3522.0,6289.0,1509.0,5755.0,15596.0,2332.0,3588.0,5689.0,1012.0,9682.0,4590.0,4516.0,1637.0,3541.0,5589.0,2188.0,1558.0,8387.0,1039.0,8880.0,3506.0,1917.0,3929.0,3831.0,6308.0,3639.0,22411.0,6818.0,3299.0,1737.0,3255.0,4381.0,1201.0,3983.0,3464.0,1257.0,15187.0,15446.0,12225.0,23997.0,23358.0
2021-03-23,5540.0,8951.0,8371.0,2793.0,2452.0,6710.0,12013.0,7700.0,2465.0,3065.0,5202.0,6656.0,15999.0,2663.0,6173.0,648.0,4267.0,8295.0,2809.0,3518.0,3586.0,6942.0,1653.0,6133.0,16705.0,2556.0,4063.0,5927.0,1062.0,10286.0,4796.0,4583.0,1844.0,3665.0,5928.0,2360.0,1676.0,8757.0,1177.0,9142.0,3573.0,2001.0,3916.0,3894.0,6512.0,3743.0,23129.0,6951.0,3308.0,1793.0,3417.0,4607.0,1151.0,4318.0,3433.0,1359.0,15771.0,16569.0,12441.0,24062.0,23065.0
2021-03-24,5434.0,9288.0,9034.0,2865.0,2260.0,6859.0,12058.0,7725.0,2571.0,3137.0,5434.0,6592.0,15945.0,2611.0,6171.0,600.0,4138.0,8275.0,2792.0,3577.0,3632.0,7038.0,1633.0,6382.0,17927.0,2650.0,3870.0,6144.0,1017.0,10250.0,4891.0,4551.0,1773.0,3642.0,6078.0,2206.0,1562.0,8938.0,1122.0,9104.0,3579.0,1962.0,4044.0,3887.0,6604.0,3814.0,22738.0,6895.0,3325.0,1810.0,3248.0,4380.0,1183.0,4134.0,3579.0,1289.0,15928.0,16321.0,12582.0,24407.0,23102.0
2021-03-25,5882.0,9214.0,8608.0,2791.0,2485.0,6969.0,12468.0,7846.0,2459.0,3105.0,5395.0,6673.0,15945.0,2655.0,6272.0,644.0,4152.0,7916.0,2676.0,3566.0,3479.0,7335.0,1174.0,6289.0,17415.0,2582.0,3838.0,6539.0,1085.0,10174.0,4916.0,4568.0,1727.0,3679.0,6147.0,2251.0,1646.0,9042.0,1183.0,9121.0,3656.0,1886.0,4130.0,3926.0,6590.0,3812.0,23206.0,6720.0,3392.0,1820.0,3304.0,4472.0,1206.0,4126.0,1326.0,16037.0,16939.0,,12694.0,25236.0,23043.0
2021-03-26,6017.0,9050.0,9586.0,2799.0,2646.0,6755.0,13259.0,7582.0,2378.0,3259.0,4767.0,6856.0,16266.0,2534.0,5860.0,629.0,4087.0,7637.0,2492.0,3372.0,3683.0,6625.0,1563.0,6192.0,16424.0,2675.0,3649.0,6119.0,1086.0,9991.0,4803.0,4572.0,1671.0,3723.0,6271.0,2318.0,1643.0,9008.0,1141.0,8425.0,3539.0,1646.0,4137.0,3911.0,6551.0,3610.0,23353.0,6044.0,3234.0,1733.0,3347.0,4137.0,1068.0,4226.0,3452.0,1312.0,16015.0,17385.0,12738.0,26205.0,24213.0
2021-03-29,5676.0,9894.0,9233.0,2802.0,2599.0,6904.0,13482.0,7666.0,2486.0,3084.0,5079.0,6548.0,16181.0,2604.0,5631.0,743.0,4557.0,7968.0,2295.0,3416.0,3635.0,6639.0,1634.0,5918.0,17062.0,2759.0,3697.0,6425.0,1149.0,10309.0,4761.0,4842.0,4570.0,5754.0,1713.0,8683.0,,,1277.0,10253.0,3762.0,2548.0,5042.0,4441.0,6134.0,3682.0,24336.0,6785.0,3079.0,1750.0,3799.0,4923.0,1017.0,3813.0,3721.0,1305.0,15927.0,18478.0,13618.0,25928.0,25339.0
2021-03-30,6333.0,12440.0,9604.0,3298.0,2739.0,7890.0,14207.0,8231.0,2730.0,3606.0,6137.0,7409.0,17908.0,2892.0,6164.0,1035.0,5339.0,8437.0,2663.0,3738.0,3659.0,6415.0,1726.0,6574.0,20278.0,2976.0,3987.0,7638.0,1328.0,11750.0,5072.0,6234.0,2959.0,7119.0,6569.0,3529.0,2396.0,9265.0,1556.0,13476.0,4606.0,5002.0,6143.0,5320.0,6846.0,4205.0,27119.0,8315.0,3646.0,1911.0,4314.0,5932.0,1196.0,4160.0,3906.0,1452.0,17448.0,21548.0,15981.0,30095.0,27935.0
2021-03-31,6276.0,10957.0,10065.0,3131.0,2984.0,7689.0,14089.0,8107.0,2787.0,3583.0,5903.0,7153.0,21137.0,2866.0,6329.0,761.0,4965.0,8400.0,2688.0,3750.0,3899.0,7407.0,1741.0,6810.0,19606.0,2813.0,3886.0,7236.0,1263.0,11571.0,5109.0,5498.0,2484.0,5805.0,6260.0,3045.0,2217.0,9235.0,1416.0,11678.0,4242.0,3516.0,5663.0,5083.0,6799.0,3832.0,26440.0,7633.0,3466.0,1938.0,3990.0,5473.0,1149.0,3777.0,3761.0,1448.0,15760.0,20843.0,14936.0,28031.0,26445.0
2021-04-01,6299.0,10650.0,5720.0,3106.0,3102.0,7818.0,14797.0,8007.0,2859.0,3490.0,5795.0,7287.0,18073.0,2900.0,6391.0,323.0,5038.0,8278.0,2686.0,3713.0,2251.0,7017.0,1827.0,6812.0,20123.0,2939.0,3931.0,7186.0,1290.0,11397.0,5000.0,5571.0,2455.0,5201.0,6561.0,3051.0,1968.0,8744.0,1535.0,11160.0,4232.0,2929.0,6135.0,5404.0,6630.0,3569.0,27048.0,7334.0,1767.0,2006.0,3906.0,5369.0,1108.0,3814.0,3754.0,1330.0,17377.0,20924.0,8936.0,29730.0,27114.0
2021-04-06,4808.0,8915.0,10366.0,2723.0,2997.0,7103.0,14074.0,7645.0,2597.0,3335.0,5848.0,6553.0,16869.0,2943.0,6160.0,691.0,4684.0,8390.0,2439.0,3871.0,3602.0,6749.0,1747.0,6610.0,19720.0,2428.0,4008.0,7079.0,1077.0,11812.0,3043.0,3365.0,1939.0,4280.0,5894.0,2573.0,1552.0,8195.0,1426.0,12400.0,3989.0,1265.0,5915.0,5043.0,6766.0,3321.0,25888.0,7066.0,3548.0,1958.0,4277.0,5230.0,1067.0,3578.0,3471.0,1464.0,15978.0,19581.0,14211.0,27769.0,25147.0
2021-04-07,5258.0,9577.0,10227.0,2985.0,2990.0,7535.0,14360.0,7632.0,2656.0,3477.0,6483.0,7029.0,17177.0,3050.0,6506.0,818.0,4987.0,8325.0,2693.0,4134.0,3815.0,7629.0,1951.0,6913.0,21228.0,2607.0,4109.0,7503.0,1177.0,12555.0,4800.0,5547.0,2209.0,4474.0,6326.0,2707.0,1860.0,7887.0,1802.0,11355.0,4161.0,2584.0,6095.0,5565.0,6813.0,3643.0,26592.0,7411.0,3718.0,1912.0,4270.0,5447.0,1214.0,3641.0,3672.0,1593.0,16810.0,20600.0,15007.0,28447.0,26397.0
2021-04-08,5285.0,9491.0,9834.0,2794.0,2878.0,7496.0,13875.0,7755.0,2903.0,3444.0,6522.0,6946.0,17158.0,3156.0,6554.0,766.0,4921.0,8019.0,2581.0,4018.0,3515.0,7642.0,1871.0,7040.0,21722.0,2735.0,4237.0,7711.0,1180.0,12709.0,4717.0,5817.0,1949.0,4487.0,6072.0,2721.0,1741.0,7994.0,1687.0,11496.0,4135.0,2563.0,6007.0,5567.0,6821.0,3587.0,26517.0,7285.0,3712.0,1993.0,4147.0,5605.0,1236.0,3681.0,3610.0,1585.0,16953.0,20020.0,15219.0,28396.0,25950.0
2021-04-09,5471.0,9633.0,10694.0,2834.0,2779.0,7524.0,14234.0,7679.0,2502.0,3590.0,5844.0,7188.0,17108.0,2936.0,6050.0,796.0,5243.0,8064.0,2486.0,3833.0,3698.0,6915.0,1750.0,6888.0,20896.0,2836.0,4006.0,7528.0,1253.0,12545.0,4702.0,5812.0,2011.0,4374.0,6304.0,2705.0,1737.0,8098.0,1800.0,13608.0,3939.0,2504.0,6312.0,5545.0,6930.0,3701.0,27053.0,7474.0,3569.0,2064.0,4267.0,5663.0,1095.0,3916.0,3461.0,1065.0,17563.0,20600.0,15679.0,33430.0,27213.0
2021-04-12,6670.0,11095.0,12412.0,3069.0,3714.0,9233.0,17047.0,9057.0,2684.0,4820.0,8338.0,9180.0,20644.0,3937.0,7150.0,903.0,6384.0,9931.0,2760.0,4908.0,4173.0,8528.0,2502.0,8457.0,47824.0,3253.0,4943.0,17513.0,1287.0,24034.0,5401.0,9587.0,2257.0,6574.0,7915.0,2923.0,1783.0,9077.0,4728.0,14485.0,5229.0,2574.0,13036.0,11107.0,9393.0,3660.0,32882.0,7687.0,4059.0,2357.0,5335.0,7262.0,1411.0,4383.0,4430.0,1726.0,20169.0,25778.0,17849.0,34777.0,45188.0
2021-04-13,6890.0,11147.0,11641.0,3393.0,3720.0,9278.0,17002.0,9167.0,2872.0,4418.0,8954.0,8684.0,22867.0,3983.0,7872.0,877.0,5853.0,9407.0,3081.0,5142.0,4227.0,9395.0,2573.0,8628.0,45745.0,3343.0,5070.0,15811.0,1333.0,21887.0,5460.0,8834.0,2370.0,6084.0,7685.0,3023.0,1815.0,9456.0,4421.0,15012.0,5307.0,2606.0,11934.0,10561.0,9701.0,4307.0,31465.0,8481.0,4337.0,3544.0,4697.0,7079.0,1654.0,4375.0,4214.0,1856.0,20191.0,26458.0,18664.0,36877.0,39812.0
2021-04-14,7015.0,11613.0,12289.0,3310.0,3914.0,9698.0,16833.0,9280.0,3063.0,24299.0,887.0,9675.0,,,,,,,3026.0,5149.0,4543.0,9369.0,2429.0,8714.0,47521.0,3213.0,5061.0,15989.0,1272.0,21948.0,5824.0,8752.0,2280.0,5903.0,8006.0,2978.0,1877.0,9730.0,5306.0,10723.0,34854.0,8553.0,,,,,,,4414.0,2685.0,5447.0,7581.0,1616.0,4049.0,4769.0,1863.0,17777.0,28254.0,18586.0,36529.0,39455.0
2021-04-15,7323.0,11044.0,12685.0,3435.0,4114.0,10180.0,17908.0,9107.0,4752.0,9109.0,8720.0,4130.0,8185.0,5958.0,8848.0,,,,3188.0,5371.0,4559.0,9829.0,2445.0,9047.0,47089.0,3347.0,4987.0,15950.0,1397.0,22050.0,5609.0,9186.0,2651.0,6170.0,8355.0,3295.0,1962.0,9958.0,4562.0,14623.0,5540.0,2379.0,11976.0,10132.0,4102.0,,,,4547.0,2734.0,5612.0,7590.0,1654.0,4774.0,4842.0,1889.0,20641.0,28211.0,18437.0,37660.0,39476.0
2021-04-16,7975.0,11975.0,6611.0,3379.0,4333.0,10550.0,19515.0,8988.0,2892.0,5213.0,8509.0,9660.0,26029.0,3762.0,7461.0,359.0,6481.0,,2929.0,5023.0,2577.0,8387.0,2420.0,8981.0,52862.0,3357.0,5092.0,17857.0,1463.0,23082.0,5961.0,9436.0,2527.0,6316.0,8603.0,3428.0,2035.0,9537.0,5272.0,15379.0,2712.0,14772.0,12635.0,10315.0,3881.0,36254.0,7953.0,,2077.0,2652.0,6018.0,8238.0,1447.0,4805.0,4912.0,1707.0,22001.0,30441.0,11091.0,42151.0,42234.0
2021-04-19,7139.0,10966.0,5966.0,3278.0,3674.0,8803.0,16401.0,8886.0,2836.0,4176.0,7558.0,8514.0,22125.0,3473.0,7512.0,352.0,5113.0,9612.0,3053.0,4595.0,2448.0,8658.0,2274.0,8171.0,36694.0,3168.0,4431.0,13019.0,1246.0,18659.0,5855.0,8113.0,2234.0,5279.0,7272.0,2898.0,1841.0,10068.0,3369.0,13406.0,4898.0,2391.0,9162.0,8431.0,9243.0,4066.0,31119.0,7373.0,1785.0,2423.0,1426.0,4533.0,4504.0,1806.0,18923.0,,,,9886.0,31512.0,36476.0
2021-04-20,7850.0,12213.0,6425.0,3568.0,3973.0,10010.0,16930.0,9699.0,3182.0,4587.0,9338.0,9498.0,24389.0,4045.0,8567.0,366.0,6215.0,10236.0,3374.0,5318.0,2585.0,9834.0,2570.0,8970.0,43767.0,3490.0,5307.0,14304.0,1334.0,22451.0,6320.0,10776.0,2834.0,11926.0,8320.0,3365.0,1989.0,10892.0,3487.0,16042.0,5202.0,7637.0,10811.0,9515.0,10253.0,4585.0,34825.0,8253.0,2309.0,2753.0,5135.0,7434.0,1821.0,5072.0,5247.0,1905.0,21287.0,25919.0,10560.0,35580.0,36157.0
2021-04-21,7475.0,11874.0,5905.0,3543.0,3925.0,10215.0,17617.0,9686.0,3231.0,4627.0,9683.0,9107.0,24628.0,4317.0,9147.0,374.0,6116.0,10032.0,3352.0,5458.0,2603.0,10318.0,2229.0,9219.0,42837.0,3291.0,5430.0,14331.0,1423.0,19924.0,6394.0,8470.0,2378.0,5618.0,8375.0,3098.0,1981.0,10923.0,3654.0,14915.0,5304.0,2283.0,10119.0,9484.0,10625.0,4642.0,34890.0,8367.0,2490.0,2807.0,5114.0,7363.0,1783.0,5126.0,5358.0,2023.0,21533.0,26248.0,10969.0,36018.0,36476.0
2021-04-22,8538.0,12644.0,6097.0,3619.0,4250.0,11075.0,17790.0,9560.0,3267.0,4934.0,9809.0,9698.0,25814.0,4512.0,9291.0,360.0,6438.0,9735.0,3514.0,5646.0,2690.0,9702.0,2612.0,9478.0,45894.0,3349.0,5552.0,14715.0,1373.0,20795.0,6529.0,8847.0,2456.0,5933.0,8499.0,3037.0,2000.0,11340.0,3901.0,15561.0,5584.0,2601.0,10877.0,9692.0,11151.0,4795.0,36797.0,8416.0,2448.0,2825.0,5253.0,7768.0,1844.0,5358.0,5192.0,2171.0,22249.0,28107.0,10975.0,38267.0,38487.0
2021-04-23,8963.0,13182.0,6787.0,3641.0,4410.0,11127.0,20012.0,9502.0,3001.0,5117.0,8881.0,10279.0,27120.0,3819.0,8230.0,391.0,6473.0,9669.0,3334.0,5200.0,2637.0,9114.0,2563.0,9174.0,46995.0,3477.0,5354.0,16159.0,1572.0,6849.0,9437.0,2233.0,11088.0,,,,,,4562.0,15578.0,5837.0,2783.0,13180.0,11193.0,11518.0,4648.0,38653.0,8325.0,2265.0,2845.0,5609.0,8027.0,1631.0,5607.0,5358.0,1985.0,22999.0,30295.0,11484.0,42603.0,41486.0
2021-04-26,7386.0,11027.0,12366.0,3385.0,3612.0,8993.0,16385.0,8996.0,2897.0,4228.0,8080.0,8428.0,21965.0,3397.0,7939.0,828.0,5606.0,9876.0,3250.0,4904.0,4449.0,9168.0,2293.0,8292.0,37324.0,3212.0,5009.0,12282.0,1339.0,18464.0,6180.0,7917.0,2103.0,5169.0,7526.0,2961.0,1894.0,10258.0,3250.0,13306.0,4957.0,2285.0,8793.0,8094.0,9696.0,4297.0,32366.0,7782.0,4266.0,2532.0,4793.0,6284.0,1639.0,4824.0,4818.0,1841.0,19296.0,24212.0,17697.0,33229.0,36924.0
2021-04-27,7941.0,12751.0,12343.0,3294.0,4029.0,10307.0,18296.0,9961.0,2726.0,4914.0,9646.0,9196.0,24526.0,4293.0,9347.0,953.0,6002.0,10401.0,3527.0,5483.0,4416.0,10286.0,2557.0,9120.0,41863.0,3506.0,5539.0,13814.0,854.0,18293.0,6648.0,8386.0,2468.0,5749.0,8674.0,3390.0,2156.0,10861.0,3496.0,15583.0,5133.0,2403.0,9526.0,9039.0,10485.0,4737.0,34674.0,8471.0,4916.0,2775.0,5169.0,7237.0,1986.0,5354.0,5338.0,2055.0,20767.0,26315.0,19606.0,36497.0,37591.0
2021-04-28,8273.0,12054.0,12511.0,3868.0,4207.0,10701.0,17642.0,10057.0,3168.0,4770.0,9728.0,9214.0,25056.0,4427.0,9557.0,934.0,5936.0,10365.0,3562.0,6061.0,4741.0,11037.0,2812.0,9647.0,42624.0,3515.0,5569.0,13654.0,1362.0,20485.0,6629.0,8757.0,2413.0,5141.0,8170.0,2988.0,2137.0,11224.0,3893.0,15200.0,5407.0,2133.0,9359.0,9152.0,10733.0,4982.0,35591.0,8572.0,5155.0,3000.0,5526.0,6927.0,1995.0,5492.0,5689.0,2114.0,21775.0,26460.0,19397.0,37239.0,36761.0
2021-04-29,8764.0,12638.0,13264.0,3901.0,4384.0,11373.0,19009.0,9895.0,3296.0,5005.0,10244.0,10059.0,27332.0,4616.0,10207.0,1035.0,6425.0,10222.0,3754.0,6013.0,4877.0,11354.0,2787.0,9690.0,45142.0,3577.0,5745.0,14746.0,1450.0,20686.0,6765.0,8779.0,2609.0,5576.0,8693.0,3148.0,1899.0,11230.0,4001.0,15815.0,5521.0,2388.0,10562.0,10138.0,11094.0,4748.0,38424.0,8357.0,5222.0,3007.0,5459.0,7565.0,2117.0,5256.0,5641.0,2251.0,21169.0,29275.0,20587.0,39850.0,38685.0
2021-04-30,9323.0,12927.0,15598.0,3761.0,4676.0,11305.0,21068.0,9662.0,3136.0,5449.0,9016.0,10678.0,28637.0,3825.0,8657.0,1042.0,6718.0,10013.0,3320.0,5460.0,4783.0,9759.0,2656.0,9488.0,49005.0,3858.0,5681.0,16467.0,1542.0,22525.0,7045.0,9228.0,2721.0,5904.0,9237.0,3481.0,2048.0,11311.0,4782.0,14924.0,5679.0,2290.0,13137.0,11242.0,11552.0,4455.0,39757.0,7645.0,4842.0,2698.0,5762.0,7668.0,1701.0,5805.0,5688.0,1959.0,24008.0,30250.0,21224.0,43482.0,44186.0
2021-05-04,7198.0,12174.0,14272.0,3648.0,4319.0,10016.0,18411.0,9745.0,3388.0,4523.0,9253.0,9338.0,24473.0,4098.0,9026.0,824.0,5854.0,10622.0,3557.0,5621.0,4730.0,10254.0,2635.0,9045.0,40563.0,3483.0,5369.0,13222.0,1339.0,19132.0,6722.0,8460.0,2279.0,5226.0,8161.0,2894.0,1833.0,11643.0,3572.0,15106.0,5201.0,2212.0,8942.0,8873.0,10297.0,4515.0,34818.0,7963.0,5130.0,2796.0,5098.0,6664.0,1941.0,5421.0,5131.0,2062.0,21153.0,25751.0,18966.0,35660.0,38193.0
2021-05-05,8651.0,12542.0,13070.0,4020.0,4447.0,10959.0,18356.0,9975.0,3430.0,4707.0,10057.0,9554.0,26599.0,4645.0,10034.0,1107.0,6230.0,10538.0,6199.0,4924.0,2933.0,9520.0,43795.0,3833.0,14160.0,,,,1391.0,20274.0,7053.0,8839.0,2402.0,5456.0,8322.0,3054.0,2106.0,12145.0,3913.0,16013.0,5754.0,2431.0,9805.0,9720.0,10822.0,5116.0,36440.0,8397.0,5082.0,3080.0,6079.0,7300.0,2126.0,5582.0,5590.0,2149.0,22197.0,26662.0,19872.0,37471.0,38596.0
2021-05-06,9399.0,12704.0,13071.0,3900.0,4490.0,11668.0,19102.0,10141.0,3448.0,5177.0,10656.0,9896.0,27717.0,4825.0,10177.0,1016.0,6394.0,10090.0,3968.0,11628.0,9872.0,3535.0,5966.0,,,,,,1433.0,20725.0,7064.0,8910.0,2739.0,5500.0,8490.0,3084.0,2014.0,12156.0,4080.0,16428.0,5569.0,2346.0,10171.0,9783.0,11273.0,5007.0,38763.0,8375.0,5438.0,3752.0,5193.0,7418.0,2187.0,5701.0,5679.0,2313.0,23044.0,28911.0,20833.0,40904.0,38957.0
2021-05-07,9512.0,13685.0,14764.0,3914.0,4842.0,11417.0,20622.0,9808.0,3183.0,5449.0,9556.0,10842.0,28771.0,4205.0,9034.0,1075.0,6551.0,10323.0,3697.0,5610.0,4985.0,10105.0,2696.0,47510.0,5719.0,16237.0,,,1635.0,21740.0,7242.0,9289.0,2885.0,6077.0,9496.0,3407.0,2017.0,12261.0,4806.0,16049.0,5820.0,2532.0,12922.0,11190.0,11671.0,4510.0,40199.0,8259.0,5110.0,2840.0,5815.0,8077.0,1821.0,5771.0,5716.0,2066.0,23797.0,30837.0,21475.0,43863.0,43241.0
2021-05-10,7467.0,11878.0,12295.0,3315.0,4406.0,9739.0,13987.0,9415.0,3084.0,4490.0,8648.0,8924.0,23265.0,3904.0,8429.0,861.0,5665.0,10663.0,3245.0,5331.0,4108.0,9508.0,2517.0,8584.0,38152.0,3267.0,5096.0,13079.0,1245.0,18652.0,6456.0,8066.0,2263.0,5109.0,8429.0,3076.0,1985.0,11048.0,3435.0,14789.0,4869.0,2318.0,8871.0,8460.0,9851.0,4555.0,33615.0,7720.0,4315.0,2614.0,5035.0,6777.0,1746.0,5155.0,5058.0,1986.0,20040.0,24829.0,17766.0,33868.0,37755.0
2021-05-11,8164.0,13106.0,12972.0,3716.0,4512.0,11110.0,15720.0,9667.0,3518.0,4826.0,10551.0,9658.0,26221.0,4648.0,10038.0,994.0,6275.0,11236.0,3513.0,6054.0,5044.0,11223.0,2664.0,9761.0,44308.0,3554.0,5762.0,14757.0,1419.0,20427.0,6953.0,8936.0,2462.0,5672.0,8671.0,3107.0,1932.0,11983.0,3717.0,16448.0,5884.0,2684.0,10668.0,9701.0,10759.0,5436.0,40758.0,11894.0,5290.0,3057.0,6140.0,7915.0,2163.0,4753.0,5562.0,2188.0,17315.0,30109.0,20809.0,38048.0,39795.0
2021-05-12,8282.0,13361.0,13221.0,4025.0,4698.0,11626.0,16364.0,10202.0,3334.0,4984.0,11055.0,9764.0,26748.0,4861.0,10502.0,1018.0,6563.0,10338.0,3644.0,6077.0,4913.0,11786.0,2791.0,10024.0,45715.0,3582.0,5978.0,15088.0,1363.0,20853.0,7119.0,8702.0,2327.0,5733.0,8745.0,3153.0,2033.0,12011.0,3959.0,17564.0,5451.0,2548.0,10852.0,10336.0,11197.0,5018.0,38177.0,8773.0,5467.0,3221.0,5728.0,7653.0,2230.0,5636.0,6083.0,2289.0,22225.0,29797.0,21007.0,39542.0,39672.0
2021-05-13,9248.0,13945.0,13657.0,3850.0,5131.0,12194.0,16992.0,10086.0,3512.0,5172.0,11451.0,9544.0,28115.0,5112.0,11133.0,1034.0,6736.0,9553.0,3674.0,6470.0,4819.0,11911.0,2902.0,10165.0,46288.0,3753.0,6022.0,15119.0,1468.0,20735.0,7242.0,8643.0,2537.0,5726.0,8644.0,3222.0,1990.0,12060.0,3991.0,17745.0,5428.0,2398.0,10814.0,10322.0,10928.0,5123.0,39483.0,8908.0,5760.0,3328.0,5759.0,7891.0,2364.0,5775.0,6007.0,2360.0,23455.0,30515.0,21480.0,41347.0,37641.0
2021-05-14,9636.0,13570.0,15359.0,3682.0,5147.0,12007.0,19155.0,9798.0,3371.0,5451.0,9657.0,10635.0,28570.0,4144.0,9166.0,1027.0,6867.0,9759.0,3340.0,5812.0,5036.0,10470.0,2658.0,9881.0,46994.0,3886.0,5731.0,16219.0,1479.0,21597.0,7420.0,9055.0,2672.0,5961.0,9526.0,3515.0,2022.0,12416.0,4839.0,16939.0,5604.0,2423.0,13466.0,11646.0,11540.0,4887.0,40404.0,8061.0,5162.0,2733.0,5773.0,7846.0,1838.0,5897.0,5850.0,2202.0,24190.0,31565.0,21432.0,44134.0,42204.0
2021-05-17,8658.0,12857.0,15236.0,3681.0,4717.0,11363.0,19362.0,9876.0,3332.0,5155.0,10269.0,9808.0,27048.0,4941.0,10032.0,1004.0,7004.0,10212.0,4051.0,6120.0,5384.0,10642.0,3077.0,10717.0,43988.0,4113.0,6037.0,16189.0,1522.0,20767.0,7605.0,9234.0,2491.0,5694.0,8459.0,3566.0,1917.0,13278.0,5056.0,17756.0,5887.0,2629.0,13944.0,12008.0,10743.0,5182.0,38329.0,8910.0,5256.0,3074.0,6313.0,7918.0,2193.0,5940.0,5577.0,2391.0,22815.0,29577.0,19842.0,38372.0,39623.0
2021-05-18,8914.0,14335.0,15126.0,4136.0,5135.0,12413.0,21081.0,10638.0,3636.0,5830.0,12692.0,10599.0,30609.0,5874.0,11795.0,1100.0,7550.0,11001.0,4408.0,6870.0,5607.0,12368.0,3428.0,11722.0,49652.0,4472.0,6899.0,18090.0,1745.0,22610.0,8328.0,10148.0,2777.0,6167.0,9312.0,3691.0,2124.0,14528.0,5361.0,20558.0,6378.0,2753.0,15180.0,13221.0,11577.0,5797.0,41336.0,10650.0,6469.0,3633.0,6987.0,9352.0,2755.0,6555.0,6459.0,2570.0,24765.0,32738.0,22279.0,42501.0,41613.0
2021-05-19,9969.0,14946.0,16693.0,4337.0,5386.0,13523.0,22850.0,10946.0,6350.0,11039.0,32705.0,8475.0,11106.0,,,,,,4414.0,7306.0,5748.0,13714.0,3341.0,12337.0,53830.0,4420.0,7039.0,19275.0,1655.0,23544.0,8601.0,10381.0,3094.0,6563.0,9882.0,4035.0,2223.0,15953.0,5737.0,6636.0,3065.0,16936.0,14563.0,12305.0,44200.0,10553.0,,,6643.0,3538.0,7854.0,10512.0,2844.0,6502.0,7151.0,2711.0,25949.0,36081.0,23321.0,45746.0,42711.0
2021-05-20,10159.0,15428.0,17701.0,4369.0,5693.0,14771.0,24276.0,11055.0,4314.0,14848.0,6714.0,13192.0,1273.0,11165.0,,,,,4538.0,7739.0,5845.0,14083.0,3616.0,12918.0,56770.0,4837.0,7659.0,20608.0,1733.0,24573.0,8933.0,10978.0,3239.0,6614.0,9927.0,3924.0,2081.0,16813.0,21862.0,12598.0,6131.0,,,,,,,,6711.0,3858.0,7970.0,10530.0,2960.0,6893.0,7548.0,2822.0,27518.0,38445.0,23826.0,48740.0,42812.0
2021-05-21,11225.0,15203.0,20108.0,4053.0,6939.0,15044.0,26039.0,10939.0,3893.0,7232.0,12720.0,12466.0,36255.0,5568.0,10735.0,1158.0,9023.0,,4366.0,6954.0,6202.0,11568.0,3659.0,12542.0,53405.0,5014.0,7333.0,21993.0,1940.0,24448.0,9308.0,11530.0,3298.0,6820.0,10555.0,4682.0,2098.0,17436.0,7532.0,20724.0,7062.0,2846.0,21494.0,17114.0,5474.0,48175.0,9439.0,,6212.0,3441.0,8519.0,10034.0,2278.0,7231.0,7112.0,2602.0,28381.0,39488.0,23180.0,51584.0,47633.0
2021-05-24,8647.0,12939.0,16856.0,3876.0,5185.0,11369.0,21588.0,10104.0,3219.0,5478.0,10526.0,9946.0,27288.0,4768.0,9645.0,1007.0,7281.0,10377.0,3943.0,6055.0,5658.0,10944.0,3137.0,11021.0,45758.0,4189.0,6344.0,16653.0,7739.0,2001.0,13612.0,,,,,,,,5203.0,18029.0,6086.0,2484.0,14804.0,12568.0,10500.0,5158.0,38765.0,9274.0,5509.0,2930.0,6627.0,8188.0,2296.0,6035.0,5878.0,2306.0,22293.0,30078.0,19913.0,38126.0,40666.0
2021-05-25,9327.0,14549.0,16440.0,4161.0,5419.0,12816.0,21966.0,10815.0,3738.0,6252.0,13243.0,10604.0,31484.0,5958.0,11856.0,1190.0,7909.0,11429.0,4256.0,7086.0,5799.0,12942.0,3354.0,12425.0,53636.0,4596.0,7134.0,18775.0,1767.0,22884.0,8492.0,9922.0,3049.0,6347.0,9692.0,3971.0,2150.0,14616.0,5482.0,21379.0,6287.0,2875.0,16756.0,13124.0,11904.0,6011.0,43080.0,10401.0,6441.0,3602.0,7115.0,9497.0,2682.0,6936.0,6773.0,2633.0,25107.0,33958.0,22870.0,43426.0,42660.0
2021-05-26,10110.0,15413.0,17055.0,4503.0,5758.0,13948.0,23317.0,11136.0,4052.0,6410.0,13957.0,11446.0,33499.0,6455.0,12462.0,1274.0,8603.0,11047.0,4644.0,7557.0,5852.0,13721.0,3530.0,12745.0,55035.0,4750.0,7391.0,20429.0,1850.0,24004.0,8723.0,10854.0,3174.0,6749.0,10126.0,4252.0,2236.0,16907.0,6107.0,22157.0,6812.0,3069.0,18497.0,15678.0,12289.0,5824.0,45601.0,10855.0,6681.0,3650.0,7341.0,10454.0,2838.0,6756.0,7183.0,2760.0,26060.0,37140.0,24378.0,47279.0,44819.0
2021-05-27,10420.0,16720.0,18924.0,4572.0,5936.0,15188.0,25241.0,11124.0,4168.0,6884.0,15108.0,11548.0,36323.0,6950.0,12787.0,1417.0,9569.0,11040.0,5014.0,7562.0,6245.0,14521.0,3479.0,13427.0,59255.0,4663.0,7402.0,21641.0,1983.0,25077.0,9040.0,11130.0,3480.0,7228.0,10205.0,4439.0,2352.0,17031.0,6450.0,23144.0,7125.0,3433.0,20291.0,17080.0,13255.0,6178.0,48353.0,10688.0,6967.0,4037.0,8318.0,11549.0,2949.0,7035.0,6704.0,2967.0,27841.0,40989.0,25182.0,50252.0,46143.0
2021-05-28,11475.0,16606.0,23645.0,4235.0,7009.0,15012.0,29951.0,11089.0,4342.0,7101.0,12667.0,12283.0,37981.0,5748.0,10082.0,1385.0,10109.0,11008.0,4092.0,6766.0,6203.0,11961.0,3622.0,12901.0,61596.0,5006.0,7403.0,23390.0,2141.0,27144.0,9757.0,12559.0,3571.0,7588.0,11136.0,5222.0,2293.0,18901.0,8068.0,21815.0,7549.0,3352.0,23475.0,18980.0,13641.0,5432.0,51622.0,10275.0,6507.0,3268.0,8820.0,11378.0,2309.0,7205.0,6668.0,2651.0,29190.0,43382.0,24710.0,53698.0,52719.0
2021-06-01,8767.0,16791.0,21095.0,4027.0,6183.0,12587.0,25950.0,10696.0,3937.0,6368.0,12053.0,10573.0,33254.0,5994.0,10248.0,1704.0,11287.0,10852.0,3817.0,6545.0,5996.0,11545.0,2942.0,12186.0,61249.0,4833.0,7092.0,20869.0,1870.0,25665.0,8817.0,12287.0,3812.0,9166.0,9273.0,5151.0,2339.0,15608.0,8224.0,22771.0,6662.0,4703.0,22439.0,18247.0,11236.0,5333.0,45730.0,12125.0,6511.0,3266.0,8810.0,11647.0,2475.0,5237.0,6389.0,2690.0,23768.0,40416.0,23352.0,47914.0,49841.0
2021-06-02,9697.0,17617.0,20005.0,4280.0,6112.0,14170.0,25348.0,10622.0,4361.0,6646.0,13296.0,10978.0,35436.0,6270.0,11273.0,1545.0,11626.0,10719.0,4004.0,6918.0,5988.0,12588.0,3434.0,13056.0,62122.0,4901.0,7483.0,22348.0,1942.0,26416.0,9085.0,12880.0,4050.0,8845.0,9838.0,4983.0,2583.0,17247.0,8398.0,23834.0,6794.0,4558.0,22638.0,18117.0,12231.0,5649.0,48441.0,13351.0,7022.0,3646.0,9352.0,13103.0,2813.0,5751.0,6897.0,3226.0,25574.0,42059.0,24214.0,50341.0,49223.0
2021-06-03,9826.0,17641.0,20502.0,4571.0,6602.0,14338.0,27238.0,11355.0,4572.0,7020.0,14414.0,11341.0,37223.0,6963.0,11720.0,1665.0,12520.0,10766.0,4232.0,7199.0,6200.0,13748.0,3494.0,13858.0,64901.0,5114.0,8094.0,23280.0,2007.0,27015.0,9328.0,12871.0,4273.0,8692.0,10098.0,5280.0,2586.0,17810.0,8857.0,24526.0,7608.0,4443.0,23959.0,19697.0,12722.0,5956.0,49456.0,13163.0,7174.0,3770.0,9793.0,13993.0,2936.0,5970.0,7171.0,3834.0,26709.0,44301.0,25682.0,53027.0,50636.0
2021-06-04,10333.0,16409.0,24321.0,3893.0,7240.0,14078.0,28769.0,10845.0,3840.0,7355.0,12770.0,11337.0,37491.0,5681.0,10013.0,1258.0,11158.0,10080.0,4237.0,6953.0,6266.0,15160.0,3688.0,13320.0,62677.0,5265.0,7682.0,23213.0,1985.0,26207.0,9483.0,12893.0,3788.0,7392.0,10050.0,5061.0,2307.0,18226.0,9411.0,21180.0,7262.0,2882.0,24443.0,19914.0,12410.0,5010.0,50617.0,11207.0,6366.0,3399.0,9531.0,11657.0,2431.0,6250.0,7185.0,2536.0,27201.0,46358.0,23568.0,54444.0,51230.0
2021-06-07,8375.0,14128.0,17840.0,3948.0,5099.0,11411.0,22450.0,10297.0,3449.0,5407.0,11212.0,10028.0,28657.0,4858.0,9768.0,1154.0,8487.0,10937.0,3787.0,6038.0,5593.0,11313.0,2661.0,4371.0,,,,,1696.0,21708.0,8095.0,9844.0,3090.0,6519.0,8577.0,4117.0,2258.0,12376.0,5360.0,18619.0,5935.0,3410.0,15181.0,12401.0,10792.0,5223.0,40973.0,10324.0,5495.0,2996.0,6820.0,9151.0,2128.0,5673.0,5755.0,2339.0,23175.0,37304.0,21547.0,40891.0,44028.0
2021-06-08,9697.0,16088.0,17253.0,4441.0,5508.0,13473.0,23007.0,11162.0,4228.0,6060.0,15049.0,10669.0,32992.0,6048.0,11812.0,1388.0,8776.0,11619.0,4286.0,7244.0,5839.0,13515.0,3329.0,12568.0,56654.0,4876.0,7171.0,19547.0,1780.0,24171.0,8685.0,10870.0,3602.0,7365.0,10013.0,4610.0,2416.0,13899.0,5915.0,22319.0,6552.0,3616.0,16821.0,14368.0,12141.0,6331.0,44208.0,11382.0,6337.0,3670.0,7507.0,10755.0,2742.0,6443.0,6865.0,2748.0,25354.0,45309.0,24304.0,45604.0,45321.0
2021-06-09,10195.0,16509.0,17879.0,4611.0,5870.0,14321.0,24389.0,11437.0,4281.0,6648.0,16168.0,11379.0,34447.0,6334.0,12359.0,1466.0,9354.0,11433.0,4388.0,7502.0,6113.0,13922.0,3470.0,12698.0,57620.0,4983.0,7973.0,20587.0,1889.0,25237.0,9286.0,11707.0,3887.0,7866.0,10650.0,4848.0,2540.0,16281.0,6619.0,23590.0,7021.0,3996.0,17670.0,15545.0,13022.0,6338.0,46291.0,11850.0,8138.0,6333.0,26547.0,,,,,,,,25497.0,48609.0,46073.0
2021-06-10,10718.0,17300.0,19744.0,4674.0,6377.0,15224.0,25548.0,11740.0,4521.0,7044.0,17400.0,11494.0,37112.0,6793.0,13373.0,1427.0,9538.0,11391.0,4751.0,7775.0,6393.0,14942.0,3575.0,13571.0,59682.0,4903.0,8238.0,20806.0,1865.0,25962.0,9417.0,11792.0,3973.0,7541.0,10781.0,4864.0,2480.0,16708.0,6521.0,23713.0,7006.0,3494.0,18294.0,16449.0,13263.0,6535.0,49328.0,11321.0,7455.0,3877.0,12487.0,3197.0,7387.0,2977.0,54819.0,,,,25889.0,51576.0,46427.0
2021-06-11,10714.0,16822.0,22737.0,3779.0,6705.0,14956.0,27486.0,11458.0,3672.0,5063.0,14432.0,12349.0,36704.0,5569.0,10442.0,1580.0,9384.0,10422.0,3435.0,7289.0,5351.0,11120.0,3246.0,13135.0,58636.0,4877.0,7921.0,21438.0,1530.0,24773.0,9909.0,12826.0,4106.0,7868.0,11204.0,5586.0,2581.0,15019.0,7278.0,22707.0,6507.0,3538.0,20502.0,17213.0,12166.0,5195.0,54105.0,10665.0,5820.0,3184.0,8554.0,11766.0,2063.0,6724.0,6991.0,1549.0,27882.0,48302.0,25244.0,53348.0,49920.0
2021-06-14,8275.0,14734.0,18092.0,4058.0,5268.0,11723.0,24278.0,10292.0,3828.0,5439.0,12349.0,10253.0,29582.0,4725.0,9783.0,1252.0,8146.0,10760.0,3729.0,6085.0,5722.0,11346.0,2775.0,10673.0,46077.0,4229.0,6256.0,16543.0,1672.0,21455.0,8062.0,10389.0,3166.0,6829.0,8638.0,4296.0,2295.0,13065.0,5118.0,19178.0,5891.0,3520.0,15291.0,12519.0,10893.0,5319.0,42079.0,11233.0,6087.0,2838.0,6928.0,9381.0,2068.0,5721.0,5849.0,2265.0,23949.0,42077.0,22228.0,41717.0,43705.0
2021-06-15,9562.0,16317.0,17392.0,4616.0,5806.0,13583.0,24221.0,11318.0,4353.0,6220.0,15296.0,10970.0,34000.0,6074.0,11991.0,1380.0,9387.0,11926.0,4417.0,7367.0,6125.0,13412.0,3385.0,12274.0,55683.0,4701.0,7669.0,18930.0,1915.0,24039.0,8809.0,11201.0,3583.0,7118.0,10159.0,4549.0,2510.0,14416.0,5763.0,22278.0,6654.0,3498.0,16849.0,14748.0,12455.0,6364.0,45066.0,11520.0,6961.0,3513.0,7522.0,10836.0,2724.0,6436.0,6961.0,2702.0,25328.0,49074.0,24867.0,47094.0,45040.0
2021-06-16,9998.0,16758.0,18284.0,4926.0,5910.0,14204.0,25302.0,11268.0,4387.0,6266.0,16388.0,11405.0,34865.0,6548.0,12086.0,1416.0,10141.0,11299.0,4623.0,7313.0,6198.0,14006.0,3683.0,13138.0,56979.0,4686.0,7749.0,20031.0,2135.0,24732.0,9457.0,11784.0,3811.0,7828.0,9952.0,4855.0,2714.0,16286.0,6360.0,23023.0,7049.0,4209.0,19093.0,16817.0,13100.0,6567.0,48951.0,11420.0,7118.0,3623.0,7661.0,11000.0,2936.0,6556.0,7216.0,2945.0,26443.0,52302.0,26617.0,50632.0,45154.0
2021-06-17,10649.0,16129.0,20160.0,4581.0,6434.0,15641.0,26652.0,11699.0,4546.0,6993.0,18097.0,11802.0,38194.0,7013.0,13435.0,1399.0,9538.0,11291.0,4902.0,8160.0,6462.0,15074.0,3779.0,13969.0,58879.0,5248.0,8405.0,20494.0,2112.0,24851.0,9774.0,12145.0,3730.0,7009.0,10503.0,4694.0,2343.0,17181.0,6770.0,22390.0,7056.0,3741.0,19680.0,17495.0,13117.0,6541.0,49917.0,11106.0,7116.0,3759.0,8567.0,11530.0,3015.0,6766.0,7801.0,3063.0,27745.0,55590.0,25646.0,51088.0,44501.0
2021-06-18,11727.0,17141.0,24455.0,4815.0,7658.0,15904.0,30795.0,11421.0,4471.0,7742.0,14423.0,12579.0,38292.0,5835.0,10943.0,1240.0,9571.0,11103.0,4660.0,7113.0,6710.0,13028.0,3853.0,13678.0,60452.0,5202.0,7291.0,21370.0,2331.0,23895.0,10301.0,12337.0,4196.0,7307.0,10784.0,5210.0,2243.0,18883.0,7884.0,21163.0,7591.0,3870.0,24951.0,22203.0,12971.0,5939.0,53033.0,9929.0,6585.0,3412.0,16141.0,11251.0,2418.0,7168.0,7904.0,2760.0,29349.0,56577.0,24734.0,54470.0,48337.0
2021-06-21,8981.0,13948.0,18926.0,3929.0,6107.0,12424.0,24540.0,10279.0,3647.0,5612.0,13079.0,10529.0,31447.0,4956.0,10608.0,1026.0,7740.0,10830.0,4122.0,6716.0,5676.0,11979.0,3132.0,11780.0,49550.0,4682.0,6796.0,17153.0,,,,,,,,,,,5736.0,18693.0,6259.0,2500.0,15868.0,13272.0,11089.0,5721.0,43516.0,10585.0,6308.0,2938.0,7909.0,9008.0,2244.0,6256.0,6228.0,2541.0,24170.0,43965.0,21707.0,42095.0,43370.0
2021-06-22,10497.0,17201.0,19081.0,4756.0,6386.0,14710.0,26270.0,11476.0,4445.0,6515.0,16529.0,11213.0,35576.0,6414.0,12974.0,1252.0,9071.0,11735.0,4601.0,7935.0,6498.0,14351.0,3408.0,12954.0,57337.0,4957.0,7973.0,19265.0,2043.0,24255.0,9297.0,10644.0,3622.0,6813.0,10051.0,4344.0,2353.0,15190.0,6234.0,22411.0,6891.0,3125.0,17518.0,15768.0,12581.0,6736.0,48075.0,11438.0,7128.0,3767.0,8697.0,11364.0,2899.0,6752.0,7166.0,2851.0,26860.0,52082.0,24608.0,48947.0,44629.0
2021-06-23,10284.0,17164.0,19090.0,4620.0,6536.0,14346.0,26472.0,11708.0,6718.0,11569.0,35935.0,1412.0,10067.0,11738.0,,,,,4555.0,7863.0,6508.0,14472.0,3570.0,13671.0,60146.0,4788.0,8173.0,20587.0,2158.0,25617.0,9660.0,11692.0,3948.0,7454.0,10540.0,4947.0,2539.0,17350.0,6948.0,3677.0,19579.0,17060.0,48788.0,12732.0,,,,,7461.0,3705.0,8757.0,12354.0,2968.0,6503.0,7358.0,3215.0,27656.0,52132.0,26229.0,51999.0,45413.0
2021-06-24,11208.0,17655.0,19962.0,4606.0,6584.0,16001.0,28501.0,11783.0,4807.0,18104.0,38929.0,7195.0,13532.0,,,,,,4732.0,8064.0,6603.0,15324.0,3694.0,14279.0,62601.0,4986.0,8486.0,21068.0,2068.0,26498.0,9736.0,11859.0,4084.0,7506.0,10735.0,4754.0,2454.0,17405.0,24311.0,7464.0,14080.0,7063.0,,,,,,,7614.0,4018.0,9214.0,12633.0,3113.0,6843.0,7432.0,3231.0,28313.0,55838.0,26968.0,52686.0,47550.0
2021-06-25,11525.0,16746.0,24473.0,4070.0,6880.0,15542.0,30494.0,10762.0,4096.0,7347.0,14867.0,12553.0,5943.0,10612.0,1493.0,10605.0,11246.0,,4405.0,7071.0,6427.0,12502.0,3476.0,13915.0,60258.0,4938.0,7287.0,21809.0,2371.0,25955.0,9990.0,12602.0,4167.0,7723.0,11159.0,5236.0,2239.0,18034.0,8284.0,22978.0,7496.0,3294.0,22847.0,18802.0,13747.0,5849.0,54489.0,11032.0,6874.0,3396.0,9415.0,12815.0,2301.0,6923.0,7109.0,2671.0,30324.0,57144.0,25665.0,54592.0,51924.0
2021-06-28,8849.0,14759.0,19341.0,3758.0,5538.0,12381.0,24755.0,10388.0,3851.0,5846.0,12985.0,10315.0,30602.0,5314.0,10457.0,1257.0,8309.0,10915.0,4108.0,6832.0,5967.0,11567.0,3068.0,11607.0,48677.0,4481.0,7050.0,17291.0,2011.0,21685.0,8728.0,10254.0,3104.0,6377.0,9217.0,4188.0,1989.0,13859.0,5848.0,19124.0,6323.0,2879.0,15843.0,13782.0,11181.0,5589.0,44683.0,10421.0,6883.0,3435.0,7638.0,9315.0,2436.0,5724.0,6421.0,2621.0,24425.0,44352.0,22016.0,44058.0,43360.0
2021-06-29,10088.0,19049.0,19424.0,5128.0,6702.0,14240.0,26384.0,11114.0,4416.0,6170.0,15442.0,11183.0,35990.0,6170.0,12421.0,1230.0,9116.0,11606.0,4577.0,7516.0,7763.0,14161.0,3736.0,13019.0,41752.0,4835.0,7641.0,19180.0,2119.0,24130.0,9455.0,10602.0,3499.0,6710.0,10174.0,4472.0,2248.0,14995.0,6670.0,21849.0,7001.0,2852.0,18444.0,16294.0,12440.0,6713.0,46373.0,11299.0,6746.0,3700.0,8880.0,10283.0,2863.0,6603.0,7213.0,2849.0,26208.0,40197.0,23957.0,48340.0,43698.0
2021-06-30,9854.0,16384.0,19633.0,4412.0,6274.0,14122.0,26636.0,11450.0,4388.0,6525.0,16755.0,11387.0,35608.0,6616.0,12686.0,1325.0,10007.0,11522.0,4547.0,7695.0,6412.0,14429.0,3631.0,13720.0,46014.0,4702.0,8063.0,20919.0,2196.0,25216.0,9706.0,11580.0,3676.0,7005.0,10418.0,4917.0,2325.0,16722.0,6970.0,23100.0,7474.0,3315.0,19149.0,17137.0,13552.0,6573.0,48194.0,11708.0,7121.0,3751.0,8601.0,11861.0,2943.0,6702.0,7315.0,3055.0,26599.0,40826.0,25055.0,48555.0,45325.0
2021-07-01,10290.0,17681.0,12613.0,4817.0,6887.0,15058.0,27924.0,11802.0,4513.0,6876.0,18062.0,11729.0,37735.0,6891.0,13636.0,709.0,10560.0,11507.0,4709.0,7971.0,4273.0,14671.0,3758.0,14178.0,44516.0,4733.0,8445.0,22864.0,2059.0,27339.0,9855.0,11825.0,4059.0,7684.0,10912.0,5030.0,2723.0,16734.0,7382.0,24591.0,7569.0,3463.0,20315.0,18179.0,13375.0,6537.0,51229.0,11785.0,4098.0,3979.0,9036.0,12225.0,3088.0,6722.0,7382.0,3073.0,29473.0,41921.0,17256.0,52434.0,45665.0
2021-07-02,10574.0,16741.0,23819.0,4372.0,6707.0,14536.0,29721.0,10685.0,4051.0,6869.0,14092.0,11942.0,37399.0,5723.0,10302.0,1490.0,11202.0,11226.0,4292.0,6721.0,6277.0,12062.0,3389.0,12952.0,45964.0,4804.0,7284.0,22030.0,2374.0,25663.0,10033.0,12343.0,4049.0,7712.0,11004.0,5737.0,2442.0,16903.0,8290.0,22373.0,7952.0,3513.0,21838.0,18386.0,13434.0,5883.0,51932.0,10769.0,6856.0,3358.0,8888.0,12144.0,2368.0,6568.0,6889.0,2906.0,28467.0,43325.0,25587.0,53804.0,49376.0
2021-07-05,8402.0,14883.0,19575.0,3780.0,5628.0,12133.0,24959.0,10422.0,3889.0,5606.0,12929.0,10060.0,31024.0,4872.0,10465.0,1146.0,9254.0,10963.0,4042.0,6965.0,5780.0,11251.0,3300.0,11644.0,39314.0,4340.0,7152.0,18823.0,1885.0,22824.0,8534.0,10609.0,3124.0,6901.0,9271.0,4835.0,2162.0,13410.0,6761.0,19391.0,6526.0,2905.0,17690.0,14710.0,11334.0,6035.0,44211.0,11162.0,6243.0,3046.0,7370.0,9338.0,2428.0,6149.0,6055.0,2574.0,23890.0,35804.0,22520.0,41188.0,43877.0
2021-07-06,9976.0,17554.0,19819.0,4757.0,6988.0,14408.0,27518.0,11471.0,4902.0,6358.0,16543.0,11206.0,36321.0,6509.0,12853.0,1365.0,10065.0,11666.0,4946.0,13810.0,8324.0,20631.0,,,,,,,2159.0,25208.0,9403.0,11201.0,3530.0,7057.0,10036.0,4850.0,2337.0,14995.0,7047.0,22927.0,7395.0,2867.0,18273.0,17447.0,12564.0,6712.0,48997.0,11983.0,7473.0,3835.0,9210.0,10619.0,3037.0,6974.0,7462.0,2966.0,26210.0,42077.0,24746.0,48868.0,44351.0
2021-07-07,10802.0,21283.0,20713.0,5496.0,7774.0,15451.0,30186.0,11741.0,5144.0,7017.0,17361.0,11790.0,39157.0,6932.0,13355.0,1405.0,10994.0,11566.0,8136.0,8104.0,14929.0,3278.0,45211.0,4845.0,,,,,2200.0,25577.0,9777.0,11508.0,3851.0,7411.0,10468.0,5140.0,2742.0,16571.0,7137.0,24038.0,7754.0,3170.0,21827.0,19428.0,13090.0,6899.0,52226.0,12617.0,7171.0,3946.0,9907.0,12720.0,2979.0,7384.0,7707.0,3167.0,28144.0,45316.0,25812.0,54648.0,45848.0
2021-07-08,10142.0,17903.0,19443.0,4706.0,6737.0,15100.0,28186.0,11398.0,4694.0,7001.0,16570.0,11517.0,36634.0,6629.0,12848.0,1367.0,10494.0,11456.0,4585.0,7963.0,6558.0,14282.0,3626.0,14402.0,46425.0,4608.0,7909.0,21647.0,2169.0,25529.0,9638.0,11469.0,3899.0,7447.0,10531.0,5188.0,2999.0,16101.0,7822.0,23926.0,7612.0,3316.0,20216.0,17975.0,13394.0,6476.0,50232.0,11590.0,7455.0,3882.0,8934.0,12456.0,2825.0,6680.0,7345.0,3085.0,27605.0,43950.0,25814.0,50587.0,45375.0
2021-07-09,10364.0,18830.0,22839.0,4422.0,6627.0,14945.0,30352.0,11542.0,4175.0,7143.0,14338.0,12036.0,37055.0,6070.0,10284.0,1542.0,11175.0,11069.0,4194.0,6765.0,6618.0,11930.0,3109.0,13714.0,47826.0,4683.0,7415.0,22647.0,2302.0,24892.0,9859.0,11973.0,4159.0,7791.0,10925.0,5534.0,2711.0,16274.0,8533.0,19735.0,7577.0,3686.0,22783.0,19771.0,12861.0,5910.0,52754.0,10738.0,6634.0,3333.0,9354.0,12625.0,2356.0,6853.0,6617.0,2985.0,28957.0,44865.0,24810.0,52351.0,49511.0
2021-07-12,7936.0,17362.0,19588.0,3546.0,4390.0,11807.0,26245.0,10830.0,3181.0,4915.0,12316.0,9844.0,28572.0,4867.0,10058.0,1026.0,7779.0,10735.0,3266.0,6745.0,5273.0,10226.0,3358.0,11631.0,37971.0,4433.0,6800.0,16683.0,1491.0,20182.0,9570.0,11281.0,3230.0,4976.0,6204.0,4966.0,1273.0,10609.0,6627.0,19965.0,3849.0,3238.0,15839.0,14567.0,6771.0,4270.0,43944.0,10992.0,4942.0,2443.0,7661.0,8410.0,1654.0,6058.0,6152.0,1962.0,22787.0,35132.0,20743.0,39236.0,41046.0
2021-07-13,9654.0,15683.0,17322.0,3743.0,6129.0,13648.0,22886.0,11301.0,4656.0,6128.0,16834.0,11273.0,30233.0,5607.0,11841.0,1191.0,8227.0,11475.0,4107.0,7719.0,5762.0,12616.0,3410.0,13567.0,43394.0,4430.0,8041.0,19595.0,24.0,23621.0,9634.0,11770.0,3811.0,7216.0,10488.0,6074.0,2307.0,11158.0,6863.0,23545.0,1062.0,3367.0,18101.0,16512.0,9197.0,4931.0,45614.0,11507.0,6025.0,2762.0,8537.0,9955.0,2145.0,6536.0,7093.0,2249.0,26449.0,41137.0,24080.0,45247.0,44610.0
2021-07-14,9877.0,17287.0,18204.0,4248.0,6315.0,13973.0,25998.0,11426.0,4839.0,6392.0,17647.0,11442.0,32294.0,6038.0,12312.0,1272.0,9957.0,11456.0,4179.0,7779.0,6373.0,13528.0,3523.0,14191.0,46520.0,4608.0,8220.0,20701.0,1136.0,24639.0,10039.0,12680.0,3920.0,7647.0,10340.0,5801.0,2899.0,13903.0,7572.0,24255.0,4527.0,3455.0,19742.0,17575.0,10777.0,5653.0,47885.0,12464.0,6360.0,3153.0,9166.0,11474.0,2445.0,6694.0,7223.0,2360.0,26822.0,42821.0,27268.0,48225.0,47339.0
2021-07-15,9647.0,17798.0,18931.0,4514.0,6453.0,14592.0,27378.0,11672.0,4881.0,6819.0,17596.0,11843.0,37009.0,6563.0,12713.0,1394.0,10524.0,11198.0,4323.0,8188.0,6441.0,13929.0,3489.0,14556.0,47749.0,4779.0,8543.0,21158.0,1260.0,25499.0,9737.0,12278.0,3889.0,7784.0,9954.0,5794.0,3235.0,14780.0,7962.0,24286.0,5602.0,3470.0,20010.0,17855.0,11758.0,5821.0,49781.0,11932.0,6874.0,3554.0,9183.0,11831.0,2614.0,6849.0,7532.0,2884.0,27000.0,43337.0,26181.0,50238.0,46689.0
2021-07-16,9937.0,19627.0,22998.0,4409.0,6651.0,13947.0,28996.0,11061.0,4389.0,6939.0,13608.0,12209.0,36566.0,5655.0,9779.0,1424.0,11427.0,11419.0,3858.0,6683.0,6313.0,11551.0,3281.0,13528.0,45458.0,4631.0,7399.0,21599.0,1760.0,23765.0,9408.0,12474.0,4116.0,8443.0,10188.0,5733.0,3393.0,15049.0,8551.0,22431.0,6829.0,4081.0,22437.0,18175.0,11624.0,5382.0,50984.0,10878.0,6376.0,3231.0,9361.0,12715.0,2257.0,6596.0,6636.0,2666.0,27587.0,43724.0,25959.0,52803.0,50990.0
2021-07-19,7851.0,14128.0,19466.0,3503.0,5725.0,11420.0,25150.0,10133.0,4006.0,5547.0,12799.0,9611.0,31057.0,5589.0,9874.0,1214.0,9174.0,10405.0,3404.0,6430.0,5744.0,11404.0,2843.0,11335.0,37934.0,4110.0,6814.0,17123.0,1708.0,3237.0,1961.0,12556.0,,,,,,,5963.0,19674.0,5617.0,3050.0,16072.0,13784.0,9511.0,7049.0,45488.0,11540.0,6045.0,3029.0,8174.0,10555.0,2218.0,3689.0,5685.0,2551.0,22793.0,36722.0,22067.0,40586.0,43250.0
2021-07-20,8797.0,16491.0,18816.0,4049.0,5956.0,13550.0,25039.0,10907.0,4331.0,6252.0,15923.0,9899.0,33638.0,6749.0,12620.0,1371.0,10293.0,10175.0,4068.0,7267.0,5936.0,13113.0,3391.0,12506.0,41183.0,4319.0,7381.0,18913.0,1795.0,22760.0,8221.0,10131.0,3514.0,7240.0,8615.0,4823.0,2151.0,12990.0,6834.0,21934.0,5962.0,3167.0,18339.0,16480.0,10607.0,6067.0,45144.0,12321.0,7084.0,3736.0,8700.0,11170.0,2848.0,5802.0,6694.0,2920.0,24388.0,39248.0,24067.0,45338.0,43270.0
2021-07-21,9318.0,17340.0,22630.0,4149.0,6259.0,14041.0,26710.0,11509.0,4828.0,6353.0,16529.0,10646.0,35536.0,7008.0,12324.0,1508.0,11659.0,10309.0,4134.0,7483.0,7298.0,13838.0,3294.0,13731.0,44355.0,4726.0,7907.0,21108.0,1778.0,23818.0,8903.0,11166.0,3737.0,7594.0,9361.0,5284.0,2230.0,16173.0,6897.0,23872.0,6208.0,3392.0,20449.0,17250.0,11090.0,6656.0,49148.0,12781.0,7204.0,3687.0,9583.0,12829.0,2690.0,6207.0,7079.0,3103.0,25844.0,42508.0,24167.0,49019.0,45936.0
2021-07-22,9933.0,17416.0,21663.0,4400.0,6515.0,14845.0,28584.0,11332.0,4789.0,6875.0,17905.0,10977.0,37917.0,7559.0,13161.0,1582.0,11753.0,10461.0,4486.0,7906.0,6707.0,14288.0,3366.0,14004.0,46445.0,4665.0,8112.0,22376.0,1873.0,24681.0,9215.0,11415.0,4060.0,7793.0,9391.0,5533.0,2422.0,16096.0,8017.0,24630.0,6726.0,3809.0,21189.0,18198.0,11653.0,6923.0,53253.0,13004.0,8149.0,4032.0,10145.0,13624.0,2917.0,6159.0,6477.0,3397.0,28649.0,45133.0,25476.0,54272.0,47126.0
2021-07-23,10095.0,17074.0,25107.0,4069.0,6898.0,14437.0,31571.0,10761.0,4398.0,7218.0,14949.0,11565.0,37542.0,6160.0,10487.0,1519.0,12328.0,10523.0,3986.0,7021.0,6741.0,11188.0,3362.0,13422.0,46652.0,5041.0,7135.0,23577.0,2055.0,24737.0,9678.0,12068.0,4496.0,7988.0,10004.0,5825.0,2015.0,16472.0,9257.0,22745.0,6686.0,3631.0,24846.0,19679.0,11851.0,5666.0,54569.0,12626.0,7016.0,3218.0,10791.0,13514.0,2350.0,6328.0,6456.0,2575.0,27389.0,46204.0,26180.0,53259.0,51525.0
2021-07-26,7966.0,14501.0,16176.0,3424.0,5841.0,12056.0,26491.0,10230.0,3936.0,5927.0,13367.0,9674.0,32056.0,5068.0,10043.0,1177.0,10868.0,10809.0,3600.0,6618.0,4944.0,10896.0,3161.0,11794.0,40419.0,4349.0,6861.0,19480.0,1796.0,22338.0,8343.0,10440.0,3241.0,7176.0,7906.0,4840.0,2018.0,14067.0,7007.0,20104.0,5913.0,3181.0,20018.0,15937.0,9898.0,5556.0,45636.0,12105.0,4760.0,3023.0,8602.0,10760.0,2324.0,5454.0,6054.0,2560.0,22662.0,36650.0,18772.0,42188.0,43717.0
2021-07-27,9339.0,16376.0,20389.0,4058.0,6523.0,14156.0,27074.0,11180.0,4774.0,6675.0,17063.0,10347.0,35861.0,6401.0,12743.0,1453.0,12010.0,10951.0,4493.0,7809.0,5977.0,13169.0,3315.0,13629.0,47347.0,4906.0,8308.0,21977.0,2086.0,24813.0,9006.0,11564.0,3489.0,7473.0,8892.0,5332.0,2130.0,15710.0,8528.0,22481.0,6861.0,3098.0,22721.0,18976.0,11268.0,6299.0,49655.0,12834.0,7052.0,3640.0,10037.0,12240.0,2962.0,5948.0,7312.0,3074.0,25236.0,42307.0,24249.0,46492.0,47478.0
2021-07-28,10230.0,16781.0,21757.0,4310.0,7097.0,15253.0,29061.0,11543.0,7110.0,10741.0,39030.0,13168.0,,,,,,,4974.0,8474.0,6485.0,14142.0,3741.0,15081.0,51404.0,5165.0,8820.0,23364.0,2146.0,26054.0,9395.0,12909.0,3516.0,7642.0,9094.0,5220.0,2337.0,19208.0,10068.0,2993.0,25766.0,53092.0,,,,,,,7567.0,4045.0,11639.0,13125.0,3186.0,6382.0,8315.0,3577.0,26004.0,45863.0,25689.0,51530.0,47759.0
2021-07-29,10777.0,21305.0,23885.0,4299.0,7441.0,16316.0,31186.0,11946.0,5054.0,19660.0,42252.0,8150.0,13791.0,1696.0,14381.0,10926.0,,,4873.0,8638.0,7233.0,14805.0,3409.0,16116.0,54442.0,3752.0,9165.0,24595.0,2257.0,27811.0,9929.0,13117.0,4076.0,8613.0,9884.0,6029.0,2585.0,18462.0,10771.0,25516.0,7656.0,3901.0,22583.0,12148.0,7150.0,14676.0,,,8527.0,3954.0,11794.0,14993.0,3241.0,6405.0,8299.0,3792.0,27957.0,51035.0,28275.0,58293.0,51329.0
2021-07-30,11493.0,16570.0,27327.0,3523.0,7473.0,15701.0,32919.0,10725.0,4578.0,7781.0,15591.0,12142.0,6780.0,10883.0,1411.0,10549.0,,,4396.0,7266.0,6760.0,11815.0,3488.0,14544.0,50938.0,4985.0,7951.0,24416.0,2246.0,25782.0,10336.0,12856.0,3854.0,7918.0,9923.0,5992.0,2082.0,19126.0,22046.0,7219.0,27830.0,22182.0,11168.0,5510.0,58530.0,12322.0,,,6799.0,3611.0,11381.0,13800.0,2442.0,6461.0,6680.0,3199.0,28696.0,50566.0,25644.0,56102.0,53429.0
2021-08-02,8388.0,16043.0,22513.0,3489.0,6152.0,12379.0,27828.0,10083.0,4291.0,6439.0,13951.0,9720.0,33472.0,5509.0,10393.0,1381.0,11621.0,10592.0,3921.0,6501.0,6368.0,11285.0,2890.0,12575.0,43315.0,4070.0,7318.0,20034.0,2066.0,23294.0,8526.0,11463.0,3179.0,7349.0,8069.0,5478.0,2037.0,15144.0,8259.0,19661.0,6165.0,3323.0,23429.0,18001.0,9857.0,5299.0,47963.0,12776.0,9339.0,2302.0,2675.0,24865.0,40038.0,,,,,,23289.0,44799.0,47357.0
2021-08-03,9613.0,20311.0,21025.0,4137.0,6662.0,13887.0,28003.0,10840.0,4586.0,7078.0,17755.0,10255.0,36763.0,7052.0,12425.0,1580.0,12972.0,10731.0,4544.0,7144.0,6392.0,13305.0,3247.0,14466.0,48853.0,4729.0,8389.0,22143.0,2099.0,25066.0,9107.0,12230.0,3573.0,7800.0,8576.0,5605.0,2282.0,16036.0,9501.0,22699.0,6614.0,3307.0,25012.0,20575.0,10546.0,5954.0,49466.0,14203.0,7059.0,3542.0,13281.0,2763.0,6000.0,7667.0,3131.0,44409.0,,,25648.0,49028.0,47370.0
2021-08-04,11006.0,18423.0,22874.0,4307.0,6914.0,15394.0,29993.0,11191.0,7816.0,7467.0,25156.0,11200.0,40633.0,6339.0,13138.0,1781.0,5.0,10675.0,4683.0,8098.0,6772.0,14425.0,3426.0,17799.0,53324.0,4968.0,11628.0,25862.0,1620.0,26398.0,14955.0,18234.0,4350.0,8653.0,9956.0,6706.0,2361.0,,12103.0,27262.0,6268.0,4371.0,29896.0,22702.0,1.0,50778.0,17319.0,,10.0,19007.0,6231.0,9070.0,26041.0,50885.0,,,,,27155.0,54928.0,49266.0
2021-08-05,10809.0,18373.0,23264.0,4292.0,7587.0,16251.0,30042.0,11332.0,7064.0,7329.0,25871.0,11523.0,42080.0,6019.0,14135.0,1609.0,4.0,10409.0,5123.0,8714.0,6870.0,15324.0,3646.0,17593.0,53182.0,5143.0,11530.0,24746.0,1473.0,26303.0,16283.0,18375.0,4029.0,8232.0,9459.0,6492.0,2238.0,,12309.0,25878.0,5975.0,3841.0,29249.0,22833.0,51860.0,15423.0,,,2.0,17829.0,6733.0,9351.0,26940.0,51425.0,,,,,27100.0,57051.0,50152.0
2021-08-06,11012.0,17357.0,27162.0,3813.0,7681.0,15444.0,32978.0,10600.0,6157.0,7486.0,20607.0,12121.0,41467.0,4563.0,10918.0,1442.0,7.0,9881.0,4397.0,7400.0,6622.0,12160.0,3423.0,16199.0,50499.0,5063.0,10266.0,,1536.0,24912.0,15870.0,17453.0,4072.0,8305.0,9510.0,6599.0,2117.0,,12155.0,24189.0,5823.0,3502.0,30125.0,22908.0,52183.0,13815.0,,,17479.0,6595.0,8576.0,26870.0,50652.0,,,,,,25961.0,56932.0,52347.0
2021-08-09,8408.0,15926.0,18489.0,3533.0,6699.0,12799.0,29334.0,9998.0,5501.0,6393.0,18716.0,10000.0,34538.0,4761.0,11089.0,1334.0,1.0,10012.0,3980.0,8276.0,5517.0,11539.0,3350.0,12006.0,42824.0,4788.0,9379.0,21221.0,1298.0,23006.0,13865.0,15262.0,3445.0,7679.0,7889.0,5722.0,1960.0,,9408.0,21873.0,5074.0,3495.0,23983.0,18162.0,45333.0,13749.0,,,14944.0,5912.0,7675.0,1.0,22744.0,39080.0,,,,,20053.0,47262.0,45548.0
2021-08-10,10299.0,19308.0,22586.0,4109.0,7181.0,15087.0,29441.0,11215.0,6327.0,6657.0,23772.0,11111.0,40472.0,5025.0,13625.0,1926.0,21.0,11096.0,4789.0,8364.0,6452.0,14186.0,3422.0,16206.0,50310.0,4967.0,11210.0,24115.0,1502.0,25883.0,15261.0,17211.0,4298.0,8619.0,9158.0,6697.0,2252.0,,10915.0,27081.0,5638.0,4519.0,28659.0,22391.0,48726.0,16877.0,,,17936.0,6316.0,8686.0,25553.0,51840.0,,,,,,29094.0,57682.0,51164.0
2021-08-11,10968.0,20492.0,23908.0,4553.0,7716.0,15840.0,32098.0,11423.0,6971.0,6756.0,25559.0,11447.0,42635.0,5298.0,13826.0,1862.0,11.0,10670.0,4787.0,8826.0,6961.0,14912.0,3572.0,17103.0,52374.0,4998.0,11682.0,25580.0,1614.0,26548.0,16373.0,18632.0,4931.0,9093.0,9869.0,6880.0,2536.0,1.0,11925.0,28862.0,6179.0,4909.0,31326.0,23566.0,51599.0,17441.0,,,19047.0,6431.0,9508.0,26245.0,55176.0,,,,,,30019.0,59771.0,52235.0
2021-08-12,11247.0,22687.0,23975.0,4471.0,7852.0,16274.0,32636.0,11480.0,6790.0,7086.0,26002.0,11690.0,43759.0,5046.0,13985.0,1654.0,3.0,10554.0,4723.0,8995.0,7013.0,15382.0,3763.0,17858.0,53557.0,4835.0,11597.0,27139.0,1517.0,26827.0,15949.0,18737.0,4486.0,8789.0,9457.0,6995.0,2480.0,13.0,11712.0,28287.0,6128.0,4265.0,30345.0,23215.0,1.0,54282.0,16585.0,,19101.0,6666.0,9943.0,1.0,27074.0,57630.0,,,,,29417.0,60975.0,51474.0
2021-08-13,11358.0,22182.0,27590.0,3885.0,8090.0,15744.0,35340.0,10689.0,4812.0,8044.0,16732.0,11742.0,41847.0,6022.0,10672.0,1692.0,12595.0,10808.0,3873.0,7069.0,6949.0,11941.0,3083.0,15002.0,51123.0,5075.0,8477.0,25723.0,2322.0,25843.0,10728.0,14489.0,4464.0,8724.0,10015.0,6930.0,2197.0,15595.0,10893.0,23965.0,7295.0,3748.0,30916.0,22945.0,9734.0,4709.0,58304.0,13975.0,5590.0,2681.0,12899.0,12197.0,2078.0,6386.0,8097.0,2726.0,27362.0,54512.0,27212.0,58561.0,53605.0
2021-08-16,8837.0,19691.0,24912.0,3588.0,7001.0,12622.0,31241.0,10091.0,4047.0,7176.0,15401.0,9811.0,35545.0,6202.0,10706.0,1649.0,12581.0,10414.0,4156.0,6604.0,6693.0,11765.0,3224.0,13482.0,44815.0,4560.0,7746.0,21737.0,2132.0,3535.0,,,,,,,,,9221.0,20690.0,6033.0,3290.0,24549.0,19232.0,9107.0,5125.0,49887.0,13472.0,5833.0,2756.0,10511.0,10629.0,2243.0,5692.0,7400.0,2452.0,23244.0,45308.0,24563.0,48373.0,48633.0
2021-08-17,10560.0,19532.0,23646.0,4254.0,7462.0,15192.0,31513.0,11259.0,4585.0,7710.0,19395.0,9745.0,39574.0,7816.0,13897.0,1712.0,14330.0,11340.0,4908.0,7753.0,7003.0,14218.0,3722.0,15529.0,50845.0,5075.0,8830.0,23851.0,2550.0,25781.0,10288.0,13302.0,3795.0,8243.0,8931.0,6041.0,2308.0,16680.0,10823.0,24047.0,7304.0,3407.0,28386.0,22262.0,9985.0,6093.0,52721.0,15108.0,7077.0,3481.0,12405.0,13313.0,3056.0,6350.0,8263.0,3044.0,25309.0,49538.0,28685.0,53654.0,51185.0
2021-08-18,11209.0,20601.0,24307.0,4231.0,7319.0,16017.0,32217.0,11640.0,5545.0,7863.0,21657.0,11231.0,41790.0,7953.0,14279.0,1872.0,14174.0,11118.0,4624.0,8497.0,6557.0,14603.0,3803.0,16809.0,53581.0,5220.0,10189.0,26525.0,1689.0,27414.0,11714.0,15009.0,4590.0,9020.0,10116.0,7371.0,2638.0,16170.0,12321.0,26398.0,5744.0,4063.0,31488.0,24281.0,9597.0,5811.0,55867.0,16713.0,6007.0,3431.0,13828.0,14428.0,2741.0,6526.0,8980.0,3080.0,27419.0,53611.0,28929.0,56732.0,50977.0
2021-08-19,11168.0,20228.0,25521.0,4438.0,8013.0,17428.0,33533.0,11816.0,5168.0,8399.0,21587.0,11228.0,44711.0,8223.0,14545.0,1737.0,15881.0,10994.0,5091.0,8809.0,7124.0,15950.0,3804.0,17965.0,57726.0,5137.0,10158.0,28725.0,2453.0,27969.0,10969.0,14310.0,4772.0,9666.0,9893.0,6954.0,2503.0,17984.0,12913.0,26374.0,7739.0,4225.0,31796.0,25642.0,10987.0,6496.0,58960.0,16733.0,7925.0,3804.0,15107.0,15806.0,3237.0,6482.0,7697.0,3682.0,27285.0,53570.0,29659.0,57465.0,50907.0
2021-08-20,11355.0,19637.0,29533.0,3975.0,7997.0,15942.0,37014.0,11331.0,4753.0,8185.0,16601.0,11569.0,44276.0,6869.0,11248.0,1457.0,15721.0,11012.0,4385.0,7343.0,6949.0,12450.0,3609.0,17136.0,51904.0,5581.0,8712.0,28153.0,2644.0,26776.0,11362.0,14572.0,4667.0,9095.0,9972.0,7069.0,2371.0,18094.0,12870.0,24432.0,7899.0,3853.0,33194.0,24801.0,11228.0,5945.0,60315.0,14944.0,7285.0,3386.0,14895.0,16159.0,2742.0,6603.0,7682.0,3682.0,30547.0,53208.0,28672.0,60647.0,54745.0
2021-08-23,8233.0,17642.0,24868.0,3503.0,7059.0,12902.0,31241.0,10231.0,4734.0,7440.0,15879.0,10083.0,36371.0,6346.0,10769.0,1572.0,12952.0,11537.0,3829.0,6938.0,6216.0,11740.0,3166.0,14077.0,46007.0,4810.0,8247.0,22773.0,804.0,24152.0,9829.0,12827.0,4420.0,8164.0,9132.0,7019.0,2434.0,14197.0,11244.0,21293.0,5259.0,3778.0,26295.0,20183.0,9451.0,5502.0,50153.0,14389.0,6633.0,3001.0,11815.0,12426.0,2485.0,5771.0,6940.0,2126.0,22940.0,45581.0,25530.0,49578.0,65904.0
2021-08-24,10200.0,19845.0,23847.0,4168.0,7510.0,15468.0,32652.0,11479.0,5143.0,8067.0,19837.0,10552.0,40290.0,7908.0,13858.0,2065.0,15425.0,12083.0,4858.0,8109.0,6783.0,14440.0,3747.0,15889.0,52488.0,5122.0,9343.0,25750.0,2389.0,26782.0,10389.0,14053.0,4464.0,8948.0,9623.0,6796.0,2505.0,16749.0,11488.0,25341.0,7299.0,4099.0,30126.0,24175.0,10916.0,6541.0,55552.0,16362.0,7522.0,3713.0,13332.0,15035.0,3282.0,6253.0,7099.0,3116.0,25685.0,49851.0,29886.0,54471.0,52105.0
2021-08-25,11613.0,20692.0,25028.0,4713.0,7902.0,16263.0,33970.0,12063.0,5166.0,8586.0,21001.0,11238.0,42829.0,8456.0,15173.0,1933.0,16876.0,12342.0,4909.0,8281.0,7209.0,15008.0,3767.0,17924.0,55852.0,5237.0,9773.0,29104.0,2609.0,30494.0,11010.0,15028.0,4944.0,10043.0,10095.0,6826.0,2782.0,19968.0,13387.0,27730.0,8483.0,4293.0,32770.0,27251.0,11644.0,6988.0,60327.0,16381.0,8169.0,4023.0,14473.0,16826.0,3389.0,6310.0,8602.0,3669.0,27018.0,53771.0,29992.0,57164.0,54224.0
2021-08-26,11319.0,20476.0,27159.0,4026.0,8694.0,16938.0,35278.0,12103.0,5008.0,7899.0,23148.0,11865.0,48420.0,8415.0,15001.0,1851.0,13892.0,11620.0,4692.0,9097.0,6727.0,15683.0,3803.0,18371.0,59861.0,5387.0,10751.0,29417.0,2362.0,28135.0,13042.0,15949.0,4796.0,9487.0,10389.0,7176.0,2640.0,14899.0,13929.0,26875.0,7889.0,4226.0,33339.0,25428.0,9965.0,6007.0,64362.0,15848.0,7028.0,3411.0,14813.0,15582.0,2813.0,6811.0,8719.0,3152.0,28382.0,55156.0,29553.0,59293.0,54323.0
2021-08-27,11380.0,19904.0,31863.0,4044.0,8092.0,16368.0,38094.0,10753.0,4952.0,9352.0,16976.0,15073.0,45873.0,7132.0,12060.0,1812.0,15881.0,11950.0,4495.0,6753.0,7425.0,12601.0,3528.0,16328.0,55208.0,5140.0,9813.0,28371.0,2782.0,28287.0,11540.0,14746.0,4923.0,9285.0,10588.0,7406.0,2456.0,18281.0,13731.0,24690.0,8102.0,4046.0,34735.0,26145.0,11949.0,6046.0,64088.0,14603.0,7701.0,3714.0,13706.0,15715.0,2689.0,6536.0,6906.0,3515.0,28363.0,54971.0,28731.0,60148.0,59536.0
2021-08-31,10256.0,18999.0,25295.0,4376.0,7412.0,15120.0,32643.0,11271.0,4892.0,7950.0,20109.0,11024.0,39759.0,9977.0,13724.0,1615.0,13376.0,12049.0,4826.0,7826.0,6944.0,13559.0,3513.0,15163.0,51470.0,4902.0,8800.0,24941.0,2390.0,26505.0,10140.0,12364.0,4005.0,8396.0,9707.0,6314.0,2340.0,16780.0,10598.0,23738.0,7418.0,3343.0,26820.0,21631.0,11047.0,6121.0,55783.0,13819.0,7107.0,3777.0,11527.0,13126.0,3239.0,6341.0,7754.0,3106.0,24907.0,47442.0,28091.0,54928.0,53069.0
2021-09-01,11657.0,19573.0,24864.0,4885.0,8140.0,16159.0,32946.0,12539.0,7922.0,11469.0,43212.0,1619.0,13307.0,12558.0,,,,,5311.0,9313.0,7150.0,15928.0,4071.0,17637.0,56643.0,5362.0,9491.0,26678.0,2501.0,27872.0,11062.0,12891.0,4487.0,8841.0,10565.0,6378.0,2513.0,19929.0,8240.0,3777.0,22385.0,12255.0,58674.0,,,,,,8081.0,4156.0,13389.0,14797.0,3486.0,6993.0,8281.0,3741.0,27596.0,51988.0,30507.0,54932.0,53853.0
2021-09-02,12310.0,20353.0,26288.0,5255.0,8520.0,17826.0,34675.0,12385.0,5545.0,24009.0,48289.0,8778.0,17815.0,1866.0,12516.0,,,,6209.0,9601.0,7964.0,17151.0,4232.0,18083.0,51468.0,5284.0,10386.0,28746.0,30349.0,11548.0,13649.0,4817.0,9000.0,11104.0,6476.0,2554.0,19030.0,,11456.0,27014.0,8590.0,3661.0,28193.0,7273.0,14544.0,,,,8649.0,4591.0,13058.0,15149.0,3948.0,7259.0,7589.0,3962.0,31430.0,54684.0,32064.0,59965.0,53481.0
2021-09-03,12423.0,19793.0,29108.0,4611.0,8266.0,17134.0,37063.0,11560.0,4835.0,9144.0,18889.0,12980.0,7394.0,12913.0,14148.0,,,,5099.0,8170.0,7429.0,13460.0,3729.0,16803.0,55196.0,5376.0,9328.0,27043.0,2940.0,27338.0,12428.0,13633.0,4658.0,9049.0,11484.0,6983.0,2309.0,18062.0,11805.0,24955.0,30054.0,23671.0,12897.0,6433.0,64991.0,13871.0,,,7787.0,3712.0,12881.0,14884.0,3108.0,7391.0,6427.0,3583.0,32948.0,52402.0,28091.0,59903.0,56383.0
2021-09-06,11093.0,18068.0,22812.0,4750.0,7061.0,14306.0,31902.0,11814.0,4809.0,7637.0,19075.0,10868.0,39028.0,6385.0,14460.0,1584.0,10474.0,12429.0,4949.0,8062.0,7157.0,14017.0,3510.0,14365.0,44796.0,4658.0,8714.0,22006.0,2502.0,25211.0,10322.0,10940.0,4184.0,8274.0,10062.0,5911.0,2374.0,15108.0,7415.0,21885.0,7203.0,3850.0,19864.0,17650.0,12331.0,7884.0,46769.0,13849.0,8543.0,3974.0,10025.0,11610.0,3290.0,5935.0,6669.0,3298.0,26437.0,45556.0,28541.0,50000.0,49451.0
2021-09-07,12538.0,20124.0,23245.0,5405.0,7614.0,16407.0,32685.0,12848.0,5482.0,8224.0,24655.0,11746.0,43673.0,8478.0,17743.0,1868.0,11885.0,13362.0,,,,,,,,,,,2776.0,27103.0,11335.0,12580.0,4739.0,9101.0,11287.0,6252.0,2521.0,17492.0,8777.0,27660.0,8113.0,4076.0,22722.0,19382.0,13280.0,7835.0,58481.0,14978.0,8648.0,4733.0,11299.0,13979.0,4224.0,7487.0,7518.0,4135.0,28012.0,51796.0,34032.0,55980.0,51689.0
2021-09-08,12102.0,21525.0,24936.0,5684.0,8020.0,16633.0,35402.0,13249.0,5838.0,8903.0,25973.0,12241.0,47651.0,9385.0,18281.0,1984.0,13225.0,13093.0,6310.0,10053.0,8062.0,18009.0,4241.0,18595.0,52041.0,5497.0,10372.0,26392.0,2711.0,27820.0,12011.0,12458.0,4991.0,9477.0,11793.0,6576.0,2744.0,19762.0,10437.0,28618.0,8502.0,4050.0,25966.0,21973.0,13989.0,8155.0,63352.0,15646.0,9274.0,5228.0,12788.0,15602.0,4596.0,7754.0,7644.0,4790.0,28329.0,54202.0,34860.0,59005.0,52457.0
2021-09-09,13732.0,23054.0,25853.0,5704.0,8983.0,18881.0,37625.0,13821.0,6379.0,9260.0,28537.0,12765.0,50323.0,10027.0,20171.0,1942.0,13355.0,12908.0,6943.0,11348.0,8341.0,20391.0,4566.0,20248.0,56205.0,5640.0,11241.0,27803.0,2636.0,29084.0,12360.0,12703.0,4995.0,9087.0,12206.0,6436.0,2618.0,20033.0,10329.0,29363.0,8614.0,3523.0,25581.0,22009.0,14219.0,8404.0,65141.0,13933.0,9744.0,5182.0,13010.0,15481.0,4587.0,8399.0,8048.0,4879.0,31103.0,58011.0,36014.0,61346.0,52624.0
2021-09-10,13299.0,20996.0,30078.0,5142.0,8736.0,17374.0,38950.0,12532.0,5311.0,9650.0,21046.0,13128.0,46602.0,7477.0,14766.0,1778.0,12702.0,12981.0,5657.0,8956.0,7944.0,15231.0,4120.0,17495.0,53923.0,5531.0,9581.0,27114.0,2908.0,27626.0,12926.0,13269.0,4895.0,8647.0,12373.0,7035.0,2547.0,19892.0,10771.0,25363.0,8805.0,3631.0,27526.0,23013.0,14637.0,7177.0,65743.0,13139.0,8214.0,3838.0,12862.0,14518.0,3428.0,8010.0,8094.0,4087.0,30997.0,54901.0,32283.0,62031.0,56579.0
2021-09-13,11172.0,19327.0,24542.0,4745.0,7183.0,14854.0,34201.0,12634.0,6709.0,7334.0,23898.0,11346.0,41160.0,7632.0,15551.0,1949.0,8690.0,13169.0,5224.0,9256.0,7362.0,15232.0,3924.0,16660.0,48210.0,5086.0,9778.0,23295.0,2324.0,25298.0,11884.0,11329.0,4475.0,8115.0,11033.0,6221.0,2358.0,14652.0,8096.0,25002.0,7331.0,3347.0,20235.0,17593.0,12052.0,6410.0,56785.0,13864.0,6567.0,2961.0,9960.0,11563.0,3392.0,7150.0,7877.0,3327.0,26888.0,47010.0,30892.0,51460.0,50807.0
2021-09-14,13679.0,20997.0,26253.0,5907.0,9339.0,18481.0,37995.0,14221.0,6911.0,7318.0,29117.0,12294.0,48367.0,10064.0,20390.0,2688.0,12366.0,13500.0,6477.0,11505.0,8520.0,20000.0,4749.0,19611.0,54589.0,5962.0,10859.0,25983.0,,,,,,,,,,,8520.0,29160.0,8531.0,3196.0,22026.0,20600.0,14234.0,8685.0,64162.0,14236.0,10424.0,5443.0,12346.0,14350.0,4953.0,8533.0,8719.0,4730.0,30238.0,56218.0,35074.0,57736.0,50796.0
2021-09-15,13956.0,22250.0,26037.0,5992.0,8728.0,19540.0,38152.0,14484.0,6536.0,8799.0,30387.0,13131.0,50475.0,10353.0,20689.0,3205.0,13521.0,13980.0,6813.0,11906.0,8700.0,20439.0,4765.0,21227.0,58215.0,4945.0,11621.0,28493.0,2921.0,30124.0,12856.0,12991.0,5143.0,9427.0,12442.0,6892.0,2743.0,18892.0,9329.0,30999.0,8953.0,3805.0,26123.0,23090.0,15601.0,8777.0,66214.0,15924.0,9960.0,5386.0,13021.0,15853.0,4988.0,8171.0,9748.0,4836.0,30424.0,56960.0,37616.0,61776.0,53691.0
2021-09-16,15013.0,23275.0,28456.0,6031.0,8938.0,20073.0,39721.0,14546.0,7342.0,9073.0,31544.0,13391.0,53741.0,10895.0,21532.0,3066.0,13927.0,13274.0,7495.0,12111.0,8901.0,20803.0,4889.0,21598.0,60211.0,6090.0,12008.0,29827.0,2341.0,30428.0,13377.0,13471.0,5887.0,9716.0,12459.0,7374.0,2941.0,19127.0,11623.0,30163.0,8991.0,3941.0,27900.0,24264.0,15613.0,8663.0,68945.0,15914.0,10143.0,5381.0,13320.0,16166.0,5119.0,8333.0,10211.0,4726.0,31569.0,60020.0,39071.0,65504.0,55261.0
2021-09-17,14471.0,21420.0,30727.0,5375.0,8770.0,18617.0,40834.0,13180.0,5666.0,9787.0,22039.0,13829.0,50327.0,7813.0,15315.0,2246.0,13810.0,13534.0,6191.0,9746.0,8363.0,16223.0,4471.0,19402.0,56651.0,6249.0,10158.0,29405.0,2469.0,29927.0,13680.0,13675.0,3899.0,10010.0,12870.0,7972.0,2703.0,19080.0,11899.0,28832.0,9246.0,4052.0,30414.0,24905.0,15339.0,6982.0,67852.0,13435.0,8600.0,4180.0,12793.0,15467.0,3631.0,8193.0,7582.0,4362.0,32599.0,55431.0,33387.0,64311.0,58404.0
2021-09-20,11819.0,21084.0,25484.0,5151.0,7597.0,15938.0,35202.0,13270.0,5530.0,8381.0,23576.0,11590.0,42874.0,7675.0,16528.0,1789.0,11268.0,13645.0,6105.0,9749.0,8481.0,16435.0,4275.0,18689.0,50286.0,5531.0,9673.0,24752.0,2419.0,27411.0,12251.0,11598.0,4523.0,8630.0,11009.0,6110.0,2532.0,16833.0,8424.0,26024.0,7691.0,3217.0,21364.0,18196.0,15578.0,7288.0,55206.0,13512.0,8554.0,4769.0,10388.0,11584.0,3761.0,7516.0,8905.0,4496.0,26399.0,49592.0,32483.0,54028.0,52565.0
2021-09-21,13877.0,22574.0,26727.0,6257.0,8751.0,19454.0,38252.0,15020.0,6491.0,9444.0,30837.0,12878.0,50163.0,9984.0,20682.0,2013.0,13575.0,14568.0,7166.0,11837.0,9701.0,20509.0,5197.0,21741.0,58656.0,6499.0,11570.0,27886.0,2665.0,30218.0,13043.0,12768.0,5370.0,9909.0,12322.0,6853.0,2735.0,18315.0,9172.0,31365.0,8752.0,3770.0,25815.0,22603.0,22647.0,8561.0,63968.0,15679.0,10140.0,5447.0,12692.0,15445.0,5132.0,9093.0,10155.0,5231.0,29890.0,56612.0,38121.0,60429.0,54937.0
2021-09-22,16390.0,24761.0,29187.0,6363.0,10160.0,20502.0,41669.0,15414.0,6517.0,10053.0,32142.0,13289.0,53914.0,10887.0,21404.0,2224.0,15191.0,14729.0,7385.0,11818.0,9810.0,22110.0,5064.0,24145.0,61773.0,6543.0,12374.0,30217.0,2816.0,31570.0,13784.0,12640.0,5757.0,10398.0,12899.0,7086.0,2820.0,21610.0,10673.0,34006.0,9693.0,4032.0,27730.0,23587.0,25006.0,9206.0,71983.0,16179.0,11127.0,5812.0,14113.0,17938.0,5392.0,9363.0,10625.0,5701.0,33763.0,61319.0,37930.0,65962.0,56586.0
2021-09-23,15540.0,24950.0,31260.0,6680.0,9673.0,22017.0,42905.0,15554.0,7242.0,10989.0,34404.0,13654.0,58419.0,12502.0,22509.0,2542.0,15654.0,14227.0,7973.0,12816.0,10094.0,23257.0,5252.0,24009.0,64206.0,6574.0,12744.0,31577.0,2897.0,32211.0,14172.0,13670.0,5997.0,10371.0,13213.0,7464.0,2827.0,21714.0,12032.0,32480.0,9757.0,4017.0,29317.0,25507.0,27937.0,9279.0,73011.0,15252.0,11663.0,5956.0,14622.0,18351.0,5279.0,8834.0,11379.0,6164.0,63829.0,,40917.0,69260.0,57944.0
2021-09-24,15689.0,24200.0,36089.0,5888.0,9658.0,20381.0,45809.0,14055.0,6361.0,11737.0,24107.0,14455.0,55870.0,9135.0,16294.0,2362.0,16337.0,14512.0,6689.0,9850.0,9768.0,17273.0,4925.0,21349.0,64543.0,6893.0,10745.0,32457.0,3371.0,31472.0,15151.0,15717.0,6353.0,10749.0,13847.0,8242.0,2881.0,23627.0,13629.0,29953.0,9850.0,4393.0,34243.0,27631.0,28893.0,7798.0,74669.0,15053.0,33414.0,62531.0,,,,,,,,,35199.0,70660.0,63682.0
2021-09-27,12900.0,22489.0,26940.0,5744.0,7990.0,17153.0,36269.0,14736.0,6031.0,9672.0,23676.0,12120.0,45498.0,8088.0,16986.0,1706.0,12016.0,14408.0,6628.0,9967.0,9928.0,17395.0,4739.0,19943.0,53266.0,6648.0,10016.0,25811.0,2784.0,27696.0,12001.0,12023.0,4487.0,8960.0,11276.0,6467.0,2480.0,17023.0,9180.0,25481.0,8080.0,3309.0,21634.0,19090.0,14310.0,7454.0,58470.0,12670.0,8958.0,4568.0,11580.0,12435.0,3994.0,8085.0,9099.0,5435.0,27429.0,51471.0,33670.0,55342.0,56305.0
2021-09-28,15381.0,26494.0,28056.0,7020.0,9358.0,20401.0,39968.0,16550.0,7217.0,10602.0,32691.0,13324.0,53425.0,11612.0,22648.0,2437.0,13663.0,14809.0,8331.0,12929.0,10900.0,21921.0,5981.0,23228.0,62118.0,7275.0,13895.0,29561.0,2863.0,30208.0,13184.0,12667.0,4981.0,9755.0,12570.0,6824.0,2907.0,19146.0,10330.0,29884.0,9404.0,3509.0,26630.0,23797.0,15683.0,8955.0,65731.0,13443.0,11126.0,6093.0,13634.0,15713.0,5278.0,9001.0,10225.0,5622.0,30922.0,60477.0,37993.0,61857.0,59383.0
2021-09-29,16126.0,25613.0,29735.0,6763.0,9687.0,21896.0,42692.0,16752.0,7408.0,11487.0,33857.0,13908.0,56305.0,11002.0,23049.0,2632.0,15467.0,14942.0,8188.0,13278.0,11798.0,23369.0,5711.0,24519.0,65048.0,7205.0,13295.0,31840.0,2983.0,33161.0,13799.0,13858.0,5581.0,10229.0,13350.0,7525.0,2964.0,21535.0,11950.0,32832.0,10281.0,3846.0,29770.0,26010.0,16640.0,9370.0,71919.0,15041.0,11388.0,6863.0,14340.0,16487.0,5640.0,8996.0,10912.0,6176.0,32370.0,64842.0,41625.0,71200.0,61155.0
2021-09-30,17791.0,26724.0,33068.0,7121.0,9033.0,23811.0,44982.0,17485.0,7705.0,11707.0,36397.0,14790.0,60964.0,12127.0,24919.0,2895.0,16283.0,14716.0,9288.0,14387.0,11987.0,25117.0,6195.0,26248.0,68589.0,7806.0,14467.0,33618.0,2971.0,33027.0,14249.0,13442.0,5655.0,10158.0,13383.0,7388.0,2870.0,20857.0,12962.0,32751.0,10083.0,3668.0,31657.0,27229.0,16496.0,9548.0,73756.0,15016.0,12172.0,6616.0,15161.0,17711.0,5189.0,9781.0,12300.0,7134.0,35231.0,78062.0,43446.0,73819.0,74129.0
2021-10-01,16768.0,24933.0,35538.0,6306.0,8141.0,21241.0,45987.0,15421.0,6333.0,11739.0,24596.0,14969.0,56085.0,9233.0,16871.0,3620.0,16846.0,14831.0,7178.0,10618.0,10678.0,17938.0,5554.0,22383.0,64824.0,8119.0,10649.0,32711.0,2965.0,31808.0,14546.0,14468.0,5547.0,10138.0,13849.0,8274.0,2697.0,21340.0,12760.0,29686.0,9247.0,3742.0,35360.0,29119.0,15859.0,8056.0,73030.0,14261.0,9174.0,4773.0,14868.0,16496.0,3811.0,9178.0,10079.0,6002.0,33011.0,64763.0,34846.0,70534.0,64504.0
2021-10-04,14110.0,23045.0,26832.0,6151.0,6443.0,17679.0,36890.0,15512.0,6370.0,10175.0,24819.0,12466.0,46111.0,8185.0,18513.0,1754.0,13135.0,14492.0,7569.0,10992.0,10819.0,18321.0,5453.0,21340.0,56171.0,7449.0,10499.0,26610.0,2789.0,28800.0,13302.0,12789.0,4750.0,8950.0,11476.0,6487.0,2660.0,20316.0,9527.0,27148.0,8888.0,3739.0,22755.0,20489.0,13972.0,8137.0,59681.0,13318.0,9171.0,4849.0,12287.0,13142.0,4201.0,8600.0,9448.0,6144.0,28084.0,52617.0,33643.0,55815.0,57296.0
2021-10-05,16374.0,25621.0,26549.0,7009.0,8917.0,21118.0,39354.0,17441.0,7196.0,11144.0,33432.0,13671.0,54325.0,11082.0,23186.0,2049.0,13616.0,15279.0,8530.0,13276.0,11397.0,22592.0,6384.0,24309.0,62744.0,7935.0,12857.0,30445.0,2635.0,31260.0,14207.0,13324.0,5814.0,9671.0,13027.0,7138.0,2693.0,21672.0,9977.0,31904.0,9133.0,3791.0,25522.0,23362.0,15142.0,9180.0,63596.0,12158.0,9783.0,5924.0,13304.0,15593.0,5306.0,9281.0,11138.0,7508.0,32231.0,58056.0,38117.0,64575.0,57992.0
2021-10-06,16604.0,25435.0,31429.0,6933.0,10000.0,21989.0,41223.0,17827.0,11408.0,14425.0,2570.0,15699.0,,,,,,,8658.0,13673.0,12372.0,23769.0,5774.0,25833.0,66207.0,7952.0,13427.0,32775.0,2853.0,32718.0,14284.0,14509.0,5808.0,10245.0,13577.0,7082.0,2872.0,23558.0,12058.0,9793.0,4233.0,29293.0,25511.0,16848.0,68951.0,,,,11597.0,6077.0,14515.0,17443.0,5685.0,9434.0,11405.0,6963.0,33218.0,65488.0,42650.0,67958.0,61254.0
2021-10-07,17952.0,27036.0,31810.0,7735.0,10132.0,23947.0,43679.0,17898.0,8125.0,12050.0,37080.0,61359.0,12754.0,24974.0,15569.0,15309.0,,,9624.0,14334.0,13154.0,25670.0,6575.0,27714.0,68049.0,8379.0,13656.0,34172.0,2807.0,33799.0,15337.0,14393.0,5959.0,10185.0,13475.0,7092.0,2900.0,24180.0,34367.0,9639.0,15080.0,,,,,,,,12578.0,6358.0,15403.0,18082.0,6004.0,9737.0,12006.0,8134.0,33833.0,70281.0,43358.0,72620.0,61579.0
2021-10-08,17796.0,24394.0,34404.0,6360.0,9538.0,21671.0,45175.0,15851.0,6439.0,24993.0,15141.0,55648.0,9095.0,17047.0,2065.0,15166.0,,,7435.0,10863.0,11577.0,18784.0,5510.0,23783.0,64611.0,8045.0,11335.0,33162.0,3119.0,31918.0,14781.0,14717.0,5780.0,10393.0,13936.0,7898.0,2763.0,22557.0,12594.0,29947.0,9522.0,3992.0,34905.0,28532.0,15849.0,7425.0,73711.0,13997.0,9641.0,4577.0,14435.0,17680.0,3970.0,9183.0,10319.0,5737.0,33335.0,65132.0,36262.0,69610.0,64774.0
2021-10-11,13621.0,23516.0,27565.0,5994.0,7965.0,17820.0,38431.0,15896.0,6332.0,10198.0,25696.0,12750.0,47849.0,8915.0,18336.0,1933.0,13185.0,14868.0,7788.0,10881.0,11267.0,18873.0,5463.0,21950.0,7411.0,10876.0,,,3005.0,13436.0,5199.0,,,,,,,,9870.0,28019.0,8899.0,3816.0,24640.0,21577.0,14361.0,8292.0,58401.0,14809.0,10128.0,4700.0,12664.0,16134.0,4249.0,8584.0,9973.0,3771.0,27996.0,55837.0,35758.0,57430.0,57224.0
2021-10-12,16624.0,28187.0,30482.0,7666.0,10156.0,21683.0,42208.0,18409.0,7639.0,11280.0,34710.0,13963.0,59383.0,11586.0,24352.0,2028.0,14958.0,15738.0,9632.0,13782.0,13934.0,24421.0,6445.0,25834.0,65495.0,8434.0,13248.0,31253.0,32930.0,14643.0,5799.0,10161.0,13245.0,7155.0,3319.0,21134.0,,,10464.0,33462.0,9636.0,3846.0,27751.0,25220.0,16373.0,9558.0,69991.0,16546.0,11552.0,6231.0,14327.0,16967.0,5804.0,9649.0,11812.0,7569.0,31558.0,68307.0,42160.0,68508.0,59477.0
2021-10-13,16505.0,26839.0,31275.0,7671.0,10014.0,22822.0,43390.0,18544.0,7625.0,12098.0,36243.0,14518.0,58033.0,12016.0,24846.0,2026.0,15547.0,15657.0,9198.0,14400.0,12832.0,24720.0,5873.0,26881.0,67066.0,7984.0,13559.0,33236.0,3070.0,33935.0,15192.0,14859.0,5972.0,10486.0,13520.0,7410.0,4128.0,23876.0,12352.0,35443.0,10284.0,4072.0,31264.0,27412.0,17269.0,10029.0,72383.0,16540.0,12223.0,6182.0,15572.0,19023.0,5826.0,9717.0,12346.0,6273.0,32591.0,67968.0,42888.0,68972.0,59652.0
2021-10-14,17859.0,28310.0,33216.0,8294.0,10388.0,24470.0,46091.0,18678.0,8056.0,12770.0,38203.0,14987.0,63378.0,12817.0,25654.0,2300.0,16369.0,15517.0,9919.0,15113.0,13608.0,26295.0,6729.0,28148.0,70526.0,8728.0,14867.0,35189.0,3088.0,34297.0,15573.0,14908.0,6497.0,10584.0,13985.0,7681.0,4257.0,24368.0,12983.0,35950.0,10093.0,4167.0,33045.0,28440.0,17479.0,9956.0,75848.0,16728.0,12986.0,6474.0,16287.0,20135.0,5957.0,10156.0,12744.0,7449.0,34728.0,71653.0,45367.0,73964.0,60802.0
2021-10-15,17489.0,25929.0,35876.0,7060.0,9674.0,21844.0,46753.0,16783.0,6586.0,12795.0,25561.0,15221.0,57215.0,9077.0,17383.0,1978.0,15999.0,15154.0,7945.0,10948.0,12194.0,18689.0,5826.0,24724.0,66920.0,8722.0,11904.0,34565.0,3446.0,33060.0,15658.0,15283.0,5785.0,10490.0,14211.0,8365.0,4249.0,23732.0,13961.0,31353.0,10173.0,3841.0,36913.0,30371.0,16775.0,8080.0,74481.0,14785.0,9937.0,5055.0,15451.0,18315.0,4111.0,9554.0,10472.0,6784.0,33817.0,65303.0,36947.0,70988.0,64943.0
2021-10-18,14443.0,23430.0,28577.0,6024.0,8714.0,18345.0,39071.0,15901.0,6643.0,10741.0,25578.0,12666.0,48332.0,9112.0,18904.0,2017.0,13801.0,14746.0,7215.0,12000.0,11092.0,18546.0,5304.0,22859.0,55321.0,7972.0,10410.0,27775.0,2925.0,29621.0,13455.0,13638.0,4730.0,9540.0,11549.0,7031.0,2489.0,21538.0,10460.0,27522.0,8989.0,3666.0,26072.0,22078.0,13719.0,8178.0,62485.0,15293.0,9640.0,4851.0,12842.0,13984.0,4173.0,8319.0,10073.0,7094.0,28323.0,55615.0,36068.0,58236.0,58470.0
2021-10-19,16138.0,26257.0,28435.0,7197.0,9652.0,21555.0,42076.0,18032.0,7349.0,11575.0,34380.0,14059.0,55951.0,11894.0,23726.0,2193.0,15273.0,15722.0,8807.0,13463.0,12839.0,23815.0,6550.0,25837.0,64342.0,8636.0,12893.0,31759.0,3082.0,32723.0,15185.0,13655.0,5695.0,10110.0,12734.0,7228.0,2854.0,21083.0,11224.0,32735.0,9967.0,3888.0,27718.0,25567.0,16066.0,9605.0,72284.0,17502.0,11822.0,7193.0,12353.0,16214.0,5508.0,9468.0,11094.0,8055.0,31472.0,64533.0,41357.0,67993.0,59394.0
2021-10-20,16361.0,25766.0,31941.0,6712.0,9854.0,23292.0,44711.0,17815.0,7420.0,12853.0,35412.0,14872.0,59308.0,12472.0,23479.0,2237.0,16284.0,15749.0,9067.0,14053.0,12849.0,24345.0,6710.0,26495.0,67753.0,8532.0,13224.0,33608.0,3179.0,33781.0,15432.0,14642.0,5776.0,10723.0,13766.0,7544.0,3036.0,24506.0,14537.0,33313.0,9957.0,4029.0,32882.0,29382.0,16962.0,9875.0,75249.0,18307.0,12231.0,6355.0,15914.0,18049.0,5628.0,9785.0,12242.0,7680.0,32893.0,67124.0,43134.0,70329.0,61233.0
2021-10-21,17340.0,27716.0,33650.0,7410.0,10689.0,24573.0,45923.0,19081.0,7841.0,13195.0,36843.0,15139.0,64123.0,12985.0,25115.0,2413.0,16725.0,15444.0,9402.0,14566.0,13868.0,26152.0,6609.0,29013.0,63353.0,8905.0,14089.0,37968.0,3382.0,37383.0,15405.0,15251.0,6233.0,11064.0,13766.0,7860.0,3147.0,25767.0,13975.0,33928.0,10214.0,4135.0,34117.0,31191.0,17476.0,10141.0,77655.0,17940.0,12937.0,6571.0,15688.0,19228.0,6128.0,10033.0,12594.0,7524.0,33661.0,73091.0,46024.0,76254.0,75748.0
2021-10-22,17673.0,25980.0,38150.0,6206.0,10380.0,22443.0,47897.0,16824.0,6905.0,12562.0,25816.0,15629.0,58675.0,9461.0,17671.0,2260.0,15324.0,15260.0,7258.0,11173.0,12091.0,18725.0,5478.0,25043.0,62220.0,8906.0,11581.0,37298.0,3121.0,35876.0,16307.0,16874.0,6372.0,11296.0,14206.0,8903.0,2851.0,26433.0,15319.0,31260.0,9813.0,4239.0,38323.0,32423.0,15751.0,7100.0,77478.0,16565.0,8879.0,4287.0,15418.0,17624.0,3427.0,9043.0,10689.0,6205.0,34339.0,69797.0,37329.0,72348.0,68382.0
2021-10-25,13057.0,25476.0,30951.0,5208.0,9243.0,18179.0,40791.0,15378.0,6220.0,11418.0,25013.0,12256.0,50354.0,9960.0,17198.0,2171.0,18349.0,14447.0,6466.0,10696.0,11363.0,17202.0,5444.0,22014.0,64713.0,8083.0,12087.0,31644.0,3401.0,32891.0,14541.0,16794.0,5209.0,10739.0,11855.0,8094.0,2804.0,25069.0,13958.0,29646.0,9115.0,4308.0,35870.0,28632.0,13634.0,8179.0,64397.0,19824.0,10512.0,4569.0,14989.0,17031.0,4394.0,7616.0,9786.0,5326.0,27976.0,59791.0,35926.0,61650.0,63460.0
2021-10-26,16293.0,29211.0,32713.0,6878.0,10669.0,21785.0,46540.0,17614.0,7460.0,12807.0,32839.0,13786.0,59041.0,13015.0,22189.0,2461.0,21143.0,15499.0,8416.0,13068.0,13393.0,22821.0,6319.0,26735.0,75965.0,9264.0,14141.0,36749.0,3784.0,36549.0,16073.0,18053.0,6121.0,11641.0,13362.0,8462.0,3031.0,26997.0,16521.0,35066.0,10633.0,4525.0,39666.0,34572.0,15711.0,9867.0,76846.0,23255.0,12638.0,6148.0,16851.0,20828.0,5565.0,8618.0,11578.0,7470.0,32052.0,71256.0,42729.0,71874.0,65502.0
2021-10-27,15367.0,28487.0,34590.0,6612.0,11460.0,23314.0,47126.0,17598.0,7702.0,13313.0,34318.0,14310.0,58809.0,12703.0,21935.0,2397.0,21230.0,15371.0,8761.0,13718.0,12945.0,23040.0,6323.0,27203.0,77836.0,8809.0,14643.0,39288.0,3944.0,37552.0,16070.0,18966.0,6427.0,12351.0,13965.0,8888.0,3070.0,29563.0,17965.0,36651.0,11691.0,4738.0,44742.0,36596.0,16705.0,10396.0,79378.0,23477.0,12961.0,6469.0,18655.0,22305.0,5697.0,8878.0,12164.0,7585.0,32279.0,75230.0,43837.0,76683.0,86745.0
2021-10-28,16515.0,30047.0,34926.0,7391.0,11475.0,26133.0,49599.0,18068.0,8176.0,14371.0,35985.0,15323.0,67603.0,14068.0,23193.0,2711.0,23051.0,14559.0,9608.0,14520.0,13805.0,24620.0,6924.0,29567.0,83164.0,9443.0,15682.0,41978.0,3820.0,39663.0,17237.0,20317.0,6754.0,12732.0,14357.0,9480.0,3000.0,31175.0,19365.0,37449.0,11584.0,4894.0,46558.0,38149.0,16426.0,10232.0,83694.0,23048.0,13604.0,6397.0,19962.0,23171.0,6056.0,9305.0,12913.0,8581.0,33956.0,78273.0,46287.0,84678.0,69169.0
2021-10-29,15311.0,28084.0,39273.0,6408.0,10639.0,22955.0,50030.0,17213.0,6576.0,14588.0,25662.0,15922.0,61514.0,10042.0,17862.0,2207.0,21038.0,14895.0,8718.0,10823.0,12942.0,18400.0,3180.0,25931.0,79747.0,9434.0,12659.0,42387.0,4136.0,37755.0,17601.0,20874.0,6655.0,12227.0,14861.0,9583.0,2598.0,31554.0,18911.0,33824.0,11223.0,4503.0,45571.0,37053.0,15797.0,8314.0,81988.0,20152.0,11058.0,4906.0,17976.0,20960.0,4172.0,9237.0,11876.0,7210.0,34732.0,74406.0,38973.0,75905.0,70999.0
2021-11-01,13644.0,23690.0,31231.0,5778.0,8606.0,18759.0,40109.0,15559.0,7009.0,10699.0,26458.0,12754.0,49474.0,8886.0,18884.0,2532.0,13762.0,14298.0,7701.0,11199.0,11911.0,18889.0,4941.0,20645.0,55190.0,7821.0,11460.0,29249.0,3141.0,30502.0,14161.0,14163.0,5226.0,9758.0,12554.0,7067.0,2637.0,22561.0,10459.0,29149.0,9202.0,3843.0,25979.0,23037.0,14621.0,8563.0,63879.0,16065.0,9836.0,4760.0,12721.0,13381.0,4397.0,7720.0,10039.0,4927.0,27184.0,54999.0,37488.0,58714.0,58904.0
2021-11-02,16601.0,27396.0,30304.0,7147.0,9905.0,22138.0,43529.0,18021.0,7771.0,11879.0,36211.0,14423.0,57117.0,11944.0,25006.0,3252.0,15849.0,15647.0,9487.0,14200.0,13159.0,25011.0,6359.0,24316.0,64234.0,8735.0,13576.0,32494.0,3075.0,35017.0,14865.0,14317.0,5863.0,10944.0,13911.0,7365.0,2773.0,22225.0,11270.0,33856.0,10209.0,4139.0,28038.0,26918.0,16669.0,9956.0,72404.0,17244.0,12293.0,6180.0,14060.0,16603.0,5904.0,9403.0,12120.0,6173.0,32134.0,64264.0,44967.0,69070.0,61235.0
2021-11-03,16752.0,26375.0,32414.0,7065.0,10270.0,24082.0,44936.0,18363.0,8269.0,12814.0,38218.0,14847.0,61634.0,12617.0,26002.0,2610.0,16292.0,15775.0,9328.0,15205.0,13069.0,26026.0,6543.0,26900.0,69811.0,6732.0,14357.0,34985.0,3196.0,35596.0,15121.0,15390.0,6066.0,10992.0,14193.0,7660.0,2978.0,24985.0,13673.0,35651.0,10750.0,4138.0,31653.0,29550.0,17857.0,10828.0,77239.0,17626.0,13263.0,6506.0,15539.0,18726.0,5958.0,9960.0,12830.0,6662.0,33775.0,68360.0,46318.0,74701.0,62195.0
2021-11-04,18898.0,28185.0,35773.0,7440.0,11036.0,25304.0,48544.0,18841.0,8668.0,13783.0,39627.0,15172.0,67952.0,13171.0,26512.0,2207.0,16707.0,15499.0,9925.0,15679.0,14040.0,27322.0,6813.0,27294.0,73711.0,9084.0,14761.0,37173.0,3220.0,35801.0,15925.0,16329.0,6312.0,11705.0,14615.0,7982.0,2892.0,25381.0,14354.0,36417.0,10984.0,4152.0,34246.0,31402.0,17799.0,10910.0,80833.0,18240.0,13504.0,6603.0,16710.0,19867.0,6275.0,10402.0,13349.0,7108.0,35475.0,72800.0,46981.0,78199.0,63762.0
2021-11-05,18716.0,25962.0,36351.0,5845.0,10346.0,21922.0,46871.0,16417.0,6604.0,13252.0,26038.0,15552.0,57897.0,9521.0,17856.0,2027.0,16593.0,15027.0,8111.0,11191.0,12423.0,18972.0,5899.0,22621.0,70631.0,9087.0,11676.0,36744.0,3626.0,35284.0,16660.0,17076.0,6452.0,11566.0,14990.0,8514.0,2811.0,26556.0,14583.0,33153.0,10402.0,4541.0,37632.0,34173.0,16985.0,8936.0,77312.0,19028.0,10196.0,4676.0,16704.0,19719.0,4063.0,9506.0,11047.0,5608.0,33456.0,66705.0,38835.0,72741.0,67083.0
2021-11-08,12907.0,23775.0,27741.0,5496.0,8784.0,18036.0,40189.0,15407.0,4768.0,11637.0,27588.0,12847.0,49006.0,9190.0,19413.0,1811.0,12679.0,14470.0,6869.0,11849.0,9417.0,18027.0,4954.0,22183.0,58003.0,7247.0,11775.0,28673.0,2644.0,30929.0,13732.0,13785.0,4787.0,9720.0,12578.0,6996.0,2854.0,21230.0,10047.0,28570.0,8356.0,3812.0,24353.0,22088.0,15136.0,8400.0,61769.0,14636.0,9844.0,4813.0,12573.0,13823.0,4465.0,8304.0,9974.0,6184.0,28169.0,55298.0,38014.0,57902.0,57663.0
2021-11-09,15079.0,27474.0,29585.0,7010.0,9843.0,21487.0,43447.0,17817.0,6802.0,12480.0,36986.0,14441.0,57914.0,12109.0,24654.0,2579.0,14774.0,15723.0,8152.0,11103.0,24352.0,5764.0,25914.0,67165.0,7589.0,33465.0,,,2783.0,3079.0,,,,,,,,,11404.0,33938.0,9656.0,4126.0,27911.0,25566.0,16577.0,10206.0,70197.0,17199.0,12124.0,6299.0,14007.0,16511.0,5722.0,9499.0,11971.0,7901.0,31784.0,64199.0,45687.0,68847.0,61499.0
2021-11-10,16852.0,27140.0,31288.0,7178.0,10514.0,23159.0,45176.0,17869.0,12904.0,14873.0,61636.0,15627.0,14926.0,,,,,,14971.0,5809.0,14074.0,,,,,,,,35909.0,15256.0,15397.0,5862.0,10822.0,14304.0,7612.0,26235.0,,,13256.0,4124.0,30812.0,28449.0,17352.0,75696.0,16348.0,,,,12665.0,6633.0,15674.0,18095.0,5913.0,9955.0,12742.0,7912.0,33416.0,68679.0,46331.0,71652.0,62120.0
2021-11-11,18219.0,27661.0,33411.0,7879.0,10698.0,25497.0,45963.0,18446.0,8418.0,39890.0,67702.0,13285.0,26634.0,2668.0,,,,,9086.0,15603.0,12290.0,27305.0,29743.0,73847.0,7986.0,15208.0,37567.0,,3179.0,37112.0,16411.0,16346.0,6679.0,11499.0,14854.0,7603.0,2824.0,26031.0,36988.0,10781.0,4445.0,11238.0,18584.0,,,,,,13490.0,6960.0,16568.0,20858.0,6447.0,10455.0,13023.0,8851.0,35016.0,72799.0,49699.0,78148.0,63390.0
2021-11-12,18705.0,26862.0,38695.0,6689.0,11676.0,23071.0,50671.0,16113.0,7549.0,13764.0,27151.0,16345.0,9851.0,18223.0,2124.0,17565.0,15408.0,,7998.0,11541.0,12449.0,19768.0,5784.0,26041.0,69295.0,8261.0,12088.0,38145.0,3872.0,36871.0,17203.0,17607.0,6172.0,11866.0,15168.0,9084.0,2700.0,27100.0,16103.0,33676.0,10144.0,39696.0,34660.0,18297.0,8968.0,81456.0,,,10747.0,4875.0,17258.0,18914.0,4424.0,9724.0,11251.0,7327.0,33155.0,70008.0,39061.0,76826.0,65743.0
2021-11-15,12778.0,24147.0,27356.0,6073.0,8193.0,18308.0,40197.0,16541.0,6594.0,10818.0,26533.0,12843.0,49286.0,8747.0,19349.0,1790.0,12643.0,15005.0,7610.0,11138.0,11134.0,18945.0,5154.0,22554.0,57034.0,7809.0,11307.0,29091.0,2875.0,30905.0,13689.0,13764.0,5230.0,9939.0,12439.0,6775.0,2792.0,20331.0,10733.0,29524.0,8736.0,3920.0,24819.0,22778.0,15178.0,8782.0,61492.0,15113.0,9942.0,4892.0,13054.0,14562.0,4333.0,8649.0,10056.0,6399.0,27798.0,55130.0,38352.0,57809.0,57321.0
2021-11-16,16388.0,26941.0,30837.0,7498.0,9971.0,22277.0,44830.0,18975.0,7940.0,12248.0,36637.0,14319.0,58290.0,12039.0,24719.0,2354.0,15019.0,15794.0,9467.0,12317.0,13187.0,26021.0,6621.0,27058.0,65932.0,8804.0,13824.0,33374.0,2748.0,35864.0,14595.0,13715.0,5972.0,10879.0,13600.0,6966.0,2988.0,22798.0,10759.0,35257.0,9941.0,3987.0,28331.0,27556.0,17047.0,10375.0,71793.0,17256.0,8364.0,,,,,,,,,,46127.0,68800.0,61738.0
2021-11-17,16727.0,26613.0,33055.0,7393.0,10621.0,23580.0,46042.0,19844.0,8125.0,13088.0,38282.0,15099.0,62787.0,13091.0,25100.0,2398.0,15901.0,15850.0,9332.0,15104.0,13580.0,25877.0,4122.0,27762.0,72446.0,8661.0,14323.0,37084.0,2961.0,36830.0,15115.0,15968.0,6209.0,11517.0,14283.0,7490.0,3039.0,25250.0,14107.0,37137.0,10836.0,4312.0,32940.0,31043.0,17234.0,10691.0,76006.0,18125.0,13164.0,6583.0,16690.0,19816.0,5993.0,9980.0,12818.0,33575.0,70287.0,,48104.0,73891.0,62456.0
2021-11-18,18472.0,29124.0,34474.0,7864.0,11087.0,25605.0,48222.0,21194.0,8148.0,13815.0,40599.0,15864.0,68578.0,13636.0,26647.0,2351.0,16966.0,15753.0,9193.0,16749.0,13966.0,26337.0,4190.0,29553.0,77752.0,9410.0,15932.0,39093.0,3132.0,38602.0,16268.0,16746.0,6796.0,13031.0,14842.0,7827.0,3085.0,26594.0,14674.0,37944.0,10590.0,5095.0,34215.0,32120.0,18490.0,11113.0,80288.0,17950.0,14039.0,6687.0,17525.0,20657.0,6338.0,10322.0,13481.0,8635.0,34429.0,74219.0,49247.0,77658.0,63440.0
2021-11-19,18186.0,28350.0,40814.0,6767.0,9072.0,23017.0,51814.0,16743.0,7058.0,14342.0,27129.0,16101.0,63125.0,9780.0,18298.0,2086.0,17196.0,15517.0,8302.0,11702.0,13044.0,19708.0,5541.0,26064.0,76604.0,9332.0,12340.0,38476.0,3762.0,39756.0,17937.0,20314.0,6740.0,17379.0,15548.0,8905.0,2490.0,28323.0,17443.0,35505.0,10568.0,9972.0,41852.0,36153.0,18398.0,8898.0,82575.0,16289.0,10444.0,4833.0,17241.0,20574.0,4141.0,9927.0,11532.0,7406.0,35159.0,72254.0,40939.0,76407.0,67847.0
2021-11-22,13789.0,23900.0,26134.0,6003.0,9025.0,18360.0,39751.0,16479.0,6753.0,11571.0,27606.0,13075.0,50702.0,8767.0,18574.0,1721.0,13516.0,15286.0,7424.0,11271.0,10859.0,18682.0,5691.0,23325.0,61561.0,8291.0,11531.0,30171.0,2874.0,33921.0,14555.0,16512.0,5323.0,15947.0,12894.0,7012.0,2651.0,21891.0,12559.0,30947.0,9142.0,9165.0,27967.0,25830.0,15669.0,8585.0,63945.0,16976.0,9495.0,4788.0,13824.0,14966.0,4427.0,8714.0,10217.0,6606.0,27935.0,53869.0,37269.0,59498.0,59197.0
2021-11-23,16676.0,27588.0,32705.0,7348.0,10479.0,22485.0,45222.0,19129.0,8301.0,12673.0,38655.0,14830.0,57821.0,12627.0,24265.0,2106.0,16523.0,15721.0,9096.0,14760.0,13533.0,24885.0,6937.0,28036.0,71362.0,9440.0,14096.0,34484.0,3270.0,38075.0,16304.0,18196.0,6175.0,16206.0,14286.0,7108.0,2881.0,24860.0,13770.0,37210.0,10740.0,9344.0,30375.0,29969.0,18463.0,11033.0,75657.0,18346.0,12870.0,6504.0,15515.0,18655.0,5888.0,10114.0,12034.0,8432.0,32593.0,67243.0,46641.0,71052.0,64606.0
2021-11-24,17453.0,26457.0,34442.0,7276.0,10229.0,23721.0,48079.0,18745.0,8433.0,14024.0,40710.0,15502.0,64087.0,12871.0,24665.0,2432.0,16927.0,15517.0,9216.0,15347.0,13456.0,26619.0,6585.0,28850.0,74578.0,9350.0,14597.0,36371.0,3277.0,38820.0,16481.0,18919.0,6331.0,16708.0,14914.0,7754.0,2952.0,27176.0,16054.0,38848.0,11790.0,9357.0,34784.0,33590.0,18831.0,11250.0,78710.0,18338.0,12818.0,6576.0,17512.0,20228.0,5976.0,10216.0,12965.0,8035.0,33882.0,71311.0,47372.0,73026.0,64157.0
2021-11-25,18507.0,29045.0,38710.0,8255.0,11882.0,26346.0,50407.0,19874.0,9186.0,14579.0,43112.0,16235.0,71213.0,13591.0,26617.0,2550.0,18497.0,16061.0,10526.0,15271.0,14656.0,27872.0,7202.0,31481.0,82808.0,10011.0,15857.0,39640.0,3445.0,43303.0,17353.0,20701.0,6814.0,18873.0,15383.0,8423.0,3285.0,28268.0,17646.0,39964.0,12255.0,11088.0,37313.0,36434.0,20053.0,11499.0,84733.0,18606.0,14206.0,6762.0,18779.0,21664.0,6586.0,10900.0,13923.0,9341.0,35161.0,77599.0,48714.0,82072.0,68319.0
2021-11-26,9267.0,28565.0,30951.0,9830.0,10535.0,14138.0,63940.0,13411.0,8342.0,15081.0,12515.0,7688.0,64648.0,12698.0,18840.0,3153.0,19683.0,15817.0,8776.0,6.0,19612.0,23598.0,3837.0,105.0,53849.0,76.0,5.0,18896.0,6923.0,37296.0,13816.0,1.0,12.0,10648.0,43.0,3546.0,30646.0,,35218.0,11007.0,21.0,17410.0,31704.0,20337.0,8992.0,74246.0,14594.0,,13736.0,7019.0,20981.0,33054.0,6729.0,6351.0,8481.0,10780.0,22357.0,60397.0,26706.0,49938.0,69198.0
2021-11-29,13470.0,23299.0,29486.0,6110.0,9055.0,18366.0,40770.0,16148.0,6897.0,11695.0,27323.0,13267.0,52349.0,9184.0,19095.0,1697.0,13793.0,14552.0,8127.0,11543.0,11666.0,18532.0,5582.0,22794.0,66158.0,8444.0,11355.0,30751.0,3181.0,36092.0,14747.0,18702.0,5235.0,16752.0,12748.0,7135.0,2578.0,22704.0,13478.0,31031.0,9423.0,10268.0,27914.0,27346.0,15788.0,8861.0,66040.0,15933.0,10135.0,4849.0,13732.0,14247.0,4447.0,9059.0,10625.0,6528.0,28609.0,55894.0,38699.0,60831.0,63600.0
2021-11-30,16350.0,26694.0,30599.0,7166.0,10044.0,21792.0,42658.0,18584.0,7880.0,12625.0,37346.0,14263.0,58026.0,11527.0,23716.0,2019.0,15531.0,15541.0,9013.0,14144.0,13094.0,24181.0,6630.0,26042.0,70888.0,8917.0,13291.0,34103.0,3007.0,37174.0,15249.0,17243.0,5841.0,16477.0,13490.0,7292.0,2700.0,22658.0,12995.0,36540.0,10699.0,8056.0,29107.0,29049.0,17203.0,10327.0,71237.0,17801.0,12024.0,5985.0,15207.0,17444.0,5541.0,9798.0,12236.0,7744.0,31682.0,67259.0,46026.0,69768.0,63900.0
2021-12-01,17002.0,25747.0,32845.0,7137.0,10916.0,23777.0,44619.0,17955.0,8214.0,13688.0,39282.0,15107.0,62997.0,12303.0,24420.0,2064.0,15792.0,15324.0,9155.0,14999.0,12594.0,25211.0,6289.0,26911.0,73226.0,8275.0,14105.0,35750.0,3290.0,39733.0,15367.0,18823.0,6144.0,18398.0,14074.0,7684.0,2895.0,26134.0,15198.0,37624.0,11281.0,10736.0,33459.0,31607.0,18194.0,10851.0,76653.0,17727.0,12551.0,6419.0,16685.0,19185.0,5917.0,9847.0,12882.0,7356.0,33207.0,71691.0,46814.0,76755.0,78530.0
2021-12-02,18075.0,28338.0,36561.0,7664.0,11474.0,25068.0,48174.0,18397.0,8641.0,14293.0,42360.0,15473.0,71326.0,13523.0,25658.0,2200.0,16860.0,15343.0,9831.0,15120.0,13564.0,26430.0,6731.0,29171.0,78756.0,8822.0,14391.0,37936.0,3416.0,41402.0,16453.0,20303.0,6346.0,20059.0,14768.0,7848.0,2904.0,27225.0,17102.0,39277.0,11723.0,12588.0,35660.0,34076.0,18961.0,10836.0,81904.0,17647.0,13154.0,6872.0,18353.0,20482.0,6073.0,10185.0,13662.0,7967.0,36155.0,76908.0,47721.0,80029.0,67598.0
2021-12-03,17372.0,25956.0,40828.0,6814.0,10969.0,22947.0,49607.0,16503.0,7340.0,14080.0,27711.0,16473.0,64475.0,9748.0,18269.0,2295.0,17166.0,15082.0,7921.0,11086.0,12911.0,19849.0,5907.0,25209.0,76532.0,8986.0,12156.0,37204.0,3873.0,42260.0,17110.0,22803.0,5927.0,18282.0,14761.0,8214.0,2613.0,26716.0,18365.0,38367.0,11027.0,13363.0,40951.0,35642.0,18452.0,8780.0,79624.0,15977.0,10366.0,5390.0,17922.0,21255.0,4507.0,9880.0,11580.0,7204.0,34743.0,73540.0,40454.0,77300.0,71162.0
2021-12-06,13730.0,23267.0,29582.0,6102.0,9333.0,18538.0,39764.0,15711.0,6992.0,12071.0,27345.0,13602.0,51167.0,8942.0,18186.0,1764.0,14384.0,15066.0,7222.0,11473.0,11421.0,19121.0,5545.0,22978.0,64228.0,8214.0,11580.0,30174.0,2990.0,35540.0,14139.0,19087.0,5263.0,17869.0,12522.0,6973.0,2706.0,22111.0,13984.0,32050.0,9572.0,11752.0,29163.0,26901.0,15748.0,8890.0,63812.0,16268.0,10525.0,5295.0,14626.0,14792.0,4569.0,8980.0,10548.0,6761.0,28972.0,58598.0,38712.0,61090.0,60745.0
2021-12-07,17032.0,26192.0,31231.0,7378.0,10586.0,22407.0,43576.0,18783.0,7967.0,13285.0,37252.0,14358.0,59100.0,11951.0,23502.0,2115.0,16196.0,15509.0,8252.0,14497.0,13116.0,24300.0,6581.0,26935.0,58233.0,7060.0,14101.0,37387.0,3011.0,42377.0,15039.0,18303.0,5579.0,16828.0,13555.0,7356.0,3112.0,23383.0,14115.0,37420.0,9855.0,9370.0,30450.0,31679.0,17722.0,10772.0,72114.0,17590.0,12754.0,6607.0,16669.0,17461.0,6037.0,9746.0,12221.0,7930.0,32395.0,68139.0,41847.0,71299.0,62905.0
2021-12-08,17183.0,25562.0,32600.0,7045.0,10939.0,23465.0,45794.0,17816.0,8084.0,14192.0,39038.0,15460.0,62890.0,12057.0,23322.0,1991.0,16235.0,15926.0,8892.0,14764.0,12721.0,25138.0,6510.0,27459.0,77158.0,8705.0,13933.0,37217.0,40221.0,6324.0,2821.0,,,,,,,,16035.0,39180.0,11207.0,11062.0,34297.0,32152.0,18440.0,10817.0,76243.0,19039.0,12580.0,6428.0,17234.0,19869.0,5619.0,10099.0,12520.0,7395.0,33208.0,71791.0,45060.0,74176.0,64697.0
2021-12-09,18165.0,27146.0,34368.0,7393.0,11380.0,24223.0,46655.0,18310.0,8358.0,14481.0,37616.0,16075.0,65803.0,12273.0,22884.0,2200.0,16671.0,15266.0,8864.0,13399.0,12854.0,24557.0,5781.0,28048.0,77865.0,8601.0,13948.0,39892.0,3279.0,15864.0,19118.0,19781.0,14585.0,7960.0,26316.0,,,,16729.0,40745.0,11084.0,11177.0,36646.0,34069.0,19127.0,9835.0,79716.0,16634.0,12361.0,6226.0,18116.0,20563.0,5710.0,10236.0,12451.0,8320.0,34225.0,75597.0,45073.0,78589.0,77086.0
2021-12-10,17540.0,25506.0,36888.0,6605.0,10810.0,22095.0,49256.0,16491.0,7213.0,14520.0,27645.0,13615.0,62482.0,10144.0,17627.0,2134.0,16804.0,15661.0,8004.0,9110.0,12816.0,20293.0,5754.0,78364.0,8880.0,9620.0,,,4538.0,45625.0,16428.0,22654.0,5335.0,14281.0,15103.0,7203.0,2686.0,25133.0,19509.0,39117.0,11133.0,14510.0,44303.0,37803.0,18402.0,8844.0,78438.0,15768.0,10367.0,5244.0,17965.0,20900.0,4625.0,9809.0,10994.0,7632.0,33450.0,72020.0,37402.0,75051.0,69892.0
2021-12-13,11620.0,19463.0,24332.0,5065.0,7548.0,14194.0,32655.0,13341.0,5354.0,9983.0,19526.0,12111.0,40703.0,13830.0,1418.0,11588.0,,,5511.0,8017.0,9240.0,14199.0,4536.0,17615.0,58717.0,7090.0,8904.0,27552.0,2695.0,33774.0,12308.0,18455.0,4437.0,17846.0,11406.0,6175.0,2274.0,20141.0,28493.0,8352.0,11442.0,24915.0,14657.0,6606.0,55999.0,13647.0,,,7639.0,3707.0,11476.0,12816.0,3047.0,7541.0,8121.0,4324.0,25169.0,46826.0,27901.0,51647.0,57806.0
2021-12-14,12967.0,19682.0,23171.0,5298.0,7317.0,15363.0,31945.0,13477.0,4929.0,9776.0,21799.0,7390.0,11393.0,14147.0,,,,,5778.0,8651.0,8662.0,15458.0,4614.0,17488.0,60306.0,6709.0,8887.0,27978.0,2794.0,33777.0,12313.0,16852.0,4638.0,16514.0,11645.0,6378.0,2179.0,19595.0,12099.0,29874.0,10064.0,26781.0,6778.0,,,,,,7354.0,3831.0,11856.0,13745.0,3200.0,7659.0,7862.0,4481.0,25715.0,47531.0,28505.0,52791.0,56444.0
2021-12-15,13544.0,18470.0,24276.0,4877.0,7502.0,14950.0,33229.0,12925.0,12899.0,42689.0,6687.0,12480.0,1506.0,13833.0,,,,,5249.0,7337.0,8461.0,14958.0,4242.0,18548.0,59375.0,6649.0,8750.0,27228.0,2898.0,33455.0,12547.0,16527.0,4610.0,16247.0,11261.0,6459.0,2171.0,21876.0,13261.0,8819.0,31320.0,27030.0,15092.0,59042.0,12430.0,,,,7337.0,3582.0,12705.0,14184.0,2897.0,7584.0,8031.0,4109.0,25667.0,49571.0,28693.0,53112.0,59515.0
2021-12-16,12254.0,17767.0,23444.0,4775.0,6674.0,13709.0,32521.0,12290.0,5003.0,9396.0,18940.0,11897.0,40528.0,6579.0,11586.0,1666.0,11635.0,12900.0,5237.0,7627.0,7872.0,13841.0,3565.0,16711.0,57243.0,6317.0,8530.0,25935.0,2918.0,33547.0,12087.0,18008.0,4519.0,17007.0,11162.0,5730.0,2106.0,19134.0,12603.0,28082.0,8365.0,11211.0,28680.0,25264.0,13746.0,6380.0,56821.0,12124.0,6951.0,3488.0,12000.0,13646.0,2659.0,7098.0,7517.0,3967.0,24206.0,46732.0,27696.0,51368.0,57855.0
2021-12-17,10605.0,16119.0,28033.0,4151.0,7220.0,13086.0,34685.0,10810.0,4625.0,9787.0,15928.0,11441.0,41452.0,5735.0,9475.0,1544.0,11998.0,12031.0,4361.0,6688.0,8285.0,11886.0,3516.0,14693.0,57208.0,6103.0,7145.0,25626.0,2883.0,33444.0,11553.0,18938.0,4162.0,14480.0,10564.0,6418.0,1841.0,19382.0,13826.0,25850.0,8377.0,11196.0,30170.0,26045.0,12696.0,5031.0,55590.0,10549.0,5819.0,2926.0,11924.0,13149.0,2214.0,6683.0,6891.0,3316.0,23568.0,46722.0,27321.0,51764.0,61241.0
2021-12-20,7768.0,13767.0,21630.0,3252.0,6128.0,10463.0,27490.0,9136.0,4291.0,8138.0,14303.0,9647.0,33036.0,5301.0,7819.0,1247.0,11266.0,10969.0,3460.0,5696.0,6398.0,9814.0,3131.0,12877.0,57393.0,4869.0,7307.0,22797.0,2566.0,34632.0,10102.0,20348.0,3633.0,18152.0,8432.0,5809.0,1622.0,16043.0,13965.0,23781.0,6992.0,13333.0,29618.0,26664.0,10937.0,4745.0,45043.0,11040.0,5175.0,2843.0,11042.0,11462.0,1227.0,5041.0,5978.0,2454.0,18800.0,38279.0,23221.0,41975.0,57480.0
2021-12-21,8628.0,14236.0,18971.0,3264.0,6384.0,10397.0,25850.0,9065.0,4032.0,7636.0,14386.0,9474.0,32149.0,5296.0,7903.0,1088.0,11462.0,10990.0,3335.0,5703.0,5678.0,9752.0,2848.0,12584.0,57455.0,4925.0,6935.0,22810.0,2660.0,34271.0,9177.0,20164.0,3564.0,16724.0,8439.0,5964.0,1537.0,13154.0,14443.0,23633.0,6743.0,13126.0,29873.0,26988.0,10406.0,4641.0,46054.0,10937.0,4695.0,2350.0,11397.0,11673.0,2029.0,5022.0,5883.0,2527.0,19025.0,37913.0,23417.0,42421.0,55023.0
2021-12-22,8237.0,13108.0,19111.0,3003.0,5759.0,9612.0,24882.0,8707.0,3496.0,7074.0,13146.0,9227.0,32258.0,4847.0,7153.0,1030.0,10298.0,10083.0,2898.0,5407.0,5551.0,8965.0,2809.0,11695.0,56094.0,4586.0,6566.0,22444.0,2549.0,34566.0,9333.0,19485.0,3392.0,17946.0,7825.0,5409.0,1430.0,14629.0,13528.0,23292.0,6880.0,12366.0,29328.0,25641.0,9961.0,4309.0,45355.0,9960.0,4465.0,2250.0,11148.0,11352.0,1823.0,4879.0,5382.0,2110.0,18135.0,35982.0,23228.0,41989.0,56460.0
2021-12-23,7715.0,11828.0,18748.0,2487.0,5124.0,8072.0,23074.0,7759.0,3048.0,6244.0,8934.0,9047.0,28476.0,4282.0,5862.0,931.0,8928.0,9174.0,2499.0,4616.0,4939.0,7637.0,2373.0,10232.0,53686.0,3956.0,5989.0,20878.0,2300.0,32990.0,8093.0,18870.0,3072.0,17152.0,7253.0,5078.0,1175.0,13905.0,11711.0,21494.0,6074.0,11549.0,27287.0,23498.0,9329.0,3397.0,41862.0,8517.0,4080.0,1992.0,9748.0,10219.0,1702.0,4491.0,4614.0,701.0,16484.0,32606.0,21976.0,39571.0,56247.0
2022-01-04,7691.0,12213.0,14524.0,3288.0,4987.0,9722.0,21510.0,8833.0,3318.0,5807.0,11226.0,8630.0,27052.0,5031.0,8454.0,872.0,7204.0,10774.0,3543.0,5377.0,5360.0,9884.0,2921.0,11184.0,36717.0,3947.0,5792.0,19005.0,1741.0,21765.0,7369.0,10128.0,2471.0,6215.0,7442.0,4111.0,1554.0,13838.0,6783.0,17702.0,5517.0,2416.0,19232.0,16135.0,9298.0,4321.0,33237.0,8529.0,7278.0,2701.0,8649.0,8667.0,1877.0,4809.0,5410.0,2234.0,18611.0,31826.0,20292.0,45572.0,42597.0
2022-01-05,9191.0,13761.0,15633.0,3602.0,5290.0,11039.0,22719.0,9667.0,3559.0,6305.0,12131.0,10034.0,30472.0,5510.0,9243.0,984.0,8672.0,11402.0,3914.0,6235.0,5638.0,10849.0,3233.0,12223.0,40907.0,4429.0,6113.0,20627.0,1882.0,23476.0,8405.0,10831.0,2902.0,6764.0,8797.0,4156.0,1702.0,14594.0,8192.0,19845.0,6166.0,2831.0,21166.0,18064.0,10309.0,5044.0,36405.0,10292.0,8207.0,3168.0,9507.0,10728.0,2146.0,5542.0,5957.0,2594.0,20985.0,34358.0,22025.0,46797.0,44839.0
2022-01-06,9797.0,14207.0,14946.0,3812.0,5357.0,12071.0,23483.0,9768.0,3749.0,6480.0,12456.0,9412.0,36374.0,5689.0,10542.0,991.0,7931.0,11219.0,4602.0,6106.0,5957.0,11619.0,3502.0,12778.0,41417.0,4634.0,6000.0,20807.0,1994.0,23526.0,8393.0,10750.0,2568.0,6136.0,8595.0,4005.0,1655.0,15444.0,8664.0,20548.0,6279.0,2577.0,20348.0,18132.0,11392.0,5324.0,35754.0,9433.0,7817.0,3230.0,9606.0,10121.0,2327.0,5889.0,4897.0,3008.0,21850.0,36320.0,22309.0,48044.0,47902.0
2022-01-07,10881.0,14953.0,17760.0,3784.0,5775.0,13029.0,25590.0,10145.0,3583.0,7399.0,12086.0,11097.0,33626.0,5521.0,9254.0,1058.0,8787.0,11717.0,4043.0,6167.0,6092.0,10932.0,3354.0,13142.0,44902.0,4737.0,6544.0,23510.0,2076.0,25738.0,9198.0,11790.0,2866.0,6866.0,9739.0,4733.0,1768.0,16082.0,9482.0,20968.0,6724.0,2664.0,24871.0,20582.0,11751.0,4918.0,36362.0,9028.0,8073.0,2911.0,10345.0,10906.0,2086.0,6408.0,6261.0,3084.0,23883.0,38421.0,23454.0,53022.0,48121.0
2022-01-10,9251.0,14932.0,15984.0,4017.0,5377.0,12317.0,23647.0,11489.0,3905.0,6534.0,14935.0,10139.0,30815.0,5022.0,11290.0,1094.0,7679.0,12592.0,5040.0,7268.0,7554.0,12379.0,3887.0,13591.0,38739.0,5410.0,7108.0,19072.0,1855.0,22694.0,9069.0,9672.0,2902.0,6352.0,8833.0,4387.0,1980.0,14223.0,6577.0,20084.0,6206.0,2677.0,16562.0,14421.0,11246.0,5520.0,35837.0,9723.0,6568.0,2876.0,8150.0,8708.0,2457.0,6415.0,6385.0,2974.0,21123.0,33905.0,24040.0,43955.0,45214.0
2022-01-11,10965.0,16369.0,17287.0,4627.0,5836.0,13845.0,24812.0,12301.0,4409.0,7147.0,17677.0,11219.0,33075.0,6149.0,12954.0,1084.0,8339.0,13044.0,5517.0,8692.0,7988.0,14049.0,4541.0,14969.0,43366.0,5885.0,7903.0,21536.0,1908.0,24824.0,9846.0,10655.0,3127.0,6863.0,10044.0,4636.0,1803.0,15407.0,6975.0,23183.0,6662.0,2875.0,18586.0,17446.0,12077.0,6219.0,40454.0,10426.0,7286.0,3486.0,9430.0,10379.0,2803.0,6969.0,7375.0,3343.0,23156.0,38208.0,25659.0,47531.0,45779.0
2022-01-12,11491.0,17333.0,18891.0,4897.0,6669.0,14592.0,26755.0,12820.0,4621.0,7831.0,19497.0,12008.0,38761.0,6819.0,13010.0,1370.0,9156.0,13308.0,5384.0,8892.0,7891.0,14735.0,4525.0,15952.0,42629.0,5930.0,8348.0,24628.0,2154.0,27993.0,10667.0,11211.0,3627.0,7311.0,10404.0,5100.0,2228.0,18197.0,8759.0,25340.0,7288.0,3143.0,22178.0,20583.0,13215.0,6448.0,44972.0,11569.0,7816.0,3647.0,10845.0,12328.0,3062.0,7325.0,7808.0,3530.0,25737.0,43546.0,27036.0,53411.0,61044.0
2022-01-13,12027.0,17719.0,19230.0,4936.0,6490.0,15773.0,27126.0,13448.0,4682.0,8017.0,19786.0,12038.0,38430.0,7198.0,13813.0,1307.0,9539.0,12882.0,5839.0,8858.0,8697.0,15446.0,4864.0,17016.0,50473.0,6117.0,8428.0,25100.0,2144.0,27272.0,11182.0,11147.0,3553.0,7545.0,10589.0,4986.0,2066.0,19130.0,9484.0,25395.0,7415.0,3146.0,22779.0,20718.0,13906.0,6432.0,46130.0,11159.0,8114.0,3789.0,10975.0,12608.0,3284.0,7620.0,8056.0,3955.0,24317.0,43112.0,28252.0,53805.0,48296.0
2022-01-14,12463.0,18219.0,23798.0,4733.0,6940.0,15896.0,30680.0,13241.0,4383.0,9110.0,17123.0,13048.0,39415.0,6385.0,11863.0,1391.0,9992.0,13018.0,5922.0,7916.0,9052.0,13479.0,3678.0,16179.0,51568.0,6409.0,8065.0,26861.0,2487.0,27502.0,12016.0,11679.0,3754.0,7894.0,11537.0,5802.0,2236.0,19900.0,10087.0,24859.0,7583.0,3190.0,26377.0,23235.0,13485.0,5791.0,52154.0,10493.0,8923.0,3676.0,11537.0,13464.0,2631.0,7757.0,8004.0,3736.0,27861.0,45656.0,28110.0,57904.0,53139.0
2022-01-17,7396.0,17456.0,18894.0,4617.0,5998.0,9756.0,26499.0,12768.0,4609.0,8122.0,16856.0,10994.0,35716.0,5891.0,11102.0,1399.0,9447.0,13325.0,6029.0,8306.0,9019.0,14291.0,4127.0,16541.0,43344.0,6359.0,8030.0,21411.0,2143.0,24279.0,10482.0,10510.0,3479.0,7078.0,9897.0,5019.0,2210.0,15811.0,7798.0,22322.0,6719.0,3014.0,18529.0,16603.0,12439.0,6234.0,42644.0,11583.0,7739.0,3764.0,10548.0,10452.0,3126.0,6985.0,7267.0,5088.0,23650.0,41656.0,27416.0,39708.0,48609.0
2022-01-18,8866.0,18906.0,19604.0,4960.0,6817.0,11292.0,28629.0,14023.0,5122.0,8669.0,18005.0,11849.0,39458.0,7276.0,12935.0,1382.0,10092.0,14171.0,6423.0,9600.0,9598.0,16246.0,4894.0,18748.0,49017.0,6648.0,9043.0,24517.0,2269.0,26358.0,11171.0,11264.0,3791.0,7427.0,10945.0,5121.0,2266.0,17346.0,7711.0,25932.0,7368.0,3094.0,21583.0,19537.0,13754.0,6855.0,49311.0,12171.0,8866.0,5423.0,11378.0,12031.0,4110.0,7711.0,8255.0,5706.0,26869.0,46597.0,30122.0,43645.0,50132.0
2022-01-19,9197.0,19249.0,20672.0,5322.0,7037.0,11566.0,29519.0,14161.0,5484.0,9450.0,20425.0,12350.0,42045.0,7558.0,12922.0,1467.0,10669.0,14170.0,6744.0,10216.0,9459.0,17116.0,4816.0,19681.0,51004.0,6528.0,9400.0,26275.0,2326.0,27886.0,11622.0,12106.0,3897.0,7843.0,11318.0,5455.0,2289.0,19410.0,9633.0,27029.0,7663.0,3308.0,24894.0,22113.0,14300.0,7154.0,51332.0,12507.0,9140.0,4561.0,13253.0,13737.0,4061.0,9053.0,5521.0,26889.0,50755.0,,30731.0,44604.0,50788.0
2022-01-20,10185.0,20298.0,22716.0,5363.0,7598.0,12591.0,31917.0,14798.0,5949.0,9880.0,21428.0,12961.0,45023.0,7951.0,14851.0,1532.0,11474.0,14103.0,7089.0,10529.0,10586.0,18477.0,5415.0,21192.0,55330.0,7447.0,10099.0,28108.0,2417.0,28674.0,12340.0,12242.0,4212.0,8216.0,11817.0,5664.0,2429.0,19703.0,10439.0,28217.0,8022.0,3371.0,27172.0,23371.0,14866.0,7221.0,55701.0,12243.0,9686.0,4923.0,14425.0,15167.0,4152.0,7933.0,9384.0,6187.0,29640.0,56002.0,32630.0,48927.0,52317.0
2022-01-21,10187.0,19922.0,26505.0,4944.0,7695.0,12326.0,34886.0,14395.0,5338.0,10268.0,17389.0,13377.0,45381.0,6943.0,11066.0,1534.0,11829.0,13830.0,6412.0,9305.0,10257.0,15315.0,5064.0,19319.0,54707.0,7501.0,8942.0,30568.0,2586.0,28704.0,12858.0,12902.0,4111.0,8444.0,12275.0,6455.0,2300.0,20729.0,10987.0,26476.0,8315.0,3211.0,30892.0,25084.0,14561.0,6477.0,54724.0,11401.0,8515.0,4010.0,14399.0,14182.0,3407.0,8117.0,8529.0,5178.0,29472.0,52296.0,31365.0,47397.0,55724.0
2022-01-24,7951.0,20094.0,20219.0,5103.0,6800.0,10540.0,28692.0,13884.0,5423.0,8884.0,18124.0,11606.0,39304.0,6554.0,12039.0,1477.0,10067.0,13793.0,6018.0,9642.0,9658.0,15365.0,4672.0,17798.0,47086.0,6717.0,8886.0,23281.0,2274.0,25731.0,11252.0,10640.0,3526.0,7399.0,10169.0,5291.0,2230.0,16832.0,6746.0,23657.0,7035.0,3022.0,19327.0,17985.0,12836.0,6528.0,46004.0,11893.0,8225.0,4284.0,11160.0,10685.0,3681.0,7342.0,8668.0,5474.0,24726.0,45615.0,31180.0,41032.0,49284.0
2022-01-25,9039.0,22534.0,21875.0,6140.0,7648.0,12150.0,31397.0,15783.0,6093.0,9745.0,23148.0,12682.0,45223.0,8066.0,14554.0,1597.0,11140.0,14638.0,6819.0,11557.0,11097.0,19234.0,5663.0,21307.0,55130.0,5358.0,10603.0,26559.0,2392.0,28348.0,11939.0,11628.0,4175.0,8066.0,11402.0,5628.0,2362.0,18332.0,8695.0,28043.0,8013.0,3280.0,22827.0,21300.0,14395.0,7810.0,53258.0,13304.0,10074.0,5142.0,13257.0,13039.0,4697.0,8163.0,9930.0,6621.0,27512.0,53981.0,35634.0,45827.0,51176.0
2022-01-26,9656.0,22095.0,22720.0,5936.0,8041.0,12984.0,32967.0,16021.0,6580.0,10357.0,23795.0,13410.0,48161.0,8733.0,15140.0,1650.0,12088.0,14712.0,7036.0,11955.0,10594.0,20172.0,5464.0,21139.0,57414.0,7214.0,10866.0,29129.0,2537.0,29646.0,12149.0,12074.0,4282.0,8536.0,12129.0,5929.0,2330.0,20096.0,9954.0,30036.0,8144.0,3298.0,26651.0,24012.0,15438.0,8146.0,56345.0,14416.0,14417.0,14716.0,8350.0,6081.0,29076.0,56945.0,,,,,37511.0,49151.0,52827.0
2022-01-27,10423.0,23679.0,24426.0,6623.0,8580.0,14098.0,35500.0,16315.0,6963.0,11193.0,24970.0,13647.0,51477.0,9682.0,16572.0,1605.0,13040.0,14538.0,7791.0,12144.0,11587.0,21740.0,6180.0,23493.0,59252.0,7530.0,11549.0,30080.0,2621.0,30748.0,13002.0,12630.0,4655.0,8837.0,12384.0,6135.0,2458.0,20914.0,10975.0,30422.0,8416.0,3458.0,27489.0,24077.0,15403.0,8126.0,59890.0,13952.0,11452.0,5878.0,15954.0,5188.0,8559.0,10952.0,7054.0,60399.0,,,39450.0,51361.0,53869.0
2022-01-28,10705.0,23072.0,29228.0,5756.0,8691.0,13071.0,38861.0,15384.0,6073.0,11328.0,18896.0,14397.0,50709.0,7765.0,12241.0,1682.0,13176.0,14516.0,6958.0,9768.0,11200.0,16774.0,5420.0,20642.0,59555.0,8041.0,9761.0,33261.0,3103.0,30488.0,13737.0,13106.0,4672.0,9212.0,13051.0,7041.0,2400.0,21483.0,12144.0,28566.0,8461.0,3418.0,33508.0,27821.0,15374.0,7040.0,61175.0,13237.0,9580.0,4557.0,15689.0,3658.0,9982.0,31210.0,,,,,35424.0,52247.0,59065.0
2022-01-31,8908.0,22579.0,22634.0,5632.0,7447.0,11447.0,33177.0,14630.0,5845.0,10016.0,22252.0,11986.0,44474.0,7772.0,13610.0,1566.0,11399.0,14697.0,7173.0,10674.0,10272.0,18364.0,4982.0,19593.0,50015.0,7120.0,10218.0,25747.0,2626.0,27340.0,11938.0,11024.0,4082.0,8282.0,10935.0,6152.0,2451.0,17893.0,7969.0,25411.0,7973.0,3151.0,24835.0,20591.0,14119.0,7514.0,50602.0,13604.0,10004.0,4937.0,12679.0,12545.0,4139.0,7893.0,9605.0,5918.0,25960.0,51550.0,36451.0,44641.0,53488.0
2022-02-01,10270.0,25313.0,24045.0,6804.0,8880.0,13657.0,34171.0,16987.0,7199.0,11262.0,29314.0,13310.0,52346.0,9515.0,17590.0,1894.0,13020.0,15499.0,8368.0,12838.0,11797.0,23354.0,6070.0,22746.0,58689.0,7391.0,12165.0,30050.0,2636.0,30518.0,12678.0,10499.0,4566.0,9067.0,12327.0,6398.0,2571.0,19347.0,7869.0,8888.0,3390.0,27898.0,24449.0,15676.0,9034.0,58649.0,15298.0,,11926.0,6215.0,14838.0,16052.0,5576.0,8699.0,11564.0,7064.0,30252.0,63602.0,43712.0,52258.0,56547.0
2022-02-02,10218.0,24722.0,25355.0,6732.0,9214.0,14055.0,37794.0,16798.0,7589.0,11406.0,30861.0,14005.0,55141.0,9945.0,18135.0,1838.0,13442.0,15434.0,8464.0,12960.0,11928.0,24338.0,5779.0,24078.0,60793.0,7336.0,12476.0,31128.0,2651.0,31421.0,13154.0,12263.0,5047.0,9312.0,12713.0,6372.0,2538.0,20889.0,32081.0,3536.0,15559.0,,,,,,,,12251.0,6489.0,15617.0,16142.0,5776.0,8726.0,11838.0,6908.0,31546.0,65095.0,44620.0,53771.0,55796.0
2022-02-03,11236.0,27240.0,26730.0,7272.0,9641.0,15334.0,40320.0,17625.0,8057.0,12319.0,33024.0,60694.0,10818.0,19883.0,1972.0,,,,9343.0,14032.0,12863.0,26339.0,6399.0,26211.0,8089.0,13176.0,33041.0,,2604.0,32159.0,13757.0,12722.0,5138.0,9858.0,12847.0,6732.0,2786.0,21509.0,11751.0,32960.0,9500.0,29553.0,26476.0,16491.0,9557.0,65367.0,,,13114.0,6828.0,16320.0,17629.0,6071.0,9447.0,12683.0,7851.0,32007.0,70535.0,46728.0,56937.0,57327.0
2022-02-04,11295.0,23785.0,30399.0,6043.0,9515.0,14626.0,42684.0,16172.0,12035.0,14652.0,13790.0,15658.0,,,,,,,60769.0,,,,,,,,,,3410.0,30991.0,14468.0,13717.0,4680.0,9171.0,12976.0,7133.0,2483.0,23433.0,12510.0,29681.0,9123.0,3647.0,35275.0,29498.0,15472.0,7919.0,64103.0,13565.0,10740.0,5135.0,16963.0,16547.0,4104.0,9076.0,10556.0,6835.0,32302.0,63320.0,37443.0,54364.0,61036.0
2022-02-07,9114.0,23309.0,24710.0,5816.0,8213.0,11656.0,31489.0,15072.0,6363.0,10206.0,23996.0,12298.0,46922.0,7699.0,14975.0,1865.0,12344.0,15172.0,7921.0,11008.0,11191.0,19128.0,5289.0,20098.0,50770.0,7060.0,10855.0,26468.0,2557.0,28360.0,12174.0,11096.0,4061.0,8748.0,11343.0,5950.0,2488.0,18415.0,8199.0,27273.0,8238.0,3276.0,21894.0,20206.0,14606.0,8133.0,53329.0,14507.0,10425.0,5468.0,13523.0,12971.0,4672.0,8216.0,10235.0,6386.0,27356.0,55909.0,38464.0,47108.0,55113.0
2022-02-08,11106.0,26283.0,28037.0,6967.0,9557.0,14069.0,40421.0,17648.0,8029.0,11682.0,33913.0,13777.0,56994.0,10461.0,19445.0,2130.0,14273.0,15691.0,8713.0,14244.0,13027.0,25374.0,6259.0,24827.0,59907.0,8033.0,13197.0,31266.0,2571.0,32127.0,13442.0,12462.0,5315.0,9541.0,12775.0,6431.0,2672.0,20309.0,9578.0,32875.0,9328.0,3477.0,25197.0,24168.0,15756.0,9552.0,62785.0,16236.0,12934.0,6664.0,15573.0,15920.0,6032.0,8969.0,12410.0,7793.0,30866.0,69767.0,47010.0,56084.0,72654.0
2022-02-09,11813.0,26117.0,29051.0,7112.0,9806.0,14739.0,41996.0,18459.0,8232.0,12282.0,34804.0,14012.0,61042.0,10967.0,19809.0,2141.0,14693.0,15664.0,8905.0,14209.0,13158.0,25777.0,6330.0,26147.0,61738.0,8078.0,13838.0,33650.0,13747.0,12904.0,9838.0,13364.0,6668.0,22685.0,,,,,12107.0,33555.0,9551.0,3655.0,29450.0,27800.0,16713.0,10395.0,66802.0,16979.0,13362.0,7086.0,16845.0,17627.0,6492.0,9254.0,12706.0,7328.0,33446.0,71844.0,47931.0,57068.0,58710.0
2022-02-10,12526.0,27102.0,29474.0,7685.0,9925.0,15819.0,42730.0,18583.0,8990.0,13768.0,37461.0,14983.0,66340.0,12334.0,21185.0,2458.0,16340.0,15859.0,9667.0,15591.0,13730.0,27721.0,6535.0,28201.0,60414.0,8608.0,14617.0,36219.0,2587.0,36539.0,5903.0,2825.0,,,,,,,12578.0,35048.0,9601.0,3727.0,30560.0,29012.0,16837.0,10486.0,72280.0,16257.0,14674.0,7531.0,17776.0,18274.0,6711.0,8458.0,13437.0,8403.0,27010.0,78218.0,49271.0,60969.0,59952.0
2022-02-11,11588.0,25232.0,33410.0,6168.0,9388.0,14035.0,43885.0,16215.0,6919.0,12631.0,23746.0,15169.0,58372.0,8828.0,13910.0,2233.0,15658.0,15638.0,7769.0,11287.0,12463.0,19383.0,5927.0,24048.0,63031.0,8610.0,12035.0,37095.0,3188.0,32417.0,14824.0,14414.0,5339.0,10767.0,13765.0,7714.0,2526.0,25056.0,13319.0,30706.0,9688.0,3795.0,36344.0,30424.0,15915.0,7766.0,67433.0,13946.0,11112.0,5258.0,17467.0,17630.0,4420.0,9259.0,11012.0,6804.0,32491.0,67334.0,39593.0,57658.0,64401.0
2022-02-14,9325.0,24753.0,27071.0,5705.0,8470.0,12301.0,38066.0,14432.0,6814.0,12182.0,26462.0,12368.0,53640.0,10084.0,14042.0,2175.0,17675.0,14315.0,7639.0,11293.0,9954.0,18792.0,5639.0,23291.0,61089.0,7700.0,12106.0,36039.0,3040.0,35995.0,14375.0,15689.0,5159.0,10330.0,11962.0,7947.0,2482.0,25504.0,14972.0,30029.0,9677.0,4242.0,38436.0,32148.0,15138.0,7938.0,59854.0,18113.0,11775.0,5538.0,17579.0,17587.0,4938.0,8085.0,11384.0,6132.0,28233.0,64151.0,41521.0,54494.0,65734.0
2022-02-15,10303.0,27062.0,29683.0,6907.0,9921.0,14578.0,41412.0,16619.0,8390.0,12786.0,33725.0,13336.0,60195.0,11453.0,18827.0,2222.0,18662.0,14810.0,9302.0,13980.0,11282.0,24375.0,6556.0,26292.0,64293.0,8194.0,13764.0,35892.0,3253.0,34125.0,14925.0,15031.0,5716.0,10059.0,12387.0,7422.0,2624.0,27359.0,14307.0,32321.0,10114.0,3839.0,34629.0,30789.0,15123.0,9537.0,67795.0,18043.0,13931.0,6983.0,17930.0,18331.0,6076.0,9107.0,12669.0,7155.0,30601.0,71888.0,44521.0,59579.0,61792.0
2022-02-16,10308.0,26804.0,31958.0,6681.0,10134.0,14668.0,44260.0,16994.0,8539.0,12868.0,35600.0,13857.0,64560.0,12048.0,18925.0,2257.0,18755.0,15129.0,8692.0,14865.0,11962.0,25213.0,6405.0,26869.0,68828.0,7933.0,14412.0,39081.0,3154.0,35532.0,15617.0,15410.0,5807.0,10618.0,12861.0,7970.0,2732.0,28753.0,16342.0,34422.0,10408.0,4305.0,40285.0,33493.0,15867.0,9766.0,71473.0,18440.0,15109.0,7004.0,20130.0,21033.0,6376.0,8902.0,13242.0,7461.0,31766.0,75956.0,44898.0,60718.0,63416.0
2022-02-17,10871.0,28019.0,34542.0,7533.0,9596.0,15921.0,49399.0,17782.0,8770.0,14091.0,36898.0,14374.0,69117.0,13395.0,19496.0,2411.0,20776.0,15096.0,9268.0,15087.0,12948.0,25437.0,6316.0,28853.0,69637.0,8175.0,14938.0,41699.0,3317.0,38015.0,16642.0,16765.0,6308.0,11241.0,13751.0,8540.0,2720.0,28712.0,17899.0,35961.0,10883.0,5105.0,42317.0,35850.0,16395.0,10386.0,76777.0,20570.0,14360.0,7418.0,21084.0,22400.0,6690.0,9400.0,13788.0,7995.0,32953.0,81777.0,47761.0,66370.0,65429.0
2022-02-18,7947.0,16821.0,11948.0,2307.0,4278.0,10022.0,19812.0,11696.0,4159.0,9682.0,19793.0,12461.0,41596.0,7479.0,8465.0,1556.0,13459.0,10973.0,4235.0,8690.0,5663.0,7056.0,3990.0,17315.0,42851.0,6266.0,9454.0,27822.0,2216.0,23933.0,12536.0,12929.0,4698.0,8499.0,11178.0,7243.0,1915.0,16904.0,10286.0,24129.0,6127.0,3437.0,26800.0,22983.0,10166.0,5526.0,50462.0,12467.0,7810.0,4619.0,11149.0,12794.0,3096.0,7045.0,8366.0,4568.0,20230.0,40271.0,27317.0,45465.0,46815.0
2022-02-21,8991.0,24004.0,27037.0,5477.0,8901.0,11949.0,34920.0,14637.0,6488.0,11310.0,22574.0,12951.0,46358.0,9246.0,14018.0,1996.0,15703.0,14897.0,7363.0,11320.0,10654.0,16018.0,4753.0,21241.0,56345.0,7450.0,11417.0,29807.0,3215.0,28511.0,14499.0,14008.0,4757.0,9501.0,12204.0,6920.0,2307.0,23315.0,11307.0,28803.0,9395.0,3899.0,28277.0,25786.0,14483.0,9195.0,64022.0,18392.0,,,,,,,,,,,36465.0,44127.0,53353.0
2022-02-22,10290.0,29438.0,31717.0,7545.0,11621.0,15270.0,49249.0,18508.0,8837.0,13672.0,38111.0,14026.0,63494.0,13003.0,20831.0,2511.0,19039.0,16257.0,9251.0,15331.0,13701.0,25743.0,6688.0,26441.0,70806.0,8378.0,14933.0,36497.0,3762.0,35666.0,16429.0,16283.0,6325.0,11307.0,14243.0,7754.0,2943.0,26569.0,14061.0,37270.0,11021.0,4547.0,33546.0,32242.0,17113.0,11800.0,76527.0,22212.0,14320.0,7618.0,18598.0,20403.0,7295.0,10005.0,14127.0,6832.0,31820.0,77778.0,48972.0,56460.0,59675.0
2022-02-23,11177.0,30078.0,34988.0,7940.0,12340.0,16708.0,52545.0,19485.0,9811.0,14181.0,39678.0,14766.0,68109.0,13514.0,21690.0,2564.0,20143.0,16353.0,9715.0,15446.0,14808.0,27406.0,7014.0,29379.0,74343.0,9410.0,15701.0,39723.0,4015.0,37254.0,17472.0,16710.0,6893.0,12143.0,15573.0,8437.0,3050.0,29729.0,16053.0,39877.0,11698.0,4687.0,39737.0,36164.0,17695.0,12488.0,81663.0,23648.0,14825.0,7829.0,21958.0,21951.0,7233.0,10336.0,14830.0,7045.0,33429.0,84094.0,50797.0,60256.0,61278.0
2022-02-24,12964.0,31183.0,37482.0,8303.0,13281.0,18115.0,55653.0,20028.0,9972.0,15460.0,42150.0,15555.0,74358.0,13230.0,23189.0,2596.0,21585.0,16562.0,10759.0,16779.0,15079.0,29540.0,7601.0,30816.0,78737.0,10320.0,16668.0,41530.0,3983.0,38316.0,18253.0,17915.0,7215.0,12218.0,15695.0,9027.0,3098.0,31241.0,17442.0,39108.0,11881.0,4595.0,41842.0,38377.0,18581.0,13069.0,87466.0,24619.0,16022.0,8066.0,23290.0,22496.0,7670.0,11521.0,15655.0,7833.0,36139.0,91695.0,52691.0,64701.0,62546.0
2022-02-25,12147.0,29860.0,39135.0,6875.0,12121.0,15360.0,54111.0,17470.0,7869.0,14743.0,29049.0,16388.0,64775.0,10992.0,15456.0,2460.0,20795.0,16278.0,8734.0,12039.0,13838.0,21004.0,6362.0,26150.0,72541.0,10038.0,13416.0,45171.0,4425.0,37907.0,17978.0,19315.0,7017.0,12503.0,16170.0,9534.0,3104.0,29921.0,18208.0,36746.0,11154.0,5168.0,45579.0,40031.0,17820.0,10967.0,82026.0,25289.0,12465.0,5678.0,22447.0,23774.0,5482.0,9554.0,13517.0,6706.0,33944.0,78887.0,43026.0,61046.0,68093.0
2022-02-28,8675.0,25465.0,28071.0,6161.0,9424.0,12543.0,43820.0,15895.0,7531.0,11702.0,29342.0,12742.0,53048.0,9350.0,16075.0,2021.0,15242.0,15561.0,7445.0,12329.0,11623.0,20251.0,5447.0,22732.0,56370.0,8027.0,12087.0,31355.0,3339.0,31613.0,14366.0,13706.0,5318.0,10099.0,12935.0,7722.0,2667.0,21561.0,11133.0,29606.0,9140.0,3863.0,26450.0,25823.0,15550.0,9985.0,65243.0,17879.0,11632.0,5947.0,16229.0,15678.0,5498.0,8856.0,11650.0,6251.0,28366.0,64569.0,42901.0,49167.0,60627.0
2022-03-01,79.0,4.0,2.0,,,,,,4038.0,2.0,40.0,8119.0,3.0,5974.0,,,,,1.0,14261.0,1.0,12.0,8.0,,,,,,1.0,,289.0,,,,,,,,2.0,97.0,922.0,1.0,3.0,2.0,4.0,,,,2.0,70.0,,,,,,,,,1.0,16.0,49748.0
2022-03-02,8949.0,24666.0,31318.0,6212.0,10370.0,14132.0,39358.0,18581.0,7604.0,11241.0,38020.0,12826.0,60549.0,9934.0,18739.0,4069.0,13966.0,13760.0,7462.0,15112.0,11197.0,24744.0,6017.0,27151.0,63211.0,7329.0,14650.0,35274.0,2360.0,32590.0,13151.0,13388.0,3603.0,11858.0,13750.0,8135.0,2504.0,21196.0,11344.0,34245.0,7783.0,3554.0,29908.0,27992.0,13386.0,9080.0,69866.0,17349.0,10848.0,5480.0,17102.0,17090.0,5556.0,9366.0,11359.0,5861.0,29552.0,67311.0,37670.0,45535.0,65790.0
2022-03-03,3.0,21.0,5.0,15.0,,,,,2.0,2616.0,1.0,3.0,8152.0,3.0,4835.0,,,,13538.0,1.0,2.0,1.0,7.0,,,,,,1.0,,2.0,,,,,,,,56.0,607.0,3.0,108.0,1.0,2.0,,,,,1.0,,76.0,,,,,,,,3.0,48330.0,
2022-03-04,11754.0,24589.0,34883.0,5703.0,10465.0,14071.0,45142.0,17030.0,6712.0,13144.0,27169.0,14308.0,58507.0,8741.0,14012.0,2572.0,15244.0,14540.0,7594.0,12076.0,11764.0,19376.0,5915.0,25474.0,68203.0,9295.0,12401.0,40893.0,3066.0,33558.0,15173.0,15311.0,5813.0,11272.0,14571.0,8512.0,2509.0,23698.0,32718.0,3658.0,8580.0,74816.0,,,,,,,9825.0,4597.0,18432.0,17454.0,4539.0,9605.0,10900.0,6571.0,32611.0,66232.0,35262.0,48227.0,69221.0
2022-03-07,9018.0,25495.0,29428.0,6463.0,9448.0,12379.0,42777.0,16785.0,9139.0,9575.0,29168.0,12763.0,55968.0,8947.0,16711.0,2576.0,15651.0,16894.0,7850.0,12475.0,12965.0,20996.0,5782.0,23674.0,55296.0,8960.0,11983.0,31018.0,3077.0,31505.0,14067.0,13421.0,5282.0,10235.0,12647.0,7366.0,2624.0,21076.0,10216.0,30045.0,9176.0,3791.0,26660.0,25402.0,14686.0,9988.0,65926.0,18276.0,11342.0,5842.0,15438.0,14996.0,5304.0,9048.0,11568.0,6724.0,28920.0,63379.0,42908.0,47562.0,61146.0
2022-03-08,10721.0,28510.0,31729.0,8036.0,10706.0,15565.0,46924.0,19635.0,11853.0,11023.0,41839.0,14075.0,66284.0,12089.0,22602.0,3381.0,18691.0,17516.0,9585.0,15814.0,14774.0,27698.0,7118.0,29648.0,67237.0,9248.0,15231.0,36029.0,3178.0,35099.0,14916.0,14062.0,6164.0,11065.0,13872.0,7641.0,3019.0,22187.0,11914.0,36164.0,10137.0,4287.0,30390.0,29135.0,16657.0,12004.0,75465.0,20696.0,14166.0,7545.0,18042.0,18992.0,7155.0,10129.0,13825.0,8415.0,31998.0,78702.0,51746.0,56557.0,65445.0
2022-03-09,11472.0,28110.0,31065.0,8153.0,10272.0,15778.0,48922.0,19332.0,11986.0,11526.0,41896.0,14742.0,70495.0,12195.0,22554.0,3258.0,18206.0,17331.0,10098.0,13463.0,16378.0,28590.0,7204.0,30777.0,57806.0,8965.0,15854.0,39253.0,3325.0,38990.0,15530.0,14589.0,6381.0,11182.0,14172.0,7897.0,3118.0,25007.0,12876.0,37463.0,10727.0,4376.0,33499.0,32061.0,17223.0,12565.0,78469.0,20756.0,14518.0,8156.0,18814.0,20294.0,6953.0,9855.0,14288.0,7865.0,31756.0,81041.0,52036.0,57955.0,64391.0
2022-03-10,11677.0,28761.0,34546.0,8534.0,11046.0,17245.0,51284.0,19683.0,12620.0,11605.0,42870.0,14806.0,74708.0,13075.0,24195.0,16756.0,,,10253.0,16320.0,15860.0,30100.0,7080.0,29911.0,15473.0,38859.0,,,3612.0,37828.0,16917.0,14939.0,6424.0,11355.0,14366.0,8059.0,3111.0,25690.0,14111.0,37303.0,11005.0,4599.0,34280.0,32742.0,18486.0,12353.0,81603.0,20519.0,15184.0,8069.0,19521.0,21657.0,7243.0,10377.0,14935.0,8911.0,33478.0,85306.0,52567.0,60127.0,65098.0
2022-03-11,11726.0,26587.0,37540.0,6750.0,10797.0,14580.0,50503.0,17770.0,3066.0,18233.0,,,,,,,,,68240.0,10435.0,,,,,,,,,4202.0,35058.0,17296.0,16672.0,6185.0,11265.0,14741.0,8685.0,2765.0,26546.0,15552.0,33492.0,10619.0,4164.0,39971.0,35396.0,17875.0,10169.0,79297.0,17873.0,11546.0,5878.0,19245.0,19661.0,4893.0,9808.0,12729.0,7476.0,32377.0,73765.0,41543.0,55778.0,68294.0
2022-03-14,9250.0,25452.0,28435.0,6510.0,8980.0,12121.0,41280.0,16901.0,9246.0,10820.0,29520.0,12815.0,54123.0,9684.0,16627.0,2920.0,16893.0,16474.0,8467.0,11965.0,12776.0,20905.0,5525.0,24368.0,54442.0,9163.0,12662.0,31374.0,3596.0,31326.0,15187.0,13877.0,5465.0,10437.0,12801.0,7587.0,2652.0,21130.0,9073.0,30108.0,9389.0,4056.0,27987.0,26051.0,14919.0,10408.0,66077.0,19315.0,11468.0,5768.0,15646.0,15992.0,5385.0,8909.0,11450.0,6856.0,28441.0,63212.0,43383.0,48945.0,60970.0
2022-03-15,11411.0,28194.0,30994.0,7730.0,10439.0,15080.0,48508.0,19183.0,9887.0,13041.0,41576.0,14135.0,65246.0,12538.0,22218.0,4001.0,19699.0,16947.0,10145.0,15146.0,14907.0,27144.0,6779.0,28342.0,62930.0,9530.0,15117.0,35394.0,3415.0,34472.0,15628.0,14204.0,6085.0,11311.0,14063.0,7743.0,2989.0,22613.0,11214.0,35080.0,10523.0,4408.0,29571.0,28681.0,16518.0,12017.0,76062.0,20700.0,14358.0,7584.0,17469.0,19027.0,7086.0,9816.0,13240.0,8094.0,30491.0,78137.0,48379.0,54444.0,64345.0
2022-03-16,12647.0,28168.0,36769.0,8510.0,11271.0,16445.0,52284.0,19444.0,10162.0,13927.0,42368.0,14870.0,69256.0,13950.0,23263.0,3502.0,18954.0,16003.0,10496.0,16399.0,15949.0,28386.0,7850.0,30676.0,55313.0,10852.0,15657.0,41291.0,3710.0,37123.0,16331.0,15287.0,6454.0,11675.0,14204.0,8221.0,3343.0,28040.0,14215.0,36704.0,11173.0,4280.0,35638.0,33482.0,16897.0,12981.0,81414.0,20010.0,14785.0,8002.0,19633.0,19847.0,7494.0,10369.0,13525.0,8301.0,33790.0,85679.0,45341.0,53292.0,62991.0
2022-03-17,11981.0,29293.0,34353.0,8522.0,11085.0,17529.0,53236.0,19848.0,10121.0,15010.0,42494.0,15299.0,74410.0,12942.0,22856.0,2982.0,20449.0,16421.0,10391.0,16381.0,14935.0,29492.0,7289.0,31508.0,64818.0,10747.0,16520.0,43024.0,3845.0,39689.0,16528.0,15557.0,7355.0,12185.0,15261.0,8777.0,3296.0,25848.0,14377.0,37163.0,11559.0,4796.0,38516.0,35588.0,17708.0,12769.0,82603.0,21523.0,15068.0,8038.0,20090.0,22748.0,6924.0,10524.0,14967.0,8849.0,33284.0,86524.0,52580.0,63038.0,82918.0
2022-03-18,11027.0,27097.0,35679.0,7271.0,10087.0,14614.0,51828.0,17217.0,8020.0,14609.0,27173.0,15418.0,64319.0,10020.0,14717.0,2459.0,19328.0,15982.0,8007.0,11443.0,13527.0,20057.0,6146.0,25856.0,58506.0,10356.0,12911.0,41649.0,4282.0,37664.0,16662.0,16694.0,5432.0,12882.0,15590.0,9399.0,3019.0,26987.0,14994.0,34481.0,11018.0,5265.0,41431.0,36945.0,17109.0,10375.0,78962.0,20768.0,11405.0,5677.0,19946.0,22158.0,4843.0,9476.0,12119.0,6918.0,31842.0,71790.0,41120.0,55589.0,67943.0
2022-03-21,9498.0,24894.0,29107.0,6661.0,8743.0,12146.0,43125.0,15480.0,7568.0,11348.0,28994.0,12576.0,53079.0,9455.0,16190.0,2742.0,16553.0,15458.0,8352.0,11921.0,11971.0,20530.0,5301.0,23066.0,49697.0,7737.0,12227.0,31367.0,3295.0,,,,,,,,,,9656.0,29852.0,9580.0,4273.0,25840.0,25426.0,14753.0,10053.0,64835.0,18447.0,11215.0,5916.0,5642.0,8434.0,11251.0,7024.0,27618.0,,,,41216.0,48918.0,60332.0
2022-03-22,11992.0,28714.0,31875.0,8076.0,10087.0,14903.0,48504.0,17964.0,9455.0,13090.0,38853.0,14309.0,64056.0,12089.0,21703.0,3602.0,19012.0,16549.0,10131.0,15206.0,14042.0,27954.0,6396.0,27785.0,63410.0,8775.0,15173.0,34810.0,34969.0,15738.0,14416.0,6740.0,11707.0,14041.0,8206.0,3088.0,23435.0,,12287.0,36090.0,11138.0,4915.0,30049.0,28612.0,16712.0,11961.0,74770.0,21227.0,14112.0,7453.0,17466.0,19843.0,7186.0,9485.0,13525.0,8149.0,31371.0,77641.0,49820.0,58780.0,64854.0
2022-03-23,11777.0,29083.0,34011.0,7962.0,10567.0,15573.0,51524.0,18918.0,9735.0,13991.0,41920.0,15371.0,69008.0,13299.0,22485.0,4332.0,19783.0,16621.0,9990.0,15315.0,14456.0,28170.0,6608.0,29465.0,67895.0,9172.0,16015.0,37361.0,3708.0,36473.0,16488.0,15127.0,7041.0,12674.0,14772.0,9108.0,3155.0,25091.0,13675.0,37390.0,11345.0,5041.0,34344.0,31511.0,17734.0,12656.0,78933.0,22222.0,14595.0,7737.0,18905.0,21578.0,7460.0,9595.0,14126.0,8309.0,32700.0,83586.0,50646.0,57681.0,65364.0
2022-03-24,12018.0,30598.0,34888.0,8668.0,11322.0,17391.0,52900.0,19138.0,10685.0,14409.0,41659.0,14906.0,73826.0,13384.0,23017.0,3984.0,20411.0,16423.0,10706.0,16227.0,14451.0,29639.0,7006.0,31177.0,72291.0,9682.0,16611.0,39791.0,3810.0,37302.0,16899.0,15760.0,7448.0,12682.0,14935.0,9181.0,3326.0,25355.0,14815.0,37916.0,11544.0,5159.0,36201.0,33316.0,17968.0,12500.0,82949.0,21421.0,15595.0,8127.0,19934.0,22739.0,7580.0,10002.0,14882.0,8953.0,34286.0,87274.0,52949.0,62292.0,66881.0
2022-03-25,11863.0,27930.0,36835.0,5988.0,10463.0,14874.0,51971.0,17290.0,10801.0,7557.0,31135.0,16185.0,67359.0,9554.0,15757.0,3732.0,15664.0,14842.0,8179.0,11386.0,12043.0,19736.0,5978.0,26987.0,62434.0,10143.0,15532.0,43982.0,3715.0,38060.0,20961.0,18860.0,7813.0,13442.0,16618.0,10046.0,3549.0,20036.0,16447.0,35953.0,10558.0,5832.0,41163.0,36663.0,12882.0,7357.0,79526.0,21085.0,9571.0,4416.0,19279.0,20018.0,2752.0,9567.0,12829.0,5051.0,33738.0,78151.0,42074.0,61071.0,72212.0
2022-03-28,9060.0,25078.0,29560.0,6290.0,9188.0,11949.0,44032.0,14679.0,7794.0,11577.0,28543.0,12411.0,53615.0,9030.0,16184.0,2174.0,15943.0,15544.0,8015.0,11381.0,11457.0,19928.0,5005.0,22264.0,54994.0,7626.0,12227.0,30833.0,3157.0,31080.0,13951.0,14075.0,5755.0,10580.0,12711.0,7894.0,2676.0,19224.0,10256.0,29972.0,8993.0,4327.0,26762.0,25613.0,14549.0,9312.0,65595.0,18792.0,11314.0,5508.0,15251.0,15707.0,5153.0,8449.0,11031.0,6021.0,27499.0,63532.0,40359.0,48416.0,60151.0
2022-03-29,11189.0,29720.0,31958.0,8170.0,11882.0,15052.0,49652.0,17550.0,9813.0,13361.0,38697.0,14088.0,65568.0,11303.0,22244.0,2184.0,17174.0,16909.0,9684.0,15003.0,13788.0,27606.0,6440.0,27277.0,63463.0,8489.0,14664.0,36276.0,3331.0,36019.0,14660.0,14575.0,6351.0,11256.0,13607.0,7925.0,3089.0,21274.0,12234.0,34691.0,10271.0,4163.0,30092.0,29439.0,15561.0,11459.0,76884.0,20845.0,13664.0,7390.0,18050.0,19273.0,7018.0,9763.0,13334.0,7451.0,31443.0,81153.0,50031.0,59640.0,64380.0
2022-03-30,10799.0,26877.0,33187.0,7722.0,10659.0,15405.0,50670.0,17753.0,9512.0,13959.0,39484.0,14436.0,67432.0,12348.0,21397.0,3283.0,17583.0,16266.0,9208.0,15642.0,13486.0,27698.0,6563.0,28182.0,69300.0,8312.0,15470.0,37998.0,3447.0,35822.0,15711.0,14764.0,6299.0,11278.0,14014.0,8304.0,2957.0,26248.0,13412.0,35865.0,10769.0,4446.0,34082.0,32334.0,16650.0,11875.0,79984.0,20114.0,14379.0,7404.0,18710.0,19873.0,7394.0,9786.0,13970.0,7606.0,32651.0,79856.0,45862.0,58497.0,64213.0
2022-03-31,11607.0,27832.0,35680.0,8307.0,11323.0,17205.0,52545.0,18388.0,9896.0,15023.0,42481.0,14940.0,75303.0,12807.0,23002.0,2511.0,18417.0,16417.0,9625.0,16923.0,13748.0,30102.0,6907.0,29275.0,74105.0,9127.0,15831.0,40900.0,3306.0,36985.0,15603.0,14838.0,6567.0,11524.0,14262.0,8305.0,2846.0,24192.0,15090.0,35594.0,10884.0,4138.0,36552.0,33239.0,16955.0,12192.0,84257.0,19486.0,15186.0,7769.0,19979.0,20811.0,7479.0,10306.0,14467.0,7955.0,34532.0,84851.0,49334.0,59873.0,65879.0
2022-04-01,11302.0,25836.0,35695.0,6428.0,9852.0,14415.0,50337.0,15660.0,8163.0,14587.0,26792.0,15286.0,64267.0,9583.0,14948.0,2423.0,17603.0,16026.0,7888.0,11670.0,11858.0,19887.0,5658.0,24623.0,68275.0,9037.0,12326.0,41067.0,3795.0,34500.0,15433.0,16035.0,6317.0,11892.0,14411.0,8815.0,2705.0,24662.0,15082.0,32817.0,10202.0,4508.0,40261.0,34412.0,15959.0,9522.0,78910.0,18023.0,11121.0,5476.0,19055.0,18702.0,5043.0,9361.0,12118.0,6291.0,32493.0,73084.0,40025.0,57283.0,69375.0
2022-04-04,8733.0,23536.0,30520.0,5997.0,9087.0,12237.0,43735.0,14715.0,7949.0,12003.0,28482.0,11733.0,53991.0,9329.0,16311.0,2494.0,17548.0,14065.0,7435.0,12183.0,11188.0,19772.0,5056.0,22342.0,59082.0,8163.0,12337.0,32800.0,3612.0,30549.0,14408.0,14861.0,5396.0,9999.0,11934.0,7592.0,2321.0,23211.0,12429.0,29413.0,9408.0,4002.0,29705.0,27874.0,13498.0,9149.0,70742.0,18392.0,15228.0,6080.0,16257.0,16304.0,5721.0,7797.0,11695.0,5430.0,28107.0,66040.0,39348.0,50128.0,58087.0
2022-04-05,10843.0,26950.0,31725.0,7399.0,10234.0,14812.0,47844.0,17203.0,9205.0,13303.0,38520.0,13082.0,64468.0,12211.0,21789.0,2698.0,19331.0,15074.0,8923.0,13768.0,12705.0,26826.0,6328.0,26826.0,69121.0,8732.0,15026.0,37814.0,3666.0,34542.0,15141.0,15372.0,6455.0,10918.0,13424.0,8144.0,2701.0,25344.0,21755.0,,,,,,,,,,14274.0,7361.0,18414.0,20396.0,7340.0,8556.0,12812.0,6495.0,31260.0,76986.0,48289.0,55132.0,62574.0
2022-04-06,11437.0,26420.0,35296.0,7293.0,11830.0,15672.0,50874.0,17487.0,9435.0,14027.0,35756.0,13869.0,70207.0,13128.0,21223.0,2600.0,20061.0,15017.0,9341.0,14779.0,13628.0,27835.0,7037.0,29003.0,70696.0,9567.0,15719.0,41079.0,3998.0,36425.0,16058.0,16150.0,6289.0,11324.0,13689.0,8666.0,2813.0,27567.0,15871.0,36575.0,11199.0,4770.0,39017.0,35484.0,16184.0,11872.0,82907.0,,15155.0,8775.0,20529.0,21326.0,7798.0,9087.0,13937.0,7175.0,31075.0,78418.0,48467.0,58872.0,62127.0
2022-04-07,11788.0,28052.0,35005.0,7728.0,11574.0,17382.0,53078.0,17637.0,10241.0,14884.0,41194.0,15108.0,75731.0,13228.0,21965.0,2833.0,20683.0,15219.0,9679.0,13996.0,13691.0,29488.0,6896.0,29858.0,74555.0,9404.0,16157.0,41793.0,3935.0,37146.0,16367.0,16557.0,7138.0,11397.0,14149.0,8859.0,2917.0,26835.0,16447.0,34831.0,11493.0,4712.0,39524.0,35472.0,16447.0,11655.0,85155.0,21092.0,15203.0,7649.0,20707.0,22263.0,7287.0,9334.0,14265.0,7120.0,33143.0,87695.0,50530.0,62556.0,80817.0
2022-04-08,10923.0,25817.0,35140.0,5956.0,9146.0,13962.0,50237.0,15060.0,8465.0,12932.0,26399.0,14292.0,64130.0,9709.0,14393.0,2454.0,19548.0,14790.0,7219.0,11090.0,11423.0,19694.0,5620.0,22962.0,68063.0,9332.0,12099.0,41247.0,4000.0,34544.0,16421.0,16426.0,6321.0,11381.0,14201.0,9222.0,2642.0,25722.0,15922.0,32864.0,10311.0,4532.0,42497.0,36527.0,15654.0,9393.0,79563.0,20353.0,10937.0,5420.0,19590.0,20381.0,4615.0,8165.0,11182.0,5408.0,31174.0,72410.0,39419.0,55381.0,64971.0
2022-04-11,8738.0,26530.0,30984.0,5954.0,9457.0,12539.0,47897.0,14690.0,7257.0,12884.0,27648.0,11866.0,56295.0,10930.0,15762.0,2860.0,22386.0,14939.0,6998.0,11448.0,11071.0,20099.0,5143.0,21560.0,63889.0,8723.0,13094.0,35355.0,4209.0,33804.0,16414.0,17815.0,6405.0,12051.0,12860.0,8435.0,2867.0,25935.0,14959.0,32508.0,10429.0,5434.0,36529.0,33795.0,14512.0,10544.0,75397.0,23445.0,12452.0,6188.0,18183.0,19579.0,5729.0,7673.0,11410.0,5530.0,26373.0,64829.0,41637.0,51459.0,61196.0
2022-04-12,10567.0,29428.0,32818.0,7068.0,10932.0,15314.0,51379.0,17340.0,8609.0,14470.0,38860.0,13433.0,65920.0,13373.0,20448.0,4819.0,24101.0,15632.0,8345.0,14523.0,12546.0,26243.0,6114.0,26423.0,75755.0,9787.0,16030.0,41130.0,4259.0,37734.0,17410.0,18787.0,7143.0,12526.0,14062.0,9407.0,3182.0,27450.0,16955.0,38411.0,11606.0,5186.0,41741.0,39060.0,16433.0,12060.0,82494.0,26062.0,14952.0,7534.0,21245.0,23036.0,7336.0,8808.0,14007.0,6518.0,31253.0,82029.0,49095.0,60255.0,64113.0
2022-04-13,10564.0,29313.0,33955.0,7243.0,11290.0,15552.0,52830.0,16596.0,8505.0,14476.0,38181.0,13963.0,69019.0,13157.0,20040.0,4799.0,23694.0,15343.0,8001.0,14302.0,12029.0,26753.0,6175.0,27983.0,63416.0,9552.0,15967.0,45517.0,4693.0,42205.0,17742.0,19040.0,7548.0,13201.0,14772.0,9837.0,3390.0,27067.0,18689.0,40184.0,11927.0,5706.0,45792.0,42080.0,16578.0,12306.0,86088.0,26477.0,14980.0,7237.0,7354.0,13767.0,6773.0,84424.0,,,,,48211.0,61692.0,65164.0
2022-04-14,10714.0,29668.0,36052.0,6783.0,11207.0,15500.0,52485.0,16173.0,8136.0,15144.0,34427.0,14292.0,70756.0,12921.0,18271.0,4261.0,25442.0,15599.0,8295.0,13035.0,11662.0,24982.0,5785.0,25914.0,77120.0,9705.0,15511.0,43561.0,4705.0,38367.0,17425.0,19525.0,7446.0,13654.0,14832.0,9929.0,3228.0,26229.0,19638.0,36507.0,11864.0,6357.0,46912.0,40767.0,16278.0,10886.0,87743.0,25658.0,22713.0,25514.0,8622.0,33139.0,,,,,,,45135.0,64320.0,67648.0
2022-04-19,9591.0,25458.0,35639.0,6142.0,10894.0,13351.0,50882.0,15531.0,7909.0,11305.0,33427.0,12736.0,58495.0,10961.0,18213.0,2577.0,19720.0,15362.0,7158.0,12899.0,12301.0,22846.0,5401.0,22822.0,64502.0,8223.0,13425.0,32934.0,4073.0,33031.0,14941.0,16323.0,5862.0,11087.0,12895.0,7536.0,2814.0,26660.0,13392.0,32688.0,10151.0,4451.0,33268.0,31786.0,14781.0,10766.0,74358.0,21812.0,13083.0,6519.0,17774.0,18774.0,6193.0,8401.0,12161.0,5586.0,29040.0,72091.0,43424.0,51992.0,61387.0
2022-04-20,11771.0,29269.0,35681.0,7314.0,12270.0,15457.0,50719.0,17982.0,8432.0,13988.0,40353.0,14225.0,69022.0,13019.0,20961.0,2959.0,22881.0,15814.0,8261.0,15047.0,13146.0,26554.0,6179.0,25928.0,76174.0,9121.0,15352.0,38564.0,4329.0,41647.0,16032.0,16316.0,7344.0,23816.0,15092.0,8879.0,3452.0,28306.0,14533.0,47615.0,11763.0,2042.0,39091.0,37457.0,18210.0,13504.0,86750.0,25622.0,15191.0,7687.0,20756.0,23732.0,7624.0,9471.0,14118.0,6274.0,32507.0,85151.0,49844.0,60171.0,63655.0
2022-04-21,12209.0,29925.0,34812.0,7650.0,12228.0,17302.0,55367.0,18760.0,9342.0,15070.0,42264.0,14428.0,74967.0,13760.0,23442.0,3482.0,24805.0,15705.0,8442.0,14989.0,13286.0,29427.0,6632.0,28679.0,73976.0,9813.0,17354.0,40638.0,4558.0,38757.0,17330.0,17798.0,7349.0,13352.0,15729.0,9521.0,3555.0,27843.0,16589.0,40295.0,12520.0,5918.0,40425.0,39695.0,19114.0,13501.0,88318.0,25751.0,16423.0,8987.0,21884.0,24946.0,8304.0,10147.0,15429.0,7398.0,34382.0,88895.0,53202.0,63791.0,64420.0
2022-04-22,11155.0,26538.0,34780.0,6026.0,10987.0,14286.0,50713.0,16399.0,5469.0,14664.0,29653.0,15190.0,62334.0,10635.0,15569.0,2688.0,22143.0,15500.0,7356.0,11227.0,11352.0,19537.0,5612.0,23854.0,71891.0,10301.0,12982.0,39297.0,4731.0,35991.0,17207.0,19602.0,6993.0,12120.0,16001.0,9659.0,3036.0,28948.0,16891.0,36014.0,11280.0,5026.0,42108.0,39880.0,18087.0,10911.0,82918.0,22760.0,12180.0,5929.0,20078.0,21521.0,5522.0,9538.0,12160.0,5878.0,32613.0,73780.0,40645.0,57222.0,63725.0
2022-04-25,8612.0,25182.0,30276.0,6083.0,9678.0,12223.0,47199.0,15813.0,8204.0,11253.0,33123.0,12652.0,55630.0,11128.0,17294.0,3045.0,17940.0,15571.0,7126.0,12526.0,11351.0,20991.0,5312.0,22529.0,60381.0,8563.0,13082.0,31199.0,3729.0,31083.0,14607.0,15335.0,5824.0,10446.0,13374.0,7578.0,2790.0,22191.0,10726.0,31793.0,9589.0,4277.0,26632.0,29674.0,14907.0,11131.0,70944.0,21692.0,12947.0,6268.0,16699.0,16854.0,6386.0,9180.0,11758.0,5744.0,28075.0,70267.0,37315.0,45758.0,62316.0
2022-04-26,10463.0,29143.0,35022.0,7800.0,11460.0,15776.0,55106.0,19241.0,8778.0,13581.0,44612.0,14092.0,69008.0,13913.0,23829.0,3299.0,19979.0,16907.0,9376.0,16803.0,14008.0,27936.0,6447.0,27298.0,71048.0,9397.0,16394.0,36550.0,4039.0,37259.0,15827.0,15383.0,7371.0,11681.0,15080.0,8118.0,3388.0,23036.0,12312.0,38931.0,11353.0,4878.0,30861.0,32787.0,18190.0,13227.0,82068.0,23783.0,16177.0,8210.0,19288.0,20934.0,8509.0,10540.0,14891.0,7516.0,34051.0,84756.0,54028.0,59921.0,66143.0
2022-04-27,10941.0,29055.0,37289.0,7772.0,11974.0,16748.0,57059.0,20053.0,9050.0,14297.0,46425.0,14499.0,73889.0,13701.0,24512.0,4059.0,21853.0,16873.0,9675.0,17165.0,14908.0,28954.0,7236.0,29304.0,65973.0,10100.0,17431.0,41065.0,4274.0,40413.0,16855.0,16214.0,7206.0,12195.0,15383.0,8674.0,3390.0,26039.0,14434.0,40502.0,11610.0,4619.0,34727.0,35984.0,18621.0,13964.0,88011.0,24405.0,16111.0,8606.0,21256.0,21998.0,8596.0,10692.0,15302.0,7909.0,34491.0,90139.0,55289.0,62682.0,65267.0
2022-04-28,12041.0,30698.0,38810.0,7861.0,13056.0,18336.0,56820.0,19951.0,9643.0,14345.0,48436.0,15490.0,79815.0,14238.0,25641.0,3279.0,22890.0,16843.0,9771.0,18085.0,15085.0,32308.0,7284.0,30426.0,77095.0,10213.0,18261.0,41670.0,38916.0,17403.0,16246.0,8210.0,12678.0,9084.0,3428.0,,,,14770.0,40677.0,11923.0,5012.0,35979.0,36341.0,18426.0,13859.0,88595.0,23155.0,16388.0,8486.0,21695.0,22715.0,8704.0,10848.0,15792.0,8065.0,37219.0,94544.0,56875.0,66955.0,86733.0
2022-04-29,11434.0,27522.0,36429.0,6090.0,10982.0,14683.0,54330.0,16925.0,7429.0,14175.0,28581.0,15283.0,64613.0,10501.0,15616.0,2818.0,20824.0,17188.0,7278.0,12408.0,12238.0,20968.0,5484.0,24507.0,71559.0,10112.0,13529.0,41235.0,4693.0,6804.0,12217.0,15629.0,26457.0,,,,,,12966.0,35028.0,11409.0,4798.0,42243.0,37680.0,17892.0,11037.0,84535.0,20833.0,12373.0,5999.0,21184.0,20817.0,5163.0,9936.0,12778.0,6148.0,33590.0,75924.0,42381.0,58868.0,70116.0
2022-05-03,9708.0,28781.0,35350.0,7517.0,10999.0,14484.0,53402.0,18361.0,8914.0,12229.0,39911.0,13504.0,65085.0,11993.0,22061.0,3771.0,19894.0,15531.0,8610.0,15000.0,14337.0,26738.0,6509.0,26259.0,68181.0,9355.0,14849.0,37452.0,3929.0,36259.0,15747.0,15785.0,6786.0,11611.0,14251.0,8241.0,2923.0,25074.0,12410.0,36735.0,10478.0,4679.0,32505.0,30996.0,16997.0,12517.0,80184.0,21575.0,13777.0,7349.0,18644.0,18839.0,7353.0,9843.0,13849.0,6911.0,31559.0,81513.0,51823.0,58347.0,65097.0
2022-05-04,11771.0,28609.0,34605.0,8274.0,12014.0,16718.0,56950.0,19624.0,9947.0,14807.0,45497.0,14741.0,74394.0,13924.0,24675.0,3845.0,21424.0,16414.0,10142.0,17501.0,14873.0,30539.0,7498.0,29661.0,73469.0,10299.0,17344.0,41046.0,4277.0,38849.0,17400.0,17231.0,7259.0,12192.0,15084.0,8860.0,3332.0,28508.0,15037.0,40416.0,11727.0,5218.0,35710.0,36635.0,18926.0,14912.0,86131.0,23393.0,16429.0,8385.0,21481.0,21684.0,8604.0,10627.0,15401.0,7700.0,33865.0,88885.0,55710.0,63069.0,65776.0
2022-05-05,11798.0,30802.0,35942.0,8495.0,12072.0,18354.0,58049.0,20259.0,10561.0,15334.0,47450.0,15189.0,79251.0,13837.0,25927.0,4182.0,23256.0,16680.0,10287.0,17518.0,15160.0,32739.0,7237.0,30977.0,77522.0,10377.0,17858.0,42886.0,4424.0,40276.0,18164.0,17947.0,7990.0,13080.0,16076.0,9585.0,3294.0,27465.0,15144.0,40849.0,11565.0,38704.0,37082.0,18952.0,14174.0,89157.0,24012.0,,16561.0,8612.0,22306.0,22891.0,8734.0,10608.0,15537.0,7665.0,37441.0,93904.0,58376.0,66817.0,70721.0
2022-05-06,11291.0,27290.0,34271.0,6954.0,10336.0,14947.0,53661.0,17291.0,7684.0,13772.0,28795.0,15534.0,65046.0,9364.0,16434.0,3251.0,20838.0,16003.0,8038.0,12165.0,12429.0,21349.0,5946.0,24720.0,70750.0,10512.0,13404.0,42395.0,4668.0,36370.0,17326.0,17967.0,7404.0,12835.0,16239.0,10023.0,3003.0,27230.0,6515.0,,,,,,,,,,11962.0,6409.0,20233.0,21297.0,5550.0,9516.0,12750.0,6166.0,34416.0,75895.0,44173.0,59989.0,69564.0
2022-05-09,9227.0,25566.0,29843.0,6700.0,9391.0,12763.0,48221.0,16367.0,8152.0,11493.0,32367.0,13022.0,57678.0,9945.0,18234.0,3482.0,17833.0,15863.0,8097.0,12692.0,12351.0,22236.0,5323.0,23002.0,59315.0,9047.0,13301.0,32810.0,3947.0,33029.0,15312.0,15093.0,6291.0,11317.0,13447.0,7979.0,2829.0,22663.0,10786.0,32964.0,9889.0,5527.0,27677.0,27505.0,15630.0,10848.0,72704.0,18815.0,12394.0,6323.0,16862.0,18087.0,6300.0,9150.0,12420.0,5909.0,29358.0,70061.0,45799.0,50802.0,62290.0
2022-05-10,11242.0,29140.0,34495.0,8266.0,11710.0,15891.0,51150.0,19566.0,10055.0,13932.0,45049.0,14800.0,72488.0,13240.0,25099.0,4095.0,19884.0,17140.0,10088.0,17132.0,14493.0,30212.0,6791.0,28999.0,72211.0,9661.0,16932.0,38780.0,4120.0,38210.0,16421.0,16192.0,7282.0,12492.0,14785.0,8530.0,3124.0,24566.0,12516.0,39466.0,11381.0,5147.0,32100.0,32216.0,18128.0,14666.0,84773.0,24433.0,16211.0,20383.0,21486.0,8141.0,15051.0,7481.0,34477.0,87115.0,,,56476.0,61228.0,67402.0
2022-05-11,12362.0,29037.0,38470.0,8533.0,12792.0,16838.0,55563.0,20748.0,11061.0,14947.0,50439.0,15255.0,77127.0,15844.0,25438.0,5609.0,23274.0,16760.0,10435.0,17855.0,16018.0,31909.0,7477.0,31040.0,73214.0,10805.0,17915.0,41783.0,4306.0,39744.0,17051.0,17066.0,7497.0,13041.0,15385.0,8815.0,3385.0,27698.0,15344.0,41220.0,12335.0,5439.0,35843.0,36208.0,18988.0,15715.0,91213.0,24844.0,16995.0,9022.0,8645.0,11072.0,8759.0,,,,,,52452.0,61844.0,66490.0
2022-05-12,12399.0,31536.0,39232.0,8806.0,12455.0,17863.0,59574.0,20535.0,12243.0,15216.0,49458.0,15716.0,82451.0,14462.0,26059.0,4527.0,22546.0,16925.0,9904.0,18354.0,15138.0,32918.0,7181.0,32086.0,77851.0,10403.0,18470.0,42848.0,4147.0,40754.0,17900.0,17082.0,8325.0,13279.0,15872.0,9361.0,3548.0,25706.0,15495.0,41444.0,12085.0,5190.0,37902.0,35987.0,19452.0,14753.0,93516.0,24844.0,8468.0,22342.0,23407.0,10946.0,16218.0,38356.0,95952.0,,,,59312.0,67032.0,70671.0
2022-05-13,11034.0,28519.0,36027.0,6706.0,10620.0,14196.0,53786.0,17482.0,7970.0,14295.0,28872.0,15761.0,65719.0,10378.0,15957.0,3379.0,21018.0,16119.0,7862.0,12031.0,13229.0,21889.0,4902.0,25694.0,71277.0,10786.0,13242.0,41976.0,4702.0,36493.0,17535.0,17313.0,7236.0,13067.0,16137.0,9721.0,3105.0,26094.0,15986.0,36536.0,11929.0,5477.0,39421.0,36814.0,18378.0,11539.0,84413.0,22409.0,12890.0,6177.0,20890.0,22541.0,5462.0,9910.0,12315.0,6483.0,35619.0,77463.0,44598.0,60352.0,69800.0
2022-05-16,10818.0,25813.0,32817.0,6717.0,9820.0,16057.0,50237.0,16617.0,7945.0,12227.0,34258.0,13607.0,56787.0,11188.0,19889.0,2889.0,18364.0,16216.0,7854.0,12804.0,12502.0,22363.0,4857.0,23239.0,60495.0,9653.0,13305.0,33066.0,4142.0,33935.0,15991.0,15856.0,6397.0,11338.0,13683.0,8098.0,2769.0,23651.0,11875.0,34560.0,10839.0,6806.0,27661.0,28396.0,16586.0,12232.0,75144.0,23028.0,12435.0,6002.0,15761.0,17298.0,5563.0,7645.0,12150.0,6013.0,29889.0,65887.0,44926.0,59734.0,62168.0
2022-05-17,14285.0,31349.0,37038.0,8526.0,11753.0,21216.0,57635.0,20208.0,9844.0,15090.0,50225.0,15173.0,71735.0,14382.0,27670.0,4303.0,21352.0,18103.0,9677.0,18441.0,14367.0,31036.0,6098.0,24419.0,71079.0,10822.0,17165.0,39552.0,4636.0,38579.0,17160.0,16559.0,8829.0,13096.0,16216.0,7226.0,3495.0,24763.0,14210.0,40800.0,12503.0,5738.0,32118.0,33058.0,17946.0,14259.0,85109.0,26478.0,15175.0,7501.0,18969.0,22562.0,7448.0,8275.0,14486.0,7676.0,34927.0,78620.0,53535.0,70218.0,67922.0
2022-05-18,15196.0,31936.0,38354.0,8495.0,12445.0,22526.0,59220.0,20053.0,10092.0,14463.0,49259.0,15701.0,75339.0,14284.0,27533.0,4252.0,20449.0,16852.0,9446.0,17083.0,15255.0,31691.0,6728.0,29642.0,74818.0,10354.0,16771.0,40938.0,4635.0,39908.0,17540.0,16776.0,8249.0,13262.0,15856.0,9050.0,3411.0,26488.0,14421.0,41364.0,12653.0,6069.0,35092.0,36596.0,19178.0,15066.0,87659.0,26730.0,15665.0,7591.0,20113.0,23131.0,7454.0,10381.0,14931.0,7619.0,34906.0,83329.0,56981.0,75039.0,68252.0
2022-05-19,15293.0,31526.0,39573.0,9178.0,12336.0,24497.0,62454.0,20422.0,15102.0,51174.0,15922.0,80244.0,14954.0,28882.0,4241.0,17017.0,,,9522.0,17452.0,15066.0,34377.0,6724.0,30511.0,77908.0,17422.0,42143.0,,4640.0,40620.0,18366.0,17152.0,8625.0,13315.0,16254.0,9425.0,3525.0,26928.0,15119.0,42982.0,12834.0,5551.0,37763.0,37517.0,19601.0,15119.0,94095.0,25908.0,17448.0,8429.0,20879.0,25036.0,7828.0,11096.0,15653.0,8214.0,37049.0,86899.0,57856.0,82366.0,69523.0
2022-05-20,14457.0,27623.0,39331.0,6878.0,10961.0,20447.0,56264.0,17133.0,7731.0,14347.0,2784.0,20308.0,,,,,,,11887.0,,,,,,,,,,5037.0,37017.0,18232.0,18574.0,7095.0,12719.0,16052.0,9835.0,2916.0,28974.0,15315.0,37329.0,12516.0,6821.0,42897.0,38391.0,17724.0,12366.0,85703.0,22876.0,12010.0,5389.0,23524.0,21699.0,4915.0,10412.0,12642.0,6533.0,34130.0,70637.0,42158.0,70581.0,69109.0
2022-05-23,11646.0,25372.0,33670.0,6777.0,9772.0,17271.0,50988.0,16590.0,8374.0,12403.0,34124.0,13701.0,58262.0,10792.0,20889.0,2830.0,18300.0,16063.0,7464.0,12829.0,12328.0,23293.0,5387.0,23214.0,61550.0,9617.0,13273.0,34060.0,4386.0,34771.0,16646.0,16310.0,6584.0,11283.0,13748.0,8120.0,2905.0,25627.0,11477.0,33483.0,10477.0,4527.0,29037.0,30102.0,19357.0,12105.0,71846.0,22991.0,12892.0,5777.0,16343.0,17744.0,5514.0,9568.0,12521.0,5891.0,29886.0,64401.0,44452.0,60973.0,63092.0
2022-05-24,14973.0,29675.0,38341.0,8184.0,12588.0,22031.0,57166.0,20069.0,12181.0,10481.0,50042.0,15310.0,93619.0,13940.0,30207.0,2879.0,19750.0,21607.0,9183.0,16318.0,13914.0,52164.0,6751.0,28501.0,70593.0,11110.0,17248.0,69621.0,3805.0,40034.0,19241.0,18271.0,6633.0,12918.0,16116.0,8948.0,3639.0,24456.0,13431.0,36097.0,11021.0,5444.0,31992.0,35132.0,27650.0,14445.0,90651.0,27439.0,14934.0,6589.0,19164.0,21110.0,6645.0,11042.0,14103.0,5869.0,35205.0,82317.0,51391.0,72408.0,68795.0
2022-05-25,16265.0,30793.0,39511.0,8608.0,12466.0,23285.0,55547.0,20483.0,10614.0,14380.0,48867.0,15376.0,92763.0,15552.0,29721.0,2727.0,18284.0,20465.0,9274.0,16358.0,14888.0,49439.0,7013.0,29570.0,67964.0,11017.0,16666.0,67139.0,4745.0,41931.0,18515.0,18939.0,6308.0,13140.0,16409.0,8994.0,3567.0,28362.0,14647.0,42286.0,12973.0,6143.0,36652.0,37989.0,33026.0,15881.0,91848.0,26871.0,16578.0,7507.0,19988.0,23452.0,7392.0,10731.0,15029.0,7692.0,33787.0,84572.0,52782.0,77356.0,67901.0
2022-05-26,16386.0,33283.0,41282.0,8855.0,13168.0,26184.0,57381.0,20626.0,10736.0,15852.0,50641.0,15902.0,98745.0,15446.0,30878.0,2965.0,23551.0,20505.0,8775.0,16844.0,14879.0,51306.0,6916.0,31065.0,78751.0,11649.0,17826.0,69636.0,4941.0,41229.0,19741.0,19021.0,6798.0,14004.0,16998.0,9533.0,3718.0,28130.0,15976.0,42878.0,13024.0,5638.0,39244.0,40384.0,37464.0,16137.0,98975.0,27710.0,17420.0,7634.0,21871.0,25973.0,7663.0,11126.0,15871.0,8314.0,36819.0,89356.0,54474.0,81419.0,70352.0
2022-05-27,14638.0,30700.0,40958.0,7095.0,11112.0,20530.0,53564.0,17611.0,7634.0,14712.0,29617.0,15835.0,80680.0,10871.0,20081.0,3001.0,24337.0,20210.0,6547.0,11123.0,12172.0,33299.0,5725.0,24740.0,73138.0,11810.0,14066.0,66397.0,5674.0,39107.0,20232.0,21349.0,6830.0,14979.0,17694.0,10996.0,3332.0,30804.0,16709.0,39212.0,12391.0,6567.0,43278.0,40675.0,39735.0,13462.0,90942.0,27371.0,13282.0,5124.0,20815.0,24716.0,5518.0,10550.0,12868.0,6647.0,36122.0,76388.0,42274.0,77216.0,73824.0
2022-05-30,11203.0,26002.0,33909.0,5923.0,10677.0,17805.0,43798.0,16043.0,10707.0,9225.0,32428.0,12803.0,71790.0,10471.0,20215.0,2625.0,22106.0,17640.0,6457.0,11851.0,10915.0,30633.0,5531.0,23467.0,65588.0,10454.0,13906.0,57982.0,4286.0,37420.0,18761.0,19850.0,4933.0,12076.0,13620.0,8907.0,2951.0,29193.0,15100.0,34961.0,11067.0,4950.0,37619.0,35170.0,15658.0,11474.0,75054.0,25131.0,11284.0,4766.0,18825.0,17703.0,4816.0,9023.0,11762.0,5100.0,28453.0,67082.0,39662.0,62100.0,74165.0
2022-05-31,13060.0,29804.0,35303.0,7245.0,12017.0,20987.0,47973.0,18892.0,11695.0,11163.0,39697.0,13731.0,85425.0,13362.0,26457.0,2835.0,24670.0,18148.0,8103.0,8900.0,12561.0,40532.0,6468.0,22726.0,73440.0,11047.0,11270.0,68046.0,5007.0,31695.0,19880.0,19893.0,4903.0,10702.0,14397.0,7744.0,3415.0,30868.0,18247.0,42378.0,12422.0,5430.0,41963.0,41263.0,17042.0,13435.0,86375.0,26700.0,13573.0,6559.0,21701.0,21440.0,7003.0,9727.0,13641.0,6682.0,33430.0,80600.0,46793.0,72886.0,77403.0
2022-06-01,14229.0,31239.0,39764.0,7510.0,13320.0,21365.0,52111.0,19616.0,9711.0,13418.0,36157.0,15234.0,86784.0,12520.0,22664.0,2791.0,25039.0,19674.0,7699.0,12849.0,13772.0,37324.0,7.0,26815.0,76784.0,10216.0,14262.0,71392.0,4767.0,41314.0,17391.0,19251.0,5801.0,13690.0,15445.0,10159.0,3433.0,35130.0,18143.0,42948.0,12410.0,5971.0,46341.0,42558.0,18375.0,13502.0,92928.0,28344.0,12870.0,5794.0,23494.0,24527.0,5756.0,9660.0,13413.0,6286.0,33354.0,83356.0,45727.0,77970.0,76483.0
2022-06-06,13126.0,8.0,4229.0,7874.0,1.0,,,,5011.0,63087.0,4500.0,14301.0,5380.0,18142.0,,,,,11322.0,30217.0,9.0,31.0,3.0,43764.0,,,,,1.0,,10.0,,,,,,,,3698.0,12.0,1.0,16.0,,,,,,,1.0,,28.0,,,,,,,,8.0,3.0,56329.0
2022-06-07,13326.0,27029.0,31246.0,7474.0,10359.0,18675.0,45244.0,17324.0,8337.0,12056.0,39322.0,11715.0,79894.0,11867.0,26734.0,2917.0,17916.0,18196.0,7460.0,12858.0,12429.0,38267.0,5568.0,24938.0,63872.0,9068.0,13507.0,55946.0,3895.0,14180.0,14938.0,5099.0,11259.0,6819.0,25920.0,,,,11761.0,36592.0,10676.0,4598.0,30269.0,15913.0,12539.0,74827.0,24282.0,,12973.0,6007.0,15642.0,20302.0,6091.0,8470.0,11836.0,3250.0,28073.0,67462.0,42087.0,61596.0,68370.0
2022-06-08,14316.0,30129.0,36726.0,8299.0,12213.0,21864.0,50517.0,21017.0,9529.0,13205.0,46313.0,14408.0,83576.0,13503.0,29584.0,2960.0,20924.0,19469.0,8628.0,14643.0,13968.0,41290.0,1333.0,28254.0,69662.0,10195.0,15642.0,62730.0,4941.0,38630.0,15822.0,16309.0,6067.0,12825.0,16274.0,8478.0,3370.0,28170.0,14194.0,41099.0,11799.0,5424.0,34069.0,35080.0,18123.0,14467.0,83924.0,26457.0,14761.0,6765.0,19014.0,23484.0,6794.0,10389.0,13639.0,3731.0,35062.0,82111.0,50856.0,74758.0,67498.0
2022-06-09,15245.0,34641.0,38278.0,8658.0,12848.0,24686.0,54732.0,21604.0,12182.0,12184.0,48931.0,12896.0,96479.0,13944.0,31422.0,3179.0,21855.0,20626.0,8558.0,14745.0,13911.0,44201.0,1662.0,29406.0,73619.0,10932.0,16447.0,66617.0,4687.0,39820.0,16580.0,17856.0,3594.0,13875.0,15850.0,9038.0,3515.0,29568.0,15238.0,42531.0,12438.0,5510.0,36565.0,37171.0,17785.0,14368.0,90404.0,27724.0,14478.0,6808.0,20970.0,23929.0,6854.0,10648.0,14925.0,4211.0,35755.0,89205.0,52705.0,78585.0,74083.0
2022-06-10,14772.0,29716.0,36645.0,6960.0,10490.0,21096.0,50522.0,17739.0,7747.0,13311.0,29481.0,15445.0,76271.0,10265.0,20912.0,2679.0,21806.0,18686.0,7197.0,10070.0,11804.0,30834.0,1356.0,24478.0,67531.0,10912.0,12989.0,62852.0,5178.0,35686.0,16077.0,17818.0,4728.0,13766.0,16784.0,9975.0,3250.0,30036.0,15146.0,36752.0,11601.0,5802.0,38313.0,37437.0,17987.0,11775.0,82027.0,23381.0,12382.0,6434.0,18696.0,23270.0,2393.0,9733.0,11129.0,1360.0,32921.0,72487.0,39545.0,71676.0,69770.0
2022-06-13,12451.0,29046.0,36533.0,6954.0,9428.0,18452.0,46312.0,18031.0,9100.0,10778.0,34553.0,13142.0,67935.0,10731.0,22347.0,2693.0,20195.0,18089.0,6676.0,11637.0,11900.0,31080.0,955.0,23181.0,60299.0,9076.0,13738.0,53027.0,4801.0,35195.0,14605.0,18429.0,3523.0,12839.0,15835.0,8544.0,2862.0,25171.0,12100.0,36396.0,10691.0,2815.0,30454.0,31052.0,16684.0,12338.0,75859.0,26479.0,12403.0,7011.0,15615.0,17697.0,1675.0,9400.0,12453.0,5367.0,29558.0,68635.0,42197.0,62649.0,66504.0
2022-06-14,12733.0,32255.0,37987.0,8802.0,11594.0,22473.0,52103.0,21551.0,9921.0,13816.0,46683.0,14343.0,83417.0,13693.0,29838.0,3007.0,22526.0,19706.0,8043.0,15444.0,14138.0,40203.0,1182.0,27497.0,70411.0,10739.0,16578.0,63202.0,4931.0,39471.0,16215.0,18496.0,4187.0,13908.0,17228.0,9232.0,3466.0,29612.0,13372.0,41623.0,12897.0,3343.0,32854.0,33993.0,19253.0,15240.0,87375.0,29868.0,15845.0,9812.0,18150.0,21902.0,2157.0,10375.0,14667.0,6831.0,33637.0,84947.0,52184.0,75406.0,70043.0
2022-06-15,15160.0,34392.0,40926.0,9383.0,11480.0,23276.0,53254.0,20298.0,10196.0,14182.0,45931.0,14936.0,87576.0,14721.0,30525.0,3449.0,23100.0,19255.0,8400.0,15835.0,14895.0,42672.0,4469.0,28910.0,71536.0,11065.0,16622.0,65044.0,5512.0,38422.0,16529.0,18702.0,6393.0,14140.0,16204.0,9856.0,4327.0,30449.0,15017.0,43664.0,12859.0,3463.0,34736.0,36630.0,20981.0,13228.0,92178.0,29980.0,16619.0,8175.0,19192.0,24878.0,5953.0,10456.0,14130.0,7105.0,33870.0,84381.0,50030.0,79679.0,70617.0
2022-06-16,16191.0,38176.0,41757.0,10018.0,12436.0,25011.0,56723.0,22617.0,10421.0,14865.0,48008.0,15496.0,93938.0,14793.0,31880.0,3270.0,24933.0,19582.0,8732.0,15823.0,14612.0,43659.0,1181.0,28854.0,74823.0,11789.0,16336.0,67986.0,5361.0,40276.0,17475.0,19733.0,4856.0,14926.0,16719.0,10317.0,5576.0,31205.0,15434.0,43560.0,12860.0,6264.0,36668.0,37378.0,21211.0,15089.0,95490.0,29075.0,16228.0,8519.0,20809.0,25402.0,5545.0,11689.0,15148.0,6531.0,36952.0,94465.0,53681.0,83895.0,72253.0
2022-06-17,6013.0,35265.0,37439.0,8406.0,11367.0,21081.0,52980.0,18938.0,7876.0,14224.0,28992.0,15305.0,75421.0,10199.0,19974.0,2968.0,25131.0,20062.0,7033.0,10388.0,12586.0,30371.0,1151.0,23474.0,65449.0,11464.0,12410.0,62746.0,5639.0,36380.0,16922.0,20704.0,3127.0,15819.0,16578.0,10892.0,4986.0,32543.0,15552.0,40438.0,12218.0,7458.0,37484.0,36857.0,19239.0,12453.0,86337.0,27689.0,12225.0,5461.0,19463.0,22429.0,4020.0,9832.0,11760.0,5545.0,35584.0,78336.0,41432.0,78308.0,73732.0
2022-06-20,11318.0,28333.0,32989.0,7181.0,9522.0,18331.0,45843.0,17975.0,8616.0,12615.0,34608.0,13081.0,70558.0,11259.0,23893.0,2739.0,21421.0,18638.0,7344.0,12626.0,12036.0,31439.0,926.0,23737.0,63605.0,9878.0,13834.0,55351.0,4887.0,35729.0,15071.0,17858.0,3461.0,12955.0,15039.0,8957.0,3184.0,27518.0,12729.0,37556.0,10930.0,5784.0,31129.0,32358.0,17155.0,12355.0,77128.0,26525.0,12696.0,6070.0,16416.0,18604.0,4505.0,9586.0,12004.0,5953.0,29329.0,69794.0,43704.0,64556.0,65912.0
2022-06-21,13.0,4.0,2.0,6.0,2.0,,,,9.0,6.0,19711.0,3280.0,1248.0,8907.0,7556.0,,,,6035.0,1.0,15.0,14738.0,,,,,,,1.0,,,,,,,,,,12.0,2.0,3.0,,4.0,,,,,,27.0,,,,,,,,,,11.0,31749.0,
2022-06-22,11108.0,22816.0,20020.0,5517.0,4593.0,15710.0,31373.0,14739.0,6216.0,8491.0,26206.0,10829.0,61425.0,8696.0,19076.0,3599.0,15973.0,16530.0,5259.0,9427.0,8046.0,25817.0,3923.0,20696.0,53797.0,6755.0,10961.0,51956.0,3219.0,30924.0,12370.0,15702.0,3756.0,11300.0,13168.0,8120.0,2542.0,24864.0,11166.0,33182.0,9366.0,4804.0,28705.0,27888.0,13839.0,8437.0,64515.0,20693.0,7500.0,4143.0,12773.0,16231.0,3600.0,7694.0,8858.0,4081.0,22915.0,45707.0,29915.0,52489.0,61606.0
2022-06-23,10149.0,21825.0,8758.0,4692.0,2732.0,13690.0,18505.0,11811.0,4984.0,9215.0,11150.0,35382.0,3008.0,12738.0,,,,,41806.0,7788.0,40049.0,,,,,,,,3452.0,26908.0,12349.0,13898.0,4238.0,9783.0,11690.0,7427.0,1823.0,22690.0,10311.0,27455.0,8302.0,4148.0,25662.0,23481.0,13436.0,7843.0,41646.0,17817.0,6266.0,2626.0,7944.0,13468.0,3291.0,6973.0,7319.0,4426.0,14234.0,26073.0,28576.0,44187.0,52208.0
2022-06-24,13707.0,27632.0,29352.0,6110.0,5778.0,18032.0,42034.0,15066.0,6989.0,25224.0,14834.0,68715.0,8795.0,17201.0,17128.0,,,,6225.0,9071.0,10325.0,24467.0,4528.0,23288.0,66956.0,10810.0,12204.0,59646.0,4787.0,41135.0,16184.0,21814.0,6107.0,18160.0,16639.0,9279.0,2754.0,31685.0,16230.0,40574.0,11138.0,9824.0,38826.0,37360.0,18250.0,10105.0,84498.0,23322.0,8545.0,4395.0,15971.0,18704.0,3384.0,9061.0,10866.0,4921.0,28387.0,62175.0,36736.0,70083.0,95655.0
2022-06-27,12117.0,27964.0,35594.0,6949.0,10849.0,18384.0,51503.0,16171.0,8436.0,12929.0,35486.0,12680.0,72483.0,11371.0,24710.0,2546.0,22331.0,18582.0,7435.0,12465.0,12275.0,31846.0,5102.0,24499.0,65784.0,10642.0,14463.0,55583.0,5332.0,37964.0,15570.0,19292.0,5164.0,13453.0,14729.0,8703.0,3037.0,29727.0,13766.0,36286.0,11616.0,5418.0,32560.0,33932.0,17998.0,12932.0,81032.0,26932.0,13034.0,5811.0,16839.0,18545.0,6043.0,9421.0,12283.0,5500.0,29358.0,68167.0,42930.0,64213.0,67315.0
2022-06-28,14759.0,32658.0,39131.0,8814.0,12742.0,23434.0,54008.0,19356.0,10432.0,14781.0,47618.0,14725.0,89315.0,14207.0,32118.0,2988.0,24404.0,20055.0,8620.0,16985.0,14099.0,43421.0,5982.0,29640.0,78270.0,10995.0,17206.0,65086.0,5621.0,43184.0,16706.0,19425.0,5967.0,15096.0,17023.0,9014.0,3515.0,32582.0,15492.0,41198.0,13048.0,6497.0,36762.0,38138.0,20993.0,15581.0,92327.0,31068.0,16669.0,7442.0,18896.0,22933.0,7696.0,10630.0,14369.0,7933.0,34995.0,84869.0,52923.0,78333.0,71813.0
2022-06-29,15342.0,33411.0,42961.0,8873.0,14566.0,23920.0,57813.0,19426.0,10504.0,15600.0,48592.0,15337.0,95456.0,15495.0,31959.0,2782.0,24557.0,19906.0,8806.0,16470.0,15777.0,44676.0,6431.0,29892.0,78855.0,11793.0,17478.0,68976.0,5835.0,43445.0,17412.0,20972.0,6452.0,15667.0,17289.0,10017.0,3528.0,39494.0,16433.0,44497.0,13740.0,6450.0,39746.0,40008.0,22320.0,15761.0,97547.0,29928.0,16572.0,7755.0,20771.0,24799.0,7488.0,10969.0,15221.0,7621.0,36429.0,92172.0,54183.0,83549.0,72208.0
2022-06-30,17441.0,35262.0,47082.0,9375.0,14268.0,26946.0,60271.0,19867.0,11303.0,16339.0,49389.0,15606.0,101460.0,15495.0,33215.0,2947.0,26602.0,19897.0,9340.0,16294.0,16260.0,47158.0,6664.0,31691.0,84023.0,12645.0,17587.0,72924.0,5921.0,45126.0,18374.0,21671.0,6550.0,15750.0,17751.0,10279.0,3671.0,39070.0,18764.0,44433.0,14029.0,6636.0,43145.0,42908.0,22973.0,16014.0,102852.0,29575.0,16612.0,7874.0,22482.0,26407.0,8218.0,11062.0,15632.0,8325.0,36776.0,96553.0,53642.0,87927.0,74630.0
2022-07-01,15794.0,35976.0,49172.0,7323.0,13030.0,21067.0,60109.0,17138.0,9533.0,14686.0,30874.0,15837.0,89945.0,10956.0,20516.0,2779.0,25744.0,19801.0,7072.0,11084.0,14754.0,32911.0,4864.0,25416.0,79372.0,12738.0,13505.0,68080.0,6210.0,48625.0,17547.0,25172.0,6465.0,16274.0,18241.0,9581.0,3076.0,35107.0,18894.0,44832.0,13456.0,11356.0,44288.0,43393.0,20782.0,12116.0,98008.0,26766.0,12425.0,5306.0,4904.0,10452.0,12801.0,5938.0,39597.0,86873.0,,,43334.0,86068.0,78021.0
2022-07-04,11765.0,27870.0,36222.0,7094.0,10834.0,18547.0,47148.0,16469.0,8225.0,13917.0,34437.0,13864.0,69556.0,11039.0,22834.0,2510.0,23192.0,17236.0,6911.0,11701.0,12765.0,31992.0,5156.0,23632.0,66301.0,10307.0,13487.0,55457.0,5331.0,37858.0,15522.0,17661.0,5449.0,13644.0,15317.0,8593.0,3050.0,29143.0,14177.0,37244.0,12033.0,6959.0,33413.0,33859.0,19448.0,13110.0,78125.0,28638.0,13177.0,5582.0,17050.0,19681.0,5815.0,9539.0,12017.0,5749.0,29556.0,69126.0,42333.0,65202.0,65343.0
2022-07-05,13732.0,32347.0,38436.0,8600.0,12474.0,20449.0,50647.0,19303.0,9968.0,14698.0,46402.0,14779.0,84593.0,14853.0,30533.0,2945.0,24726.0,19964.0,8120.0,15102.0,14132.0,41669.0,6107.0,28125.0,73359.0,11021.0,16508.0,63431.0,5480.0,41807.0,16108.0,19241.0,5968.0,14616.0,16512.0,8889.0,3425.0,33507.0,15444.0,43005.0,13142.0,7989.0,36225.0,38155.0,22195.0,15292.0,89201.0,31986.0,15783.0,7339.0,19827.0,23475.0,7424.0,10529.0,14121.0,7388.0,34016.0,83020.0,50203.0,75983.0,69966.0
2022-07-06,15377.0,33029.0,40748.0,8533.0,13757.0,24181.0,54171.0,19695.0,10262.0,15674.0,47496.0,14918.0,88967.0,15130.0,31364.0,3034.0,25689.0,19442.0,8315.0,15729.0,14911.0,40497.0,6740.0,29318.0,77347.0,11759.0,16466.0,62699.0,5908.0,42112.0,16673.0,20275.0,7050.0,15828.0,17282.0,9607.0,3654.0,33047.0,46225.0,9109.0,39323.0,24542.0,16081.0,104262.0,33355.0,,,,16651.0,7702.0,21660.0,25466.0,7809.0,11021.0,14929.0,7689.0,37883.0,89121.0,51187.0,87162.0,70566.0
2022-07-07,17727.0,33580.0,43804.0,8663.0,12866.0,25479.0,54775.0,19415.0,10013.0,16160.0,48847.0,15240.0,92826.0,14710.0,31438.0,2941.0,25933.0,19813.0,7942.0,15138.0,14618.0,44733.0,6256.0,30886.0,78623.0,12423.0,16550.0,68740.0,5809.0,42754.0,17567.0,20144.0,6544.0,16752.0,17589.0,9857.0,3705.0,34553.0,18254.0,13985.0,41499.0,,,,,,,,16727.0,7607.0,22713.0,26535.0,7879.0,11084.0,14896.0,8510.0,37101.0,90978.0,51773.0,84637.0,73041.0
2022-07-08,15170.0,30308.0,41657.0,6860.0,11082.0,20014.0,51005.0,16402.0,7530.0,14507.0,28881.0,14905.0,78841.0,10091.0,19282.0,2670.0,24772.0,19171.0,6389.0,10664.0,12590.0,30554.0,5192.0,24198.0,70983.0,12163.0,12567.0,63715.0,5778.0,40613.0,16272.0,6583.0,19354.0,17025.0,9699.0,3353.0,32768.0,,16491.0,42663.0,13083.0,15752.0,42603.0,39135.0,21239.0,11684.0,88735.0,25618.0,11617.0,5268.0,20022.0,23367.0,5070.0,9898.0,11670.0,5958.0,35078.0,76314.0,39498.0,75466.0,72774.0
2022-07-11,10832.0,26687.0,33715.0,6884.0,10187.0,17796.0,43003.0,15685.0,8416.0,12778.0,32078.0,12594.0,70300.0,11103.0,22920.0,2620.0,22207.0,17419.0,6630.0,10974.0,12263.0,32094.0,4918.0,22656.0,62662.0,10201.0,12391.0,55226.0,5248.0,35423.0,14473.0,19208.0,5589.0,12857.0,13719.0,8542.0,3098.0,28414.0,13837.0,35743.0,11399.0,6852.0,32488.0,32126.0,17668.0,12311.0,76754.0,27448.0,11534.0,5762.0,17749.0,20243.0,5624.0,8878.0,11637.0,6434.0,28706.0,66487.0,40930.0,64502.0,66621.0
2022-07-12,12895.0,30684.0,37510.0,7952.0,11575.0,21638.0,48225.0,18445.0,9596.0,14697.0,42760.0,13621.0,83716.0,13643.0,29467.0,2929.0,23894.0,19012.0,8255.0,13949.0,14035.0,41627.0,6052.0,27630.0,72018.0,11124.0,15127.0,63876.0,5289.0,38692.0,15191.0,20593.0,5602.0,13594.0,14954.0,8852.0,3285.0,30795.0,14465.0,38041.0,12427.0,6598.0,34577.0,37710.0,19149.0,14306.0,86569.0,30102.0,15184.0,6653.0,19474.0,23024.0,6939.0,9924.0,13890.0,7577.0,36202.0,78662.0,48166.0,74979.0,68323.0
2022-07-13,5183.0,31281.0,38032.0,8538.0,11852.0,23245.0,49437.0,18554.0,10108.0,14692.0,43958.0,14423.0,85841.0,13971.0,29489.0,2849.0,24855.0,19367.0,8177.0,14192.0,14468.0,42821.0,5990.0,28035.0,72511.0,11142.0,15391.0,66642.0,5536.0,39382.0,15198.0,21231.0,5920.0,13798.0,15646.0,9341.0,3385.0,30504.0,15434.0,42354.0,12947.0,6476.0,37220.0,39091.0,19925.0,15102.0,90874.0,32021.0,15392.0,7178.0,20347.0,24641.0,7404.0,10140.0,13970.0,7942.0,33043.0,82724.0,49470.0,77893.0,70805.0
2022-07-14,13992.0,37041.0,39571.0,8507.0,12623.0,24618.0,51777.0,18818.0,10126.0,15272.0,44568.0,14861.0,92030.0,14593.0,30090.0,3179.0,26606.0,19070.0,8683.0,14952.0,14548.0,44756.0,6368.0,29929.0,77072.0,11429.0,15911.0,70043.0,5605.0,40112.0,15915.0,21094.0,6071.0,14697.0,16640.0,10168.0,3407.0,31410.0,16900.0,42224.0,13164.0,6763.0,39064.0,39389.0,19866.0,15131.0,94346.0,29867.0,15845.0,7214.0,21637.0,26082.0,7265.0,10313.0,14379.0,8223.0,33526.0,89065.0,50050.0,83040.0,71535.0
2022-07-15,11092.0,30163.0,40216.0,7093.0,10967.0,19767.0,49265.0,17321.0,7743.0,14049.0,28346.0,14862.0,76894.0,10298.0,19230.0,2793.0,25000.0,19176.0,6342.0,10067.0,13836.0,30339.0,5527.0,24206.0,69940.0,11457.0,12607.0,64782.0,5781.0,37043.0,15113.0,6039.0,14163.0,16133.0,3118.0,31990.0,,,16951.0,37538.0,12105.0,6652.0,40834.0,37589.0,18501.0,11061.0,87200.0,26831.0,11239.0,5283.0,19659.0,22929.0,4089.0,9166.0,11833.0,6137.0,33708.0,72856.0,39794.0,74972.0,73818.0
2022-07-18,5823.0,21558.0,20595.0,4526.0,5613.0,13394.0,32151.0,13035.0,7794.0,4055.0,23879.0,9128.0,54632.0,8517.0,17195.0,2387.0,16029.0,14922.0,4623.0,6981.0,6979.0,24932.0,3591.0,16896.0,43480.0,8142.0,9430.0,45524.0,4130.0,26249.0,11150.0,15181.0,2537.0,9538.0,10312.0,6839.0,1762.0,22772.0,9099.0,21812.0,8062.0,5114.0,23407.0,23758.0,11405.0,7617.0,63282.0,19548.0,8974.0,3939.0,12221.0,14301.0,4324.0,6513.0,9014.0,4282.0,21143.0,47979.0,31795.0,48466.0,54780.0
2022-07-19,6431.0,21711.0,15584.0,4409.0,5667.0,12989.0,29419.0,13405.0,5881.0,7147.0,25115.0,8487.0,53183.0,9222.0,16055.0,2369.0,16650.0,14466.0,4331.0,7145.0,6783.0,22852.0,3542.0,16923.0,38185.0,7492.0,8678.0,45917.0,4289.0,25563.0,10338.0,13179.0,1133.0,9130.0,9819.0,6357.0,2008.0,22401.0,7435.0,27219.0,7986.0,3765.0,22076.0,22767.0,11287.0,7713.0,60271.0,18734.0,10267.0,4649.0,11891.0,14260.0,4694.0,6253.0,8519.0,4578.0,19201.0,44765.0,30718.0,49472.0,51817.0
2022-07-20,9882.0,30103.0,34653.0,7794.0,12640.0,21429.0,49774.0,18479.0,8950.0,13331.0,42231.0,13398.0,86553.0,13673.0,25193.0,2853.0,22993.0,19077.0,7733.0,12869.0,13017.0,37755.0,6085.0,27361.0,70272.0,10441.0,14212.0,66316.0,5358.0,38559.0,13405.0,17979.0,5168.0,12745.0,14120.0,8187.0,3112.0,29354.0,14515.0,39180.0,11633.0,5256.0,35836.0,37013.0,17517.0,12884.0,95158.0,27796.0,14040.0,7248.0,20441.0,23865.0,6945.0,8871.0,13374.0,7465.0,30785.0,80630.0,46502.0,78174.0,68999.0
2022-07-21,13873.0,31756.0,37522.0,8601.0,12543.0,24756.0,53685.0,18977.0,10106.0,14529.0,45137.0,14204.0,90093.0,14505.0,30003.0,2939.0,24494.0,18797.0,8468.0,12939.0,13726.0,44361.0,5508.0,28972.0,74894.0,10510.0,14872.0,68899.0,5225.0,39828.0,14477.0,19133.0,5613.0,12824.0,14935.0,8439.0,3318.0,30833.0,17175.0,41309.0,11742.0,5665.0,39862.0,39136.0,18727.0,14169.0,93838.0,27890.0,14891.0,7227.0,20996.0,24562.0,7377.0,9427.0,14913.0,7757.0,33246.0,88540.0,51713.0,83201.0,70179.0
2022-07-22,12859.0,28583.0,36974.0,6514.0,10768.0,19684.0,46323.0,16210.0,7730.0,13523.0,28930.0,14139.0,75900.0,10363.0,18899.0,2683.0,23154.0,18696.0,6251.0,9396.0,11651.0,30646.0,4612.0,24779.0,69231.0,10773.0,12199.0,65279.0,5167.0,35865.0,13929.0,19633.0,3432.0,13119.0,14932.0,9005.0,2978.0,32388.0,16590.0,35327.0,11127.0,6204.0,43131.0,37636.0,18050.0,10437.0,83061.0,23532.0,11205.0,4770.0,19760.0,22431.0,4583.0,8786.0,11106.0,6071.0,31162.0,73139.0,38084.0,70956.0,70723.0
2022-07-25,11010.0,26787.0,34171.0,6537.0,10523.0,18020.0,43526.0,15414.0,8504.0,12272.0,32933.0,11966.0,70051.0,11233.0,22291.0,2002.0,23288.0,17694.0,6593.0,10934.0,11710.0,31393.0,4765.0,22300.0,64418.0,10034.0,12569.0,56847.0,4191.0,36334.0,13499.0,19247.0,4539.0,12093.0,13165.0,8087.0,2862.0,30950.0,13837.0,34683.0,10792.0,5918.0,34771.0,34385.0,15505.0,11541.0,75500.0,25718.0,12441.0,5460.0,17553.0,19745.0,5381.0,8361.0,11703.0,5474.0,25741.0,69401.0,40452.0,65879.0,66074.0
2022-07-26,13382.0,31267.0,40332.0,7871.0,12427.0,23435.0,49702.0,18456.0,10148.0,14541.0,45542.0,13966.0,89766.0,14797.0,29630.0,2861.0,26170.0,18826.0,8257.0,14538.0,14183.0,41115.0,6469.0,28331.0,77075.0,11012.0,15933.0,67817.0,4383.0,41523.0,14124.0,20428.0,3435.0,14275.0,15114.0,9045.0,3265.0,34778.0,15832.0,40459.0,12110.0,5831.0,39961.0,40627.0,17509.0,13968.0,87903.0,29176.0,15816.0,6962.0,21609.0,7091.0,9583.0,14482.0,7431.0,30023.0,84887.0,,49584.0,81305.0,71342.0
2022-07-27,13069.0,23444.0,11435.0,5930.0,3585.0,19311.0,23772.0,14711.0,6466.0,12138.0,29102.0,14523.0,48377.0,11562.0,19036.0,2761.0,18138.0,15048.0,6249.0,11061.0,8181.0,20738.0,4789.0,23383.0,56611.0,9694.0,12593.0,53077.0,4470.0,32886.0,12641.0,17642.0,5010.0,12124.0,13529.0,9011.0,2160.0,28603.0,14339.0,33148.0,9454.0,5192.0,35272.0,33018.0,14370.0,9260.0,53409.0,23843.0,8504.0,3442.0,12605.0,17425.0,5012.0,7865.0,10233.0,5628.0,15859.0,38318.0,37907.0,63277.0,63143.0
2022-07-28,14864.0,30534.0,34432.0,8475.0,9569.0,24864.0,45620.0,18470.0,9583.0,14812.0,44111.0,86969.0,15081.0,28198.0,25825.0,18345.0,,,8403.0,14718.0,13407.0,39462.0,6072.0,29022.0,76824.0,15396.0,70039.0,,5092.0,40717.0,14685.0,20726.0,5586.0,14257.0,15275.0,9416.0,3317.0,33600.0,18084.0,41413.0,11957.0,6895.0,43658.0,41856.0,17832.0,13314.0,90840.0,28482.0,25287.0,,,,,,,,,,49157.0,82020.0,73013.0
2022-07-29,13240.0,31032.0,42196.0,6586.0,9209.0,19901.0,49016.0,16535.0,13807.0,14953.0,2630.0,,,,,,,,11669.0,,,,,,,,,,5297.0,38666.0,14399.0,21147.0,6021.0,13970.0,15721.0,9987.0,3004.0,35990.0,17681.0,38642.0,11808.0,6963.0,46701.0,41472.0,17209.0,10809.0,86806.0,27105.0,12263.0,4971.0,20663.0,23802.0,4744.0,9004.0,12064.0,5817.0,30969.0,76907.0,40262.0,80432.0,78927.0
2022-08-01,10716.0,26235.0,33142.0,6546.0,9776.0,17289.0,44093.0,15428.0,8006.0,12250.0,31502.0,11728.0,68095.0,10395.0,21133.0,2575.0,23065.0,17176.0,6508.0,10372.0,11561.0,30617.0,4723.0,21366.0,63383.0,9524.0,12088.0,55264.0,4954.0,34678.0,13076.0,18778.0,4725.0,12087.0,12553.0,7915.0,2756.0,31353.0,14087.0,33712.0,10280.0,5884.0,37087.0,34290.0,14530.0,11125.0,74676.0,25314.0,12011.0,5184.0,18567.0,20326.0,5362.0,8285.0,11558.0,5087.0,27229.0,68538.0,39522.0,63432.0,66902.0
2022-08-02,13008.0,29907.0,34183.0,7852.0,11147.0,21456.0,46336.0,18068.0,10110.0,14254.0,41204.0,12847.0,81786.0,13750.0,27950.0,6773.0,29656.0,18719.0,7419.0,13556.0,13448.0,40294.0,5861.0,25842.0,72623.0,10450.0,14700.0,64841.0,4961.0,37601.0,13712.0,19183.0,5306.0,13117.0,14387.0,8753.0,2922.0,34676.0,16171.0,37856.0,11667.0,5722.0,38703.0,38045.0,16609.0,13143.0,84857.0,27493.0,15442.0,6558.0,19036.0,23026.0,6958.0,9052.0,13776.0,6626.0,30016.0,78556.0,48628.0,75483.0,68468.0
2022-08-03,13915.0,30215.0,38382.0,7892.0,10985.0,22303.0,47298.0,18033.0,10154.0,14553.0,43913.0,13534.0,84724.0,14239.0,27285.0,3018.0,26090.0,18577.0,7194.0,13500.0,13354.0,41279.0,5499.0,26873.0,73677.0,10562.0,14869.0,68149.0,5066.0,38392.0,13892.0,19472.0,5582.0,13489.0,14467.0,9541.0,3156.0,35027.0,16762.0,39031.0,12269.0,6154.0,40735.0,39899.0,17106.0,13151.0,86675.0,28584.0,14792.0,6485.0,20760.0,25362.0,6749.0,8938.0,14076.0,6617.0,31560.0,83303.0,48252.0,77185.0,68383.0
2022-08-04,14549.0,31074.0,38384.0,8075.0,11919.0,21908.0,48187.0,18116.0,11758.0,12803.0,50760.0,14255.0,93630.0,15066.0,13871.0,3266.0,27264.0,18922.0,8941.0,14220.0,13128.0,46077.0,5924.0,28200.0,73992.0,10800.0,16249.0,71938.0,5316.0,39787.0,13992.0,19280.0,5758.0,13504.0,15183.0,9283.0,3372.0,33619.0,17937.0,39659.0,12328.0,6609.0,42566.0,41209.0,17331.0,13021.0,92690.0,27093.0,14324.0,6541.0,21411.0,24334.0,7034.0,8999.0,14361.0,7117.0,34310.0,84578.0,48241.0,82431.0,71667.0
2022-08-05,13826.0,28852.0,38408.0,5915.0,10371.0,19107.0,46889.0,14876.0,11007.0,8273.0,28445.0,15307.0,78643.0,10249.0,18034.0,3066.0,26262.0,16361.0,5564.0,9818.0,10743.0,29813.0,4975.0,23146.0,68402.0,10695.0,12243.0,66792.0,5160.0,34851.0,13435.0,19262.0,5389.0,13316.0,15430.0,9827.0,2935.0,33451.0,17115.0,35289.0,11511.0,6348.0,45016.0,40384.0,15827.0,9815.0,84767.0,24620.0,10488.0,4218.0,20004.0,21457.0,4241.0,8531.0,10797.0,4887.0,30724.0,72065.0,36335.0,73019.0,79779.0
2022-08-08,10047.0,29632.0,35543.0,5782.0,9988.0,16863.0,49785.0,15084.0,9248.0,10895.0,30637.0,11661.0,67746.0,10734.0,20108.0,2800.0,23305.0,17132.0,5420.0,10036.0,10971.0,30702.0,4863.0,20649.0,58150.0,9145.0,11931.0,56903.0,4652.0,34877.0,12344.0,18637.0,5534.0,12752.0,13730.0,8635.0,2985.0,30438.0,13583.0,32832.0,14772.0,10651.0,26649.0,,,,,,11577.0,4902.0,17175.0,19210.0,5152.0,6717.0,11492.0,4944.0,22996.0,68303.0,39035.0,64052.0,64100.0
2022-08-09,12939.0,31108.0,36109.0,7724.0,11082.0,20887.0,45254.0,17348.0,9720.0,13963.0,41192.0,12878.0,82590.0,13829.0,27112.0,2734.0,25150.0,18462.0,6998.0,12830.0,12515.0,38709.0,6073.0,25391.0,71078.0,9772.0,14754.0,66161.0,5032.0,38930.0,13059.0,19815.0,5463.0,14823.0,14415.0,8675.0,3227.0,33574.0,15005.0,38810.0,11767.0,6248.0,38079.0,39125.0,16420.0,12879.0,84971.0,30479.0,14471.0,6316.0,20649.0,24063.0,6665.0,8185.0,13294.0,6506.0,26499.0,80453.0,45804.0,76328.0,67547.0
2022-08-10,13766.0,30537.0,37281.0,8045.0,11212.0,21469.0,46262.0,17713.0,9855.0,14341.0,42326.0,13515.0,84742.0,14244.0,27490.0,2986.0,26328.0,18417.0,7277.0,12669.0,13168.0,40276.0,5984.0,25869.0,71534.0,9977.0,14342.0,66680.0,5313.0,36171.0,13802.0,20357.0,5481.0,13485.0,14405.0,7874.0,3309.0,35123.0,17252.0,38865.0,12015.0,6022.0,41498.0,40213.0,16842.0,13390.0,86807.0,29664.0,15127.0,6539.0,20261.0,25390.0,6909.0,8940.0,13828.0,6794.0,30347.0,80750.0,46852.0,77646.0,68006.0
2022-08-11,12615.0,30927.0,36778.0,7790.0,11449.0,23348.0,46786.0,17517.0,10829.0,13056.0,41294.0,14002.0,86455.0,14201.0,28316.0,3106.0,25960.0,17970.0,7342.0,12554.0,12790.0,40890.0,5814.0,26596.0,70887.0,10166.0,14515.0,68331.0,5220.0,36980.0,13963.0,20116.0,5663.0,13042.0,14479.0,7996.0,2999.0,33076.0,17481.0,37545.0,11517.0,6557.0,40378.0,37563.0,16414.0,12416.0,88742.0,28203.0,14525.0,6445.0,20135.0,24702.0,6855.0,8756.0,13911.0,6875.0,32658.0,81912.0,47598.0,81382.0,70811.0
2022-08-12,9184.0,27971.0,37091.0,6271.0,10189.0,17733.0,44847.0,13742.0,8170.0,12140.0,25272.0,12393.0,70619.0,9998.0,17107.0,2409.0,23576.0,16702.0,5539.0,8515.0,12035.0,28770.0,4721.0,20304.0,58166.0,9814.0,11199.0,63066.0,4823.0,34997.0,13120.0,19108.0,4998.0,12215.0,13370.0,8766.0,2699.0,32192.0,16579.0,34606.0,10413.0,6405.0,42481.0,38368.0,15530.0,9952.0,77854.0,26539.0,10710.0,4323.0,17953.0,22296.0,4570.0,7296.0,11136.0,5387.0,26086.0,68928.0,37338.0,70894.0,61602.0
2022-08-15,9669.0,25237.0,31214.0,6294.0,9745.0,16724.0,43562.0,14385.0,8210.0,11538.0,30340.0,11414.0,66256.0,11030.0,20656.0,2473.0,23252.0,17239.0,5828.0,9917.0,10888.0,30044.0,4604.0,19680.0,59150.0,9616.0,11591.0,54096.0,5123.0,33218.0,12184.0,18747.0,4633.0,11515.0,12486.0,7691.0,2649.0,29613.0,12398.0,31849.0,10339.0,5937.0,35511.0,34170.0,14199.0,10983.0,78105.0,26638.0,12269.0,5089.0,15890.0,20159.0,5368.0,7711.0,11558.0,5183.0,24501.0,69199.0,39073.0,61575.0,62146.0
2022-08-16,13308.0,31541.0,35763.0,8264.0,12981.0,22117.0,43401.0,17368.0,10830.0,13854.0,43395.0,12925.0,85033.0,14544.0,28576.0,2731.0,25528.0,18487.0,7713.0,13746.0,13892.0,41419.0,6109.0,26502.0,72679.0,10546.0,15160.0,64910.0,5150.0,38390.0,13706.0,19861.0,5013.0,12446.0,14106.0,8306.0,2975.0,34577.0,15982.0,37852.0,11692.0,5348.0,39586.0,39763.0,16818.0,13132.0,91626.0,29213.0,17445.0,6740.0,20216.0,22807.0,7110.0,9086.0,14913.0,6736.0,29120.0,83821.0,46846.0,78804.0,67168.0
2022-08-17,4742.0,35197.0,39347.0,8280.0,14273.0,24087.0,44549.0,18293.0,11803.0,15125.0,48090.0,12944.0,91143.0,17491.0,29506.0,3138.0,29220.0,18732.0,7970.0,12123.0,14578.0,43947.0,6871.0,28079.0,73833.0,11180.0,15529.0,71014.0,5513.0,39662.0,15660.0,21169.0,5172.0,12824.0,14610.0,8823.0,3141.0,36747.0,17709.0,38638.0,12499.0,5530.0,43454.0,43039.0,16972.0,14589.0,95279.0,28654.0,16014.0,9285.0,20591.0,23247.0,7314.0,9917.0,13564.0,7122.0,31721.0,91213.0,46574.0,78996.0,68981.0
2022-08-18,10798.0,27234.0,10782.0,5869.0,3762.0,16443.0,24593.0,12976.0,6935.0,12520.0,27562.0,12397.0,41859.0,11214.0,18569.0,3029.0,19104.0,14830.0,5405.0,9064.0,7599.0,20433.0,4318.0,21975.0,50390.0,9265.0,9196.0,53313.0,4535.0,31650.0,11847.0,16866.0,4897.0,10210.0,12828.0,7787.0,1977.0,27148.0,15014.0,31239.0,9230.0,5906.0,35877.0,32655.0,13904.0,8979.0,52350.0,23206.0,8016.0,3190.0,12499.0,18249.0,5077.0,7502.0,8611.0,5203.0,16056.0,37542.0,36435.0,63513.0,69339.0
2022-08-19,24.0,3.0,1.0,4.0,,,,,5.0,45288.0,3934.0,7906.0,5037.0,11782.0,,,,,17386.0,3.0,36853.0,,,,,,,,1.0,,,,,,,,,,19.0,20.0,13.0,4.0,3.0,,,,,,1.0,,47.0,,,,,,,,43637.0,,
2022-08-22,10801.0,25567.0,27487.0,6499.0,9736.0,17028.0,41597.0,14594.0,8064.0,11876.0,31240.0,11225.0,67892.0,10987.0,20839.0,2586.0,21849.0,17714.0,6102.0,10039.0,11457.0,29753.0,5016.0,21285.0,53634.0,9060.0,11974.0,57620.0,4686.0,35754.0,12485.0,18321.0,4510.0,11550.0,12574.0,7647.0,2860.0,32258.0,13921.0,32693.0,10575.0,5513.0,35596.0,34393.0,13578.0,10815.0,74020.0,24205.0,11994.0,5055.0,16928.0,18900.0,5400.0,7471.0,11132.0,4940.0,25004.0,65542.0,37461.0,63588.0,62999.0
2022-08-23,13229.0,29583.0,35001.0,7828.0,11561.0,21703.0,45474.0,16935.0,9543.0,12992.0,42263.0,12986.0,80611.0,13490.0,28084.0,2918.0,24156.0,18902.0,7429.0,12747.0,12976.0,39602.0,5715.0,25137.0,64856.0,9439.0,14235.0,65191.0,4508.0,37762.0,12804.0,18210.0,4902.0,12482.0,13753.0,7997.0,32386.0,,14930.0,36046.0,11584.0,5410.0,38483.0,37335.0,15397.0,12733.0,83244.0,27456.0,8881.0,31854.0,,,,,,,,,45610.0,74525.0,68196.0
2022-08-24,13701.0,33530.0,34602.0,7716.0,12219.0,22038.0,48640.0,17055.0,9443.0,13278.0,38900.0,11565.0,89933.0,13815.0,28013.0,2856.0,24938.0,19237.0,7703.0,10692.0,12930.0,41448.0,5556.0,24699.0,69042.0,9057.0,12178.0,65907.0,5814.0,3829.0,6315.0,3212.0,35324.0,,,,,,16139.0,37195.0,12072.0,5860.0,40780.0,37431.0,15329.0,12619.0,86990.0,28400.0,14783.0,6664.0,20421.0,24543.0,6819.0,13485.0,6841.0,82288.0,,,46279.0,75809.0,68234.0
2022-08-25,14166.0,27572.0,34910.0,7428.0,12621.0,23420.0,40194.0,16803.0,9219.0,14048.0,41440.0,16637.0,86266.0,13027.0,26787.0,2454.0,23034.0,18008.0,7822.0,12732.0,11953.0,40894.0,5835.0,26579.0,68782.0,9436.0,13478.0,65079.0,34828.0,13166.0,18388.0,11439.0,12994.0,2754.0,,,,,16178.0,33923.0,11262.0,5266.0,39515.0,36757.0,14627.0,11365.0,91047.0,22834.0,14338.0,6738.0,19168.0,21484.0,6198.0,9364.0,13580.0,6079.0,30094.0,81714.0,45978.0,78017.0,66224.0
2022-08-26,13254.0,26292.0,34463.0,6074.0,10281.0,18272.0,43715.0,14423.0,7281.0,12792.0,26016.0,15345.0,73005.0,9683.0,17000.0,2562.0,24029.0,18258.0,5834.0,6177.0,10535.0,28699.0,4652.0,22628.0,65895.0,9551.0,11841.0,64522.0,4644.0,35321.0,13276.0,18443.0,5257.0,12466.0,13509.0,8708.0,2612.0,35648.0,16263.0,34325.0,10932.0,6363.0,44430.0,39264.0,14506.0,9570.0,81526.0,25104.0,11111.0,4464.0,19504.0,21699.0,4366.0,8678.0,10866.0,5115.0,28238.0,67798.0,36421.0,71746.0,71192.0
2022-08-30,11658.0,30156.0,33521.0,6932.0,11162.0,19521.0,45293.0,16447.0,8408.0,12001.0,38147.0,12623.0,75007.0,12092.0,24924.0,2518.0,20648.0,18657.0,6530.0,11715.0,12118.0,34654.0,5332.0,22965.0,66255.0,8604.0,12237.0,59338.0,4531.0,34455.0,12647.0,16389.0,4563.0,11252.0,13818.0,7941.0,2986.0,32204.0,13770.0,33801.0,11130.0,5084.0,35373.0,33649.0,14402.0,10653.0,81602.0,23551.0,12824.0,5760.0,17386.0,20420.0,5670.0,8082.0,11449.0,5711.0,25352.0,75657.0,40662.0,67322.0,64968.0
2022-08-31,13305.0,28436.0,35658.0,7362.0,12382.0,21520.0,45293.0,17571.0,10303.0,12305.0,43665.0,13459.0,83990.0,13097.0,29046.0,2784.0,20943.0,19431.0,7787.0,13204.0,12434.0,39355.0,5749.0,26703.0,71055.0,9107.0,14076.0,65858.0,3879.0,37872.0,13314.0,17648.0,4877.0,11970.0,13971.0,7851.0,3052.0,34804.0,16170.0,37243.0,11845.0,5216.0,39204.0,36122.0,15565.0,11703.0,85379.0,25093.0,13394.0,6268.0,19348.0,22485.0,6208.0,8941.0,13449.0,5484.0,30922.0,83090.0,46944.0,74664.0,86229.0
2022-09-01,13859.0,28352.0,35347.0,8366.0,12176.0,23554.0,45770.0,17855.0,9599.0,13885.0,44839.0,13643.0,86977.0,13266.0,29129.0,2809.0,21136.0,18927.0,8146.0,13706.0,12478.0,41798.0,5815.0,26978.0,73704.0,14399.0,,,4122.0,37774.0,13508.0,17482.0,4917.0,12006.0,14162.0,8173.0,3088.0,32920.0,16680.0,37769.0,11657.0,5536.0,38354.0,36278.0,16043.0,12324.0,87517.0,23679.0,14209.0,6631.0,19097.0,22724.0,6588.0,9461.0,13512.0,6405.0,31262.0,84155.0,48345.0,75437.0,69718.0
2022-09-02,13425.0,26333.0,34328.0,6458.0,9787.0,18924.0,45684.0,14804.0,14515.0,,,,,,,,,,9369.0,60595.0,,,,,,,,,4484.0,35086.0,13991.0,17258.0,5091.0,11325.0,14757.0,8729.0,2744.0,34046.0,15322.0,35583.0,11232.0,5405.0,42498.0,36318.0,15559.0,9755.0,79988.0,22680.0,10988.0,4771.0,18088.0,21231.0,4671.0,9207.0,10659.0,5185.0,29451.0,71080.0,38340.0,69179.0,69397.0
2022-09-05,11557.0,24539.0,30811.0,6676.0,9323.0,17166.0,41102.0,15292.0,7891.0,11238.0,33286.0,12026.0,66996.0,10051.0,22883.0,2505.0,17257.0,18239.0,5998.0,11117.0,11261.0,32034.0,4916.0,21582.0,58879.0,8259.0,11582.0,51781.0,4139.0,32842.0,13274.0,15298.0,4262.0,10328.0,13075.0,7167.0,2767.0,27673.0,10939.0,32816.0,10456.0,4825.0,27956.0,27195.0,14926.0,11123.0,71973.0,22517.0,11666.0,5420.0,14363.0,16923.0,5431.0,8446.0,10800.0,5356.0,25882.0,62581.0,39455.0,58579.0,61655.0
2022-09-06,15033.0,28452.0,33752.0,8724.0,11587.0,23135.0,45342.0,18810.0,9968.0,13520.0,48002.0,13581.0,86301.0,13846.0,32415.0,2641.0,19208.0,19978.0,7706.0,14893.0,13427.0,42973.0,6459.0,28268.0,70375.0,9536.0,15596.0,62649.0,4153.0,37480.0,14169.0,16014.0,4747.0,11714.0,14820.0,7536.0,3182.0,30585.0,13111.0,37911.0,11914.0,4729.0,31097.0,33765.0,18199.0,14479.0,82009.0,25512.0,15846.0,7166.0,17483.0,19517.0,7329.0,10137.0,13239.0,6893.0,29213.0,78252.0,48322.0,71315.0,65223.0
2022-09-07,15534.0,27980.0,37515.0,8725.0,8518.0,23703.0,47510.0,19499.0,10445.0,14055.0,48659.0,14586.0,91194.0,13991.0,31302.0,2813.0,20170.0,19938.0,8220.0,14412.0,14326.0,44378.0,6740.0,28836.0,73476.0,10257.0,16083.0,66303.0,4447.0,38740.0,15183.0,16351.0,5154.0,12269.0,15411.0,8207.0,3079.0,32260.0,36047.0,18409.0,28367.0,,,,,,,,15972.0,7249.0,19363.0,21590.0,7599.0,10558.0,14783.0,7186.0,33927.0,83371.0,46662.0,75500.0,67151.0
2022-09-08,17459.0,30160.0,38311.0,8708.0,13374.0,26323.0,50184.0,19321.0,10918.0,15111.0,50807.0,14763.0,96569.0,15479.0,34176.0,2729.0,21372.0,19212.0,8626.0,10891.0,13408.0,47714.0,7177.0,32653.0,74707.0,11417.0,17246.0,69195.0,4926.0,39058.0,15420.0,16776.0,5259.0,12645.0,16095.0,8760.0,3257.0,32858.0,15358.0,53006.0,12764.0,6890.0,38850.0,17566.0,98114.0,,,,16868.0,7703.0,21091.0,21730.0,7799.0,11345.0,14570.0,7669.0,36914.0,87955.0,51757.0,83299.0,78575.0
2022-09-09,14954.0,27225.0,34557.0,6606.0,10764.0,19812.0,45332.0,16180.0,7420.0,13369.0,29773.0,15060.0,76009.0,10619.0,20001.0,2474.0,20217.0,18957.0,5902.0,9797.0,11171.0,31303.0,4678.0,25470.0,66077.0,10734.0,14049.0,65166.0,5106.0,31803.0,15599.0,18288.0,5156.0,12496.0,16188.0,8796.0,2784.0,30530.0,14963.0,58314.0,11956.0,9311.0,42207.0,41826.0,17178.0,17820.0,90781.0,27578.0,12489.0,5192.0,20627.0,20711.0,5956.0,9858.0,11472.0,5566.0,31087.0,66752.0,38663.0,69975.0,65900.0
2022-09-12,14013.0,27926.0,29575.0,8091.0,10101.0,18297.0,43502.0,14897.0,8392.0,12292.0,33846.0,12971.0,78831.0,11457.0,25668.0,2829.0,18987.0,19858.0,7013.0,10903.0,15885.0,35223.0,6029.0,24045.0,51772.0,9169.0,12284.0,59976.0,4709.0,41899.0,14234.0,15332.0,4908.0,11987.0,13984.0,7853.0,3072.0,26785.0,11609.0,12844.0,11292.0,11454.0,30889.0,46541.0,17114.0,16016.0,79823.0,24710.0,13325.0,6231.0,16980.0,19046.0,6089.0,8071.0,11757.0,5983.0,25089.0,69044.0,42584.0,64220.0,63083.0
2022-09-13,16020.0,30980.0,36985.0,8807.0,12724.0,24955.0,49159.0,19569.0,10436.0,14606.0,49554.0,14560.0,91337.0,15014.0,33099.0,3090.0,20879.0,20437.0,8635.0,16392.0,13992.0,45193.0,7234.0,30467.0,77235.0,10645.0,16429.0,67632.0,4963.0,45615.0,15796.0,17490.0,5541.0,14383.0,15652.0,8291.0,3273.0,31076.0,14560.0,16299.0,13029.0,13459.0,36277.0,54385.0,18543.0,18683.0,94520.0,24519.0,16487.0,7835.0,21855.0,21786.0,7928.0,10871.0,14690.0,7726.0,33000.0,81662.0,51788.0,76904.0,67229.0
2022-09-14,16032.0,31923.0,38709.0,9292.0,13260.0,25202.0,53331.0,19880.0,10662.0,14980.0,49129.0,14915.0,95801.0,15481.0,32959.0,3364.0,22441.0,20880.0,8384.0,15648.0,14892.0,46146.0,6905.0,31400.0,81566.0,10592.0,16228.0,72655.0,5170.0,48107.0,16431.0,18584.0,5831.0,17286.0,16343.0,9023.0,3431.0,31457.0,15164.0,15433.0,13156.0,17703.0,41856.0,59244.0,20206.0,16581.0,111417.0,34343.0,17137.0,8106.0,25310.0,33748.0,7997.0,12760.0,14812.0,8040.0,35319.0,92722.0,52198.0,80983.0,68085.0
2022-09-15,16566.0,30542.0,34228.0,8510.0,11427.0,24982.0,48280.0,18645.0,9846.0,14594.0,45902.0,15167.0,87682.0,14022.0,30498.0,3394.0,21333.0,20526.0,7578.0,14929.0,12401.0,43208.0,6274.0,30273.0,78378.0,10484.0,15054.0,70097.0,4992.0,45990.0,16266.0,18535.0,5431.0,14414.0,16261.0,9171.0,3162.0,30503.0,15282.0,14883.0,12778.0,12795.0,38781.0,54678.0,20013.0,16016.0,96027.0,43855.0,15210.0,6792.0,22095.0,24909.0,7053.0,12340.0,14082.0,7339.0,33590.0,85823.0,48910.0,78953.0,66630.0
2022-09-16,15392.0,30553.0,41236.0,7123.0,12189.0,21151.0,51215.0,16500.0,8151.0,13278.0,31891.0,16125.0,80402.0,10539.0,21199.0,2707.0,22174.0,20707.0,6730.0,10586.0,11913.0,32396.0,5809.0,27800.0,76742.0,10849.0,13191.0,71103.0,5372.0,44950.0,16542.0,21176.0,5971.0,15038.0,17193.0,9672.0,3233.0,31367.0,17744.0,18041.0,12774.0,14803.0,47650.0,59905.0,19390.0,15641.0,98181.0,55438.0,12097.0,5277.0,25551.0,5151.0,12790.0,12913.0,6162.0,34150.0,81757.0,,41269.0,78314.0,72084.0
2022-09-20,17126.0,34297.0,39057.0,9245.0,14006.0,24642.0,36125.0,20421.0,10495.0,14942.0,47884.0,14696.0,87451.0,14372.0,31491.0,2797.0,20917.0,21988.0,8608.0,16357.0,15335.0,44313.0,7149.0,32255.0,63680.0,10817.0,15648.0,68157.0,4867.0,44488.0,15802.0,18143.0,4968.0,14124.0,15546.0,8563.0,3527.0,30862.0,13600.0,45046.0,12800.0,5867.0,33129.0,37486.0,18591.0,15464.0,87702.0,23990.0,15712.0,7174.0,18568.0,20998.0,7261.0,10915.0,14683.0,8877.0,34049.0,87533.0,51571.0,78687.0,71300.0
2022-09-21,17066.0,34376.0,40028.0,9208.0,13310.0,25534.0,46489.0,20740.0,11403.0,15458.0,51901.0,15522.0,94101.0,15161.0,34282.0,2845.0,21980.0,22295.0,9174.0,17191.0,15586.0,46369.0,7327.0,33514.0,78273.0,11004.0,16711.0,70747.0,5332.0,42590.0,16465.0,17993.0,5358.0,13942.0,16279.0,9186.0,3417.0,33269.0,15164.0,46545.0,13525.0,5919.0,36885.0,38093.0,19543.0,16393.0,92408.0,26776.0,16278.0,7668.0,20456.0,23235.0,7748.0,11289.0,15533.0,9047.0,35048.0,87534.0,54314.0,81966.0,71986.0
2022-09-22,18292.0,36909.0,40313.0,10086.0,13369.0,28130.0,53456.0,21598.0,11847.0,16549.0,54385.0,15908.0,103864.0,17832.0,35928.0,3284.0,23625.0,22227.0,9653.0,17441.0,15853.0,51559.0,7197.0,35404.0,81721.0,12164.0,17585.0,75485.0,5348.0,44372.0,17106.0,18866.0,5933.0,14845.0,16937.0,9613.0,3489.0,36431.0,17028.0,47427.0,14616.0,6284.0,38564.0,40650.0,20681.0,16854.0,98111.0,29383.0,17841.0,8111.0,21234.0,25445.0,8244.0,11653.0,14585.0,10211.0,36805.0,93817.0,55419.0,88932.0,70707.0
2022-09-23,16344.0,32280.0,39013.0,7643.0,11767.0,21697.0,52085.0,17499.0,9159.0,15465.0,32625.0,16065.0,82248.0,12357.0,22822.0,2556.0,21223.0,21321.0,7808.0,11903.0,13455.0,34866.0,6044.0,28359.0,74414.0,12330.0,13041.0,71741.0,5635.0,40445.0,16936.0,19883.0,6106.0,13880.0,16919.0,9892.0,3092.0,37771.0,16579.0,40386.0,13704.0,5711.0,43960.0,40999.0,19151.0,12950.0,90432.0,26074.0,12003.0,5579.0,20035.0,22029.0,5547.0,10923.0,11574.0,7606.0,33952.0,78099.0,44089.0,79328.0,73161.0
2022-09-26,14093.0,33556.0,35126.0,8232.0,11300.0,20712.0,45282.0,19271.0,9941.0,14448.0,35944.0,13701.0,76920.0,11189.0,26190.0,2425.0,19109.0,21560.0,8268.0,12747.0,16748.0,37107.0,6620.0,28254.0,66721.0,11561.0,13327.0,57821.0,5079.0,36901.0,15040.0,17643.0,4665.0,12228.0,14344.0,8354.0,2923.0,29646.0,13250.0,36427.0,11910.0,5008.0,30158.0,31821.0,16618.0,12719.0,79178.0,22905.0,12638.0,5868.0,16670.0,17118.0,5999.0,10268.0,12773.0,9770.0,30476.0,73127.0,44493.0,69916.0,68778.0
2022-09-27,16879.0,34131.0,38610.0,9707.0,12741.0,25464.0,49013.0,22514.0,10928.0,16200.0,49937.0,14853.0,92161.0,15176.0,33539.0,2772.0,20506.0,22854.0,9275.0,17250.0,17512.0,46734.0,7853.0,34747.0,78344.0,12179.0,16609.0,68318.0,5085.0,41573.0,16415.0,18172.0,5629.0,13442.0,15905.0,8615.0,3234.0,32255.0,14132.0,40639.0,13521.0,5169.0,33395.0,36325.0,18846.0,15369.0,89644.0,24485.0,15911.0,7667.0,18800.0,21153.0,7829.0,11540.0,14911.0,11587.0,34065.0,85206.0,52219.0,79887.0,73129.0
2022-09-28,17784.0,34726.0,42274.0,9811.0,13236.0,27092.0,51747.0,23009.0,11408.0,17276.0,53739.0,15905.0,97949.0,15967.0,34703.0,3170.0,21642.0,22931.0,9768.0,17568.0,18590.0,50461.0,7949.0,35069.0,82149.0,12614.0,17228.0,75784.0,5306.0,43347.0,16651.0,18282.0,5600.0,13778.0,16449.0,9243.0,3451.0,32455.0,16327.0,43044.0,14357.0,5803.0,37512.0,38788.0,19903.0,15660.0,93284.0,26382.0,16417.0,8212.0,20456.0,23226.0,8083.0,11743.0,15493.0,10869.0,35258.0,91702.0,55236.0,84482.0,75318.0
2022-09-29,20367.0,36453.0,42823.0,10564.0,13776.0,29900.0,54112.0,23314.0,13569.0,15947.0,56459.0,16300.0,105326.0,15777.0,36535.0,3470.0,23585.0,22871.0,9984.0,18508.0,18149.0,53106.0,8172.0,37684.0,85266.0,12860.0,18241.0,78724.0,5262.0,44911.0,17553.0,18950.0,6180.0,14536.0,17041.0,9479.0,3433.0,34078.0,16916.0,44290.0,14476.0,5800.0,39499.0,40091.0,21832.0,16051.0,100046.0,26301.0,17268.0,8527.0,21718.0,24696.0,8227.0,12229.0,16605.0,12014.0,36968.0,97258.0,57026.0,90576.0,76070.0
2022-09-30,18905.0,33515.0,44401.0,8396.0,12962.0,23933.0,54232.0,20380.0,9365.0,16689.0,34453.0,16913.0,88647.0,12199.0,23891.0,3257.0,22654.0,21729.0,7593.0,13383.0,15627.0,36939.0,7785.0,32795.0,80459.0,14084.0,14259.0,75797.0,5635.0,43294.0,17406.0,21421.0,6242.0,14710.0,17005.0,9976.0,3345.0,38486.0,18928.0,40157.0,13969.0,5910.0,47975.0,44069.0,20605.0,13176.0,95228.0,24851.0,12621.0,5596.0,22421.0,20977.0,5428.0,11415.0,13961.0,10193.0,35719.0,83190.0,44196.0,84518.0,77849.0
2022-10-03,15998.0,32310.0,37044.0,8223.0,11013.0,21172.0,45970.0,20875.0,9740.0,15701.0,38189.0,14368.0,78203.0,11951.0,25958.0,2673.0,21886.0,22386.0,8081.0,13109.0,18255.0,38853.0,7471.0,29972.0,70723.0,13431.0,14407.0,61246.0,5164.0,16704.0,4887.0,3175.0,32785.0,,,,,,13707.0,36821.0,12752.0,5397.0,32426.0,34398.0,17752.0,13571.0,82964.0,25335.0,13803.0,6217.0,17923.0,19878.0,6300.0,10583.0,13320.0,10270.0,30889.0,72823.0,46303.0,70948.0,70117.0
2022-10-04,19114.0,36942.0,42306.0,10877.0,11616.0,26009.0,50221.0,24287.0,11984.0,17050.0,53503.0,15522.0,96749.0,15539.0,35198.0,2926.0,21938.0,23233.0,10178.0,16928.0,20890.0,50742.0,9109.0,35559.0,64831.0,14142.0,16975.0,74647.0,5021.0,45875.0,17790.0,18023.0,5418.0,14164.0,16333.0,9642.0,3323.0,36325.0,14400.0,42107.0,13836.0,5648.0,34135.0,36814.0,19185.0,16327.0,92214.0,26789.0,16731.0,7922.0,19145.0,22036.0,7801.0,11555.0,15445.0,11885.0,35421.0,87696.0,53120.0,82849.0,73639.0
2022-10-05,17030.0,25224.0,8602.0,7509.0,3498.0,24091.0,28994.0,18549.0,8091.0,14879.0,37305.0,18621.0,62552.0,12687.0,24459.0,2741.0,18271.0,19197.0,7751.0,12122.0,11509.0,32192.0,6421.0,29413.0,63877.0,12054.0,13304.0,60967.0,5084.0,35017.0,16183.0,17269.0,4620.0,12633.0,15662.0,8931.0,2767.0,32373.0,14135.0,35684.0,12373.0,5318.0,33333.0,34205.0,18393.0,12218.0,65590.0,21383.0,16072.0,4211.0,13525.0,17976.0,6179.0,10078.0,10377.0,9147.0,27853.0,64890.0,45411.0,62805.0,61841.0
2022-10-06,21273.0,37835.0,42314.0,10500.0,14018.0,30479.0,45021.0,25007.0,12098.0,17926.0,56375.0,16578.0,99815.0,16782.0,36621.0,3150.0,24791.0,23736.0,10653.0,17944.0,19228.0,52908.0,9365.0,38916.0,87631.0,14639.0,18345.0,79942.0,5387.0,45829.0,18664.0,19467.0,5846.0,14528.0,17741.0,9919.0,3733.0,36575.0,17097.0,44949.0,14530.0,5920.0,41506.0,40047.0,20725.0,16013.0,100312.0,27975.0,17542.0,8106.0,22303.0,26348.0,8516.0,12371.0,16248.0,12734.0,38185.0,97307.0,57290.0,92477.0,75755.0
2022-10-07,22964.0,35678.0,44620.0,8416.0,12994.0,25382.0,47243.0,20969.0,19519.0,2163.0,,,,,,,,,,,,,,,,,,,5863.0,42517.0,18524.0,21183.0,6715.0,15185.0,18381.0,10622.0,3163.0,40826.0,18446.0,42255.0,13762.0,6158.0,50353.0,43110.0,20339.0,13684.0,97776.0,27623.0,12685.0,5866.0,22205.0,24575.0,5907.0,11652.0,13150.0,10380.0,36148.0,87387.0,49971.0,89067.0,80679.0
2022-10-10,16363.0,32938.0,36996.0,8646.0,11364.0,22842.0,48021.0,21034.0,10256.0,16505.0,39342.0,14870.0,79528.0,12816.0,27040.0,2997.0,22897.0,22684.0,8796.0,12695.0,17683.0,39348.0,8028.0,31517.0,70262.0,14552.0,14140.0,63626.0,5468.0,38569.0,17449.0,19202.0,5754.0,13589.0,15756.0,9433.0,3433.0,35957.0,14364.0,5539.0,34133.0,83450.0,,,,,,,14659.0,6329.0,19061.0,21166.0,6294.0,11096.0,13208.0,10693.0,31087.0,78221.0,46254.0,73243.0,70109.0
2022-10-11,19582.0,36617.0,41512.0,10761.0,12892.0,27198.0,51909.0,24456.0,12254.0,18161.0,53631.0,16073.0,96636.0,15846.0,36807.0,3063.0,23496.0,23841.0,10664.0,17870.0,20112.0,51269.0,9141.0,36590.0,81508.0,14790.0,17753.0,74849.0,5218.0,44056.0,18162.0,19834.0,6475.0,14399.0,17216.0,9587.0,3958.0,38564.0,45130.0,14173.0,40195.0,20953.0,16606.0,94546.0,28943.0,,,,17402.0,8069.0,20340.0,24893.0,8207.0,12640.0,15556.0,12604.0,36282.0,91461.0,56590.0,85438.0,75584.0
2022-10-12,19017.0,36466.0,44470.0,11464.0,13771.0,27822.0,53772.0,25436.0,12385.0,18014.0,55746.0,16936.0,102742.0,16333.0,36592.0,2987.0,22767.0,23379.0,10809.0,18113.0,19636.0,52052.0,9006.0,37254.0,83902.0,14585.0,17975.0,77021.0,5550.0,43898.0,18052.0,19843.0,6154.0,14492.0,17230.0,10058.0,6176.0,37850.0,17020.0,46355.0,14680.0,6138.0,39596.0,42736.0,21830.0,16850.0,98539.0,30494.0,17470.0,7858.0,22727.0,26363.0,7948.0,12135.0,16375.0,11501.0,37875.0,96514.0,55878.0,87532.0,74128.0
2022-10-13,20589.0,37620.0,44076.0,11361.0,13812.0,30023.0,54283.0,26060.0,12101.0,18797.0,56921.0,17382.0,106249.0,17072.0,36855.0,3317.0,23839.0,23279.0,10115.0,18771.0,19289.0,55267.0,8810.0,38636.0,81141.0,15192.0,18714.0,82083.0,5419.0,46273.0,18251.0,19504.0,6576.0,14618.0,17836.0,10001.0,5628.0,38901.0,17031.0,45880.0,14173.0,5822.0,40477.0,43302.0,21143.0,16255.0,99030.0,28098.0,17987.0,8102.0,22132.0,8599.0,12706.0,16637.0,12953.0,38315.0,99003.0,,56320.0,91255.0,87274.0
2022-10-14,19437.0,33486.0,42434.0,8883.0,11898.0,24836.0,50848.0,21016.0,9215.0,17536.0,33887.0,17846.0,86915.0,11564.0,23603.0,2699.0,22374.0,22849.0,8848.0,13102.0,16727.0,37628.0,7951.0,32581.0,79587.0,14746.0,14034.0,79681.0,5408.0,42438.0,18249.0,20617.0,6383.0,14531.0,18243.0,10314.0,5458.0,38808.0,17828.0,41745.0,13402.0,5934.0,48806.0,44633.0,20879.0,12560.0,93068.0,26812.0,12776.0,24387.0,83922.0,,,,,,,,45550.0,84201.0,75725.0
2022-10-17,16248.0,31346.0,38118.0,8255.0,11165.0,21056.0,46680.0,20372.0,9585.0,15562.0,36813.0,14399.0,77527.0,11893.0,26644.0,2453.0,21137.0,22243.0,8430.0,13069.0,17668.0,38165.0,7268.0,30013.0,64744.0,13277.0,13314.0,61982.0,4960.0,38819.0,16000.0,18072.0,5318.0,12732.0,15074.0,8954.0,3148.0,36757.0,14576.0,36689.0,12285.0,5365.0,32338.0,34828.0,17653.0,13058.0,80913.0,26189.0,13907.0,6666.0,17717.0,20044.0,5192.0,10020.0,13098.0,10293.0,28486.0,73378.0,45175.0,70926.0,69798.0
2022-10-18,18779.0,36042.0,42160.0,10464.0,13099.0,26538.0,50991.0,23769.0,11715.0,17945.0,50806.0,15996.0,95665.0,16177.0,35166.0,2921.0,23856.0,23793.0,9912.0,17438.0,20211.0,49659.0,8875.0,35632.0,76582.0,14435.0,16861.0,74142.0,5196.0,43833.0,17619.0,19532.0,6125.0,14384.0,16752.0,9408.0,3465.0,39549.0,15842.0,41479.0,14135.0,6111.0,36748.0,39769.0,19775.0,15484.0,93878.0,29461.0,16937.0,7619.0,20991.0,24255.0,8257.0,11243.0,15529.0,12098.0,35237.0,89520.0,54260.0,86232.0,75340.0
2022-10-19,18037.0,34617.0,44053.0,10163.0,13443.0,27798.0,53871.0,24430.0,11710.0,17698.0,50194.0,16658.0,99404.0,16575.0,35630.0,2955.0,23692.0,23330.0,9708.0,17529.0,20016.0,51202.0,8855.0,35834.0,77908.0,14733.0,17474.0,77810.0,5406.0,44933.0,17603.0,19793.0,6031.0,14560.0,16679.0,9992.0,3509.0,39914.0,17199.0,44111.0,14663.0,5728.0,40935.0,42053.0,20494.0,15342.0,92726.0,29043.0,16819.0,8110.0,21789.0,24571.0,8159.0,11273.0,16328.0,11439.0,36497.0,93618.0,54866.0,87841.0,72994.0
2022-10-20,20843.0,36358.0,48624.0,11095.0,14489.0,30645.0,56692.0,24936.0,12353.0,18606.0,53781.0,16838.0,106481.0,16905.0,37146.0,3115.0,24421.0,22769.0,10504.0,18265.0,20829.0,56913.0,9278.0,36941.0,85222.0,15569.0,17173.0,80258.0,5695.0,43557.0,17783.0,19541.0,5788.0,14397.0,16799.0,9842.0,3437.0,41360.0,17532.0,44421.0,14045.0,5740.0,42595.0,35020.0,20735.0,15368.0,98819.0,28080.0,17926.0,8669.0,22490.0,25192.0,7989.0,12253.0,16633.0,12360.0,38665.0,100063.0,55810.0,91035.0,75057.0
2022-10-21,18975.0,31750.0,43794.0,7824.0,12153.0,24149.0,50950.0,20407.0,8807.0,16772.0,32427.0,17165.0,84719.0,11483.0,22992.0,2583.0,22111.0,22490.0,8291.0,12657.0,17181.0,37143.0,7609.0,31497.0,76087.0,14492.0,13260.0,76351.0,5602.0,40255.0,17220.0,20869.0,5673.0,13811.0,17190.0,10043.0,2992.0,42808.0,18431.0,39044.0,13320.0,5694.0,48865.0,43114.0,19293.0,11500.0,89971.0,24860.0,12541.0,5334.0,21839.0,22455.0,5004.0,10496.0,12750.0,9740.0,35116.0,80219.0,42404.0,80440.0,77195.0
2022-10-24,14452.0,31564.0,34717.0,7433.0,11657.0,21321.0,46109.0,19852.0,9953.0,14986.0,35424.0,14181.0,80132.0,12987.0,25011.0,2865.0,25344.0,22273.0,8243.0,12810.0,16341.0,37333.0,7245.0,28919.0,73389.0,13391.0,13947.0,65525.0,5159.0,48219.0,16036.0,20747.0,5485.0,14044.0,14955.0,9524.0,3000.0,40788.0,17380.0,38121.0,12135.0,5706.0,41029.0,40178.0,16547.0,11967.0,82330.0,31240.0,13802.0,5502.0,19459.0,21846.0,5745.0,9279.0,12691.0,9658.0,29455.0,76745.0,43614.0,74907.0,88143.0
2022-10-25,17735.0,35919.0,40148.0,9491.0,12694.0,26233.0,51055.0,22938.0,11351.0,17310.0,48694.0,15441.0,95325.0,16458.0,34484.0,3381.0,27850.0,23308.0,10124.0,16453.0,19417.0,48688.0,8517.0,34119.0,82577.0,14098.0,16917.0,76174.0,5583.0,53152.0,17501.0,21203.0,5920.0,14874.0,16819.0,10010.0,3510.0,42083.0,17608.0,44309.0,13592.0,6257.0,44253.0,44273.0,19101.0,14762.0,94550.0,35170.0,17125.0,7588.0,22686.0,25867.0,7827.0,10828.0,14936.0,10915.0,34641.0,90326.0,52237.0,88247.0,77429.0
2022-10-26,17424.0,35649.0,41212.0,9226.0,14449.0,27405.0,52975.0,22999.0,11349.0,17959.0,49206.0,16204.0,102762.0,16295.0,33906.0,3169.0,28432.0,22663.0,9224.0,16362.0,18123.0,49488.0,8411.0,36357.0,87921.0,14974.0,17177.0,80325.0,5739.0,54868.0,17673.0,23072.0,5922.0,15185.0,17122.0,10611.0,3539.0,46792.0,21547.0,46344.0,14581.0,6915.0,49917.0,49347.0,19408.0,15042.0,101278.0,34512.0,17796.0,7382.0,24959.0,28587.0,7837.0,10936.0,15697.0,10039.0,36471.0,97801.0,52978.0,90499.0,79046.0
2022-10-27,19096.0,38625.0,41641.0,10006.0,14781.0,29978.0,55917.0,23512.0,12321.0,18157.0,52845.0,16838.0,106960.0,18511.0,34723.0,3363.0,30463.0,22895.0,10285.0,17170.0,18819.0,54258.0,9263.0,38805.0,91969.0,15874.0,17912.0,84535.0,6003.0,53694.0,18891.0,23767.0,6161.0,15149.0,17385.0,10652.0,3803.0,46869.0,21919.0,46083.0,14653.0,7100.0,51163.0,49641.0,19535.0,15242.0,107255.0,33265.0,18601.0,8003.0,25778.0,30644.0,8617.0,11394.0,15820.0,11058.0,36828.0,103187.0,55146.0,95993.0,88340.0
2022-10-28,18466.0,34616.0,41428.0,7683.0,13241.0,25201.0,54680.0,20411.0,9107.0,17950.0,33772.0,17020.0,91782.0,12825.0,22136.0,3133.0,28441.0,23479.0,8337.0,12334.0,16415.0,36533.0,7585.0,32821.0,84565.0,15133.0,14565.0,83162.0,6076.0,50793.0,18849.0,24083.0,6429.0,15300.0,18517.0,11069.0,3308.0,46632.0,20544.0,42581.0,14148.0,6751.0,58084.0,51338.0,18820.0,11785.0,97797.0,31074.0,13784.0,5616.0,24277.0,27871.0,5422.0,10631.0,13297.0,9593.0,35274.0,88625.0,44582.0,90498.0,81922.0
2022-10-31,15909.0,32578.0,35967.0,8160.0,11032.0,22499.0,47248.0,20790.0,10348.0,15286.0,38334.0,14338.0,77393.0,13258.0,26858.0,2854.0,23243.0,21787.0,8483.0,13401.0,17057.0,39053.0,7770.0,27800.0,69248.0,13911.0,14036.0,58741.0,5487.0,43271.0,16790.0,20749.0,5412.0,12976.0,17240.0,9148.0,3173.0,37332.0,13838.0,37420.0,13597.0,5884.0,35954.0,40913.0,18140.0,13487.0,79023.0,28275.0,14661.0,6206.0,17367.0,19177.0,6321.0,10178.0,11426.0,7218.0,30642.0,75150.0,45603.0,73814.0,70427.0
2022-11-01,19280.0,36839.0,41411.0,10013.0,13527.0,27750.0,51955.0,24198.0,12601.0,17537.0,53122.0,15829.0,97216.0,16445.0,37647.0,4219.0,26537.0,23378.0,10733.0,18134.0,20293.0,53037.0,9212.0,34894.0,76224.0,14657.0,16933.0,70389.0,5791.0,49606.0,17959.0,20585.0,5410.0,13675.0,17458.0,9215.0,3591.0,41943.0,16032.0,42994.0,14190.0,5497.0,37259.0,41978.0,19884.0,16181.0,93725.0,30717.0,18340.0,8096.0,20792.0,23147.0,8038.0,11966.0,16286.0,8827.0,35928.0,91268.0,56606.0,85737.0,72996.0
2022-11-02,19646.0,35716.0,43596.0,9998.0,14080.0,29015.0,54646.0,23943.0,12380.0,17879.0,54165.0,16602.0,102617.0,17846.0,38553.0,3111.0,25453.0,23473.0,11260.0,18417.0,19785.0,53668.0,9472.0,36013.0,85975.0,14748.0,17868.0,75508.0,5810.0,54042.0,18533.0,20896.0,5696.0,14837.0,18336.0,9782.0,3645.0,40788.0,18437.0,45783.0,14820.0,6232.0,43489.0,48157.0,21417.0,17234.0,99718.0,32506.0,18260.0,8680.0,22637.0,25219.0,8699.0,11707.0,16800.0,9500.0,36572.0,95473.0,55544.0,89362.0,73755.0
2022-11-03,21036.0,36381.0,39281.0,9256.0,13124.0,29778.0,38854.0,23922.0,11724.0,17537.0,52060.0,16641.0,98335.0,16146.0,36583.0,3155.0,23211.0,22293.0,10171.0,17156.0,17760.0,54226.0,8921.0,34603.0,82057.0,14915.0,17132.0,73350.0,5581.0,50866.0,18255.0,21184.0,6133.0,14358.0,18117.0,10122.0,3338.0,40376.0,17551.0,43911.0,13848.0,5813.0,40674.0,43522.0,19928.0,15085.0,96887.0,27665.0,17049.0,7735.0,20569.0,22741.0,7312.0,11921.0,16019.0,8395.0,37359.0,93034.0,53376.0,89378.0,73927.0
2022-11-04,19779.0,33575.0,33856.0,8013.0,12851.0,25212.0,50172.0,20130.0,9353.0,16469.0,34316.0,17376.0,90903.0,11708.0,24017.0,2722.0,23554.0,23043.0,8306.0,12409.0,15599.0,39349.0,7804.0,29903.0,81268.0,15303.0,13824.0,75400.0,5863.0,51394.0,18149.0,22327.0,6150.0,14134.0,19162.0,10286.0,38958.0,,18472.0,41992.0,14164.0,6490.0,50494.0,48338.0,20552.0,12424.0,89621.0,28042.0,13266.0,5407.0,21636.0,24091.0,5665.0,10608.0,12931.0,6936.0,32280.0,82988.0,43998.0,84525.0,77572.0
2022-11-07,14194.0,23736.0,19173.0,6987.0,6125.0,18949.0,23847.0,16350.0,7524.0,12649.0,29453.0,13633.0,64248.0,10626.0,23357.0,3421.0,16260.0,21417.0,7293.0,11326.0,9243.0,32830.0,5586.0,25970.0,56370.0,10524.0,12233.0,56738.0,4519.0,42262.0,15086.0,17307.0,4482.0,11596.0,14539.0,8596.0,2434.0,30777.0,11544.0,32960.0,10699.0,4583.0,27875.0,29704.0,16538.0,10874.0,65385.0,21732.0,10529.0,3926.0,12110.0,15017.0,5637.0,9520.0,11239.0,9010.0,22101.0,49662.0,40911.0,72131.0,64895.0
2022-11-08,18454.0,32402.0,33567.0,9967.0,10521.0,27409.0,39225.0,22236.0,11091.0,16659.0,55967.0,15868.0,95963.0,16191.0,38271.0,4069.0,20805.0,24611.0,10205.0,18471.0,14314.0,57893.0,8413.0,35794.0,77641.0,12155.0,1825.0,75957.0,4644.0,54527.0,17161.0,18965.0,5055.0,13723.0,16590.0,8843.0,3335.0,36895.0,14652.0,42304.0,14010.0,5503.0,34102.0,36436.0,20168.0,16059.0,90890.0,27740.0,16450.0,8145.0,19414.0,22060.0,8842.0,11801.0,15869.0,11955.0,82671.0,,53667.0,82702.0,74289.0
2022-11-09,19915.0,30400.0,28691.0,8755.0,11737.0,26272.0,36695.0,20740.0,9943.0,15814.0,47692.0,16235.0,88359.0,15180.0,35081.0,3307.0,19170.0,23949.0,8605.0,15450.0,12193.0,51637.0,7474.0,32197.0,76604.0,11302.0,13869.0,74629.0,4622.0,53122.0,16511.0,18451.0,5047.0,13071.0,16711.0,9164.0,3301.0,33315.0,15115.0,42604.0,13272.0,20309.0,14262.0,86980.0,25220.0,,,,33434.0,,,,,,,,,,52685.0,81015.0,83048.0
2022-11-10,18.0,5.0,,,,,,,1.0,,53942.0,4060.0,7570.0,5856.0,,,,,1.0,46944.0,1.0,47025.0,,,,,,,1.0,38434.0,1.0,,,,,,,,13.0,47.0,2.0,4.0,1.0,,,,,,5.0,1.0,2.0,5.0,,,,,,,1.0,58123.0,
2022-11-11,20303.0,31208.0,43870.0,7040.0,12360.0,23822.0,41303.0,19453.0,7863.0,14645.0,35758.0,15683.0,89357.0,12326.0,26140.0,19636.0,26391.0,,6900.0,11849.0,13126.0,6946.0,29207.0,11705.0,9494.0,,,,57530.0,16228.0,2884.0,,,,,,,,16851.0,5483.0,51701.0,46194.0,18984.0,11524.0,87294.0,26928.0,,,12649.0,5079.0,20608.0,23667.0,5325.0,10477.0,11439.0,9333.0,33330.0,79137.0,39972.0,80207.0,84378.0
2022-11-14,15905.0,30684.0,38971.0,8656.0,11700.0,22126.0,38289.0,20967.0,10076.0,14603.0,37775.0,14401.0,77406.0,11900.0,30771.0,2609.0,18986.0,24156.0,8216.0,12931.0,16792.0,46903.0,7473.0,29511.0,66400.0,12591.0,12995.0,65889.0,4808.0,48745.0,15595.0,19408.0,4714.0,12098.0,15316.0,8075.0,2999.0,34344.0,13942.0,37949.0,12404.0,5254.0,32446.0,33414.0,18477.0,13250.0,81512.0,24798.0,13605.0,6052.0,17047.0,19474.0,6169.0,10464.0,13048.0,9822.0,31256.0,75351.0,45992.0,70455.0,72353.0
2022-11-15,12909.0,34236.0,44001.0,10599.0,14197.0,29442.0,43356.0,24350.0,12069.0,17440.0,54003.0,15872.0,96725.0,16380.0,41295.0,2831.0,20623.0,25065.0,10530.0,17389.0,19540.0,62735.0,9758.0,36008.0,74548.0,13777.0,16236.0,77425.0,5014.0,56110.0,16645.0,19735.0,4883.0,12798.0,16161.0,8689.0,3660.0,37088.0,14843.0,43051.0,13530.0,5531.0,35515.0,37144.0,20182.0,16657.0,94053.0,27862.0,17760.0,8186.0,20048.0,22851.0,8064.0,12090.0,16477.0,12405.0,34374.0,95993.0,54575.0,86331.0,76687.0
2022-11-16,20338.0,33629.0,46221.0,9974.0,15311.0,30060.0,45061.0,24865.0,12801.0,18356.0,56537.0,16862.0,102379.0,17161.0,41017.0,2987.0,23484.0,25465.0,9800.0,18555.0,18713.0,64304.0,10156.0,37665.0,82887.0,14123.0,16914.0,83439.0,5266.0,58540.0,17359.0,21433.0,4950.0,14524.0,17252.0,9424.0,3582.0,36919.0,18405.0,44936.0,14738.0,6063.0,41414.0,42834.0,21640.0,16617.0,96922.0,27811.0,17833.0,8492.0,22821.0,24267.0,8312.0,12093.0,16998.0,12107.0,37395.0,98072.0,54966.0,89557.0,77981.0
2022-11-17,22136.0,36174.0,47736.0,10481.0,15563.0,31957.0,45851.0,25000.0,12775.0,18128.0,59051.0,17789.0,109417.0,18276.0,41781.0,3364.0,26139.0,25091.0,10341.0,18773.0,19293.0,67064.0,9240.0,36631.0,87031.0,14372.0,17432.0,87815.0,5364.0,60280.0,18018.0,21606.0,5630.0,15618.0,17866.0,9428.0,3569.0,39428.0,17321.0,45886.0,14926.0,6445.0,43563.0,43496.0,22316.0,16334.0,103602.0,27955.0,18331.0,8591.0,23932.0,26580.0,8400.0,12844.0,16811.0,13337.0,38703.0,103996.0,56361.0,95855.0,78979.0
2022-11-18,19623.0,33102.0,47243.0,7743.0,13350.0,25360.0,43887.0,21162.0,9467.0,16640.0,34743.0,18079.0,87407.0,12573.0,26858.0,3236.0,28093.0,25210.0,8080.0,12101.0,16321.0,47021.0,7940.0,32100.0,82664.0,14575.0,13840.0,85963.0,5618.0,58442.0,18355.0,25861.0,5825.0,22129.0,18697.0,9945.0,3049.0,40175.0,20898.0,43954.0,14007.0,14697.0,54335.0,48686.0,21442.0,12345.0,95755.0,26148.0,12769.0,5443.0,21666.0,24446.0,5279.0,11435.0,10104.0,9817.0,34311.0,89640.0,45260.0,88347.0,80349.0
2022-11-21,14167.0,29947.0,38904.0,8089.0,12261.0,22435.0,40153.0,20832.0,9502.0,14366.0,37794.0,14150.0,75054.0,12669.0,28949.0,2293.0,17270.0,22432.0,8055.0,13183.0,15926.0,42793.0,7791.0,29821.0,67551.0,13451.0,13210.0,60386.0,4984.0,46779.0,16142.0,21954.0,2296.0,16900.0,14950.0,9079.0,3012.0,36441.0,14711.0,36899.0,12249.0,8983.0,32704.0,33747.0,18209.0,12696.0,80962.0,23500.0,14200.0,6207.0,17378.0,17477.0,5985.0,10201.0,4414.0,9873.0,30866.0,78371.0,43007.0,71414.0,69237.0
2022-11-22,18409.0,34449.0,43248.0,10196.0,14273.0,27652.0,42304.0,24449.0,11976.0,16800.0,54158.0,15550.0,93232.0,16805.0,40285.0,3046.0,22737.0,25074.0,9916.0,13362.0,18669.0,60073.0,9411.0,35934.0,82372.0,14022.0,16094.0,77126.0,5170.0,58037.0,17260.0,22284.0,3370.0,17588.0,17154.0,9136.0,3504.0,36299.0,16388.0,46508.0,14028.0,10914.0,37704.0,39767.0,21549.0,16411.0,93937.0,29422.0,17550.0,7990.0,21237.0,24737.0,8149.0,12770.0,4564.0,12124.0,35129.0,100492.0,54278.0,86723.0,77509.0
2022-11-23,20391.0,33730.0,45547.0,10165.0,15166.0,28778.0,44789.0,24187.0,14766.0,11290.0,55371.0,16548.0,99291.0,17013.0,40294.0,3038.0,22527.0,25587.0,9382.0,14193.0,18243.0,60702.0,9163.0,38271.0,67350.0,14134.0,17007.0,86466.0,5368.0,63942.0,17682.0,22751.0,4474.0,19079.0,17545.0,9625.0,3828.0,37091.0,17887.0,47305.0,15119.0,10161.0,41633.0,45309.0,21133.0,16464.0,100802.0,28602.0,17599.0,8335.0,22531.0,25498.0,7966.0,9691.0,10939.0,11372.0,29439.0,102379.0,53838.0,90152.0,75897.0
2022-11-24,19494.0,36277.0,45560.0,10206.0,15929.0,31347.0,46097.0,23930.0,13220.0,16182.0,58645.0,17065.0,104740.0,17799.0,40333.0,2941.0,24560.0,25106.0,9507.0,14433.0,17284.0,64058.0,9227.0,39531.0,91589.0,13977.0,19230.0,85823.0,5488.0,62035.0,18457.0,25521.0,5383.0,20181.0,18108.0,9858.0,3650.0,39410.0,19833.0,48115.0,15213.0,11110.0,43728.0,46111.0,22319.0,16758.0,103940.0,27539.0,19422.0,11914.0,22936.0,26486.0,1739.0,12586.0,14447.0,11904.0,36410.0,100962.0,51973.0,94938.0,79956.0
2022-11-25,19603.0,32712.0,44038.0,8319.0,13825.0,25324.0,46042.0,23690.0,10560.0,13919.0,34895.0,17813.0,88416.0,12484.0,25868.0,2536.0,24253.0,25629.0,7755.0,9656.0,15743.0,46759.0,8110.0,32650.0,91468.0,14519.0,13883.0,90750.0,5796.0,71345.0,18209.0,31779.0,5823.0,23592.0,19167.0,10627.0,3500.0,41154.0,23368.0,49498.0,15004.0,10100.0,56137.0,55413.0,22765.0,13077.0,95606.0,27346.0,13823.0,5904.0,22930.0,25544.0,4937.0,12254.0,8747.0,8743.0,31843.0,91934.0,44180.0,92413.0,91089.0
2022-11-28,15606.0,30806.0,37866.0,7959.0,12145.0,21993.0,36844.0,20911.0,10839.0,14311.0,38242.0,14239.0,75837.0,12333.0,28811.0,2598.0,20811.0,23147.0,7777.0,12638.0,15821.0,46548.0,7595.0,30121.0,71767.0,13025.0,13266.0,67798.0,4910.0,54199.0,15892.0,23605.0,4561.0,18320.0,15810.0,8521.0,3135.0,33864.0,16362.0,39543.0,12249.0,11509.0,36044.0,37709.0,19065.0,13450.0,81478.0,27780.0,13410.0,5982.0,19474.0,20479.0,5786.0,10558.0,12255.0,9898.0,30462.0,77618.0,44963.0,73195.0,75624.0
2022-11-29,20079.0,34044.0,41689.0,11156.0,12415.0,28424.0,41867.0,25758.0,11866.0,17170.0,49593.0,14942.0,95764.0,16011.0,40063.0,2881.0,21793.0,25027.0,9386.0,14962.0,18464.0,63067.0,9683.0,33521.0,58583.0,13963.0,14327.0,84518.0,5056.0,64477.0,16552.0,22792.0,4593.0,16393.0,16875.0,8686.0,3166.0,35047.0,16428.0,47258.0,13409.0,10265.0,37570.0,39871.0,21263.0,15811.0,93531.0,27136.0,16869.0,8416.0,20475.0,23485.0,8430.0,12130.0,15492.0,12276.0,35128.0,92226.0,53219.0,87185.0,76890.0
2022-11-30,19364.0,33464.0,45869.0,9814.0,14589.0,29127.0,43333.0,24390.0,12042.0,16832.0,53494.0,16303.0,97834.0,16552.0,39496.0,3056.0,21685.0,25340.0,9760.0,17957.0,17078.0,62625.0,8950.0,32464.0,78560.0,11572.0,17235.0,88592.0,4593.0,66456.0,17387.0,21054.0,5314.0,19108.0,17342.0,9781.0,3539.0,36646.0,14407.0,52411.0,13258.0,7614.0,43212.0,42056.0,22805.0,16075.0,99029.0,27540.0,17565.0,7964.0,23029.0,27599.0,8122.0,11460.0,16297.0,9479.0,35730.0,96283.0,55072.0,88949.0,77333.0
2022-12-01,20043.0,36588.0,48595.0,10571.0,15671.0,32309.0,46916.0,25334.0,12773.0,18370.0,57785.0,17056.0,107096.0,18091.0,41714.0,2964.0,24918.0,25474.0,10285.0,17720.0,19513.0,66595.0,10047.0,40627.0,88296.0,15543.0,17516.0,92425.0,5332.0,68324.0,18372.0,25239.0,5832.0,21928.0,18690.0,9933.0,3775.0,37562.0,19404.0,53501.0,14878.0,10439.0,48531.0,47042.0,23900.0,16760.0,107724.0,29975.0,18256.0,8304.0,26415.0,29106.0,8464.0,12684.0,17135.0,12770.0,38410.0,106762.0,58093.0,99524.0,80691.0
2022-12-02,19876.0,34054.0,48809.0,8311.0,14075.0,26894.0,45534.0,21545.0,10171.0,17672.0,37348.0,18284.0,92266.0,12427.0,27168.0,2887.0,24412.0,24909.0,7985.0,12954.0,16236.0,48454.0,8540.0,34793.0,89249.0,16297.0,14466.0,94351.0,5774.0,68837.0,18947.0,34432.0,6090.0,25477.0,19712.0,10626.0,3268.0,40123.0,25195.0,51328.0,14629.0,19764.0,62894.0,57214.0,23319.0,13041.0,101080.0,27415.0,13656.0,5863.0,26267.0,28136.0,5976.0,12882.0,13724.0,10652.0,36535.0,93547.0,44977.0,94735.0,83415.0
2022-12-05,16892.0,31353.0,39106.0,8130.0,12279.0,22841.0,38580.0,21115.0,9979.0,11381.0,39968.0,15113.0,77490.0,13096.0,30554.0,2539.0,22071.0,23928.0,8322.0,13164.0,15634.0,49265.0,8132.0,29822.0,74603.0,14142.0,13794.0,72735.0,5217.0,57934.0,16960.0,28629.0,4500.0,20498.0,17033.0,8739.0,3021.0,36181.0,18503.0,42597.0,12831.0,15664.0,39282.0,41434.0,20030.0,13527.0,86250.0,27113.0,,,,,,,,,,,42588.0,75281.0,73763.0
2022-12-06,21374.0,35629.0,45247.0,10233.0,14470.0,29658.0,44895.0,25005.0,11844.0,17320.0,57860.0,16443.0,99419.0,17993.0,40635.0,3173.0,25149.0,26005.0,10064.0,17694.0,18861.0,63976.0,9769.0,37615.0,87018.0,15423.0,18259.0,87321.0,5494.0,66318.0,18361.0,27687.0,5245.0,22089.0,18754.0,9548.0,3573.0,39417.0,19970.0,51459.0,14405.0,14835.0,44323.0,48615.0,23407.0,16847.0,99552.0,31137.0,18101.0,8477.0,25421.0,27722.0,8430.0,12579.0,16328.0,12734.0,36701.0,99038.0,53585.0,92200.0,79681.0
2022-12-07,22079.0,36000.0,43501.0,10080.0,16060.0,31030.0,47556.0,25226.0,12491.0,18283.0,60629.0,17734.0,106582.0,18190.0,41189.0,3241.0,25043.0,25538.0,9825.0,17630.0,19667.0,65076.0,9784.0,39532.0,91606.0,15799.0,18248.0,92779.0,5948.0,68337.0,18905.0,29505.0,6070.0,23139.0,19428.0,10469.0,4064.0,39496.0,22276.0,52175.0,15349.0,15726.0,48510.0,50941.0,24111.0,17737.0,106030.0,31252.0,18767.0,8481.0,26666.0,29797.0,9002.0,12548.0,16892.0,12227.0,38429.0,106581.0,56030.0,96217.0,81353.0
2022-12-08,17647.0,37775.0,50609.0,10546.0,16659.0,34271.0,49414.0,25932.0,12279.0,19305.0,61634.0,17752.0,114253.0,18451.0,41842.0,3504.0,27919.0,25664.0,10309.0,17015.0,19365.0,68685.0,9817.0,42612.0,94646.0,17233.0,20335.0,97629.0,5899.0,70486.0,19820.0,31417.0,5665.0,24212.0,20458.0,10580.0,3524.0,42949.0,24533.0,55600.0,15256.0,18219.0,53830.0,55155.0,24342.0,17763.0,113565.0,31754.0,19834.0,9004.0,28117.0,30990.0,9264.0,13449.0,17692.0,13095.0,39795.0,111728.0,57737.0,104009.0,82557.0
2022-12-09,16277.0,33892.0,49503.0,7945.0,14715.0,27224.0,46531.0,19915.0,9438.0,17814.0,40837.0,18196.0,93310.0,13900.0,27227.0,2780.0,26567.0,24894.0,7504.0,13197.0,16600.0,48649.0,7956.0,36248.0,93655.0,17167.0,15157.0,96283.0,6231.0,69054.0,19635.0,37991.0,6274.0,27313.0,21007.0,11558.0,3438.0,42779.0,26384.0,57640.0,15081.0,14488.0,63871.0,60056.0,22996.0,13880.0,105746.0,31143.0,13834.0,6153.0,29060.0,29791.0,6188.0,12616.0,15373.0,10818.0,32318.0,97056.0,44313.0,98269.0,80034.0
2022-12-12,12235.0,25829.0,31385.0,6549.0,11286.0,17423.0,36885.0,17738.0,14001.0,33539.0,10682.0,73117.0,11481.0,23645.0,2067.0,20093.0,23505.0,,6129.0,7729.0,12880.0,41406.0,4100.0,23262.0,64645.0,11769.0,9975.0,67827.0,4732.0,53886.0,14918.0,25698.0,4291.0,16650.0,14460.0,7713.0,2335.0,31933.0,16270.0,14828.0,35089.0,10741.0,,,,,,,11395.0,4559.0,14696.0,17362.0,5375.0,9076.0,1768.0,6807.0,27087.0,77704.0,38745.0,61952.0,66934.0
2022-12-13,16156.0,22927.0,12600.0,7001.0,4388.0,20525.0,25883.0,17477.0,11761.0,28957.0,12857.0,,,,,,,,7173.0,9923.0,22620.0,61593.0,11249.0,10386.0,,,,,3920.0,44885.0,14707.0,21676.0,2704.0,14403.0,14590.0,7606.0,2190.0,32387.0,14934.0,37236.0,11247.0,11071.0,33315.0,33827.0,18129.0,9627.0,53760.0,20713.0,9734.0,4569.0,12921.0,16803.0,5861.0,9115.0,8890.0,7736.0,18557.0,38246.0,37485.0,64423.0,65930.0
2022-12-14,12893.0,22858.0,13499.0,6891.0,4540.0,23635.0,24816.0,18320.0,6762.0,53221.0,12282.0,22813.0,2319.0,13407.0,19005.0,,,,9983.0,27570.0,5339.0,58599.0,,,,,,,4249.0,46704.0,14648.0,21803.0,3803.0,16750.0,15154.0,7591.0,2363.0,30808.0,15518.0,38500.0,11403.0,11797.0,38016.0,35754.0,19293.0,10727.0,56264.0,21841.0,9348.0,4031.0,13765.0,17889.0,5503.0,9495.0,9550.0,7579.0,19131.0,40660.0,38873.0,68595.0,66776.0
2022-12-15,19576.0,28088.0,27808.0,8612.0,7440.0,26781.0,36765.0,22134.0,9134.0,16162.0,46045.0,16166.0,86147.0,15552.0,32559.0,2526.0,19603.0,23255.0,8334.0,14360.0,13738.0,51954.0,6988.0,32151.0,83743.0,12623.0,15363.0,83033.0,4560.0,63229.0,16379.0,25288.0,4499.0,20254.0,17184.0,8581.0,2964.0,34836.0,19385.0,45528.0,12888.0,14876.0,46514.0,44403.0,21759.0,13652.0,90473.0,24069.0,13691.0,7020.0,21783.0,23390.0,7212.0,10265.0,13380.0,8753.0,32659.0,81207.0,47330.0,85351.0,76768.0
2022-12-16,17150.0,23502.0,15455.0,6146.0,4653.0,21422.0,26278.0,16812.0,6575.0,12668.0,26865.0,17550.0,56660.0,10553.0,16762.0,2388.0,14905.0,19021.0,6108.0,6511.0,9248.0,23646.0,6311.0,27892.0,73551.0,12193.0,11303.0,68702.0,3924.0,53330.0,14712.0,26965.0,5294.0,22151.0,16500.0,9713.0,2236.0,32667.0,20217.0,42472.0,10509.0,17032.0,54100.0,44859.0,18364.0,8344.0,59131.0,19851.0,6612.0,2580.0,16264.0,19250.0,4005.0,8624.0,9354.0,5734.0,19918.0,46411.0,38976.0,77574.0,76575.0
2022-12-19,12364.0,24567.0,37912.0,6811.0,7954.0,18813.0,36618.0,16673.0,8713.0,12575.0,33308.0,13254.0,70732.0,11997.0,24248.0,2107.0,21391.0,20728.0,6349.0,10301.0,11374.0,39935.0,6018.0,23844.0,90514.0,11020.0,12306.0,76922.0,5120.0,62453.0,14051.0,33496.0,4149.0,21532.0,14591.0,8519.0,2479.0,34944.0,22787.0,43975.0,12337.0,18787.0,53016.0,49789.0,19089.0,11396.0,85384.0,26151.0,12133.0,5380.0,18797.0,24006.0,5348.0,9347.0,11696.0,6129.0,22765.0,72210.0,37372.0,71930.0,76312.0
2022-12-20,15648.0,26591.0,36631.0,7724.0,8394.0,21026.0,35915.0,18787.0,9357.0,13690.0,40399.0,14142.0,82110.0,15252.0,27656.0,2260.0,23503.0,21871.0,6477.0,11923.0,11990.0,46029.0,6911.0,26960.0,77903.0,10916.0,13876.0,88520.0,5381.0,81498.0,14270.0,33801.0,4623.0,23131.0,16417.0,9074.0,2616.0,,21517.0,49711.0,14009.0,19683.0,59773.0,54731.0,20844.0,12792.0,94060.0,29408.0,14088.0,6654.0,24031.0,29180.0,6445.0,9333.0,12485.0,6874.0,23734.0,79817.0,41690.0,84132.0,78663.0
2022-12-21,14658.0,24765.0,33798.0,6508.0,8120.0,19050.0,34865.0,16282.0,8164.0,13188.0,33738.0,13731.0,76209.0,12533.0,24385.0,2193.0,22223.0,20833.0,6092.0,10129.0,10751.0,41150.0,5479.0,25686.0,88842.0,10179.0,12614.0,82438.0,35296.0,,,,,,,,,,20516.0,45538.0,14057.0,18911.0,59765.0,52430.0,20018.0,10586.0,88677.0,25437.0,11489.0,5534.0,22906.0,26767.0,5286.0,8921.0,11229.0,6250.0,22563.0,72148.0,38763.0,79752.0,79717.0
2022-12-22,14124.0,22497.0,31053.0,5606.0,7455.0,16084.0,31515.0,14634.0,7112.0,11815.0,27274.0,12544.0,69177.0,10501.0,19328.0,1847.0,20841.0,19457.0,5010.0,8200.0,9491.0,34453.0,5411.0,24584.0,85197.0,9398.0,10840.0,78524.0,4909.0,69077.0,13037.0,32550.0,3767.0,21975.0,13666.0,8328.0,2031.0,33720.0,14073.0,40219.0,13130.0,18626.0,60083.0,50558.0,17964.0,8830.0,80267.0,21887.0,9604.0,4323.0,21698.0,24584.0,4263.0,7695.0,9553.0,5170.0,20221.0,64682.0,35234.0,72431.0,77837.0
2022-12-23,11835.0,18956.0,29081.0,4111.0,6187.0,12539.0,29309.0,11497.0,5309.0,10479.0,16369.0,10184.0,52444.0,7517.0,12481.0,1544.0,17799.0,17623.0,4061.0,4257.0,8133.0,24034.0,4080.0,18131.0,71567.0,8419.0,6950.0,70117.0,5350.0,64187.0,11770.0,30250.0,2843.0,16858.0,11314.0,5967.0,1514.0,29957.0,21061.0,34476.0,10705.0,16927.0,51723.0,45117.0,15090.0,6696.0,70404.0,19812.0,7027.0,2988.0,19029.0,20242.0,3241.0,6594.0,7462.0,3750.0,16971.0,52301.0,29573.0,63668.0,76365.0
2023-01-03,12132.0,20211.0,11965.0,4991.0,3881.0,15792.0,23176.0,14880.0,10515.0,24373.0,11205.0,40594.0,10723.0,17392.0,1952.0,16054.0,15453.0,,5024.0,8238.0,7168.0,19594.0,4.0,20040.0,9761.0,10251.0,,,10809.0,9862.0,11701.0,1741.0,29352.0,,,,,,8778.0,33792.0,32431.0,12170.0,7599.0,45997.0,20014.0,,,,2961.0,11165.0,13646.0,4702.0,7181.0,8904.0,4146.0,14191.0,,,32205.0,57338.0,57622.0
2023-01-04,13155.0,21368.0,12728.0,5352.0,3956.0,17000.0,22343.0,15021.0,7083.0,8900.0,26953.0,12705.0,42810.0,11253.0,18686.0,1998.0,14591.0,17348.0,5666.0,9617.0,7538.0,20954.0,2544.0,20997.0,53937.0,8888.0,10793.0,50223.0,3235.0,37589.0,11406.0,18134.0,3701.0,10145.0,13219.0,7807.0,1850.0,25740.0,14296.0,31427.0,8048.0,4367.0,35762.0,32657.0,13910.0,9078.0,50937.0,22879.0,7723.0,3243.0,12410.0,15976.0,4665.0,8088.0,9578.0,4828.0,15322.0,37983.0,34048.0,65133.0,57609.0
2023-01-05,13813.0,21699.0,9094.0,5638.0,2924.0,17652.0,19106.0,15263.0,6442.0,11305.0,29222.0,12373.0,49174.0,11981.0,21498.0,2270.0,15891.0,19454.0,5705.0,8262.0,6963.0,28150.0,4813.0,22853.0,53837.0,9370.0,11649.0,60569.0,4054.0,42531.0,12235.0,18816.0,3560.0,10272.0,14308.0,7768.0,2017.0,26860.0,14406.0,30780.0,9766.0,4539.0,37138.0,32972.0,15250.0,9480.0,45646.0,22504.0,9121.0,3623.0,13460.0,17429.0,5570.0,8607.0,10099.0,5662.0,17109.0,41242.0,37588.0,44109.0,59341.0
2023-01-06,14970.0,21920.0,13586.0,5133.0,2778.0,17909.0,23453.0,14316.0,5825.0,11474.0,23674.0,14776.0,44466.0,9863.0,15494.0,2205.0,16856.0,17864.0,5145.0,8813.0,7199.0,19421.0,4588.0,21780.0,55410.0,9719.0,9999.0,56153.0,4195.0,39360.0,12173.0,19611.0,3139.0,11053.0,15101.0,8851.0,2028.0,27419.0,14961.0,31214.0,9739.0,5030.0,42839.0,35635.0,14747.0,8625.0,51716.0,21555.0,6570.0,2447.0,13536.0,16554.0,4046.0,8140.0,9198.0,4526.0,16115.0,38355.0,33689.0,63171.0,62821.0
2023-01-09,13793.0,24655.0,31691.0,6993.0,9273.0,20439.0,30981.0,19716.0,8777.0,11577.0,37555.0,12993.0,66351.0,11403.0,29300.0,2191.0,16373.0,22937.0,6895.0,12445.0,14303.0,44611.0,6893.0,23704.0,57431.0,10258.0,11444.0,58111.0,3726.0,44992.0,13004.0,15716.0,3396.0,10262.0,13439.0,6997.0,2514.0,27125.0,10234.0,32340.0,10378.0,4101.0,27797.0,26737.0,16179.0,11684.0,75255.0,21345.0,12188.0,5913.0,14199.0,16073.0,5445.0,9758.0,11423.0,6164.0,27470.0,66122.0,43077.0,65167.0,65419.0
2023-01-10,18552.0,29030.0,38506.0,8905.0,12613.0,26099.0,36693.0,23667.0,10978.0,13366.0,52231.0,14349.0,85235.0,15548.0,40260.0,2655.0,18262.0,24202.0,8605.0,16082.0,17368.0,58829.0,8442.0,30330.0,65575.0,12166.0,14868.0,69253.0,4317.0,50551.0,14212.0,16938.0,3490.0,11466.0,14770.0,7459.0,3096.0,32227.0,12399.0,37764.0,12084.0,4531.0,32597.0,32553.0,18267.0,15462.0,87608.0,23767.0,17013.0,7944.0,18452.0,21575.0,7752.0,11818.0,15101.0,6671.0,32592.0,86226.0,49189.0,78604.0,66934.0
2023-01-11,19369.0,29310.0,42035.0,9133.0,12246.0,26666.0,37063.0,23773.0,11227.0,15019.0,53529.0,15207.0,88916.0,16163.0,39683.0,2679.0,19185.0,24895.0,9134.0,16764.0,17129.0,59490.0,8689.0,29667.0,69910.0,12085.0,15410.0,73470.0,4491.0,53614.0,14431.0,17633.0,3976.0,11823.0,15554.0,7995.0,3238.0,32331.0,14886.0,39889.0,12753.0,4715.0,36434.0,35057.0,19058.0,15445.0,88306.0,25202.0,16250.0,7933.0,20133.0,21973.0,7674.0,11164.0,15760.0,8326.0,33656.0,86643.0,52529.0,81013.0,69416.0
2023-01-12,19779.0,32138.0,40670.0,10197.0,12850.0,29974.0,65309.0,24984.0,12016.0,16569.0,60946.0,16418.0,90593.0,17311.0,37211.0,4931.0,21764.0,20174.0,12131.0,18756.0,18882.0,46164.0,9322.0,35005.0,82233.0,13294.0,18184.0,53975.0,5042.0,45256.0,15667.0,18034.0,7058.0,12651.0,16610.0,8429.0,3382.0,35692.0,16209.0,41871.0,12697.0,4903.0,39682.0,37861.0,19637.0,15855.0,94467.0,24896.0,18515.0,9342.0,21174.0,24390.0,8549.0,12049.0,16267.0,9205.0,34372.0,93814.0,64430.0,90262.0,71905.0
2023-01-13,17984.0,28276.0,35983.0,7421.0,10622.0,22899.0,36067.0,20170.0,8286.0,14668.0,33301.0,16217.0,69176.0,11379.0,24418.0,2422.0,19834.0,23222.0,7227.0,11570.0,14530.0,40385.0,7286.0,26666.0,68006.0,12488.0,12159.0,72674.0,5310.0,48998.0,15758.0,19342.0,4751.0,12136.0,17188.0,9046.0,2982.0,36357.0,15883.0,36924.0,12690.0,4938.0,46593.0,38654.0,19416.0,12129.0,83436.0,23522.0,12078.0,5321.0,20151.0,21769.0,5270.0,10697.0,12020.0,6717.0,31016.0,75429.0,42850.0,78652.0,73998.0
2023-01-16,15071.0,27142.0,33804.0,7554.0,10593.0,21632.0,34382.0,20557.0,9068.0,13274.0,39113.0,13760.0,65600.0,12572.0,31303.0,2221.0,17775.0,23096.0,7925.0,13438.0,15581.0,46343.0,7757.0,27896.0,59254.0,12071.0,12997.0,59794.0,4318.0,45307.0,14606.0,16770.0,3669.0,10926.0,14512.0,7588.0,2914.0,31932.0,11652.0,33936.0,11751.0,4007.0,30227.0,29949.0,17297.0,13099.0,73473.0,24087.0,14431.0,6169.0,16588.0,17978.0,5987.0,10562.0,12448.0,9716.0,29113.0,66324.0,44704.0,70029.0,68963.0
2023-01-17,19386.0,30141.0,38699.0,9165.0,13345.0,27768.0,40269.0,24428.0,14296.0,9168.0,55368.0,15381.0,84274.0,16574.0,41782.0,2836.0,20124.0,25359.0,9691.0,16850.0,18444.0,61314.0,9234.0,32902.0,69588.0,12204.0,15591.0,72873.0,4703.0,51129.0,15498.0,16787.0,4136.0,12114.0,15993.0,7958.0,3158.0,34654.0,13221.0,39209.0,12574.0,4578.0,34177.0,32715.0,19255.0,16060.0,86094.0,25303.0,17182.0,8062.0,19708.0,21904.0,7956.0,11792.0,14223.0,11316.0,35148.0,80063.0,48769.0,79262.0,70364.0
2023-01-18,19566.0,30835.0,40027.0,9457.0,13115.0,28479.0,40316.0,24077.0,13338.0,12479.0,55097.0,15893.0,87585.0,16275.0,41703.0,2748.0,19905.0,25363.0,8712.0,16870.0,17264.0,63061.0,8977.0,33434.0,71790.0,12316.0,16734.0,76197.0,4955.0,53058.0,15915.0,18310.0,4430.0,12248.0,16307.0,8485.0,3375.0,34941.0,14801.0,42589.0,12969.0,4784.0,37006.0,36212.0,20198.0,16329.0,90084.0,27595.0,17248.0,8198.0,21185.0,23331.0,7998.0,11593.0,15653.0,10904.0,34585.0,83567.0,56089.0,85285.0,71982.0
2023-01-19,20808.0,32397.0,41578.0,9851.0,13802.0,31678.0,41834.0,26210.0,11456.0,16798.0,59539.0,16071.0,98656.0,17790.0,42756.0,2938.0,21485.0,24742.0,7708.0,18076.0,17954.0,66292.0,9782.0,36682.0,73261.0,12898.0,17608.0,83210.0,4981.0,55878.0,16846.0,18995.0,4661.0,12895.0,16943.0,8849.0,3476.0,37514.0,15802.0,43126.0,13389.0,5040.0,40183.0,38250.0,20533.0,16120.0,94307.0,26117.0,17810.0,8584.0,23338.0,24647.0,8519.0,12293.0,16237.0,12030.0,36440.0,88297.0,59476.0,91263.0,74359.0
2023-01-20,19287.0,28867.0,38445.0,7526.0,11414.0,24637.0,39235.0,21136.0,8994.0,14959.0,34777.0,16357.0,76567.0,11280.0,25614.0,2449.0,19508.0,24345.0,7072.0,12023.0,14634.0,43683.0,7692.0,29665.0,68866.0,13378.0,12736.0,78757.0,5414.0,49410.0,16670.0,20303.0,4771.0,12624.0,17364.0,9499.0,2959.0,38619.0,16180.0,38380.0,13453.0,4947.0,47750.0,40742.0,20225.0,11961.0,84500.0,22228.0,12278.0,5340.0,20655.0,21006.0,5181.0,10959.0,12472.0,8894.0,32855.0,69376.0,49039.0,79516.0,72071.0
2023-01-23,14663.0,30823.0,35347.0,4635.0,11220.0,22052.0,33176.0,24779.0,5631.0,8551.0,47904.0,14011.0,75008.0,10869.0,30453.0,2539.0,12907.0,24638.0,4191.0,14369.0,8933.0,46103.0,7680.0,29391.0,62067.0,11779.0,16040.0,66974.0,3430.0,45438.0,14703.0,17639.0,4467.0,12086.0,17080.0,9215.0,3939.0,28972.0,11595.0,32254.0,7493.0,5277.0,29591.0,30968.0,11543.0,8130.0,81168.0,26069.0,7884.0,3562.0,15975.0,17556.0,2479.0,10242.0,12732.0,5202.0,31239.0,75424.0,50932.0,72815.0,69727.0
2023-01-24,17629.0,33207.0,41621.0,9668.0,12408.0,27913.0,38777.0,25089.0,12074.0,14864.0,55996.0,15251.0,90062.0,16111.0,40904.0,2869.0,19485.0,25116.0,8663.0,17209.0,18471.0,61127.0,9311.0,34913.0,72909.0,12791.0,15915.0,76045.0,4537.0,53632.0,15805.0,17778.0,4521.0,12544.0,16206.0,8370.0,3219.0,34750.0,13900.0,40750.0,12887.0,4772.0,35166.0,34618.0,19366.0,16127.0,86763.0,26679.0,16845.0,8057.0,19133.0,21200.0,7658.0,11722.0,15409.0,11745.0,35175.0,87982.0,61138.0,84136.0,73144.0
2023-01-25,20231.0,31948.0,43943.0,9869.0,13332.0,29296.0,39935.0,25600.0,11816.0,16592.0,58566.0,16502.0,95052.0,17063.0,41455.0,2745.0,20322.0,25207.0,9666.0,18070.0,18222.0,62706.0,9951.0,35507.0,76358.0,13814.0,17234.0,80090.0,5126.0,54847.0,15841.0,19059.0,4450.0,12962.0,16724.0,8938.0,3347.0,38458.0,15318.0,43123.0,13543.0,5079.0,38999.0,38370.0,20089.0,16876.0,93658.0,27246.0,17665.0,8702.0,21057.0,22131.0,8195.0,12383.0,16460.0,11372.0,35712.0,91402.0,59505.0,85170.0,72190.0
2023-01-26,20086.0,35475.0,44357.0,10715.0,14106.0,32033.0,41597.0,26651.0,12462.0,17587.0,60901.0,16601.0,101723.0,17972.0,42702.0,3031.0,21972.0,25450.0,9603.0,18438.0,18872.0,66683.0,10251.0,38472.0,73918.0,13504.0,17607.0,86733.0,4874.0,57567.0,16927.0,19307.0,4770.0,13355.0,17035.0,9210.0,3329.0,39012.0,16625.0,44230.0,13838.0,5094.0,41357.0,40719.0,20413.0,16603.0,97701.0,27531.0,18583.0,8752.0,22727.0,24980.0,8789.0,12697.0,16965.0,13396.0,36901.0,97747.0,64825.0,91658.0,74019.0
2023-01-27,17485.0,30381.0,40833.0,7603.0,12059.0,24830.0,38932.0,21599.0,13494.0,5435.0,35426.0,16496.0,80855.0,12215.0,25341.0,2533.0,20778.0,26772.0,7344.0,10717.0,14930.0,46074.0,7931.0,30842.0,73442.0,12892.0,11127.0,84306.0,6796.0,51979.0,17066.0,20532.0,4907.0,11492.0,15771.0,8700.0,2982.0,40137.0,17396.0,40580.0,14026.0,5461.0,49633.0,42871.0,19147.0,11889.0,88791.0,23823.0,13171.0,5785.0,21226.0,22279.0,5761.0,11180.0,13113.0,10113.0,33979.0,79509.0,56970.0,81940.0,75001.0
2023-01-30,15746.0,30097.0,35921.0,8042.0,10829.0,21813.0,32299.0,20934.0,9005.0,13534.0,40263.0,70817.0,12689.0,30652.0,23650.0,,,,7625.0,12933.0,15547.0,49520.0,7784.0,27860.0,11627.0,12667.0,,,4340.0,45790.0,14729.0,17568.0,4038.0,10992.0,14803.0,7730.0,2930.0,31378.0,11507.0,34840.0,31121.0,17921.0,12549.0,75650.0,24470.0,,,,13850.0,6371.0,17013.0,18131.0,5977.0,10129.0,12347.0,10086.0,30002.0,70649.0,45834.0,68104.0,69063.0
2023-01-31,19030.0,34681.0,40899.0,9960.0,12577.0,28554.0,37409.0,25201.0,11734.0,15558.0,55951.0,15819.0,92582.0,16787.0,41339.0,2814.0,19644.0,25706.0,9328.0,17354.0,18200.0,63618.0,9237.0,34813.0,72678.0,12628.0,16163.0,76464.0,4143.0,52918.0,15439.0,17540.0,4181.0,12196.0,15707.0,7681.0,3165.0,33603.0,12986.0,40323.0,12464.0,4852.0,34240.0,33784.0,19899.0,16348.0,89114.0,26130.0,17294.0,8269.0,19227.0,21816.0,8223.0,12003.0,15627.0,12054.0,35199.0,89468.0,56903.0,83231.0,74218.0
2023-02-01,14350.0,23325.0,11155.0,7200.0,3687.0,20542.0,18690.0,18869.0,7351.0,12060.0,37677.0,14740.0,59550.0,12570.0,24963.0,2445.0,14938.0,23193.0,6763.0,12734.0,9072.0,36810.0,6543.0,26483.0,57682.0,9793.0,12308.0,67553.0,4040.0,46000.0,14026.0,16902.0,3686.0,11353.0,14780.0,7552.0,2601.0,32420.0,13123.0,35263.0,11449.0,3703.0,37395.0,31522.0,17868.0,10810.0,45907.0,23968.0,19351.0,9768.0,8082.0,28204.0,59067.0,,,,,,44665.0,47675.0,62192.0
2023-02-02,19167.0,30640.0,34301.0,10035.0,11943.0,28781.0,36754.0,25174.0,10549.0,16277.0,52183.0,16015.0,90569.0,16165.0,37719.0,2601.0,19377.0,25585.0,9011.0,16173.0,16938.0,61408.0,8883.0,34992.0,71326.0,12225.0,15855.0,81678.0,4510.0,53605.0,16450.0,17746.0,4272.0,12174.0,16271.0,8375.0,3199.0,35893.0,14717.0,41086.0,13469.0,4516.0,38170.0,36253.0,19513.0,14730.0,86302.0,23911.0,15923.0,7671.0,20053.0,22929.0,7786.0,11778.0,15088.0,12096.0,35337.0,84523.0,51786.0,82460.0,71953.0
2023-02-03,17178.0,25510.0,12409.0,6387.0,3823.0,19979.0,22367.0,18234.0,6841.0,13772.0,29197.0,16245.0,60479.0,10535.0,19179.0,2400.0,17507.0,23946.0,6660.0,10537.0,9755.0,32710.0,6543.0,27090.0,57739.0,11975.0,11506.0,75347.0,46693.0,4650.0,2447.0,,,,,,,,14311.0,36087.0,12816.0,4564.0,43755.0,36067.0,18018.0,10572.0,49930.0,22348.0,8225.0,3036.0,14827.0,4683.0,10424.0,,,,,,42945.0,50117.0,68824.0
2023-02-06,15843.0,30757.0,36627.0,8173.0,10615.0,22045.0,33898.0,21171.0,9140.0,13889.0,39923.0,13854.0,71973.0,12533.0,31111.0,3036.0,18851.0,24514.0,7928.0,13038.0,15537.0,49681.0,7775.0,27986.0,60345.0,12150.0,13199.0,62379.0,4536.0,46371.0,15312.0,17271.0,4200.0,11280.0,14838.0,8012.0,2926.0,32219.0,11306.0,35438.0,11512.0,4581.0,30306.0,30561.0,17591.0,13199.0,77132.0,24995.0,13981.0,6152.0,16222.0,18473.0,6200.0,9931.0,12596.0,10128.0,30461.0,71256.0,46594.0,71129.0,70425.0
2023-02-07,21251.0,33991.0,42807.0,10200.0,13179.0,28164.0,38468.0,24903.0,11190.0,16596.0,56299.0,15395.0,92285.0,17095.0,41342.0,5031.0,21115.0,25771.0,9094.0,17213.0,18442.0,63352.0,9357.0,35156.0,70364.0,12991.0,16239.0,78054.0,4632.0,53455.0,15958.0,17264.0,4905.0,12460.0,16104.0,8306.0,3284.0,34409.0,13317.0,41314.0,13096.0,4772.0,34574.0,35321.0,20136.0,16468.0,90596.0,26616.0,17403.0,8090.0,19541.0,22076.0,8138.0,11808.0,15844.0,12319.0,35078.0,89481.0,54492.0,83045.0,73654.0
2023-02-08,21322.0,33009.0,44491.0,10260.0,13451.0,28753.0,40098.0,25087.0,11764.0,17285.0,55612.0,16098.0,94915.0,16812.0,41009.0,5220.0,20328.0,26048.0,9379.0,17559.0,18258.0,65115.0,9124.0,35702.0,73066.0,13182.0,16858.0,82172.0,4811.0,54570.0,16550.0,17550.0,4569.0,12866.0,16445.0,8477.0,3492.0,36626.0,14481.0,42749.0,14427.0,5102.0,37546.0,36794.0,20170.0,16856.0,89706.0,26584.0,16463.0,8423.0,21280.0,23653.0,7951.0,11839.0,16096.0,11336.0,36337.0,91304.0,54289.0,86368.0,73234.0
2023-02-09,21734.0,34463.0,43153.0,10821.0,13408.0,31223.0,43178.0,25158.0,12074.0,18127.0,59353.0,16295.0,101840.0,17989.0,42383.0,4194.0,22229.0,25630.0,9652.0,17588.0,17788.0,68342.0,9087.0,36142.0,76069.0,12179.0,17337.0,85010.0,4739.0,54515.0,16917.0,17789.0,4829.0,12363.0,16452.0,8494.0,3584.0,38176.0,14538.0,43155.0,13186.0,4997.0,39457.0,37988.0,20450.0,16245.0,95702.0,25267.0,18314.0,8562.0,22311.0,24725.0,8282.0,12156.0,16068.0,11551.0,36626.0,94902.0,64703.0,88790.0,75279.0
2023-02-10,18615.0,31420.0,41518.0,7818.0,11691.0,24121.0,39009.0,20540.0,8668.0,16002.0,35914.0,16789.0,78763.0,12125.0,25214.0,4734.0,21271.0,24800.0,7339.0,11671.0,14487.0,46361.0,7403.0,29259.0,69948.0,12202.0,12486.0,80732.0,5114.0,49669.0,16639.0,19326.0,4628.0,12777.0,16696.0,8712.0,3114.0,40138.0,15173.0,37881.0,13172.0,4958.0,46795.0,39843.0,19152.0,11677.0,87977.0,21871.0,12656.0,5441.0,20436.0,23151.0,5256.0,10820.0,11603.0,9226.0,34408.0,78118.0,40544.0,78120.0,73342.0
2023-02-13,14570.0,31822.0,36064.0,7725.0,11090.0,21551.0,35772.0,18907.0,8747.0,15079.0,37343.0,13860.0,75005.0,13767.0,28613.0,2695.0,23154.0,24058.0,7260.0,12314.0,13512.0,47905.0,6389.0,29337.0,71241.0,10953.0,13642.0,72037.0,5042.0,52576.0,20050.0,22556.0,5013.0,13055.0,14925.0,8833.0,3036.0,29517.0,16307.0,36641.0,12725.0,5592.0,42009.0,37325.0,16754.0,12281.0,82392.0,28201.0,14495.0,5925.0,17996.0,22278.0,6089.0,9556.0,12127.0,10046.0,30122.0,74286.0,44612.0,75632.0,75270.0
2023-02-14,19142.0,35700.0,40249.0,9274.0,13042.0,27182.0,41153.0,22066.0,10885.0,17554.0,49874.0,15877.0,92834.0,17199.0,36581.0,3340.0,26266.0,24576.0,8486.0,14975.0,14942.0,58049.0,8328.0,33562.0,79851.0,11702.0,16383.0,87600.0,5650.0,61297.0,33357.0,25183.0,387.0,16216.0,17530.0,10867.0,3386.0,15237.0,19570.0,43303.0,14677.0,6264.0,52614.0,45564.0,20962.0,14490.0,94784.0,29825.0,17588.0,8139.0,22659.0,27775.0,8051.0,11150.0,14601.0,10778.0,33938.0,91356.0,54784.0,91514.0,82992.0
2023-02-15,19054.0,35549.0,44484.0,8824.0,13708.0,27830.0,42490.0,22359.0,11187.0,17008.0,50898.0,15872.0,93925.0,17024.0,37837.0,2955.0,26144.0,24982.0,8739.0,15528.0,15785.0,59766.0,7760.0,34374.0,76648.0,12502.0,16525.0,86999.0,5465.0,58184.0,21072.0,22981.0,5044.0,14321.0,16953.0,10051.0,3443.0,34395.0,20065.0,43874.0,14090.0,5641.0,49610.0,44739.0,19657.0,15527.0,99253.0,30391.0,17347.0,7515.0,23917.0,27661.0,7510.0,10642.0,14946.0,10458.0,35417.0,94559.0,51856.0,90064.0,76055.0
2023-02-16,19285.0,36738.0,43601.0,9644.0,14138.0,29405.0,43552.0,22879.0,11308.0,18078.0,53631.0,15792.0,99866.0,17926.0,37822.0,2929.0,26283.0,25010.0,8851.0,16221.0,15894.0,64105.0,7321.0,36125.0,83550.0,11837.0,16813.0,89282.0,5471.0,58820.0,22115.0,23152.0,4892.0,14371.0,16348.0,9806.0,3389.0,36745.0,19505.0,43168.0,14076.0,5588.0,50187.0,44187.0,20467.0,15162.0,99261.0,28242.0,17825.0,7838.0,23767.0,28084.0,7982.0,11192.0,15277.0,11308.0,34699.0,96663.0,52236.0,91349.0,76656.0
2023-02-17,17191.0,31901.0,42561.0,7144.0,12385.0,23725.0,41039.0,18921.0,8306.0,16673.0,33376.0,16403.0,81034.0,12976.0,23727.0,2901.0,25661.0,24364.0,6768.0,11262.0,14006.0,45933.0,6145.0,30235.0,74607.0,11962.0,13621.0,86258.0,5616.0,52283.0,20852.0,23223.0,3326.0,14235.0,17588.0,10166.0,3051.0,36312.0,20017.0,39210.0,13907.0,5770.0,57139.0,45738.0,18915.0,11248.0,89978.0,26272.0,13302.0,5224.0,22893.0,27333.0,5275.0,9882.0,11378.0,8291.0,32088.0,80826.0,37694.0,79716.0,76698.0
2023-02-20,15377.0,31451.0,39524.0,7905.0,11212.0,21994.0,34922.0,20761.0,9099.0,13877.0,39963.0,13899.0,72020.0,13493.0,30099.0,2497.0,20669.0,24416.0,7519.0,12470.0,16249.0,48701.0,7158.0,27628.0,60208.0,12773.0,13417.0,65087.0,4816.0,47340.0,15600.0,18161.0,4441.0,11407.0,15255.0,8054.0,2861.0,33728.0,12765.0,36071.0,11879.0,4871.0,34101.0,33523.0,17766.0,13577.0,78999.0,25983.0,14215.0,6201.0,16679.0,19222.0,6402.0,10217.0,12249.0,7588.0,29525.0,71456.0,38113.0,69351.0,68509.0
2023-02-21,19062.0,36835.0,44067.0,9942.0,11893.0,27904.0,40649.0,24445.0,11502.0,16782.0,57045.0,15298.0,92391.0,17766.0,41734.0,3059.0,23546.0,26221.0,9595.0,16814.0,18249.0,64252.0,8603.0,33572.0,72498.0,13481.0,17031.0,78081.0,5535.0,53726.0,16915.0,19239.0,4917.0,13075.0,17167.0,8522.0,3281.0,36716.0,14622.0,42452.0,13570.0,5524.0,38648.0,38679.0,20316.0,16866.0,92724.0,30085.0,18362.0,8160.0,20321.0,24137.0,8494.0,11757.0,15699.0,9551.0,35200.0,90676.0,52981.0,82553.0,71587.0
2023-02-22,19200.0,34534.0,48657.0,9870.0,14316.0,28974.0,42090.0,24605.0,11806.0,17248.0,57529.0,16523.0,95878.0,18244.0,40923.0,2992.0,23801.0,25653.0,9207.0,17056.0,18295.0,64954.0,9215.0,34958.0,75704.0,14072.0,17542.0,84229.0,6088.0,54893.0,17653.0,20427.0,5192.0,13624.0,17354.0,9214.0,3506.0,39435.0,16652.0,45041.0,14133.0,5383.0,41799.0,42165.0,20815.0,17207.0,97732.0,30341.0,19045.0,8508.0,22279.0,25092.0,8505.0,11966.0,16422.0,9353.0,36344.0,98293.0,53417.0,86068.0,70698.0
2023-02-23,20375.0,37643.0,50346.0,10264.0,14935.0,31755.0,43804.0,25590.0,12276.0,18815.0,61553.0,16469.0,102878.0,19385.0,42779.0,2715.0,26737.0,26226.0,9742.0,18287.0,19087.0,68733.0,9528.0,36925.0,82559.0,15101.0,18712.0,88881.0,6044.0,57444.0,18802.0,21414.0,5287.0,14089.0,18308.0,9544.0,3693.0,40622.0,18147.0,45516.0,14465.0,5892.0,45521.0,45101.0,22084.0,18303.0,102307.0,30996.0,19816.0,8529.0,24616.0,26501.0,9128.0,12356.0,16411.0,10047.0,36599.0,99247.0,57613.0,92089.0,73754.0
2023-02-24,19752.0,33179.0,47490.0,7746.0,12444.0,24618.0,41583.0,21041.0,9051.0,17278.0,35999.0,17175.0,80868.0,13111.0,25654.0,2678.0,24700.0,25716.0,7726.0,12157.0,16229.0,47424.0,7974.0,30856.0,74117.0,15204.0,14449.0,85024.0,6714.0,52019.0,19919.0,22862.0,5885.0,14176.0,22049.0,11149.0,3230.0,42469.0,18947.0,41954.0,14591.0,6192.0,52313.0,46723.0,21798.0,13485.0,94004.0,27679.0,13856.0,5601.0,22553.0,24777.0,5803.0,11341.0,13538.0,7711.0,34286.0,79847.0,41531.0,84238.0,73903.0
2023-02-27,15919.0,30791.0,36579.0,7721.0,10963.0,22310.0,34645.0,21918.0,,,,,,,,,,,7791.0,,,,,,,,,,4537.0,46703.0,16132.0,19001.0,4633.0,11845.0,15455.0,8620.0,2840.0,33238.0,12692.0,32431.0,,,,,,,,,14211.0,6196.0,17357.0,18360.0,6333.0,10362.0,13155.0,9538.0,30809.0,72119.0,43865.0,70342.0,68191.0
2023-02-28,19557.0,34554.0,42593.0,9767.0,14725.0,27879.0,37200.0,25579.0,11550.0,16705.0,58743.0,15557.0,90930.0,16326.0,41065.0,2866.0,21727.0,26142.0,9307.0,17333.0,18389.0,63054.0,35602.0,70962.0,13853.0,16406.0,76917.0,,4920.0,52276.0,16536.0,18481.0,4716.0,12749.0,16757.0,8297.0,3442.0,35309.0,43244.0,13212.0,5279.0,37356.0,20192.0,16363.0,91420.0,27927.0,,,18155.0,9063.0,19819.0,22791.0,8465.0,12082.0,15232.0,12239.0,35576.0,91505.0,52787.0,83660.0,73388.0
2023-03-01,18728.0,33091.0,43840.0,9445.0,13164.0,28272.0,40230.0,24360.0,11324.0,16877.0,56772.0,16534.0,94076.0,15972.0,41119.0,2952.0,20076.0,26064.0,8955.0,17047.0,17661.0,63323.0,8914.0,36017.0,72171.0,13335.0,16607.0,80936.0,5128.0,54366.0,16927.0,18979.0,5015.0,13114.0,17047.0,8851.0,3574.0,36940.0,15691.0,44561.0,14357.0,5412.0,40273.0,39944.0,20150.0,17095.0,95367.0,28666.0,17286.0,8089.0,21424.0,24940.0,8163.0,11681.0,15167.0,11228.0,36727.0,93871.0,52326.0,83922.0,73144.0
2023-03-02,18896.0,34942.0,44456.0,10175.0,13650.0,30040.0,41050.0,24669.0,11700.0,18171.0,59209.0,15979.0,98256.0,16897.0,40627.0,2959.0,23585.0,25722.0,9235.0,17113.0,18660.0,66481.0,9449.0,36975.0,76706.0,14343.0,17319.0,85287.0,5366.0,55845.0,17476.0,19679.0,5443.0,13478.0,17317.0,9095.0,3691.0,39522.0,16786.0,43193.0,14165.0,5718.0,42027.0,41272.0,21466.0,15721.0,97075.0,27483.0,18129.0,7995.0,22377.0,25272.0,8536.0,11600.0,15431.0,12659.0,35794.0,95530.0,53591.0,90211.0,75875.0
2023-03-03,18844.0,31062.0,41233.0,7816.0,11744.0,24261.0,38966.0,21083.0,8572.0,16210.0,35601.0,17393.0,79193.0,11287.0,25137.0,2494.0,21598.0,25541.0,7234.0,11965.0,15231.0,47027.0,7697.0,31099.0,68950.0,14299.0,13228.0,82648.0,5768.0,49950.0,18295.0,20643.0,5383.0,13358.0,18388.0,9370.0,3222.0,40216.0,16864.0,39578.0,13591.0,5420.0,48772.0,42907.0,20282.0,12524.0,89146.0,24810.0,12527.0,5307.0,20613.0,21998.0,5806.0,10923.0,11816.0,9809.0,34462.0,77909.0,41513.0,80155.0,74605.0
2023-03-06,13869.0,30441.0,36846.0,8113.0,11415.0,21744.0,35638.0,20352.0,9688.0,14113.0,41461.0,13971.0,73286.0,12031.0,31122.0,2412.0,19671.0,25032.0,7929.0,13667.0,16015.0,49041.0,8127.0,29649.0,60135.0,13038.0,13893.0,65416.0,5047.0,45206.0,16149.0,18151.0,4095.0,11781.0,15192.0,8117.0,3115.0,33675.0,12799.0,34884.0,12101.0,4612.0,32248.0,31800.0,18065.0,13974.0,79470.0,25423.0,15491.0,6153.0,6451.0,10216.0,13274.0,10369.0,,,,,44914.0,71331.0,68436.0
2023-03-07,17707.0,33959.0,41873.0,10121.0,13247.0,28129.0,42309.0,25058.0,11909.0,16989.0,57868.0,15581.0,92367.0,16500.0,40720.0,2909.0,22626.0,26596.0,9163.0,17594.0,18288.0,62340.0,9264.0,34927.0,73083.0,14428.0,16404.0,77112.0,5332.0,52587.0,17402.0,18182.0,4548.0,12833.0,16683.0,8372.0,3374.0,36543.0,14021.0,41767.0,13856.0,5018.0,35452.0,36803.0,20211.0,16947.0,91898.0,28614.0,17831.0,8412.0,19902.0,22799.0,8565.0,11824.0,15445.0,11975.0,35203.0,90562.0,53328.0,84488.0,73642.0
2023-03-08,18123.0,32135.0,43266.0,9814.0,14254.0,27898.0,42490.0,24251.0,11423.0,17481.0,57179.0,16144.0,99177.0,16583.0,39563.0,2653.0,24058.0,25076.0,9285.0,17886.0,18378.0,60600.0,9431.0,36725.0,68506.0,15297.0,17299.0,79282.0,5526.0,52953.0,17606.0,19347.0,4797.0,13227.0,16401.0,9032.0,3669.0,39412.0,16054.0,42945.0,14178.0,4512.0,38821.0,40238.0,20539.0,17732.0,98220.0,29056.0,16857.0,8445.0,21644.0,22285.0,8361.0,12053.0,15351.0,11432.0,36963.0,93644.0,49820.0,85414.0,70936.0
2023-03-09,19374.0,34376.0,43350.0,10429.0,13845.0,30638.0,43444.0,25513.0,11805.0,18556.0,60639.0,16398.0,99305.0,16921.0,41366.0,3072.0,23344.0,25767.0,9602.0,17637.0,18093.0,65998.0,9463.0,36815.0,75633.0,13581.0,17260.0,84572.0,5365.0,53698.0,17852.0,16594.0,4960.0,13328.0,17309.0,8850.0,3502.0,38201.0,12717.0,43565.0,13899.0,4733.0,40533.0,38387.0,20905.0,16868.0,96352.0,27770.0,18833.0,8305.0,23035.0,25060.0,8469.0,12407.0,16206.0,12643.0,36693.0,97749.0,52282.0,88366.0,72299.0
2023-03-10,19156.0,30320.0,42936.0,7867.0,11737.0,23961.0,40977.0,20974.0,8526.0,17310.0,37767.0,17304.0,79687.0,11520.0,25638.0,2754.0,22386.0,25009.0,7694.0,11951.0,15065.0,46348.0,7712.0,30503.0,68938.0,14738.0,13300.0,81764.0,49317.0,18007.0,5679.0,3076.0,40664.0,,,,,,16232.0,39428.0,13870.0,5089.0,48925.0,42077.0,20533.0,12705.0,92114.0,26102.0,13312.0,5361.0,21279.0,22411.0,5524.0,10818.0,12674.0,9678.0,33941.0,80214.0,37237.0,84212.0,74928.0
2023-03-13,16374.0,29628.0,38303.0,7975.0,9587.0,22390.0,36616.0,21285.0,9491.0,15062.0,43505.0,15037.0,71712.0,12519.0,31364.0,2444.0,20877.0,24390.0,7704.0,13486.0,15454.0,48721.0,7695.0,29788.0,61709.0,13102.0,14149.0,63336.0,5390.0,45780.0,16839.0,18609.0,4850.0,11889.0,15475.0,8312.0,2973.0,35024.0,12634.0,37345.0,12403.0,4871.0,32094.0,32398.0,18716.0,15460.0,81716.0,29426.0,14828.0,6456.0,17960.0,19944.0,6555.0,10443.0,12741.0,10140.0,30683.0,77231.0,46740.0,73451.0,69358.0
2023-03-14,21302.0,35853.0,40964.0,10519.0,13925.0,28661.0,41002.0,25840.0,12264.0,17966.0,62450.0,16374.0,96730.0,17151.0,43145.0,3093.0,24260.0,26763.0,9581.0,18110.0,19788.0,66068.0,9473.0,35901.0,74737.0,14030.0,17178.0,80099.0,5318.0,54823.0,17358.0,19295.0,5246.0,13286.0,17157.0,8540.0,3487.0,36278.0,13467.0,42628.0,13808.0,5270.0,37561.0,37987.0,20833.0,17752.0,95597.0,29955.0,18397.0,8491.0,21411.0,23806.0,8544.0,12356.0,15848.0,11994.0,36455.0,96292.0,56176.0,90199.0,76157.0
2023-03-15,16.0,2.0,3.0,1.0,3.0,,,,1.0,4.0,50367.0,5813.0,9056.0,7115.0,24156.0,,,,44532.0,2.0,46145.0,,,,,,,,41430.0,4.0,1.0,,,,,,,,13.0,1.0,2.0,,1.0,,,,,,1.0,97.0,,,,,,,,,1.0,60716.0,
2023-03-16,15354.0,23694.0,16516.0,6645.0,4312.0,19080.0,21314.0,18020.0,6465.0,11852.0,35493.0,12695.0,59533.0,12554.0,24624.0,3370.0,15633.0,23563.0,6592.0,10796.0,9359.0,37887.0,6122.0,26517.0,54273.0,9434.0,12682.0,67552.0,3878.0,45269.0,14538.0,16124.0,4549.0,11129.0,14669.0,7550.0,2291.0,31442.0,12839.0,33265.0,10378.0,4176.0,33716.0,30723.0,16088.0,10197.0,61985.0,23295.0,10346.0,3797.0,13387.0,19591.0,5584.0,8635.0,8849.0,7986.0,17864.0,45388.0,33200.0,65927.0,80543.0
2023-03-17,18816.0,29871.0,37034.0,7801.0,10352.0,24663.0,39169.0,20155.0,8518.0,16609.0,36714.0,17421.0,78547.0,11809.0,25116.0,2507.0,22932.0,25731.0,7525.0,11867.0,13486.0,45782.0,7441.0,30331.0,69107.0,13592.0,13154.0,85247.0,5820.0,50758.0,18516.0,22253.0,5848.0,13277.0,18060.0,9940.0,3128.0,41507.0,17206.0,41442.0,14100.0,2607.0,52773.0,45606.0,21118.0,13599.0,87756.0,27845.0,12559.0,5074.0,20751.0,23158.0,5606.0,10837.0,12364.0,8716.0,32695.0,73029.0,41257.0,78417.0,73918.0
2023-03-20,15488.0,30174.0,39748.0,8416.0,11788.0,21881.0,36610.0,20916.0,9359.0,14488.0,43853.0,13997.0,75634.0,12754.0,31742.0,2835.0,20682.0,25471.0,7948.0,13094.0,14793.0,51302.0,7384.0,28968.0,60523.0,12197.0,13692.0,67020.0,5007.0,47529.0,16553.0,18645.0,4327.0,11916.0,15386.0,8383.0,3174.0,36098.0,12839.0,35940.0,12368.0,4774.0,32447.0,32352.0,17907.0,14571.0,81619.0,25762.0,14408.0,6264.0,17145.0,19528.0,6575.0,9939.0,12070.0,8989.0,30619.0,74542.0,42810.0,71026.0,68790.0
2023-03-21,18756.0,34734.0,44561.0,10278.0,13404.0,27801.0,39825.0,24490.0,11957.0,17078.0,60565.0,15820.0,93936.0,17039.0,42516.0,3346.0,22796.0,27827.0,9208.0,17052.0,17794.0,66683.0,8571.0,33703.0,71422.0,12228.0,17336.0,79262.0,5085.0,54763.0,16755.0,18189.0,4656.0,12876.0,16831.0,8547.0,3330.0,36371.0,13721.0,41796.0,13785.0,5220.0,36756.0,36296.0,20691.0,17384.0,91519.0,28783.0,18182.0,8735.0,19468.0,23758.0,8434.0,11335.0,14874.0,10920.0,35354.0,92857.0,51180.0,89019.0,74134.0
2023-03-22,18505.0,34152.0,45986.0,9995.0,13733.0,28279.0,41699.0,24076.0,12215.0,17084.0,60950.0,16204.0,96317.0,16797.0,41773.0,3281.0,23157.0,27304.0,8802.0,17655.0,17146.0,64957.0,8878.0,35729.0,73199.0,12734.0,17030.0,82037.0,5220.0,55019.0,17122.0,18549.0,4986.0,13137.0,17127.0,9156.0,3519.0,38252.0,15298.0,43944.0,14148.0,5346.0,39923.0,39134.0,21334.0,17529.0,94119.0,29205.0,17947.0,9300.0,21982.0,25883.0,8137.0,11606.0,15473.0,11485.0,36578.0,97370.0,52989.0,88306.0,73354.0
2023-03-23,22248.0,35560.0,46688.0,11056.0,14031.0,31545.0,43442.0,25449.0,12790.0,18876.0,63614.0,15812.0,103127.0,16430.0,43730.0,3142.0,24163.0,25172.0,10225.0,18660.0,18168.0,66520.0,9914.0,38528.0,77452.0,14399.0,18440.0,84266.0,5037.0,54948.0,17946.0,19213.0,5037.0,13446.0,17610.0,8834.0,3657.0,39512.0,16940.0,43428.0,14239.0,5477.0,41928.0,40784.0,21665.0,17192.0,99969.0,28330.0,18551.0,9702.0,24624.0,27501.0,8871.0,11619.0,16308.0,13164.0,36718.0,99580.0,54437.0,100120.0,75079.0
2023-03-24,20427.0,30986.0,44414.0,7906.0,11871.0,23677.0,40476.0,20960.0,9010.0,16878.0,36268.0,15891.0,79688.0,12113.0,25837.0,2476.0,23136.0,24794.0,7873.0,11855.0,14904.0,47923.0,8210.0,30725.0,69271.0,14949.0,13833.0,80994.0,5851.0,49879.0,17497.0,20496.0,5016.0,12895.0,17412.0,9113.0,3265.0,41267.0,17793.0,39272.0,13627.0,5570.0,49730.0,42893.0,20647.0,13317.0,91449.0,26441.0,13387.0,6618.0,21956.0,22887.0,5651.0,11200.0,11703.0,10105.0,34172.0,81186.0,40892.0,88171.0,72848.0
2023-03-27,14924.0,31011.0,37372.0,8192.0,10685.0,20876.0,36310.0,19493.0,9619.0,14373.0,41587.0,13179.0,76092.0,12698.0,31073.0,2635.0,22833.0,23911.0,7943.0,12823.0,13452.0,49827.0,6557.0,27897.0,60308.0,10919.0,13146.0,64538.0,5381.0,46994.0,15028.0,17915.0,4387.0,11210.0,15286.0,7887.0,3202.0,31807.0,12806.0,37150.0,12350.0,34142.0,34057.0,17657.0,14373.0,78354.0,,,14126.0,6308.0,18148.0,20829.0,6437.0,9605.0,12052.0,9965.0,29782.0,72182.0,43354.0,69894.0,66415.0
2023-03-28,19041.0,34418.0,43744.0,10284.0,13665.0,28123.0,42407.0,23946.0,17216.0,58115.0,42550.0,,,,,,,,10078.0,17795.0,15858.0,65343.0,16595.0,,,,,,5232.0,54180.0,15826.0,18720.0,4393.0,12355.0,15956.0,8210.0,3598.0,36096.0,4862.0,17209.0,29516.0,,,,,,,,17933.0,8077.0,21293.0,22942.0,8336.0,11423.0,15734.0,11881.0,34852.0,93333.0,51143.0,85234.0,71297.0
2023-03-29,19047.0,33175.0,45176.0,9672.0,14941.0,28453.0,38882.0,23019.0,12098.0,15447.0,92960.0,16036.0,3515.0,23484.0,25191.0,,,,8663.0,35322.0,73031.0,12460.0,79254.0,,,,,,5277.0,52472.0,15745.0,18242.0,4692.0,12246.0,16122.0,8510.0,3437.0,38170.0,15995.0,43092.0,13788.0,5744.0,41253.0,39787.0,19755.0,93195.0,27816.0,,17306.0,8230.0,22667.0,25016.0,8274.0,11229.0,15059.0,11487.0,35671.0,94855.0,51042.0,83995.0,69783.0
2023-03-30,19241.0,31687.0,33589.0,9535.0,11853.0,27835.0,36483.0,21923.0,10484.0,16621.0,52373.0,15198.0,88211.0,15118.0,38113.0,3658.0,22643.0,25376.0,9236.0,15585.0,12961.0,62256.0,7686.0,32482.0,70027.0,11162.0,15282.0,80763.0,5189.0,52268.0,15987.0,17848.0,4712.0,12046.0,16260.0,8504.0,3300.0,33623.0,15080.0,40737.0,12994.0,5047.0,39886.0,38032.0,19534.0,14574.0,87000.0,24854.0,16144.0,7800.0,20892.0,24547.0,7829.0,10638.0,13972.0,11736.0,33085.0,83814.0,47164.0,81765.0,69238.0
2023-03-31,18133.0,28704.0,38903.0,7555.0,11842.0,23385.0,40418.0,19782.0,8599.0,16591.0,35399.0,16371.0,79395.0,10779.0,25349.0,2888.0,21230.0,24756.0,7551.0,11966.0,12281.0,47212.0,6894.0,30262.0,67110.0,12880.0,13009.0,80941.0,5637.0,48345.0,16090.0,20189.0,4440.0,11907.0,15859.0,8738.0,2957.0,40096.0,17675.0,36737.0,13670.0,5123.0,47143.0,41938.0,18465.0,11864.0,86931.0,21828.0,13355.0,5367.0,21636.0,21986.0,5377.0,9990.0,12925.0,9238.0,33522.0,77732.0,37707.0,79911.0,74154.0
2023-04-03,14217.0,32847.0,32617.0,7887.0,12319.0,21067.0,38763.0,18837.0,8992.0,15354.0,39627.0,12954.0,73853.0,13073.0,28685.0,2650.0,27518.0,23773.0,6980.0,11920.0,11543.0,46261.0,6406.0,25615.0,68669.0,11387.0,14112.0,71064.0,5366.0,50527.0,15795.0,21213.0,4890.0,13240.0,15586.0,8843.0,3264.0,37197.0,15881.0,38231.0,13238.0,6367.0,44143.0,40413.0,17166.0,13733.0,82223.0,30451.0,13059.0,5991.0,20294.0,23341.0,6800.0,8476.0,12428.0,7138.0,29561.0,70384.0,39611.0,74032.0,66659.0
2023-04-04,18658.0,36997.0,42307.0,9518.0,14965.0,26355.0,42624.0,21995.0,11453.0,17666.0,54208.0,14776.0,90032.0,17240.0,37974.0,3526.0,30880.0,25924.0,7967.0,16033.0,15007.0,59824.0,7716.0,31285.0,78816.0,11682.0,17348.0,84124.0,6070.0,56462.0,16904.0,21007.0,5552.0,14541.0,17647.0,9411.0,3626.0,39477.0,15367.0,43400.0,14616.0,6749.0,47715.0,43808.0,20023.0,16424.0,94315.0,34402.0,18344.0,7885.0,22589.0,28293.0,8566.0,10300.0,14810.0,9067.0,34071.0,,52882.0,90151.0,73921.0
2023-04-05,18647.0,35173.0,42103.0,8985.0,15271.0,26147.0,41036.0,21044.0,11053.0,17660.0,53438.0,15161.0,92278.0,16248.0,35978.0,3213.0,29645.0,25402.0,8272.0,15433.0,14269.0,59668.0,7658.0,31883.0,78432.0,12443.0,16945.0,85035.0,6156.0,56155.0,17384.0,23148.0,5124.0,14144.0,17072.0,9850.0,3538.0,40485.0,20140.0,44925.0,15009.0,6585.0,50631.0,46582.0,20073.0,16889.0,95843.0,31754.0,10006.0,93898.0,,,,,,,,,49650.0,89828.0,87934.0
2023-04-06,18675.0,37074.0,45594.0,8567.0,16319.0,27315.0,42468.0,19175.0,10328.0,18345.0,46155.0,15252.0,91934.0,15340.0,31423.0,3096.0,29446.0,25473.0,7687.0,13340.0,13740.0,57641.0,6698.0,29229.0,78310.0,11277.0,16334.0,83609.0,6083.0,55057.0,18318.0,25080.0,5016.0,13532.0,16435.0,9753.0,3336.0,39047.0,20327.0,39767.0,15051.0,6346.0,51645.0,47889.0,18963.0,13755.0,99365.0,31528.0,16256.0,6479.0,24939.0,26256.0,7465.0,13711.0,7740.0,33270.0,91067.0,,44894.0,91549.0,77747.0
2023-04-11,16008.0,32150.0,44849.0,8152.0,14538.0,22790.0,40469.0,18512.0,9189.0,15096.0,45367.0,13461.0,82233.0,14431.0,31713.0,2696.0,27301.0,23338.0,7108.0,13907.0,12803.0,48638.0,6936.0,25657.0,66160.0,10304.0,15066.0,71842.0,5218.0,52396.0,15223.0,23086.0,4480.0,12995.0,15183.0,8380.0,3153.0,38122.0,18530.0,38144.0,13756.0,5536.0,45902.0,43848.0,17629.0,14830.0,86019.0,29508.0,16139.0,6706.0,21284.0,21808.0,7270.0,9729.0,13358.0,7270.0,29320.0,81567.0,43082.0,79312.0,69222.0
2023-04-12,16766.0,33629.0,41945.0,8449.0,14455.0,25099.0,45307.0,19652.0,10459.0,16285.0,51138.0,14009.0,88528.0,15858.0,34580.0,3049.0,28468.0,23467.0,7607.0,15052.0,13364.0,53864.0,7163.0,28141.0,76885.0,11095.0,16130.0,77456.0,6112.0,53354.0,16952.0,23195.0,5038.0,13508.0,16245.0,8938.0,3258.0,37689.0,20092.0,42394.0,15193.0,5690.0,49991.0,46043.0,18995.0,15748.0,92842.0,31707.0,16997.0,7245.0,23683.0,25449.0,7869.0,10227.0,14576.0,8007.0,31877.0,89806.0,49513.0,85875.0,71324.0
2023-04-13,18228.0,35758.0,42243.0,9377.0,15058.0,28086.0,42804.0,20873.0,11062.0,17531.0,49204.0,15120.0,92974.0,17193.0,36792.0,3304.0,30458.0,25411.0,7876.0,15101.0,14087.0,59797.0,7427.0,33716.0,75709.0,11795.0,16848.0,87413.0,5451.0,58110.0,17725.0,23189.0,5632.0,14412.0,17755.0,10416.0,3727.0,38328.0,21162.0,44915.0,13910.0,4586.0,51397.0,46494.0,20126.0,15539.0,101655.0,33577.0,17740.0,7657.0,23982.0,28095.0,8287.0,10849.0,14730.0,8774.0,26325.0,65545.0,50541.0,94338.0,73833.0
2023-04-14,17307.0,31043.0,41741.0,6741.0,13804.0,22387.0,36485.0,17515.0,8351.0,16086.0,34553.0,15183.0,75436.0,11773.0,23209.0,2609.0,25768.0,23290.0,6626.0,10936.0,11622.0,42741.0,6827.0,28846.0,72509.0,12437.0,12926.0,81927.0,16239.0,23256.0,13190.0,9982.0,2860.0,41273.0,,,,,19918.0,39065.0,14269.0,5360.0,54588.0,45161.0,19222.0,12223.0,86339.0,26893.0,12790.0,5235.0,22529.0,22848.0,5577.0,11027.0,11776.0,6878.0,32001.0,79127.0,39966.0,81409.0,72817.0
2023-04-17,13732.0,28490.0,37431.0,7468.0,11698.0,20747.0,33944.0,18541.0,8761.0,12925.0,42010.0,13533.0,72630.0,11641.0,30151.0,2686.0,19863.0,24808.0,6485.0,12160.0,12876.0,47403.0,6258.0,24758.0,60825.0,10104.0,12972.0,64359.0,4314.0,46929.0,14226.0,16684.0,4239.0,11220.0,14589.0,7492.0,3024.0,30392.0,12353.0,36184.0,11673.0,5201.0,32256.0,32051.0,16866.0,13476.0,75394.0,26493.0,14086.0,5994.0,18385.0,20527.0,6080.0,9603.0,12039.0,6841.0,29472.0,72726.0,43694.0,68060.0,67033.0
2023-04-18,18266.0,33350.0,43200.0,9560.0,14934.0,26975.0,41268.0,22815.0,11227.0,16454.0,58508.0,15345.0,92700.0,16080.0,41584.0,3113.0,23243.0,25973.0,8283.0,16521.0,15808.0,62774.0,8030.0,30919.0,71498.0,11477.0,16577.0,75590.0,5247.0,53813.0,15765.0,18106.0,4532.0,12305.0,16690.0,8105.0,3418.0,33514.0,14441.0,42078.0,13621.0,5519.0,36124.0,37810.0,19893.0,17252.0,91303.0,29294.0,18067.0,8396.0,20806.0,23763.0,8465.0,11700.0,15311.0,8805.0,34176.0,89118.0,53180.0,85052.0,71654.0
2023-04-19,18837.0,33441.0,45550.0,9516.0,14701.0,27705.0,42266.0,22628.0,11535.0,16572.0,58655.0,15747.0,95450.0,14915.0,41219.0,3417.0,24856.0,26642.0,8978.0,16891.0,16329.0,63868.0,8075.0,32437.0,74471.0,11955.0,17356.0,83061.0,5639.0,55401.0,16429.0,19081.0,5104.0,13557.0,17392.0,9205.0,3447.0,33546.0,15722.0,45536.0,14516.0,6183.0,41241.0,40752.0,20709.0,18187.0,95356.0,32184.0,18135.0,8266.0,23105.0,25867.0,8610.0,12024.0,15735.0,9583.0,34458.0,95372.0,54343.0,88612.0,73078.0
2023-04-20,20283.0,36759.0,48316.0,10048.0,16079.0,31262.0,45377.0,23837.0,12268.0,19925.0,66501.0,16854.0,108029.0,17621.0,43989.0,3365.0,26735.0,27491.0,9028.0,18172.0,16955.0,67745.0,8913.0,35529.0,81380.0,13399.0,19366.0,88811.0,5285.0,67522.0,17649.0,24015.0,6711.0,13432.0,19588.0,10601.0,3980.0,36142.0,18115.0,49268.0,12067.0,10215.0,44413.0,44536.0,23622.0,19450.0,104433.0,32559.0,19686.0,8496.0,25681.0,27017.0,8941.0,12669.0,16931.0,10259.0,36656.0,104952.0,56689.0,98603.0,91678.0
2023-04-21,20336.0,34521.0,44772.0,7807.0,13647.0,23599.0,42447.0,19433.0,8660.0,16618.0,38544.0,16404.0,82120.0,11762.0,25697.0,3376.0,24301.0,25668.0,6762.0,11214.0,12742.0,46548.0,6390.0,28625.0,70900.0,13280.0,13405.0,82636.0,6391.0,51209.0,16818.0,21746.0,5444.0,14367.0,18151.0,10622.0,3274.0,40188.0,17091.0,42808.0,14281.0,6144.0,50710.0,46455.0,21567.0,14269.0,94023.0,33480.0,13437.0,5441.0,23306.0,24829.0,6079.0,12163.0,12639.0,7336.0,35373.0,83295.0,42825.0,85242.0,73855.0
2023-04-24,15005.0,29999.0,38950.0,8761.0,13221.0,22812.0,38156.0,20405.0,14190.0,2698.0,24719.0,,,,,,,,13737.0,,,,,,,,,,5899.0,53229.0,16772.0,22452.0,3966.0,11988.0,16440.0,8692.0,3751.0,36062.0,36678.0,34713.0,,,,,,,,,16131.0,6589.0,20543.0,21416.0,7474.0,11168.0,14287.0,8610.0,31201.0,76562.0,45666.0,72734.0,68423.0
2023-04-25,18623.0,35166.0,46124.0,9933.0,15028.0,28319.0,44848.0,23705.0,12381.0,17820.0,62189.0,15742.0,95004.0,42980.0,27458.0,,,,8954.0,17385.0,17036.0,64213.0,8476.0,34079.0,76741.0,18106.0,82491.0,,5888.0,56993.0,17491.0,19183.0,4823.0,13908.0,18234.0,9419.0,3727.0,35304.0,13343.0,46779.0,14671.0,6146.0,39502.0,21569.0,18891.0,96014.0,,,19136.0,8770.0,22875.0,26329.0,9266.0,12740.0,16194.0,10560.0,36680.0,92545.0,55652.0,92565.0,75637.0
2023-04-26,19105.0,34283.0,47088.0,9958.0,15753.0,29724.0,44663.0,24219.0,12220.0,18011.0,61381.0,16579.0,98928.0,17291.0,42229.0,3303.0,26084.0,27107.0,9251.0,17693.0,17614.0,67209.0,8585.0,35140.0,77700.0,13780.0,18296.0,84000.0,6191.0,58002.0,17913.0,21233.0,2444.0,13555.0,18606.0,10223.0,3660.0,38437.0,16356.0,47550.0,15479.0,6318.0,41096.0,42971.0,18655.0,19745.0,102264.0,33471.0,20197.0,8838.0,22611.0,27271.0,9106.0,12341.0,16258.0,10479.0,36658.0,98332.0,55577.0,93371.0,92454.0
2023-04-27,19196.0,35316.0,49683.0,10419.0,16411.0,31738.0,44969.0,24494.0,12587.0,19394.0,65106.0,16330.0,110465.0,18484.0,43292.0,3264.0,26873.0,26383.0,9660.0,19064.0,17332.0,69520.0,9701.0,37378.0,82601.0,15286.0,20189.0,89714.0,6009.0,59782.0,18998.0,23325.0,1329.0,15622.0,19428.0,10803.0,3767.0,42266.0,18505.0,46475.0,15617.0,6750.0,46093.0,46157.0,22581.0,18334.0,105240.0,29865.0,20054.0,9213.0,24793.0,26560.0,9669.0,12638.0,17175.0,11037.0,37716.0,100878.0,54961.0,96952.0,79336.0
2023-04-28,17688.0,33055.0,42284.0,7741.0,13458.0,24111.0,39237.0,19596.0,9063.0,16946.0,37821.0,16907.0,79485.0,12247.0,26159.0,3113.0,25628.0,25570.0,7519.0,11410.0,13910.0,48025.0,7088.0,27754.0,71552.0,13457.0,14298.0,80989.0,6211.0,52771.0,18277.0,22340.0,3480.0,14384.0,18790.0,10723.0,3327.0,42290.0,17617.0,41614.0,14964.0,7542.0,50788.0,45133.0,21742.0,13955.0,92173.0,28977.0,14184.0,5546.0,21934.0,25437.0,6214.0,11112.0,13088.0,7763.0,34661.0,80214.0,41829.0,85970.0,76919.0
2023-05-02,16090.0,33153.0,40811.0,9050.0,13729.0,24881.0,39424.0,21706.0,10712.0,16173.0,51326.0,14290.0,83336.0,15873.0,38095.0,3077.0,24066.0,26155.0,8467.0,10150.0,15329.0,59553.0,7771.0,33758.0,68976.0,13030.0,16072.0,74350.0,5301.0,52793.0,17078.0,20838.0,3741.0,13336.0,16880.0,9122.0,3456.0,38666.0,14891.0,42472.0,13574.0,6397.0,39331.0,39574.0,19556.0,17416.0,90544.0,31419.0,16941.0,7395.0,22086.0,24279.0,7814.0,11664.0,14248.0,9306.0,33847.0,88000.0,49323.0,81078.0,73439.0
2023-05-03,18078.0,33665.0,42208.0,9422.0,15071.0,26662.0,40272.0,23301.0,11304.0,15953.0,59838.0,14697.0,90596.0,16370.0,40465.0,3235.0,23755.0,27300.0,8234.0,10373.0,15118.0,65515.0,8275.0,35791.0,71585.0,12364.0,18189.0,79617.0,4710.0,55899.0,18460.0,20698.0,2179.0,13977.0,18452.0,10384.0,3708.0,37784.0,15137.0,47261.0,11439.0,6942.0,40060.0,39883.0,19475.0,17771.0,95080.0,31322.0,15448.0,6739.0,22965.0,25879.0,5834.0,11940.0,15020.0,7325.0,36245.0,92797.0,51943.0,86034.0,77019.0
2023-05-04,18343.0,34313.0,43607.0,9893.0,14626.0,28426.0,40691.0,22946.0,11764.0,17455.0,59703.0,15953.0,95564.0,17361.0,41245.0,3221.0,25382.0,27243.0,8573.0,10397.0,16040.0,67787.0,8415.0,36802.0,76167.0,12705.0,17570.0,82859.0,5215.0,58408.0,17476.0,19843.0,2310.0,14922.0,17895.0,9934.0,3598.0,37327.0,15277.0,47913.0,14472.0,6878.0,40181.0,39831.0,21680.0,18433.0,97617.0,30755.0,18282.0,8332.0,23136.0,26834.0,8661.0,12289.0,15042.0,9826.0,36032.0,95561.0,54399.0,91502.0,75979.0
2023-05-05,16379.0,30094.0,41581.0,7355.0,13020.0,21106.0,38527.0,19257.0,8594.0,15626.0,34640.0,16105.0,75703.0,12617.0,24616.0,2877.0,23655.0,25040.0,6548.0,3954.0,13032.0,47811.0,6556.0,31605.0,68658.0,13470.0,13723.0,78746.0,5695.0,52123.0,17743.0,21784.0,1861.0,14827.0,19496.0,10597.0,3347.0,39708.0,16945.0,49015.0,14228.0,6057.0,48478.0,46922.0,21446.0,21012.0,91527.0,35993.0,12854.0,5465.0,26247.0,5519.0,11103.0,11612.0,7495.0,34582.0,77763.0,,40398.0,79295.0,75882.0
2023-05-09,16415.0,31633.0,41685.0,9168.0,13746.0,25642.0,38808.0,22303.0,10921.0,15514.0,54009.0,14699.0,85348.0,14427.0,38042.0,2862.0,21467.0,26357.0,7867.0,15031.0,15245.0,60082.0,7462.0,31749.0,64810.0,11543.0,15522.0,70532.0,6439.0,51015.0,15969.0,17904.0,14037.0,17062.0,4010.0,3350.0,34954.0,,12805.0,41043.0,13270.0,6545.0,32756.0,32578.0,20440.0,16169.0,87179.0,28096.0,16282.0,7501.0,18331.0,21756.0,7883.0,11266.0,14393.0,9093.0,34117.0,82832.0,50155.0,79861.0,71030.0
2023-05-10,18183.0,32254.0,44677.0,9362.0,15034.0,27337.0,39982.0,23382.0,11086.0,16482.0,57871.0,16784.0,86939.0,15320.0,41275.0,2972.0,22820.0,26568.0,8765.0,16161.0,15913.0,65028.0,8350.0,32973.0,69262.0,12544.0,17140.0,78559.0,6064.0,55076.0,16670.0,19260.0,14709.0,17870.0,7082.0,3664.0,34515.0,,14693.0,43687.0,14593.0,6307.0,37260.0,36982.0,21344.0,17680.0,94096.0,29869.0,17286.0,7912.0,21186.0,24473.0,8287.0,11728.0,15517.0,10736.0,35443.0,90569.0,53656.0,86255.0,73049.0
2023-05-11,18975.0,34650.0,48744.0,10043.0,15698.0,30149.0,42757.0,23674.0,11930.0,17870.0,63064.0,16218.0,101168.0,16726.0,43194.0,3239.0,25126.0,26158.0,9201.0,16854.0,16799.0,68897.0,8322.0,36691.0,75651.0,13072.0,18393.0,82860.0,6902.0,58148.0,17601.0,19679.0,485.0,14824.0,18446.0,6504.0,3601.0,38919.0,16333.0,44441.0,14578.0,6247.0,39035.0,38810.0,21887.0,17413.0,99944.0,30630.0,18441.0,8470.0,22708.0,26527.0,8707.0,12203.0,16081.0,10846.0,37529.0,99262.0,56713.0,96678.0,92970.0
2023-05-12,16630.0,27611.0,12758.0,6894.0,4108.0,19944.0,24732.0,17938.0,7151.0,14407.0,33515.0,15237.0,62415.0,9987.0,21366.0,2750.0,20610.0,24936.0,6505.0,10640.0,8603.0,36150.0,5926.0,26995.0,58906.0,12788.0,12519.0,75175.0,5451.0,48427.0,16777.0,20235.0,2249.0,13248.0,17739.0,9315.0,2722.0,36606.0,15470.0,36886.0,13374.0,5994.0,40392.0,37429.0,18609.0,12092.0,52608.0,25089.0,9054.0,3241.0,15160.0,19179.0,5246.0,10415.0,10882.0,7753.0,31099.0,64939.0,43354.0,53726.0,69391.0
2023-05-15,14976.0,29131.0,39228.0,7924.0,10483.0,21617.0,36320.0,19811.0,9220.0,14506.0,42916.0,13731.0,73026.0,11692.0,31577.0,2882.0,22145.0,25375.0,7722.0,12658.0,13763.0,49893.0,6558.0,27309.0,60337.0,11983.0,14013.0,65257.0,5239.0,48683.0,16482.0,19199.0,627.0,12957.0,16421.0,9239.0,3277.0,34963.0,12921.0,40602.0,12701.0,5997.0,33254.0,33052.0,18138.0,15293.0,82651.0,28919.0,14818.0,6382.0,17993.0,20432.0,6718.0,10225.0,13082.0,7578.0,30557.0,73162.0,44327.0,69070.0,67831.0
2023-05-16,19361.0,34422.0,46361.0,9800.0,12640.0,27933.0,47557.0,23972.0,12172.0,16814.0,61118.0,14862.0,95564.0,16237.0,41579.0,3682.0,25560.0,27272.0,9104.0,17059.0,17031.0,65056.0,8172.0,33765.0,71833.0,13085.0,17971.0,79399.0,5635.0,55758.0,17482.0,19205.0,15279.0,18126.0,10323.0,3782.0,36909.0,,14813.0,44102.0,14382.0,6287.0,36043.0,36999.0,20796.0,17776.0,98236.0,32668.0,18858.0,8605.0,20926.0,25480.0,8835.0,12172.0,15668.0,9687.0,36366.0,91273.0,56179.0,87976.0,76012.0
2023-05-17,19549.0,34326.0,47097.0,10009.0,12856.0,28371.0,43614.0,23187.0,11584.0,17274.0,61291.0,16015.0,96422.0,16499.0,41800.0,3536.0,25126.0,26718.0,9064.0,16984.0,16925.0,68327.0,8591.0,34472.0,58735.0,13493.0,18033.0,85517.0,5733.0,62244.0,18929.0,20164.0,15065.0,20350.0,10894.0,3932.0,37472.0,,15940.0,45673.0,15336.0,6232.0,39784.0,41294.0,21037.0,18374.0,96594.0,32423.0,18538.0,8523.0,22044.0,26505.0,8839.0,10895.0,15607.0,10387.0,33339.0,95980.0,54595.0,88455.0,73159.0
2023-05-18,20750.0,36880.0,50096.0,10461.0,13191.0,31565.0,45638.0,24576.0,12123.0,18918.0,64512.0,16479.0,103159.0,17572.0,43115.0,3767.0,28422.0,27268.0,9396.0,17343.0,17340.0,70388.0,8459.0,35895.0,76840.0,14172.0,19513.0,88833.0,6146.0,60822.0,19266.0,21665.0,16242.0,19588.0,11903.0,3903.0,38944.0,,16841.0,47469.0,15375.0,7011.0,42788.0,43562.0,22549.0,18334.0,102734.0,35111.0,19546.0,8490.0,23747.0,28226.0,9146.0,12253.0,16910.0,10769.0,38290.0,102034.0,58302.0,97918.0,77787.0
2023-05-19,19327.0,34550.0,45066.0,7997.0,11517.0,24371.0,40742.0,20368.0,9796.0,16125.0,38238.0,16969.0,79223.0,12598.0,26244.0,3099.0,28010.0,26379.0,7476.0,11556.0,13853.0,48084.0,7159.0,30194.0,71682.0,14300.0,14987.0,83390.0,6509.0,54702.0,19168.0,2342.0,3496.0,42076.0,,,,,18809.0,46959.0,15174.0,7558.0,50430.0,45413.0,21908.0,15570.0,92910.0,31737.0,14494.0,5639.0,24188.0,27600.0,6216.0,11026.0,13578.0,7913.0,35445.0,84001.0,44847.0,88756.0,77083.0
2023-05-22,14226.0,29106.0,38688.0,7547.0,11916.0,21709.0,40111.0,19450.0,9489.0,15010.0,43227.0,14038.0,74832.0,12312.0,30490.0,2804.0,22460.0,25214.0,7249.0,13740.0,50379.0,6449.0,26696.0,61232.0,12033.0,14269.0,64933.0,,5324.0,48049.0,16899.0,19416.0,13453.0,16026.0,9399.0,3207.0,35165.0,,12990.0,37544.0,13257.0,5659.0,31769.0,32186.0,24113.0,14605.0,81636.0,28435.0,14791.0,6578.0,17055.0,21036.0,6945.0,10356.0,12232.0,7177.0,30611.0,73018.0,43769.0,68100.0,68987.0
2023-05-23,18825.0,33427.0,44902.0,9492.0,14693.0,28102.0,42250.0,23745.0,11987.0,16456.0,59057.0,43285.0,27299.0,,,,,,16441.0,16485.0,,,,,,,,,5504.0,56334.0,18302.0,20179.0,14295.0,17874.0,9979.0,3568.0,37371.0,,,,,,,,,,,,18662.0,8637.0,20051.0,25100.0,8801.0,12064.0,15387.0,9337.0,35441.0,89936.0,54087.0,86694.0,72694.0
2023-05-24,19721.0,34284.0,47019.0,9727.0,15552.0,28171.0,43862.0,23512.0,16000.0,95906.0,15844.0,3265.0,24839.0,,,,,,9672.0,11521.0,73242.0,8205.0,35159.0,72470.0,14016.0,17918.0,80781.0,,5705.0,56753.0,17919.0,20300.0,15065.0,18267.0,10917.0,3728.0,36306.0,,15550.0,46418.0,15601.0,6951.0,37512.0,36541.0,39105.0,17898.0,95736.0,31213.0,18022.0,8194.0,21340.0,26184.0,8719.0,12810.0,15372.0,9177.0,36294.0,92727.0,53429.0,86464.0,73089.0
2023-05-25,20323.0,37853.0,49257.0,10069.0,16111.0,31195.0,46138.0,23708.0,13388.0,16708.0,60729.0,16492.0,102919.0,16196.0,42094.0,2964.0,24962.0,26518.0,9214.0,16867.0,16489.0,74199.0,8334.0,34474.0,75656.0,13849.0,17938.0,85439.0,6091.0,59660.0,18776.0,21395.0,14593.0,18594.0,10869.0,3776.0,39253.0,,16386.0,45690.0,15578.0,6540.0,40180.0,38680.0,40665.0,17146.0,104927.0,29075.0,18427.0,8458.0,22885.0,27488.0,8499.0,12090.0,16011.0,9719.0,37635.0,100809.0,54783.0,95715.0,75985.0
2023-05-26,17254.0,31083.0,46124.0,7456.0,13496.0,22978.0,42759.0,18999.0,8257.0,15191.0,34048.0,16868.0,78028.0,10835.0,24581.0,2853.0,23710.0,25832.0,6861.0,10625.0,13377.0,47576.0,6643.0,27509.0,65569.0,13098.0,13337.0,79030.0,6330.0,52527.0,18622.0,22492.0,15454.0,18594.0,10916.0,3397.0,40165.0,,17295.0,39120.0,15449.0,6931.0,47155.0,39435.0,42007.0,13177.0,92368.0,27623.0,13164.0,5196.0,20518.0,24712.0,5515.0,10814.0,12350.0,6822.0,37324.0,80843.0,43026.0,86246.0,79396.0
2023-05-30,16115.0,33020.0,46605.0,8712.0,14618.0,25298.0,42087.0,21808.0,10463.0,16953.0,51441.0,14450.0,91744.0,15224.0,36092.0,3277.0,27985.0,26434.0,8036.0,8509.0,15488.0,60452.0,7932.0,34533.0,56567.0,13221.0,16507.0,84904.0,5605.0,62033.0,18127.0,22233.0,3583.0,14209.0,18022.0,9910.0,3811.0,43870.0,17835.0,42425.0,14863.0,6689.0,45508.0,41903.0,19311.0,14226.0,94342.0,29067.0,16959.0,6905.0,21697.0,24134.0,7652.0,9848.0,14404.0,8134.0,32884.0,92190.0,50025.0,88056.0,76444.0
2023-05-31,15046.0,27338.0,14258.0,7333.0,3983.0,21457.0,24636.0,18596.0,7664.0,14987.0,42768.0,14479.0,66767.0,12844.0,26645.0,3388.0,22691.0,24749.0,6692.0,11163.0,8944.0,42395.0,6508.0,28607.0,61064.0,12263.0,15083.0,77394.0,4794.0,52712.0,16729.0,21040.0,3549.0,13776.0,16562.0,10410.0,2907.0,37105.0,16146.0,39965.0,13301.0,6141.0,41103.0,35926.0,17727.0,12988.0,52487.0,28695.0,11447.0,4286.0,16042.0,21453.0,6702.0,9904.0,11489.0,7259.0,28869.0,67271.0,46627.0,57185.0,67828.0
2023-06-01,17171.0,37346.0,48908.0,9193.0,13746.0,28219.0,41845.0,22621.0,10313.0,17106.0,54203.0,15683.0,96465.0,14831.0,36704.0,3420.0,27583.0,26751.0,7790.0,13512.0,15413.0,61824.0,7938.0,33808.0,77489.0,13379.0,17298.0,89026.0,5579.0,59881.0,18981.0,22422.0,4195.0,14728.0,17558.0,10640.0,3764.0,43420.0,18960.0,46183.0,15909.0,5969.0,48062.0,40763.0,20511.0,15314.0,103118.0,31348.0,17834.0,7591.0,24807.0,28657.0,8219.0,11073.0,13486.0,8912.0,36136.0,98815.0,52630.0,94312.0,79248.0
2023-06-02,15465.0,32500.0,25445.0,6544.0,6734.0,20667.0,28696.0,17074.0,6501.0,15443.0,30667.0,15727.0,65195.0,11253.0,20224.0,3027.0,23072.0,24891.0,5962.0,9394.0,9594.0,35781.0,5868.0,26556.0,63696.0,12611.0,,81222.0,5223.0,51212.0,17734.0,21831.0,4251.0,14325.0,17968.0,11356.0,3021.0,38533.0,17425.0,40653.0,13150.0,7232.0,49308.0,39900.0,17631.0,10987.0,74243.0,29277.0,10478.0,3167.0,16811.0,23262.0,5336.0,9628.0,8585.0,6479.0,21323.0,55334.0,41870.0,82799.0,73920.0
2023-06-05,13547.0,29158.0,36947.0,7806.0,12011.0,20697.0,35866.0,18630.0,8853.0,14122.0,43102.0,13150.0,72041.0,11697.0,30456.0,2686.0,21230.0,24989.0,6749.0,11762.0,12940.0,48441.0,6386.0,25328.0,59267.0,11127.0,13904.0,65249.0,5082.0,49097.0,16684.0,18708.0,3321.0,12085.0,15526.0,8579.0,3456.0,34318.0,12573.0,36706.0,12804.0,5208.0,32108.0,31515.0,17746.0,13606.0,79056.0,26843.0,14826.0,7041.0,17666.0,20112.0,4568.0,10008.0,12462.0,7063.0,29900.0,71887.0,43532.0,66519.0,67470.0
2023-06-06,17461.0,34339.0,44604.0,9513.0,14496.0,27511.0,41466.0,23348.0,11591.0,16084.0,60039.0,15105.0,91313.0,15308.0,43004.0,3131.0,24341.0,26920.0,8454.0,15962.0,15986.0,64066.0,7729.0,32498.0,69446.0,12585.0,16985.0,79863.0,5294.0,54019.0,18333.0,19566.0,4493.0,13689.0,17154.0,8929.0,3833.0,36743.0,14606.0,43258.0,14366.0,5876.0,35506.0,36182.0,20386.0,17135.0,92770.0,30957.0,17903.0,8678.0,,,,,,,,,54596.0,87051.0,74130.0
2023-06-07,18523.0,35348.0,43639.0,9974.0,14784.0,23131.0,55414.0,23055.0,11455.0,17564.0,61535.0,16117.0,103715.0,15980.0,43717.0,4380.0,26248.0,26616.0,8963.0,16475.0,16258.0,67090.0,7854.0,33170.0,71368.0,12606.0,16970.0,82776.0,5611.0,56087.0,18217.0,19729.0,6966.0,14710.0,17518.0,10018.0,3905.0,34687.0,15102.0,45255.0,15660.0,6150.0,39193.0,37538.0,20638.0,17639.0,96133.0,31697.0,8471.0,21504.0,26734.0,11888.0,15049.0,9351.0,39248.0,96736.0,,,56298.0,92562.0,79306.0
2023-06-08,18875.0,40288.0,47561.0,10535.0,14815.0,30191.0,44618.0,23309.0,11995.0,17983.0,59795.0,14800.0,101622.0,16059.0,43220.0,3481.0,27486.0,27602.0,9410.0,14104.0,16756.0,71282.0,8490.0,33039.0,74372.0,13464.0,17135.0,82679.0,6074.0,60882.0,19200.0,20718.0,5521.0,13932.0,18037.0,9892.0,3807.0,37291.0,16848.0,48133.0,15695.0,6960.0,42308.0,39809.0,21877.0,17092.0,99469.0,32200.0,18647.0,8582.0,22603.0,28635.0,9487.0,12900.0,15523.0,9465.0,40172.0,99545.0,55816.0,95251.0,86297.0
2023-06-09,17500.0,33781.0,41955.0,7907.0,12525.0,22274.0,38578.0,19300.0,8599.0,15881.0,35829.0,16371.0,75978.0,12068.0,25994.0,2909.0,25478.0,26255.0,6971.0,10178.0,12891.0,45394.0,6329.0,26889.0,63637.0,12895.0,13269.0,79398.0,6409.0,51900.0,18771.0,21295.0,5315.0,14303.0,18433.0,10070.0,3779.0,37318.0,16581.0,42729.0,15017.0,7177.0,44301.0,39549.0,20403.0,13616.0,87528.0,28497.0,13088.0,4942.0,20588.0,25174.0,6048.0,10821.0,11937.0,6958.0,36904.0,79337.0,42612.0,83791.0,76605.0
2023-06-12,13716.0,28577.0,41677.0,7982.0,10577.0,20660.0,38153.0,18821.0,8890.0,14325.0,42784.0,13217.0,73654.0,12302.0,32674.0,2786.0,22567.0,24857.0,7447.0,11861.0,10883.0,49790.0,6191.0,25190.0,58511.0,11435.0,13859.0,65387.0,5609.0,49737.0,17086.0,19222.0,3313.0,12377.0,15496.0,8390.0,3244.0,32467.0,12656.0,38609.0,13197.0,5558.0,30864.0,31384.0,18074.0,15323.0,83708.0,31693.0,15444.0,6147.0,17496.0,21234.0,7110.0,9978.0,12832.0,7108.0,29961.0,74312.0,43866.0,71478.0,67707.0
2023-06-13,18710.0,36110.0,46956.0,10519.0,13533.0,26910.0,45142.0,22583.0,11959.0,17212.0,58097.0,15228.0,97484.0,16680.0,42163.0,3279.0,26246.0,27074.0,9948.0,18063.0,13610.0,60310.0,7455.0,32191.0,70891.0,12234.0,17157.0,82261.0,6323.0,57633.0,19309.0,20431.0,4955.0,14410.0,17616.0,9604.0,3940.0,35798.0,15000.0,44970.0,15014.0,6654.0,36223.0,38080.0,21497.0,19404.0,98522.0,36316.0,18889.0,8150.0,20144.0,26182.0,9385.0,11609.0,15371.0,10496.0,35248.0,97800.0,53534.0,91682.0,76176.0
2023-06-14,18695.0,38127.0,47673.0,11062.0,14718.0,26974.0,47546.0,23015.0,13562.0,16944.0,60053.0,15607.0,100672.0,15615.0,42784.0,3336.0,21860.0,27122.0,9207.0,15391.0,17476.0,69669.0,7730.0,32718.0,73306.0,11898.0,18161.0,85356.0,6086.0,61056.0,19459.0,20121.0,5340.0,14632.0,18044.0,10864.0,5240.0,35701.0,14617.0,49524.0,15186.0,6448.0,39076.0,38984.0,19375.0,15896.0,101854.0,34581.0,15027.0,7200.0,22651.0,27151.0,7428.0,12275.0,16293.0,7663.0,37170.0,103405.0,54821.0,94965.0,76392.0
2023-06-15,19078.0,40471.0,48483.0,12319.0,13871.0,29474.0,46362.0,24706.0,12077.0,18373.0,59622.0,15910.0,103174.0,16549.0,43970.0,3581.0,28424.0,27278.0,9519.0,15848.0,16718.0,72003.0,7231.0,33594.0,75196.0,12965.0,17881.0,91110.0,6244.0,64628.0,19501.0,21259.0,5843.0,9978.0,18657.0,10313.0,5933.0,37740.0,17034.0,47254.0,15821.0,6962.0,41678.0,40422.0,22206.0,18224.0,101971.0,32738.0,19290.0,8309.0,23296.0,29180.0,9640.0,11810.0,16056.0,9912.0,37341.0,101274.0,55743.0,96620.0,77930.0
2023-06-16,19792.0,40622.0,47584.0,9627.0,12804.0,22834.0,45512.0,19844.0,9617.0,16355.0,35089.0,16374.0,83880.0,11069.0,26737.0,2860.0,25906.0,26703.0,7153.0,10460.0,14732.0,51186.0,5392.0,26986.0,65889.0,12605.0,13511.0,82002.0,6579.0,55137.0,19673.0,21887.0,4702.0,14080.0,18308.0,10557.0,5022.0,38551.0,17480.0,43368.0,15552.0,7121.0,46140.0,40392.0,20953.0,13722.0,96256.0,30100.0,13655.0,5338.0,21276.0,25719.0,5901.0,10800.0,12456.0,6876.0,36618.0,90010.0,43835.0,89809.0,79718.0
2023-06-19,14459.0,31027.0,41540.0,8201.0,11593.0,21401.0,40742.0,19060.0,9282.0,14427.0,42910.0,13417.0,76382.0,12369.0,32538.0,2897.0,24318.0,25544.0,7487.0,11768.0,13867.0,51644.0,6301.0,25508.0,62207.0,10910.0,14177.0,70057.0,5873.0,53132.0,16987.0,19285.0,4656.0,13027.0,16708.0,9063.0,3307.0,33167.0,11935.0,39192.0,14340.0,6246.0,33809.0,32676.0,20257.0,14881.0,86557.0,31936.0,15064.0,6642.0,18398.0,23554.0,7328.0,10349.0,12694.0,7367.0,30269.0,78817.0,45390.0,73689.0,70837.0
2023-06-20,17416.0,33102.0,44928.0,9835.0,13626.0,26107.0,43770.0,22541.0,11732.0,17247.0,15061.0,94201.0,3210.0,26218.0,,,,,9210.0,65263.0,7305.0,70379.0,11315.0,81586.0,,,,,5902.0,58100.0,18731.0,20624.0,5049.0,13472.0,17288.0,9222.0,3699.0,38026.0,14947.0,44812.0,15358.0,6167.0,35525.0,37452.0,22252.0,17739.0,96469.0,33153.0,18685.0,8928.0,21404.0,26191.0,9048.0,11834.0,15190.0,9154.0,37754.0,95283.0,53210.0,87664.0,74109.0
2023-06-21,17792.0,34280.0,45489.0,10042.0,13715.0,25784.0,46628.0,22180.0,11239.0,16329.0,57721.0,16232.0,40952.0,3559.0,27825.0,,,,8800.0,15124.0,17888.0,7822.0,31815.0,17186.0,,,,,6420.0,60336.0,18851.0,21624.0,5656.0,14124.0,18052.0,10101.0,3727.0,38532.0,48014.0,7201.0,18047.0,34824.0,,,,,,,18324.0,7958.0,22786.0,28497.0,9185.0,11518.0,15257.0,9476.0,35363.0,99037.0,55407.0,90397.0,76632.0
2023-06-22,13219.0,35578.0,45025.0,10005.0,13515.0,28461.0,46036.0,22228.0,60907.0,15258.0,100913.0,16562.0,42679.0,27195.0,26555.0,,,,15753.0,16141.0,68930.0,33847.0,73469.0,12825.0,17730.0,87765.0,,,6495.0,61704.0,19958.0,22106.0,5623.0,14258.0,18097.0,10178.0,3804.0,38961.0,16249.0,16600.0,41515.0,40914.0,23623.0,99318.0,,,,,18683.0,8114.0,24210.0,29393.0,9194.0,11400.0,15680.0,9890.0,38470.0,101075.0,55494.0,94107.0,77164.0
2023-06-23,15741.0,31948.0,42714.0,7709.0,10570.0,21132.0,48385.0,18504.0,8484.0,15496.0,35243.0,15612.0,78323.0,11600.0,25132.0,3045.0,26666.0,25397.0,6969.0,10435.0,13712.0,47396.0,5954.0,26469.0,67262.0,11533.0,13352.0,85043.0,6151.0,19588.0,5899.0,10177.0,3479.0,39803.0,,,,,15015.0,43675.0,15746.0,7083.0,43556.0,37670.0,22633.0,13965.0,89063.0,30974.0,14076.0,5535.0,23581.0,27999.0,6256.0,10263.0,11782.0,7373.0,33845.0,81403.0,44063.0,81321.0,79055.0
2023-06-26,14301.0,30671.0,40525.0,7650.0,10916.0,20887.0,46036.0,18706.0,8607.0,14931.0,43041.0,13547.0,75910.0,12872.0,32504.0,2858.0,25396.0,24558.0,6923.0,11535.0,12485.0,51159.0,6194.0,26124.0,63605.0,12075.0,14393.0,71988.0,5757.0,54796.0,17723.0,21756.0,5139.0,13489.0,16400.0,9478.0,3258.0,33938.0,14609.0,34279.0,13837.0,6512.0,35418.0,37549.0,19809.0,15172.0,86834.0,32801.0,15231.0,6295.0,18850.0,22882.0,7244.0,9840.0,13153.0,7115.0,30552.0,79462.0,47048.0,73299.0,73169.0
2023-06-27,17526.0,34925.0,46330.0,9844.0,13338.0,26201.0,45568.0,22580.0,11686.0,16314.0,58603.0,14938.0,94858.0,16384.0,42996.0,3269.0,28308.0,26303.0,8763.0,15136.0,16509.0,67089.0,7626.0,32086.0,73876.0,13428.0,17990.0,83351.0,6130.0,61790.0,18048.0,21544.0,5310.0,14487.0,17752.0,8923.0,3606.0,38408.0,15410.0,47241.0,15430.0,6667.0,38880.0,37904.0,21308.0,18106.0,98267.0,35922.0,19516.0,8126.0,21650.0,27140.0,9261.0,11624.0,15556.0,9677.0,35636.0,96523.0,54749.0,91506.0,77279.0
2023-06-28,17827.0,43572.0,47681.0,9803.0,13958.0,26432.0,50263.0,22208.0,11547.0,16789.0,58808.0,15193.0,98134.0,16226.0,42387.0,3647.0,27764.0,24965.0,10420.0,15975.0,16307.0,63212.0,7455.0,32286.0,75874.0,12730.0,17785.0,87903.0,6202.0,61018.0,18955.0,22322.0,5885.0,14851.0,18698.0,10190.0,3688.0,42405.0,16707.0,48203.0,16095.0,6727.0,41665.0,41040.0,19382.0,18116.0,101045.0,35643.0,19547.0,7903.0,23358.0,28456.0,9085.0,11547.0,15868.0,9547.0,36063.0,102582.0,48220.0,92314.0,73215.0
2023-06-29,20444.0,41502.0,51336.0,10594.0,14939.0,29505.0,62009.0,23652.0,12468.0,18291.0,62086.0,16953.0,111273.0,17146.0,43047.0,3854.0,29173.0,24604.0,10196.0,16788.0,17055.0,69202.0,7868.0,34875.0,82876.0,13227.0,18306.0,89698.0,6548.0,62241.0,19989.0,23752.0,7317.0,13673.0,19015.0,10333.0,3945.0,45739.0,18153.0,48964.0,16879.0,7265.0,44086.0,42722.0,22899.0,18206.0,107729.0,34625.0,20729.0,9031.0,25490.0,29922.0,9383.0,12264.0,16333.0,10237.0,37825.0,110472.0,60124.0,101064.0,79931.0
2023-06-30,18362.0,38175.0,51640.0,7911.0,13272.0,24296.0,51284.0,20364.0,9320.0,17601.0,38006.0,17288.0,87615.0,12243.0,27373.0,2941.0,27259.0,25147.0,7590.0,11426.0,16053.0,50691.0,6882.0,29085.0,76173.0,13896.0,14600.0,89551.0,6423.0,65122.0,19451.0,27901.0,6318.0,19878.0,19770.0,9931.0,3444.0,44346.0,19284.0,50970.0,16393.0,7990.0,51235.0,46309.0,21696.0,14100.0,100535.0,29816.0,14910.0,5673.0,23285.0,25838.0,6158.0,10974.0,13511.0,7599.0,39111.0,94266.0,45960.0,93104.0,81540.0
2023-07-03,14428.0,31618.0,41316.0,7999.0,10616.0,21838.0,43190.0,19313.0,9945.0,15305.0,43531.0,14848.0,79174.0,12488.0,32548.0,2896.0,25643.0,25048.0,7571.0,12679.0,13539.0,50786.0,6448.0,26669.0,64580.0,11995.0,14785.0,74520.0,6241.0,55875.0,17531.0,22914.0,4547.0,13722.0,17457.0,8599.0,3026.0,34891.0,15643.0,41451.0,14526.0,6001.0,38128.0,37139.0,19777.0,15145.0,89435.0,32850.0,16282.0,6763.0,20405.0,23576.0,7276.0,10674.0,13645.0,7443.0,31071.0,83214.0,48246.0,75467.0,72969.0
2023-07-04,17606.0,35788.0,47758.0,9895.0,13257.0,27958.0,45373.0,23448.0,12975.0,17588.0,64654.0,15848.0,97402.0,16724.0,43332.0,3251.0,27450.0,26920.0,9150.0,17744.0,15849.0,66112.0,8535.0,35587.0,76904.0,13952.0,20989.0,87806.0,6340.0,62566.0,19337.0,25409.0,5044.0,15066.0,18440.0,8681.0,3587.0,39854.0,18926.0,47404.0,16096.0,6419.0,42464.0,44517.0,20547.0,18224.0,102456.0,36133.0,19198.0,8606.0,24511.0,26832.0,8221.0,12077.0,17321.0,9313.0,34702.0,97043.0,55489.0,92541.0,76637.0
2023-07-05,19491.0,36360.0,49081.0,9711.0,13263.0,27747.0,48662.0,22946.0,12221.0,18371.0,60312.0,16859.0,100749.0,16473.0,42874.0,3442.0,29249.0,27006.0,9310.0,16165.0,16701.0,64805.0,7764.0,33223.0,78377.0,13329.0,18444.0,90419.0,6903.0,63939.0,19588.0,24302.0,5897.0,15437.0,19278.0,9737.0,3512.0,40462.0,17888.0,50760.0,17150.0,7329.0,45094.0,44819.0,23754.0,19625.0,106214.0,39677.0,20515.0,9010.0,25535.0,29862.0,9427.0,11942.0,16195.0,9694.0,38433.0,102754.0,56419.0,96486.0,77851.0
2023-07-06,19799.0,38484.0,52901.0,10593.0,13704.0,29725.0,50837.0,23768.0,11973.0,18681.0,60959.0,17215.0,106443.0,17181.0,43433.0,3554.0,30667.0,27675.0,9066.0,16180.0,16681.0,69018.0,7953.0,36036.0,84388.0,14031.0,18506.0,94589.0,6853.0,74379.0,20030.0,27013.0,7033.0,12516.0,20210.0,9777.0,3863.0,39403.0,19294.0,54698.0,16670.0,12693.0,46495.0,46349.0,24361.0,18710.0,112806.0,37067.0,20849.0,9199.0,31165.0,9801.0,12152.0,17268.0,10747.0,38637.0,106806.0,,57493.0,98774.0,79666.0
2023-07-07,17826.0,35852.0,53202.0,8215.0,11727.0,23310.0,48543.0,20116.0,9944.0,16632.0,37328.0,17960.0,85629.0,12094.0,25864.0,3464.0,29097.0,28200.0,7010.0,10756.0,14556.0,51630.0,6608.0,28692.0,72641.0,13431.0,14309.0,88533.0,6534.0,66470.0,19730.0,28160.0,7612.0,19891.0,19875.0,11189.0,3654.0,39300.0,19574.0,49448.0,16330.0,14672.0,50699.0,44760.0,21272.0,13868.0,104430.0,33564.0,23749.0,28591.0,,,,,,,,,46790.0,92745.0,114234.0
2023-07-10,13627.0,30546.0,41648.0,7859.0,11679.0,21719.0,42706.0,19081.0,9628.0,15998.0,43672.0,14487.0,78464.0,13229.0,32379.0,2957.0,26017.0,25783.0,7487.0,11541.0,14415.0,52769.0,6576.0,27718.0,65490.0,10760.0,14240.0,75056.0,6402.0,54336.0,16931.0,18651.0,5034.0,13438.0,16998.0,9100.0,2996.0,34478.0,14151.0,41334.0,14154.0,6365.0,39167.0,37285.0,19076.0,15719.0,86041.0,34560.0,16106.0,6629.0,20607.0,24630.0,6981.0,10564.0,12872.0,8116.0,31615.0,79255.0,46614.0,73348.0,72003.0
2023-07-11,16865.0,34949.0,45626.0,9764.0,13370.0,26923.0,45100.0,22782.0,11969.0,17567.0,58055.0,16099.0,97209.0,17102.0,42435.0,3353.0,28761.0,27712.0,8788.0,15462.0,16646.0,67102.0,7789.0,33366.0,74164.0,12040.0,17787.0,86164.0,6146.0,61569.0,17882.0,23553.0,4917.0,13420.0,18092.0,9299.0,3601.0,39322.0,17238.0,46376.0,15403.0,6539.0,41149.0,41474.0,20337.0,17650.0,96872.0,36414.0,19639.0,8416.0,23363.0,26266.0,9260.0,11414.0,15803.0,10248.0,36956.0,97049.0,55613.0,90874.0,77010.0
2023-07-12,17204.0,33971.0,48228.0,9772.0,13655.0,27430.0,46777.0,22850.0,11815.0,17758.0,58451.0,16416.0,98843.0,16902.0,41891.0,3614.0,28942.0,27513.0,8897.0,15451.0,16828.0,67535.0,8015.0,33940.0,76686.0,12171.0,17518.0,89795.0,6561.0,62414.0,18158.0,23186.0,5223.0,14671.0,18264.0,9859.0,3516.0,37564.0,18662.0,47827.0,15626.0,6740.0,44847.0,43697.0,21042.0,18587.0,99536.0,37507.0,18962.0,8281.0,24682.0,30355.0,8886.0,12020.0,15864.0,10183.0,35816.0,101385.0,55650.0,92836.0,75991.0
2023-07-13,17378.0,36256.0,48685.0,9589.0,14295.0,28850.0,47029.0,23540.0,11324.0,19614.0,61878.0,16581.0,107276.0,17449.0,43354.0,3745.0,29711.0,26890.0,8962.0,16098.0,16517.0,71537.0,8085.0,35728.0,78357.0,12114.0,17984.0,94712.0,6077.0,63918.0,18986.0,24109.0,5572.0,14655.0,19050.0,10664.0,3889.0,37693.0,18934.0,45920.0,15094.0,7229.0,46157.0,44532.0,21230.0,16816.0,104181.0,33350.0,20147.0,8530.0,25671.0,31156.0,9027.0,11442.0,14991.0,10360.0,36610.0,104657.0,47958.0,95754.0,78359.0
2023-07-14,16090.0,30106.0,44805.0,7183.0,12473.0,23045.0,43486.0,18437.0,10005.0,15798.0,36786.0,16842.0,79829.0,11426.0,26518.0,2679.0,24270.0,24881.0,6858.0,11115.0,12647.0,49046.0,7233.0,30476.0,67253.0,12274.0,13750.0,81762.0,6127.0,54313.0,17840.0,25009.0,4814.0,13227.0,18118.0,9776.0,3053.0,43148.0,17199.0,41680.0,14681.0,6529.0,50307.0,43031.0,18156.0,12601.0,93342.0,27683.0,14309.0,5124.0,23521.0,24311.0,5707.0,10564.0,13124.0,7217.0,33391.0,86044.0,42195.0,84230.0,78162.0
2023-07-17,13050.0,29004.0,36349.0,7523.0,10798.0,20827.0,40504.0,18388.0,9393.0,14971.0,42393.0,14610.0,75389.0,12539.0,31574.0,2737.0,25193.0,25560.0,7420.0,11450.0,12652.0,49539.0,6342.0,26769.0,61649.0,10327.0,14486.0,70629.0,5578.0,51433.0,16031.0,22052.0,4688.0,12783.0,15709.0,8433.0,3077.0,33774.0,14638.0,39343.0,12809.0,6851.0,37745.0,35770.0,17409.0,14021.0,85879.0,32375.0,14832.0,6476.0,19005.0,22915.0,6887.0,9619.0,13140.0,7034.0,29169.0,75679.0,45331.0,69986.0,70396.0
2023-07-18,16666.0,33988.0,36092.0,9517.0,12301.0,27600.0,45156.0,21891.0,17242.0,16551.0,44040.0,3282.0,28534.0,27495.0,,,,,9229.0,15162.0,11549.0,17622.0,,,,,,,5669.0,59268.0,17262.0,22146.0,4987.0,13487.0,16605.0,9457.0,3555.0,37939.0,,,,,,,,,,,14168.0,8293.0,22584.0,27264.0,9810.0,11001.0,16123.0,9961.0,33382.0,91032.0,54293.0,88972.0,76882.0
2023-07-19,12521.0,34102.0,42861.0,9517.0,12739.0,27941.0,44838.0,22128.0,12086.0,58523.0,16431.0,98571.0,,,,,,,15361.0,67983.0,7705.0,34367.0,73890.0,87958.0,,,,,5914.0,59906.0,17544.0,22340.0,5166.0,13599.0,17593.0,9903.0,3477.0,37351.0,17386.0,46174.0,15361.0,6480.0,43222.0,41573.0,19558.0,17220.0,101873.0,35303.0,18484.0,8397.0,24383.0,29327.0,9011.0,10888.0,15946.0,9561.0,34556.0,97454.0,52545.0,89294.0,75836.0
2023-07-20,15115.0,28997.0,22045.0,8165.0,6557.0,23452.0,30788.0,18466.0,9056.0,15083.0,42337.0,15307.0,74716.0,13891.0,30222.0,3023.0,24146.0,25538.0,7673.0,12570.0,10161.0,46324.0,6235.0,29699.0,63554.0,10988.0,14565.0,80635.0,5611.0,53825.0,16448.0,21357.0,4754.0,12279.0,16388.0,9339.0,2580.0,33388.0,16561.0,38693.0,13397.0,7076.0,40532.0,38210.0,18201.0,13735.0,79795.0,31140.0,14118.0,4780.0,17677.0,25446.0,7612.0,9827.0,12201.0,8773.0,21068.0,59567.0,45839.0,84577.0,67609.0
2023-07-21,16232.0,29860.0,38076.0,7032.0,9574.0,21431.0,40255.0,17314.0,7952.0,15422.0,32455.0,16223.0,76864.0,10467.0,24026.0,2734.0,24665.0,25668.0,6102.0,10059.0,11946.0,44448.0,5943.0,27244.0,64413.0,11127.0,12135.0,81776.0,5741.0,51777.0,17040.0,22298.0,4931.0,12612.0,17068.0,9385.0,3122.0,37218.0,17009.0,40113.0,13417.0,6602.0,51857.0,41511.0,18710.0,11853.0,92398.0,27827.0,12149.0,5050.0,21517.0,25100.0,5436.0,9881.0,12024.0,6581.0,30056.0,73664.0,41876.0,78954.0,77064.0
2023-07-24,12794.0,27658.0,38016.0,7105.0,10217.0,19815.0,36684.0,17821.0,9181.0,14371.0,40395.0,13543.0,72859.0,11884.0,30389.0,2573.0,23985.0,24089.0,6961.0,11089.0,14099.0,48439.0,6027.0,25670.0,60669.0,10702.0,13677.0,71890.0,4666.0,51267.0,14938.0,21357.0,4153.0,11287.0,15045.0,8410.0,2752.0,36763.0,14629.0,37159.0,11968.0,6041.0,39704.0,36754.0,15434.0,12574.0,81241.0,28489.0,14272.0,5579.0,19256.0,21426.0,6370.0,8880.0,12409.0,6591.0,28247.0,74745.0,42121.0,67856.0,70384.0
2023-07-25,15323.0,32883.0,38668.0,8646.0,10259.0,24006.0,50834.0,20080.0,10478.0,16217.0,53455.0,15336.0,84769.0,15505.0,36924.0,3096.0,28110.0,24856.0,8273.0,13582.0,14559.0,56383.0,6822.0,30030.0,69119.0,10824.0,16543.0,80595.0,5425.0,53987.0,15907.0,21876.0,5676.0,12810.0,16235.0,9291.0,3114.0,38913.0,16381.0,42161.0,13323.0,6503.0,44232.0,40151.0,17824.0,14894.0,88290.0,33124.0,17161.0,7154.0,20835.0,26243.0,8223.0,9570.0,13451.0,8399.0,31968.0,88688.0,52046.0,85370.0,76845.0
2023-07-26,16198.0,32175.0,39986.0,8883.0,10938.0,25076.0,48425.0,20081.0,10898.0,17002.0,55098.0,15632.0,86917.0,15810.0,37038.0,2932.0,27605.0,24863.0,8184.0,15423.0,15023.0,56688.0,7819.0,31888.0,73465.0,11848.0,17116.0,81501.0,6019.0,54535.0,16347.0,23107.0,5580.0,13841.0,16986.0,8919.0,3143.0,39423.0,19666.0,43306.0,14500.0,6755.0,50544.0,46130.0,18555.0,15995.0,91240.0,31366.0,18015.0,7517.0,23647.0,27248.0,8248.0,9905.0,14621.0,8099.0,31571.0,89281.0,53044.0,86398.0,75375.0
2023-07-27,15769.0,31827.0,41369.0,8952.0,11373.0,26689.0,45680.0,20706.0,11056.0,16920.0,53929.0,16071.0,92219.0,15307.0,37255.0,2864.0,27480.0,24750.0,7933.0,11007.0,15117.0,61936.0,7146.0,33441.0,72819.0,11642.0,16038.0,87515.0,5651.0,56324.0,16920.0,21756.0,4847.0,12548.0,16447.0,9295.0,2931.0,41762.0,18289.0,42413.0,14368.0,6993.0,47707.0,42764.0,18212.0,14951.0,95316.0,30426.0,17383.0,7328.0,23286.0,28298.0,8153.0,10141.0,14310.0,7774.0,36071.0,91264.0,50756.0,88074.0,74768.0
2023-07-28,15059.0,29826.0,41939.0,6775.0,10052.0,21087.0,40052.0,17046.0,8304.0,15762.0,33611.0,16131.0,76455.0,10778.0,23877.0,2671.0,26528.0,25057.0,6383.0,7823.0,13266.0,44685.0,6063.0,27056.0,65143.0,11452.0,13212.0,83767.0,5658.0,52366.0,16473.0,21843.0,2930.0,41340.0,,,,,17955.0,40311.0,13620.0,6868.0,51819.0,41286.0,17253.0,11673.0,86808.0,29901.0,13511.0,4965.0,21830.0,26294.0,5449.0,9131.0,11634.0,5541.0,34351.0,78016.0,41612.0,83050.0,75117.0
2023-07-31,13981.0,27083.0,28928.0,6933.0,9175.0,19703.0,36713.0,21018.0,8692.0,14705.0,39567.0,13790.0,72497.0,11992.0,29227.0,2455.0,24305.0,23932.0,6657.0,9735.0,15373.0,47577.0,5924.0,25652.0,60351.0,10510.0,13362.0,71656.0,5201.0,49947.0,15167.0,20821.0,4071.0,11886.0,14447.0,8247.0,2599.0,36548.0,14688.0,36156.0,12196.0,6041.0,40189.0,36125.0,15517.0,12797.0,83580.0,28638.0,14458.0,5993.0,18532.0,21129.0,6529.0,9019.0,12142.0,6334.0,30291.0,71243.0,41834.0,68761.0,70191.0
2023-08-01,17778.0,31970.0,40497.0,8858.0,10345.0,24966.0,39716.0,21090.0,10900.0,16978.0,54211.0,15325.0,92017.0,15781.0,38529.0,3225.0,29395.0,26892.0,8086.0,13610.0,15146.0,60857.0,7219.0,30182.0,71047.0,10793.0,16385.0,85289.0,5696.0,57981.0,16073.0,21860.0,4842.0,13093.0,16427.0,8775.0,3133.0,38410.0,16719.0,42671.0,13791.0,6711.0,46096.0,40610.0,18408.0,16650.0,87625.0,33701.0,17381.0,7807.0,21851.0,26365.0,8261.0,10098.0,14919.0,7795.0,30977.0,88647.0,51740.0,87311.0,75967.0
2023-08-02,17924.0,34400.0,42981.0,8532.0,11393.0,25999.0,43097.0,20917.0,11529.0,17718.0,54391.0,15921.0,93180.0,16064.0,37728.0,2990.0,26942.0,25511.0,8186.0,14505.0,15010.0,59462.0,7861.0,31848.0,73406.0,12128.0,16597.0,86783.0,5777.0,55775.0,17445.0,24147.0,4604.0,12687.0,15917.0,9036.0,3027.0,40112.0,18693.0,41721.0,14965.0,5924.0,47894.0,43860.0,18148.0,16270.0,99306.0,31767.0,17700.0,8059.0,24513.0,26549.0,8548.0,10316.0,15339.0,8384.0,31704.0,92574.0,50372.0,86650.0,73982.0
2023-08-03,17543.0,33302.0,42621.0,9008.0,10780.0,27393.0,41884.0,20990.0,11581.0,17643.0,55687.0,15989.0,97354.0,16714.0,38354.0,3285.0,30146.0,26422.0,8477.0,14016.0,14948.0,63340.0,7163.0,32458.0,76616.0,11548.0,16726.0,92168.0,5807.0,59244.0,16802.0,22367.0,5218.0,13762.0,17303.0,9715.0,3351.0,39548.0,19179.0,44242.0,14955.0,7385.0,50306.0,42560.0,17795.0,15874.0,100922.0,34130.0,17810.0,8049.0,24592.0,29510.0,8447.0,10035.0,15170.0,8248.0,32406.0,92675.0,51604.0,92354.0,75928.0
2023-08-04,15332.0,29382.0,40817.0,6570.0,9021.0,21123.0,38746.0,17064.0,8648.0,15854.0,33971.0,16237.0,74612.0,11135.0,23213.0,2644.0,27831.0,25331.0,6300.0,8492.0,12258.0,44098.0,5996.0,27140.0,65439.0,11085.0,12833.0,83572.0,5917.0,51694.0,16103.0,22084.0,4843.0,12717.0,16915.0,9837.0,2897.0,39533.0,18183.0,40112.0,13504.0,7161.0,52367.0,43547.0,16295.0,11711.0,89844.0,29818.0,12677.0,5233.0,22138.0,25833.0,5660.0,9669.0,11654.0,6099.0,29154.0,73389.0,40474.0,78574.0,74483.0
2023-08-07,12170.0,29016.0,36841.0,7129.0,8867.0,19411.0,37290.0,16632.0,8785.0,14408.0,36897.0,12517.0,70290.0,11829.0,28542.0,2930.0,26543.0,25002.0,5773.0,9214.0,13024.0,47081.0,5652.0,23810.0,58593.0,7582.0,11674.0,71966.0,6208.0,51158.0,14301.0,20012.0,3824.0,10763.0,15099.0,6887.0,2905.0,35811.0,13507.0,36471.0,12702.0,6235.0,40468.0,35763.0,15203.0,12821.0,82520.0,31490.0,,,,,,,,,,,42137.0,68711.0,70009.0
2023-08-08,15795.0,35421.0,36335.0,8636.0,11035.0,24596.0,41038.0,20261.0,10938.0,16541.0,54233.0,14862.0,87829.0,15704.0,38013.0,3011.0,27996.0,25412.0,7595.0,13919.0,15445.0,60362.0,7190.0,30004.0,68569.0,11959.0,15759.0,84736.0,5682.0,57129.0,16276.0,23858.0,4191.0,11865.0,15113.0,8034.0,3036.0,41480.0,16055.0,38712.0,13530.0,5208.0,43601.0,41966.0,16869.0,15295.0,92105.0,31189.0,15627.0,7571.0,22285.0,23897.0,8440.0,9887.0,15505.0,8233.0,29838.0,87510.0,49960.0,85163.0,72755.0
2023-08-09,15850.0,33845.0,40769.0,9108.0,10439.0,24942.0,40544.0,19095.0,10944.0,16638.0,53574.0,15246.0,91283.0,16753.0,36930.0,3386.0,31098.0,26552.0,7313.0,13199.0,14730.0,60012.0,6909.0,29232.0,68809.0,11526.0,15743.0,87073.0,5971.0,58278.0,16044.0,22725.0,5349.0,13468.0,16609.0,10070.0,2961.0,37672.0,17734.0,43056.0,14940.0,7400.0,47067.0,43158.0,17844.0,16862.0,95314.0,36959.0,16872.0,7524.0,23719.0,29332.0,8090.0,9260.0,14613.0,7914.0,33057.0,91964.0,50610.0,89259.0,74371.0
2023-08-10,16231.0,35060.0,41490.0,9499.0,10524.0,25756.0,43766.0,19898.0,11183.0,16904.0,53703.0,15248.0,94153.0,16201.0,36807.0,3541.0,31138.0,25641.0,7618.0,12267.0,14745.0,61330.0,7142.0,29944.0,69801.0,11173.0,15774.0,88434.0,5937.0,57533.0,15986.0,18548.0,5683.0,13646.0,16211.0,9848.0,2642.0,39209.0,18417.0,46183.0,14814.0,1874.0,47362.0,42879.0,19714.0,16028.0,98031.0,33846.0,17915.0,7430.0,24081.0,29341.0,8281.0,9656.0,14506.0,8337.0,30638.0,92215.0,51586.0,91961.0,74272.0
2023-08-11,14658.0,30108.0,40041.0,6821.0,8631.0,20379.0,38429.0,16189.0,8242.0,15210.0,32472.0,15041.0,72510.0,11553.0,22450.0,3071.0,27716.0,24154.0,5627.0,8360.0,12206.0,43398.0,5700.0,25111.0,61922.0,10851.0,12226.0,81833.0,5861.0,51430.0,15471.0,22148.0,5161.0,12411.0,16455.0,9457.0,2995.0,38606.0,16733.0,38115.0,13459.0,6845.0,49522.0,41300.0,16848.0,12255.0,86239.0,31331.0,12751.0,5017.0,21925.0,25900.0,5411.0,8577.0,10489.0,5795.0,29027.0,72955.0,36489.0,78500.0,72199.0
2023-08-14,11919.0,28137.0,36989.0,7066.0,8994.0,19456.0,37309.0,16490.0,8625.0,13342.0,38613.0,13012.0,70210.0,11610.0,27610.0,2748.0,25587.0,23330.0,6226.0,10120.0,12175.0,46268.0,5774.0,23607.0,59453.0,10069.0,12472.0,69915.0,5341.0,49761.0,14651.0,21995.0,3986.0,11478.0,14237.0,7833.0,2890.0,36672.0,14148.0,34177.0,12134.0,5905.0,38550.0,36022.0,15433.0,12574.0,79877.0,29295.0,13940.0,5342.0,19427.0,21569.0,6304.0,8457.0,11401.0,6015.0,26522.0,73820.0,41180.0,65886.0,66245.0
2023-08-15,15959.0,33550.0,40771.0,8649.0,10472.0,24415.0,40863.0,19892.0,10795.0,16141.0,53622.0,14730.0,86085.0,15450.0,37560.0,29441.0,26083.0,,7301.0,12798.0,14767.0,68411.0,10520.0,15376.0,,,,,5796.0,56591.0,15181.0,21770.0,4734.0,12810.0,15732.0,9051.0,3212.0,38825.0,16424.0,39777.0,13565.0,6859.0,43044.0,39797.0,17213.0,15234.0,88938.0,34169.0,17325.0,7091.0,21057.0,25771.0,7967.0,9428.0,14118.0,7799.0,33963.0,87524.0,50254.0,87719.0,72240.0
2023-08-16,15422.0,33527.0,40599.0,8585.0,10667.0,24620.0,48692.0,19246.0,53896.0,3812.0,29742.0,25117.0,,,,,,,56578.0,6753.0,28052.0,79978.0,,,,,,,5849.0,55715.0,15352.0,22087.0,5477.0,13375.0,16134.0,9058.0,3373.0,39096.0,41734.0,14303.0,15866.0,,,,,,,,17286.0,8190.0,22849.0,27918.0,7913.0,9447.0,14226.0,7727.0,31948.0,90178.0,58341.0,89857.0,73026.0
2023-08-17,17317.0,34246.0,42808.0,8879.0,10782.0,26286.0,42178.0,19960.0,10549.0,17568.0,15325.0,93523.0,15913.0,34922.0,3290.0,,,,7644.0,13210.0,14432.0,62747.0,6913.0,29433.0,72237.0,11097.0,16200.0,88461.0,5629.0,57665.0,15737.0,22190.0,5331.0,13633.0,16474.0,9531.0,3418.0,36820.0,18503.0,7603.0,48245.0,42288.0,18576.0,95440.0,32406.0,,,,17422.0,7107.0,23491.0,28467.0,7985.0,9771.0,14049.0,8155.0,32524.0,91615.0,49303.0,89214.0,72839.0
2023-08-18,14701.0,35208.0,42387.0,6879.0,9971.0,20129.0,41481.0,15841.0,9711.0,15097.0,32587.0,19601.0,78120.0,10738.0,22499.0,2613.0,24970.0,24681.0,6098.0,8591.0,14116.0,45611.0,6091.0,25287.0,62718.0,10984.0,12350.0,81436.0,5960.0,52859.0,15665.0,21839.0,5202.0,12321.0,16185.0,9100.0,2805.0,39857.0,16754.0,37493.0,13148.0,6228.0,49886.0,41922.0,16326.0,11626.0,86619.0,28092.0,12652.0,4852.0,22439.0,23875.0,5247.0,8790.0,11441.0,5835.0,28214.0,79153.0,39219.0,80249.0,71537.0
2023-08-21,11921.0,27273.0,36930.0,6812.0,10499.0,18850.0,45579.0,16418.0,8632.0,13755.0,38199.0,12831.0,71901.0,11744.0,27479.0,2800.0,24276.0,23486.0,5998.0,10117.0,12500.0,45730.0,5372.0,22764.0,58982.0,9654.0,11964.0,66398.0,5789.0,47686.0,14027.0,19719.0,4890.0,10533.0,13954.0,7709.0,2817.0,34689.0,12857.0,34468.0,12283.0,6665.0,37915.0,33465.0,15078.0,12792.0,80009.0,28777.0,13863.0,5683.0,18680.0,22100.0,5974.0,7969.0,11200.0,6134.0,28828.0,70185.0,43670.0,71274.0,70656.0
2023-08-22,15383.0,31898.0,39615.0,8391.0,11332.0,23744.0,39903.0,19491.0,10775.0,15731.0,51362.0,14626.0,86405.0,14493.0,36495.0,2972.0,27362.0,26085.0,7121.0,12269.0,14249.0,59664.0,6754.0,27962.0,68062.0,10235.0,14997.0,80154.0,5212.0,55117.0,14504.0,20688.0,4729.0,12372.0,15477.0,8354.0,3387.0,37203.0,16180.0,37457.0,13537.0,6261.0,40918.0,37596.0,16867.0,14645.0,86993.0,31229.0,16302.0,6757.0,20625.0,25504.0,7533.0,9138.0,13832.0,7433.0,31007.0,86166.0,49859.0,84433.0,76430.0
2023-08-23,15436.0,31565.0,39638.0,8319.0,11594.0,23907.0,39937.0,19096.0,10510.0,15591.0,50171.0,14553.0,86058.0,14551.0,35757.0,3038.0,27430.0,25406.0,7240.0,11724.0,14303.0,60642.0,6345.0,27177.0,68216.0,10342.0,14476.0,81251.0,5531.0,55385.0,14733.0,20837.0,4807.0,11997.0,15199.0,8766.0,3546.0,37241.0,16669.0,39037.0,14207.0,6896.0,41535.0,38752.0,17376.0,15276.0,88130.0,31428.0,16481.0,7044.0,21923.0,26546.0,7520.0,9080.0,13562.0,7720.0,30693.0,86857.0,48379.0,83743.0,73865.0
2023-08-24,16569.0,30552.0,40239.0,8423.0,11803.0,24922.0,41172.0,19452.0,10847.0,15795.0,49903.0,13986.0,90418.0,14840.0,35442.0,2849.0,25969.0,24953.0,7198.0,11978.0,13831.0,61640.0,6411.0,28060.0,70910.0,10337.0,14014.0,82497.0,5489.0,54734.0,14785.0,19982.0,4164.0,11322.0,15730.0,7976.0,3028.0,37527.0,16207.0,36751.0,13614.0,6169.0,43148.0,38627.0,17237.0,14147.0,93237.0,27882.0,16024.0,7018.0,22895.0,25500.0,7542.0,9534.0,14044.0,7864.0,31562.0,86113.0,47179.0,84256.0,78001.0
2023-08-25,15046.0,28869.0,43743.0,6490.0,10551.0,20206.0,43354.0,15812.0,7792.0,15006.0,32678.0,19797.0,74891.0,10822.0,21255.0,2491.0,25281.0,24791.0,5981.0,9144.0,12362.0,40392.0,5371.0,23673.0,62911.0,10261.0,12290.0,77542.0,5518.0,50021.0,15066.0,20867.0,5056.0,11905.0,15831.0,8781.0,2808.0,40733.0,14885.0,34404.0,13307.0,6768.0,48447.0,39241.0,16733.0,11151.0,86578.0,27460.0,13969.0,4733.0,21077.0,24292.0,5250.0,8320.0,10985.0,5698.0,32600.0,79411.0,38387.0,79424.0,77782.0
2023-08-29,14367.0,28544.0,40832.0,7592.0,11066.0,21656.0,40034.0,18623.0,9967.0,14861.0,45216.0,13942.0,78895.0,13273.0,32716.0,2684.0,23747.0,25934.0,6624.0,11752.0,13439.0,52801.0,6144.0,25162.0,64077.0,9542.0,13392.0,74473.0,6399.0,52150.0,14634.0,18867.0,4530.0,12242.0,15487.0,5250.0,3105.0,36758.0,14766.0,35110.0,13104.0,5824.0,38926.0,35924.0,16270.0,12352.0,84351.0,28451.0,15253.0,6503.0,19545.0,22060.0,6953.0,8790.0,12758.0,7053.0,27366.0,76329.0,44319.0,76704.0,68928.0
2023-08-30,15886.0,30064.0,41349.0,8179.0,12181.0,23883.0,41432.0,19583.0,10050.0,15029.0,49621.0,14415.0,85627.0,14548.0,35651.0,2925.0,25279.0,25511.0,7092.0,12272.0,13789.0,60314.0,6514.0,27191.0,69933.0,9974.0,14084.0,79803.0,4955.0,55671.0,14902.0,19510.0,4062.0,11611.0,15182.0,7821.0,3409.0,38521.0,16414.0,38635.0,14146.0,5981.0,41383.0,37230.0,17831.0,14326.0,91136.0,28191.0,17872.0,7094.0,21347.0,26239.0,7537.0,9312.0,14002.0,7857.0,28623.0,82593.0,48876.0,83564.0,71939.0
2023-08-31,16702.0,30364.0,45033.0,8368.0,12827.0,26309.0,42655.0,19783.0,10756.0,15566.0,54434.0,15108.0,92552.0,14760.0,38307.0,2817.0,24172.0,25114.0,7435.0,13678.0,14433.0,63007.0,6958.0,29474.0,74764.0,9801.0,15586.0,86796.0,4913.0,57260.0,15358.0,20092.0,4085.0,11769.0,15373.0,7910.0,3184.0,39490.0,16977.0,37565.0,14127.0,6009.0,42648.0,38401.0,18126.0,14249.0,95649.0,26103.0,17350.0,7370.0,22193.0,25589.0,7824.0,9903.0,14288.0,7850.0,29687.0,85958.0,49169.0,83427.0,73925.0
2023-09-01,13895.0,24634.0,11968.0,5947.0,3241.0,17113.0,23181.0,14522.0,5724.0,14186.0,29117.0,14208.0,59930.0,9699.0,19893.0,2827.0,16521.0,24088.0,5476.0,8570.0,7298.0,34922.0,5018.0,22184.0,53335.0,9462.0,11684.0,75212.0,3330.0,48914.0,13622.0,18266.0,3938.0,8525.0,33398.0,,,,13760.0,32777.0,9815.0,5645.0,40309.0,32639.0,16293.0,9413.0,59468.0,22513.0,8431.0,3093.0,13348.0,19853.0,5138.0,8189.0,9481.0,5061.0,17610.0,43053.0,38911.0,48534.0,66206.0
2023-09-04,13130.0,26675.0,35816.0,7149.0,10119.0,19263.0,29003.0,17744.0,8272.0,12671.0,40325.0,13013.0,70228.0,10610.0,30972.0,2515.0,19728.0,25168.0,6609.0,8824.0,11953.0,50038.0,5500.0,23100.0,57382.0,9259.0,12308.0,66779.0,4339.0,49642.0,14387.0,17238.0,4456.0,10885.0,14702.0,7627.0,3093.0,31472.0,11807.0,35314.0,12272.0,5821.0,29827.0,28933.0,16258.0,12648.0,77308.0,25492.0,13731.0,5942.0,15753.0,21144.0,6176.0,8679.0,11452.0,6347.0,28483.0,70690.0,42949.0,66856.0,69505.0
2023-09-05,15932.0,30490.0,38785.0,9021.0,11899.0,24372.0,38804.0,21046.0,10786.0,15171.0,54727.0,14450.0,87149.0,14660.0,40984.0,3078.0,22001.0,26589.0,8451.0,12541.0,14887.0,63415.0,7001.0,27651.0,63762.0,10203.0,15386.0,76999.0,4871.0,55620.0,15474.0,17802.0,4032.0,11417.0,15852.0,7657.0,3354.0,33462.0,12703.0,38778.0,13245.0,5735.0,32579.0,31670.0,18897.0,15166.0,84895.0,27510.0,17525.0,7617.0,18475.0,24938.0,8165.0,9812.0,14059.0,7916.0,31753.0,85289.0,50576.0,81031.0,72205.0
2023-09-06,16231.0,31349.0,39725.0,9127.0,11851.0,24495.0,40197.0,21112.0,10822.0,15220.0,55010.0,14625.0,88493.0,14818.0,40748.0,3177.0,22725.0,25896.0,8682.0,12335.0,15242.0,63898.0,7176.0,28432.0,63969.0,10179.0,15320.0,78454.0,5353.0,54982.0,16183.0,17647.0,4316.0,12181.0,16080.0,8193.0,3252.0,35270.0,13221.0,40982.0,14159.0,6351.0,33960.0,32947.0,19438.0,16121.0,87848.0,28427.0,,,,,,,,,,,50873.0,80424.0,69662.0
2023-09-07,17807.0,33721.0,41969.0,9662.0,12450.0,26309.0,42238.0,21566.0,11211.0,16156.0,57927.0,14902.0,97198.0,15463.0,42618.0,3347.0,24049.0,26478.0,8594.0,13454.0,15582.0,69379.0,7051.0,30150.0,65765.0,10421.0,15836.0,85946.0,5630.0,57285.0,17288.0,17106.0,4845.0,12143.0,16663.0,8316.0,3552.0,36374.0,14306.0,42228.0,14316.0,7156.0,35879.0,35047.0,19981.0,16534.0,94615.0,28655.0,18874.0,8107.0,20387.0,27480.0,8880.0,10714.0,14462.0,8927.0,33349.0,93047.0,53527.0,85472.0,72164.0
2023-09-08,16224.0,28822.0,39016.0,7404.0,10160.0,20304.0,37574.0,17600.0,8697.0,14066.0,34541.0,14823.0,73165.0,11027.0,26286.0,2993.0,22573.0,25946.0,6449.0,9159.0,12147.0,48415.0,5779.0,24257.0,58396.0,10166.0,12010.0,78262.0,5750.0,49700.0,16797.0,18803.0,4509.0,11692.0,16540.0,8440.0,2965.0,36276.0,13243.0,37002.0,13913.0,6361.0,39815.0,34721.0,18844.0,12557.0,84246.0,25952.0,13647.0,5126.0,18696.0,23803.0,5679.0,9390.0,5579.0,6476.0,29712.0,75186.0,40112.0,74425.0,72347.0
2023-09-11,13811.0,28249.0,37383.0,7783.0,9739.0,19680.0,38192.0,18282.0,9155.0,13385.0,41626.0,13012.0,72797.0,12325.0,33280.0,3121.0,21890.0,26234.0,6713.0,11316.0,13034.0,51871.0,5855.0,24614.0,55914.0,9040.0,12942.0,66213.0,5536.0,49723.0,16169.0,17096.0,3997.0,11169.0,15039.0,7458.0,2984.0,30882.0,11474.0,36113.0,12766.0,5375.0,29512.0,29258.0,18291.0,13876.0,79465.0,26769.0,14676.0,6175.0,16928.0,21624.0,6848.0,9443.0,10967.0,7381.0,27446.0,71803.0,44553.0,67012.0,65223.0
2023-09-12,17420.0,31751.0,42418.0,9902.0,12463.0,26017.0,43458.0,22045.0,10443.0,15925.0,58043.0,14977.0,95515.0,15437.0,44561.0,4916.0,21529.0,27673.0,8093.0,15266.0,16512.0,67688.0,7517.0,30300.0,69244.0,9862.0,16785.0,82381.0,5720.0,57580.0,17312.0,18211.0,4359.0,12519.0,16655.0,8279.0,3498.0,35655.0,12851.0,41347.0,14624.0,5179.0,34158.0,33157.0,20835.0,17051.0,89750.0,29883.0,18467.0,8156.0,20203.0,24955.0,8805.0,11196.0,14805.0,9034.0,31276.0,88528.0,52928.0,83296.0,71377.0
2023-09-13,18698.0,31922.0,46461.0,9325.0,13035.0,26813.0,44059.0,22391.0,15872.0,15401.0,5173.0,23711.0,,,,,,,9873.0,,,,,,,,,,5733.0,59292.0,17330.0,18476.0,5174.0,13023.0,17653.0,9193.0,3463.0,36285.0,13569.0,14580.0,5499.0,36359.0,35804.0,,,,,,18631.0,8043.0,21369.0,27954.0,8473.0,11125.0,14705.0,6342.0,36012.0,94766.0,54441.0,87245.0,71799.0
2023-09-14,19281.0,35385.0,46976.0,10032.0,13208.0,28682.0,45192.0,22509.0,11669.0,17419.0,62431.0,103205.0,17212.0,45061.0,25925.0,28601.0,,,9262.0,15334.0,16375.0,73379.0,7694.0,33131.0,73210.0,10462.0,17641.0,90893.0,6258.0,61491.0,18505.0,19810.0,5053.0,13573.0,18098.0,8935.0,3687.0,37460.0,15483.0,44489.0,15638.0,38706.0,22404.0,17324.0,97459.0,31625.0,,,18775.0,8632.0,22833.0,29073.0,9096.0,11484.0,14976.0,10310.0,35266.0,97505.0,56578.0,91806.0,73674.0
2023-09-15,17346.0,35952.0,42928.0,7678.0,11718.0,22400.0,44302.0,18100.0,8275.0,36347.0,16411.0,80284.0,11711.0,27501.0,3647.0,27533.0,,,7152.0,10176.0,13588.0,51005.0,6322.0,26629.0,65653.0,13375.0,84851.0,,6305.0,55401.0,17961.0,17702.0,5484.0,13445.0,18919.0,9446.0,3437.0,37749.0,39774.0,7602.0,42482.0,20193.0,13728.0,93667.0,29516.0,,,,13894.0,4825.0,19815.0,25201.0,6003.0,10244.0,10878.0,7595.0,32418.0,79870.0,41730.0,81718.0,72478.0
2023-09-18,14079.0,30247.0,38536.0,7842.0,10826.0,20311.0,39431.0,18720.0,9756.0,14589.0,42383.0,13618.0,76076.0,12568.0,32681.0,2621.0,22237.0,26970.0,7715.0,11804.0,14871.0,55109.0,6081.0,27641.0,61362.0,9768.0,13232.0,70377.0,5814.0,52877.0,16438.0,18432.0,3924.0,11395.0,16655.0,7580.0,3206.0,35563.0,11539.0,37055.0,13453.0,5297.0,31012.0,31381.0,18603.0,14279.0,87819.0,27578.0,15195.0,6491.0,17469.0,21797.0,6924.0,9805.0,12967.0,9255.0,32251.0,77117.0,45882.0,68852.0,69462.0
2023-09-19,17972.0,35378.0,44271.0,9889.0,13080.0,27325.0,43219.0,22716.0,11823.0,17230.0,60868.0,15138.0,95971.0,16926.0,45444.0,3034.0,24614.0,28713.0,9364.0,16199.0,16826.0,69118.0,7767.0,34134.0,71711.0,10478.0,16947.0,84471.0,5793.0,59990.0,17714.0,18839.0,4448.0,12676.0,18077.0,8394.0,3666.0,37421.0,13728.0,42108.0,14978.0,5320.0,34838.0,35112.0,20693.0,17064.0,93217.0,29617.0,18796.0,8419.0,20745.0,25282.0,8804.0,11745.0,15970.0,10195.0,35327.0,91165.0,54637.0,88151.0,74068.0
2023-09-20,19573.0,35740.0,48984.0,10274.0,14223.0,28638.0,45454.0,22898.0,12109.0,18044.0,60659.0,15850.0,98763.0,15978.0,45707.0,2945.0,24228.0,27703.0,9909.0,17860.0,17664.0,72090.0,9204.0,36519.0,73327.0,11755.0,18279.0,86596.0,5912.0,59965.0,17661.0,20557.0,4258.0,13261.0,17461.0,8422.0,3777.0,41784.0,17547.0,43448.0,16292.0,5733.0,40331.0,40784.0,21277.0,18131.0,96605.0,28210.0,19579.0,8596.0,23013.0,25261.0,9312.0,11734.0,16549.0,11822.0,34923.0,96707.0,54243.0,88733.0,74718.0
2023-09-21,20184.0,37003.0,48432.0,10820.0,15403.0,30288.0,44440.0,23562.0,12187.0,19077.0,65274.0,16089.0,106327.0,19695.0,45325.0,3228.0,28134.0,28235.0,9680.0,17422.0,17166.0,73107.0,8881.0,35828.0,77706.0,11958.0,18358.0,93998.0,6123.0,63865.0,19299.0,21049.0,5201.0,15066.0,18795.0,9286.0,3817.0,41384.0,16178.0,47020.0,16314.0,7137.0,41919.0,41271.0,22074.0,17824.0,104428.0,31120.0,19803.0,8800.0,24282.0,27901.0,9230.0,12011.0,16540.0,11847.0,37835.0,105683.0,55995.0,95140.0,88265.0
2023-09-22,17813.0,33655.0,44207.0,7744.0,11560.0,22549.0,40821.0,19191.0,10108.0,15361.0,38913.0,16671.0,82836.0,12450.0,27541.0,2782.0,23696.0,27807.0,7558.0,11071.0,14350.0,52081.0,6682.0,29785.0,71425.0,11759.0,14065.0,88871.0,5903.0,57505.0,19938.0,21575.0,5755.0,13609.0,19081.0,10000.0,3269.0,43966.0,17517.0,41360.0,14525.0,6949.0,47810.0,42082.0,20125.0,12362.0,91703.0,28912.0,12710.0,5299.0,21761.0,25011.0,5600.0,11022.0,12503.0,7849.0,34844.0,81895.0,44191.0,84085.0,78001.0
2023-09-25,16372.0,32195.0,40038.0,8760.0,11082.0,21266.0,37857.0,20418.0,9788.0,15706.0,44768.0,14042.0,77777.0,12536.0,33703.0,2878.0,22800.0,27920.0,7431.0,12003.0,16934.0,55199.0,8235.0,29055.0,59863.0,10928.0,14257.0,74342.0,5645.0,53581.0,17035.0,18811.0,3767.0,12187.0,16074.0,8111.0,3325.0,34542.0,12952.0,37077.0,13523.0,5336.0,33836.0,32454.0,18616.0,14433.0,78135.0,26529.0,17238.0,6965.0,18381.0,22621.0,6899.0,9738.0,12650.0,10982.0,28746.0,76831.0,47244.0,71828.0,75111.0
2023-09-26,18901.0,37897.0,47488.0,10726.0,12042.0,27417.0,45342.0,25322.0,12613.0,18037.0,62349.0,15725.0,97337.0,16806.0,46005.0,3104.0,24375.0,29664.0,9575.0,14947.0,20227.0,72858.0,8382.0,31681.0,63896.0,12204.0,16735.0,89415.0,5372.0,62684.0,17866.0,19206.0,4798.0,12901.0,17594.0,8611.0,3649.0,38076.0,14638.0,45165.0,14159.0,5836.0,36037.0,37586.0,19869.0,15925.0,89716.0,28989.0,18009.0,8402.0,21608.0,26735.0,8912.0,12063.0,15870.0,12790.0,35028.0,97418.0,56237.0,87980.0,80029.0
2023-09-27,19575.0,36172.0,48485.0,10313.0,13465.0,27799.0,45642.0,24686.0,12553.0,18824.0,61136.0,15699.0,99799.0,16944.0,45327.0,3224.0,24854.0,29556.0,9625.0,16105.0,19932.0,73271.0,8761.0,36524.0,74981.0,12046.0,17818.0,88915.0,6153.0,61592.0,18558.0,19770.0,4819.0,13170.0,17764.0,9122.0,3652.0,39273.0,15652.0,44554.0,15756.0,5854.0,38840.0,38833.0,21736.0,17447.0,98732.0,28597.0,18705.0,8606.0,22518.0,27989.0,9160.0,11388.0,15428.0,12395.0,35534.0,98945.0,56443.0,89548.0,79698.0
2023-09-28,20528.0,38356.0,49822.0,10641.0,14149.0,30711.0,46807.0,25384.0,12604.0,19888.0,65224.0,16867.0,107007.0,17098.0,45564.0,3362.0,25842.0,29946.0,9708.0,3444.0,19543.0,79211.0,9186.0,44471.0,78630.0,12294.0,18930.0,95844.0,6038.0,64793.0,19296.0,20716.0,5057.0,13861.0,18268.0,9455.0,3812.0,40122.0,16417.0,44605.0,15681.0,5890.0,42427.0,41177.0,23197.0,17336.0,101891.0,30670.0,19558.0,8686.0,24665.0,28659.0,9664.0,12333.0,16811.0,13857.0,37010.0,104269.0,58320.0,96568.0,82809.0
2023-09-29,18733.0,35050.0,45888.0,8469.0,10798.0,23091.0,42854.0,21332.0,9465.0,18367.0,40609.0,17034.0,84615.0,13056.0,28199.0,3218.0,25375.0,29263.0,7612.0,10907.0,16791.0,53046.0,7515.0,31997.0,69225.0,12550.0,14404.0,95519.0,6277.0,58937.0,19087.0,21966.0,5442.0,14041.0,18775.0,10168.0,3382.0,40637.0,16736.0,41773.0,15430.0,6447.0,51681.0,42272.0,22141.0,13070.0,93447.0,29356.0,13924.0,6064.0,22302.0,27381.0,6194.0,10770.0,12339.0,10628.0,34420.0,84719.0,45202.0,90064.0,85301.0
2023-10-02,17073.0,31992.0,40571.0,7580.0,10914.0,22050.0,39412.0,23050.0,7693.0,18092.0,46763.0,14205.0,81933.0,12912.0,36286.0,3100.0,24224.0,28623.0,6293.0,13399.0,16911.0,56741.0,8824.0,31372.0,51215.0,12562.0,14931.0,78622.0,5254.0,57098.0,17877.0,20127.0,4331.0,13085.0,16305.0,8906.0,4123.0,38540.0,13481.0,37278.0,13954.0,5660.0,32357.0,35928.0,19219.0,15484.0,82369.0,28226.0,16389.0,6992.0,19718.0,23274.0,7563.0,9800.0,13758.0,11789.0,26946.0,80459.0,48784.0,71998.0,75943.0
2023-10-03,20458.0,37968.0,47944.0,10961.0,12480.0,27890.0,41975.0,26259.0,12896.0,19411.0,62683.0,15485.0,101235.0,17842.0,46387.0,3473.0,26036.0,30143.0,9729.0,14493.0,21170.0,73832.0,9852.0,38238.0,76103.0,12882.0,18155.0,90047.0,5913.0,61129.0,19247.0,20301.0,4752.0,13456.0,17818.0,8835.0,3719.0,41407.0,15548.0,42786.0,15262.0,5733.0,36379.0,39655.0,22011.0,18563.0,97859.0,29447.0,19742.0,9003.0,23309.0,27011.0,9441.0,12289.0,14770.0,13704.0,35357.0,96196.0,54899.0,88124.0,81044.0
2023-10-04,14152.0,24732.0,11928.0,6493.0,3479.0,18161.0,21912.0,17270.0,6259.0,13506.0,34509.0,13280.0,60347.0,11533.0,26133.0,2928.0,15551.0,26155.0,6806.0,7560.0,9994.0,41206.0,5913.0,27099.0,50882.0,10078.0,12935.0,70682.0,4909.0,47822.0,15749.0,17784.0,4128.0,11541.0,15520.0,8557.0,2522.0,31116.0,12847.0,33122.0,12037.0,5110.0,29248.0,30845.0,17618.0,11199.0,54639.0,22695.0,10239.0,4165.0,13645.0,19350.0,6030.0,9518.0,9584.0,8799.0,17423.0,42927.0,41451.0,45228.0,63234.0
2023-10-05,21565.0,39532.0,48246.0,10905.0,12237.0,29728.0,45542.0,26472.0,12189.0,19781.0,64337.0,16464.0,104399.0,17839.0,46012.0,3514.0,25985.0,30301.0,10027.0,15522.0,20755.0,76418.0,9852.0,36947.0,79872.0,13047.0,18348.0,100226.0,5923.0,64097.0,20150.0,20537.0,5028.0,14035.0,19374.0,9531.0,3803.0,40699.0,16684.0,44863.0,15728.0,5996.0,39819.0,41827.0,22588.0,17110.0,104740.0,29584.0,18514.0,8411.0,24531.0,29539.0,10010.0,12302.0,16888.0,14427.0,35863.0,104100.0,53869.0,94124.0,81268.0
2023-10-06,18946.0,31733.0,42077.0,7799.0,9034.0,21875.0,39834.0,20822.0,9100.0,17537.0,35803.0,16504.0,78444.0,12013.0,24902.0,3029.0,24144.0,28830.0,7579.0,9261.0,16278.0,51718.0,7431.0,29831.0,66322.0,12175.0,13039.0,89047.0,19280.0,21361.0,5481.0,3339.0,41104.0,,,,,,16471.0,39846.0,14354.0,6198.0,44282.0,42479.0,20659.0,12697.0,85679.0,28028.0,12359.0,5105.0,21874.0,27181.0,6068.0,10858.0,12224.0,10523.0,31476.0,78244.0,43073.0,79514.0,78700.0
2023-10-09,17811.0,34553.0,41186.0,9018.0,10780.0,22224.0,39955.0,22140.0,10957.0,17086.0,47322.0,14278.0,81653.0,13116.0,35863.0,3174.0,23506.0,29045.0,8484.0,12065.0,18404.0,59092.0,8012.0,29716.0,64523.0,12568.0,15260.0,76036.0,5950.0,54660.0,19378.0,19696.0,5100.0,12736.0,16773.0,9129.0,3602.0,39394.0,13974.0,39887.0,16499.0,6105.0,31300.0,34820.0,18761.0,14227.0,84143.0,29646.0,14603.0,6508.0,20987.0,25657.0,7000.0,10576.0,13770.0,11213.0,30321.0,82121.0,48693.0,73739.0,75489.0
2023-10-10,20202.0,38660.0,49194.0,10975.0,13287.0,27270.0,44364.0,25919.0,12413.0,60819.0,15833.0,100943.0,17314.0,3549.0,,,,,9833.0,16427.0,21813.0,9421.0,36133.0,74944.0,13354.0,89195.0,,,6065.0,61792.0,19785.0,19883.0,5487.0,13484.0,18646.0,9154.0,4332.0,41978.0,15288.0,46528.0,15254.0,6274.0,35504.0,39479.0,21570.0,17518.0,95815.0,30164.0,9006.0,9572.0,12171.0,14366.0,36364.0,,,,,,57666.0,89513.0,79804.0
2023-10-11,21042.0,36879.0,50993.0,11940.0,13414.0,28739.0,46071.0,26979.0,19437.0,16837.0,45921.0,3261.0,26038.0,29731.0,,,,,17087.0,73719.0,17898.0,,,,,,,,6128.0,62208.0,19835.0,20262.0,4994.0,13862.0,17681.0,9449.0,6353.0,42912.0,17615.0,16095.0,44073.0,22943.0,17969.0,28971.0,,,,,18878.0,24500.0,28316.0,16653.0,102708.0,,,,,,58876.0,91498.0,79222.0
2023-10-12,21658.0,39644.0,52007.0,12012.0,13751.0,32147.0,46365.0,26981.0,13256.0,21145.0,65834.0,17349.0,113312.0,48326.0,27069.0,30639.0,,,10761.0,22398.0,78979.0,10005.0,38372.0,80691.0,14097.0,18467.0,98264.0,,6464.0,63867.0,20738.0,21181.0,5412.0,13453.0,17878.0,9755.0,5542.0,43757.0,47527.0,5756.0,40271.0,103749.0,,,,,,,19575.0,9203.0,24511.0,29289.0,9707.0,13037.0,17389.0,15331.0,37230.0,108781.0,59648.0,99016.0,82914.0
2023-10-13,20100.0,35616.0,48081.0,9348.0,12355.0,23983.0,43517.0,23000.0,9372.0,18498.0,38649.0,17173.0,84046.0,11862.0,29444.0,2746.0,24031.0,28465.0,8225.0,10607.0,18282.0,55123.0,8326.0,30272.0,69332.0,13532.0,13784.0,90082.0,6791.0,55439.0,19600.0,21830.0,4966.0,13043.0,19664.0,9578.0,5582.0,44571.0,18127.0,41244.0,15437.0,5948.0,45030.0,43483.0,20231.0,13212.0,90589.0,26690.0,13316.0,5766.0,23510.0,25258.0,5971.0,11350.0,13005.0,11959.0,34267.0,87588.0,43634.0,86315.0,78647.0
2023-10-16,16813.0,32515.0,43276.0,8713.0,10960.0,22708.0,39661.0,22615.0,10418.0,16824.0,47384.0,14475.0,80377.0,12457.0,29801.0,2986.0,22983.0,28491.0,8459.0,9119.0,18644.0,61159.0,8058.0,31032.0,64527.0,12570.0,13981.0,77306.0,5423.0,53416.0,17775.0,19782.0,4661.0,12477.0,15537.0,8819.0,3197.0,40135.0,14777.0,36845.0,13884.0,5250.0,32326.0,35047.0,17717.0,13946.0,82113.0,28643.0,15152.0,6566.0,19255.0,21970.0,6980.0,10294.0,13469.0,11275.0,30444.0,78027.0,47100.0,72975.0,76002.0
2023-10-17,19617.0,39549.0,49461.0,11294.0,13862.0,28316.0,46438.0,26702.0,13433.0,19003.0,61242.0,16177.0,100003.0,16864.0,46364.0,3500.0,26185.0,29882.0,10113.0,15539.0,23368.0,74430.0,9646.0,35791.0,75500.0,13193.0,16083.0,89838.0,5854.0,60626.0,18747.0,19453.0,5037.0,13250.0,16864.0,9135.0,3611.0,39938.0,15402.0,43615.0,15563.0,6063.0,35616.0,38443.0,20761.0,17102.0,95642.0,31442.0,18661.0,8638.0,23497.0,25654.0,8728.0,11957.0,15364.0,13554.0,35768.0,99358.0,57870.0,92139.0,81212.0
2023-10-18,20183.0,34795.0,51297.0,10581.0,13817.0,29687.0,46102.0,26620.0,12660.0,19525.0,62741.0,16615.0,100779.0,16072.0,45724.0,3279.0,25117.0,28669.0,10133.0,15723.0,20959.0,72770.0,10918.0,38215.0,75879.0,14313.0,17787.0,91894.0,6175.0,59598.0,19279.0,21531.0,4625.0,13825.0,16523.0,9421.0,3814.0,45089.0,17854.0,44223.0,16725.0,5685.0,38393.0,41945.0,20648.0,18259.0,95602.0,34919.0,19272.0,8615.0,25813.0,26327.0,8855.0,11792.0,16700.0,13822.0,36508.0,100823.0,58005.0,90285.0,79048.0
2023-10-19,22680.0,37109.0,49371.0,10893.0,14223.0,30662.0,53077.0,26634.0,12559.0,19747.0,66876.0,17280.0,106542.0,16846.0,45660.0,3535.0,25604.0,29561.0,10075.0,15698.0,22506.0,76608.0,9917.0,38122.0,78619.0,13749.0,17078.0,97357.0,6048.0,58847.0,19133.0,20109.0,5735.0,13845.0,16895.0,9544.0,3563.0,45510.0,16990.0,43990.0,15886.0,6012.0,40329.0,41551.0,21080.0,16793.0,99004.0,27647.0,20557.0,8957.0,24423.0,26176.0,8610.0,12206.0,16400.0,13979.0,36918.0,95121.0,54456.0,95470.0,81063.0
2023-10-20,19236.0,32074.0,46142.0,8218.0,10750.0,23447.0,42062.0,21894.0,8769.0,17464.0,36858.0,17509.0,83087.0,11349.0,27555.0,2670.0,23358.0,28327.0,7356.0,10058.0,17698.0,52673.0,6927.0,29221.0,69033.0,12429.0,11780.0,89873.0,5786.0,53206.0,18282.0,20584.0,4820.0,13044.0,16645.0,9509.0,3142.0,44646.0,16380.0,38091.0,15067.0,5484.0,43619.0,39930.0,19500.0,12189.0,87239.0,23627.0,13856.0,5442.0,21143.0,23419.0,5200.0,10638.0,11992.0,10267.0,34331.0,77339.0,39541.0,82327.0,77922.0
2023-10-23,14572.0,31946.0,42233.0,7925.0,10821.0,21023.0,38535.0,21603.0,9761.0,16153.0,42967.0,14458.0,81602.0,12995.0,32121.0,3125.0,24795.0,27631.0,7679.0,17622.0,58562.0,7767.0,34880.0,66980.0,12049.0,13865.0,82085.0,,5784.0,53694.0,17505.0,21532.0,3625.0,12472.0,15214.0,8620.0,3007.0,40433.0,16042.0,36409.0,13654.0,5459.0,38781.0,38777.0,17486.0,13370.0,84967.0,28397.0,16166.0,6256.0,21067.0,22702.0,6314.0,9675.0,12583.0,11313.0,31358.0,79236.0,45406.0,72791.0,77535.0
2023-10-24,17889.0,36567.0,46990.0,9879.0,12506.0,27557.0,43720.0,25262.0,11995.0,18855.0,56377.0,16225.0,96464.0,17768.0,43937.0,3365.0,28163.0,29745.0,9992.0,14188.0,20314.0,70010.0,9163.0,34583.0,78459.0,13232.0,15782.0,95636.0,5753.0,59935.0,18356.0,21969.0,2792.0,14036.0,16297.0,9285.0,3583.0,45904.0,18005.0,42149.0,15577.0,6101.0,42299.0,43467.0,19390.0,16431.0,97814.0,32641.0,20371.0,8867.0,23945.0,28180.0,8810.0,11411.0,16461.0,13568.0,34228.0,95344.0,52155.0,90942.0,83535.0
2023-10-25,17693.0,35371.0,48482.0,9427.0,12791.0,27268.0,44487.0,24727.0,11769.0,18833.0,58434.0,16602.0,97550.0,16985.0,42008.0,3397.0,27134.0,29301.0,9060.0,15077.0,20333.0,69814.0,8930.0,34593.0,81717.0,12910.0,15824.0,97951.0,6122.0,61202.0,19110.0,22239.0,4438.0,14155.0,17084.0,9591.0,3552.0,45533.0,18850.0,43627.0,16293.0,6182.0,45792.0,45459.0,20695.0,17173.0,102142.0,33243.0,19652.0,8314.0,24958.0,28816.0,8377.0,10890.0,15805.0,12849.0,33399.0,98685.0,54481.0,95209.0,82187.0
2023-10-26,19700.0,37772.0,48188.0,10091.0,13372.0,28898.0,46945.0,25535.0,12106.0,20003.0,62013.0,17279.0,105928.0,17401.0,43140.0,3621.0,29004.0,29659.0,8972.0,15554.0,21175.0,76895.0,8948.0,36977.0,84665.0,13095.0,16719.0,104428.0,6140.0,63180.0,19996.0,23515.0,5087.0,13954.0,17721.0,9949.0,3603.0,45876.0,19294.0,42978.0,16483.0,6703.0,46722.0,45292.0,20532.0,15880.0,103064.0,30189.0,19775.0,8342.0,26297.0,29308.0,8236.0,11660.0,15260.0,13285.0,37276.0,104536.0,53778.0,96412.0,84306.0
2023-10-27,18580.0,34343.0,50743.0,7432.0,12472.0,23761.0,45918.0,21112.0,8812.0,17701.0,39374.0,17746.0,83256.0,12329.0,28169.0,3170.0,27665.0,29107.0,7372.0,10668.0,17280.0,56677.0,7815.0,30052.0,78192.0,12757.0,12952.0,101545.0,6142.0,57733.0,20425.0,22965.0,5110.0,14327.0,18179.0,10025.0,3078.0,46474.0,19945.0,40164.0,16002.0,7197.0,53119.0,48686.0,19239.0,12408.0,93483.0,27773.0,16379.0,5113.0,23969.0,26211.0,5275.0,10538.0,13354.0,10190.0,35124.0,92746.0,43208.0,93331.0,85381.0
2023-10-30,16914.0,33615.0,43022.0,8131.0,11107.0,22244.0,39068.0,21821.0,9592.0,15913.0,45832.0,14600.0,78769.0,13069.0,34724.0,2989.0,25280.0,28584.0,8164.0,12000.0,18297.0,58588.0,7775.0,26588.0,67350.0,12176.0,13537.0,76348.0,5703.0,52223.0,17936.0,21078.0,3935.0,12411.0,17198.0,8111.0,3199.0,40359.0,13833.0,37979.0,14327.0,5926.0,35178.0,39197.0,19770.0,15045.0,83084.0,27618.0,16697.0,6598.0,19997.0,22990.0,6708.0,10284.0,12849.0,8746.0,30786.0,79386.0,45654.0,70177.0,75517.0
2023-10-31,20604.0,37369.0,45509.0,10299.0,12785.0,28560.0,43032.0,26546.0,12397.0,19140.0,61528.0,16216.0,96186.0,16989.0,45322.0,3584.0,27535.0,30804.0,9906.0,16055.0,21047.0,73094.0,9066.0,33358.0,76087.0,13109.0,16802.0,90465.0,5806.0,58317.0,19340.0,21358.0,4655.0,13237.0,18210.0,8656.0,3800.0,43042.0,16007.0,42156.0,15832.0,6060.0,38877.0,43462.0,22076.0,17702.0,93658.0,30840.0,20032.0,8481.0,23401.0,25733.0,8839.0,12176.0,16304.0,10985.0,35377.0,94135.0,54641.0,88893.0,81312.0
2023-11-01,20285.0,37149.0,51653.0,10036.0,14288.0,28187.0,47441.0,25756.0,12180.0,19319.0,63324.0,16972.0,102501.0,17977.0,45775.0,3402.0,27839.0,30446.0,10343.0,16183.0,21240.0,74127.0,9189.0,34520.0,78828.0,13271.0,17181.0,94387.0,6637.0,61335.0,20337.0,22303.0,4878.0,14130.0,18534.0,8883.0,3701.0,44337.0,18086.0,46762.0,16105.0,6431.0,42884.0,46870.0,22472.0,19329.0,103706.0,31393.0,20871.0,8753.0,24825.0,28203.0,8764.0,12094.0,16691.0,11080.0,36969.0,104404.0,56273.0,93049.0,97255.0
2023-11-02,21426.0,39049.0,50513.0,9757.0,14581.0,30448.0,44147.0,27025.0,11487.0,19894.0,62151.0,17232.0,103112.0,17536.0,44272.0,3222.0,27830.0,29783.0,9416.0,17028.0,20194.0,73909.0,9513.0,35755.0,83883.0,14426.0,18106.0,98086.0,6092.0,62082.0,20943.0,23710.0,5030.0,14336.0,18389.0,9281.0,3945.0,46803.0,19477.0,43920.0,15638.0,7091.0,43983.0,48776.0,21285.0,17542.0,95508.0,28751.0,20643.0,8267.0,25625.0,25749.0,8585.0,12445.0,16291.0,11003.0,35125.0,97199.0,52506.0,91877.0,79071.0
2023-11-03,19696.0,36259.0,47839.0,8006.0,12331.0,24929.0,49535.0,21894.0,9406.0,17797.0,40594.0,17308.0,83688.0,12829.0,29084.0,3166.0,28172.0,29411.0,7999.0,13723.0,17353.0,55565.0,7739.0,23267.0,80992.0,14373.0,13854.0,95157.0,6655.0,59906.0,20605.0,24881.0,5756.0,15056.0,19671.0,9384.0,3469.0,46804.0,19918.0,42592.0,15811.0,6843.0,50499.0,46272.0,21800.0,14949.0,92971.0,29854.0,15844.0,5657.0,24199.0,25501.0,5469.0,11359.0,13270.0,8983.0,34569.0,88329.0,46285.0,89313.0,82038.0
2023-11-06,15764.0,31516.0,40971.0,8560.0,11294.0,21267.0,38492.0,20755.0,9878.0,14792.0,45675.0,13941.0,81603.0,12128.0,36770.0,3993.0,20544.0,28882.0,8473.0,12491.0,14831.0,60440.0,6794.0,28972.0,64279.0,9972.0,13710.0,74469.0,4999.0,53455.0,17168.0,18386.0,3918.0,12228.0,15041.0,7562.0,3215.0,36197.0,12570.0,36600.0,13475.0,5001.0,30677.0,30250.0,19202.0,14042.0,82422.0,22718.0,15444.0,6487.0,18223.0,20415.0,6643.0,10603.0,12863.0,11379.0,32252.0,77860.0,46738.0,70601.0,75626.0
2023-11-07,18259.0,36484.0,43192.0,11092.0,13353.0,27861.0,44090.0,25474.0,12624.0,18616.0,53616.0,15620.0,101635.0,16215.0,48740.0,68.0,24534.0,32011.0,10206.0,16064.0,18742.0,75483.0,8292.0,34800.0,75852.0,10863.0,16692.0,90362.0,5182.0,62936.0,18268.0,18764.0,4432.0,13124.0,16498.0,8058.0,3834.0,40006.0,15065.0,41111.0,15803.0,5987.0,35860.0,37086.0,21701.0,19725.0,95231.0,27738.0,19329.0,10137.0,22218.0,25723.0,9026.0,13345.0,15995.0,13522.0,35842.0,96229.0,70027.0,92174.0,84417.0
2023-11-08,21902.0,34156.0,48997.0,10158.0,13814.0,28091.0,44894.0,25007.0,13243.0,16176.0,41.0,31013.0,,,,,,,76234.0,12131.0,91394.0,,,,,,,,5535.0,60976.0,18883.0,20148.0,4274.0,13744.0,16637.0,8562.0,3598.0,41859.0,16366.0,5720.0,38480.0,37646.0,,,,,,,19419.0,9352.0,23205.0,25483.0,8569.0,12795.0,15928.0,13376.0,37048.0,102327.0,68083.0,94867.0,81965.0
2023-11-09,22778.0,38501.0,48285.0,11222.0,14411.0,31709.0,47456.0,25075.0,19649.0,64705.0,17413.0,111166.0,17169.0,49119.0,2984.0,24243.0,,,10332.0,17976.0,18473.0,79633.0,9213.0,37295.0,84435.0,18321.0,98509.0,,5742.0,65983.0,19568.0,20726.0,4379.0,14889.0,17689.0,8759.0,4141.0,40787.0,45708.0,15708.0,6054.0,22559.0,18398.0,103388.0,28349.0,,,,20241.0,8941.0,8855.0,16922.0,14197.0,37802.0,107401.0,,,,58853.0,98151.0,98233.0
2023-11-10,21241.0,32983.0,46275.0,8034.0,12091.0,23773.0,43103.0,20526.0,9153.0,16923.0,39459.0,84534.0,11836.0,30065.0,22291.0,28849.0,,,7782.0,11587.0,14688.0,54616.0,7092.0,29488.0,11534.0,13560.0,,,5851.0,58284.0,19026.0,41231.0,,,,,,,18480.0,41125.0,15114.0,48864.0,44015.0,21723.0,13508.0,92238.0,24364.0,,22786.0,24972.0,11964.0,87444.0,,,,,,,43502.0,84336.0,83144.0
2023-11-13,15818.0,31394.0,40987.0,8573.0,11280.0,21685.0,36513.0,22302.0,9509.0,14937.0,44924.0,14602.0,76921.0,12544.0,36426.0,2480.0,20109.0,27475.0,8440.0,12242.0,17247.0,58561.0,7783.0,28452.0,66340.0,11393.0,13352.0,74836.0,5225.0,52386.0,17343.0,18895.0,4209.0,12316.0,16726.0,7727.0,3063.0,37421.0,13977.0,37553.0,13646.0,5319.0,32040.0,31468.0,19504.0,14689.0,84784.0,25535.0,15507.0,6524.0,18589.0,20241.0,6429.0,10982.0,12626.0,10826.0,29462.0,78166.0,45816.0,70161.0,74638.0
2023-11-14,19840.0,36693.0,48557.0,10738.0,13218.0,27295.0,44426.0,26400.0,12256.0,18066.0,62172.0,15883.0,100787.0,16109.0,47275.0,3044.0,22103.0,29856.0,9895.0,16292.0,21015.0,74944.0,9614.0,35917.0,75863.0,12945.0,17265.0,89017.0,5273.0,60384.0,18088.0,19689.0,4364.0,13683.0,15843.0,8557.0,3486.0,40173.0,15322.0,45085.0,14404.0,5732.0,36697.0,36312.0,21990.0,18202.0,96576.0,30419.0,19048.0,8559.0,24994.0,25731.0,8310.0,12743.0,15553.0,13975.0,35479.0,97841.0,55949.0,86663.0,79268.0
2023-11-15,19736.0,35717.0,50123.0,10551.0,14063.0,27642.0,45201.0,27913.0,12511.0,17860.0,61925.0,16921.0,101015.0,15822.0,45636.0,3122.0,23543.0,30139.0,9728.0,16098.0,20488.0,74947.0,5982.0,36260.0,80793.0,12838.0,17408.0,97030.0,5458.0,63793.0,18766.0,20553.0,4763.0,14751.0,18851.0,8550.0,3901.0,38921.0,16626.0,46875.0,16637.0,6784.0,42047.0,40469.0,24216.0,19760.0,100510.0,37175.0,19454.0,8486.0,26889.0,28959.0,8549.0,12923.0,14953.0,13583.0,36838.0,104191.0,57257.0,90128.0,82553.0
2023-11-16,22262.0,37358.0,50861.0,10969.0,14767.0,30775.0,46155.0,27337.0,13062.0,19375.0,67329.0,17210.0,110249.0,17926.0,47780.0,3101.0,23317.0,30177.0,10142.0,16844.0,21241.0,80214.0,9829.0,38983.0,85818.0,13648.0,18020.0,99876.0,5832.0,65669.0,19803.0,22758.0,5052.0,15745.0,18968.0,9034.0,3859.0,43892.0,18684.0,48709.0,16688.0,7221.0,42925.0,42582.0,23679.0,18818.0,105747.0,28825.0,20657.0,9072.0,28227.0,29440.0,8785.0,13660.0,16528.0,14962.0,38190.0,107177.0,56228.0,93658.0,81762.0
2023-11-17,19770.0,36449.0,49550.0,8625.0,13828.0,24903.0,47199.0,22361.0,10493.0,17652.0,40033.0,17923.0,91043.0,12225.0,30078.0,2938.0,24210.0,29801.0,7967.0,11285.0,18800.0,59325.0,7944.0,30974.0,82542.0,13535.0,13400.0,100490.0,6063.0,64308.0,20290.0,27363.0,5254.0,22694.0,18876.0,9787.0,3416.0,44347.0,21078.0,46088.0,15843.0,15217.0,53538.0,47663.0,23643.0,14829.0,99398.0,28416.0,14998.0,5569.0,26727.0,27661.0,5507.0,12354.0,12699.0,11098.0,36558.0,94767.0,45327.0,90043.0,83983.0
2023-11-20,15858.0,32108.0,40694.0,8696.0,11376.0,21899.0,38549.0,22518.0,9794.0,16314.0,45433.0,14451.0,79215.0,12895.0,35188.0,2717.0,21064.0,28170.0,8048.0,12327.0,19432.0,59901.0,7247.0,29340.0,70234.0,12046.0,14072.0,79320.0,5456.0,57147.0,18463.0,23041.0,4216.0,17785.0,16215.0,8125.0,3259.0,37578.0,15386.0,40262.0,13888.0,10389.0,37285.0,33921.0,20124.0,15235.0,83743.0,26702.0,15700.0,6597.0,20697.0,22617.0,6763.0,11018.0,12824.0,11227.0,31865.0,80143.0,47562.0,71752.0,76389.0
2023-11-21,22925.0,36566.0,46578.0,10983.0,13571.0,27898.0,43801.0,26954.0,12771.0,18704.0,62821.0,15971.0,99901.0,17168.0,46559.0,3052.0,23942.0,30518.0,10328.0,16630.0,21029.0,76537.0,9489.0,36261.0,72252.0,13001.0,17513.0,92908.0,5749.0,67742.0,19180.0,24156.0,4996.0,18650.0,17649.0,7689.0,3746.0,41568.0,16168.0,48363.0,15505.0,10731.0,37664.0,40390.0,22884.0,18998.0,95798.0,30408.0,19622.0,8600.0,23690.0,26268.0,8504.0,12953.0,15943.0,13635.0,37055.0,100418.0,56466.0,89784.0,81535.0
2023-11-22,20393.0,35726.0,48652.0,10310.0,14487.0,28819.0,45726.0,25685.0,12946.0,18386.0,63515.0,16049.0,104337.0,16753.0,45379.0,3066.0,24040.0,30902.0,9639.0,16216.0,20089.0,76913.0,8965.0,36094.0,83914.0,13524.0,17137.0,98858.0,5863.0,68755.0,19663.0,24869.0,5008.0,19776.0,18382.0,8696.0,3855.0,42814.0,17568.0,48827.0,16164.0,11486.0,41880.0,41948.0,24229.0,19067.0,100066.0,30588.0,19775.0,8941.0,24887.0,28450.0,8436.0,12734.0,15676.0,13444.0,36992.0,102247.0,56664.0,89646.0,81988.0
2023-11-23,20547.0,38827.0,51104.0,11058.0,14948.0,31403.0,49864.0,26901.0,12794.0,19898.0,66576.0,17461.0,113393.0,17719.0,47255.0,3228.0,25615.0,30733.0,10498.0,17504.0,20663.0,81960.0,9550.0,38300.0,90532.0,14121.0,19125.0,105922.0,5953.0,71542.0,20458.0,26833.0,5743.0,20850.0,18984.0,9147.0,3920.0,43283.0,19835.0,51448.0,16871.0,12630.0,46961.0,44320.0,24559.0,18317.0,104671.0,29988.0,20613.0,9162.0,26622.0,30557.0,8809.0,13419.0,16469.0,14777.0,38262.0,109956.0,58161.0,98359.0,85299.0
2023-11-24,19756.0,36144.0,52646.0,8463.0,14223.0,25600.0,47051.0,22866.0,9954.0,19156.0,39456.0,17748.0,92137.0,13408.0,30440.0,2534.0,25544.0,30046.0,7993.0,10791.0,18138.0,59766.0,7671.0,33520.0,101076.0,14584.0,14596.0,111580.0,6980.0,80988.0,21430.0,36799.0,5963.0,25145.0,20047.0,9426.0,3643.0,50240.0,22189.0,53268.0,17550.0,15284.0,62511.0,54978.0,24627.0,15499.0,104383.0,27558.0,16583.0,6030.0,28345.0,29797.0,5972.0,12334.0,13314.0,11656.0,37928.0,101874.0,45967.0,93225.0,95959.0
2023-11-27,16032.0,32037.0,42350.0,8973.0,12044.0,22179.0,41004.0,22851.0,10385.0,16335.0,45530.0,14553.0,83111.0,12884.0,36380.0,2599.0,21460.0,27487.0,8428.0,13153.0,17704.0,59684.0,8283.0,29564.0,73436.0,12453.0,14109.0,78838.0,5751.0,58758.0,18528.0,25799.0,4147.0,17533.0,16196.0,8204.0,3283.0,38308.0,17087.0,40749.0,14223.0,9946.0,36100.0,36176.0,20293.0,15404.0,86391.0,26134.0,16352.0,6734.0,21347.0,22132.0,6831.0,11574.0,13246.0,11755.0,32685.0,82791.0,46861.0,72524.0,78227.0
2023-11-28,19587.0,36330.0,49446.0,10703.0,13755.0,28725.0,44516.0,26652.0,13046.0,18779.0,63623.0,15928.0,101593.0,17016.0,47926.0,3175.0,24018.0,29974.0,9676.0,16931.0,20891.0,77442.0,9651.0,36187.0,82559.0,12978.0,17521.0,93633.0,5911.0,66624.0,19272.0,24070.0,4134.0,19637.0,17576.0,8625.0,3866.0,38440.0,17840.0,48549.0,15465.0,11237.0,39824.0,40725.0,23426.0,18178.0,97102.0,31572.0,19738.0,8770.0,27060.0,28147.0,8596.0,13246.0,16267.0,14498.0,37343.0,106860.0,57519.0,92287.0,83896.0
2023-11-29,20923.0,35555.0,50914.0,10657.0,14928.0,29709.0,45364.0,26057.0,12724.0,18672.0,63686.0,16865.0,105230.0,17027.0,47651.0,3001.0,23712.0,30146.0,9955.0,16571.0,20387.0,79278.0,9591.0,36188.0,83327.0,13113.0,17452.0,97666.0,5923.0,68206.0,19699.0,24252.0,4142.0,20385.0,17881.0,9083.0,3894.0,38992.0,19080.0,51033.0,15789.0,11506.0,43634.0,43111.0,23716.0,18277.0,102848.0,29787.0,19921.0,8921.0,25723.0,28301.0,8645.0,12978.0,15845.0,13205.0,39123.0,106776.0,57648.0,92349.0,82923.0
2023-11-30,22203.0,38835.0,53950.0,11406.0,15803.0,32942.0,54108.0,27435.0,13705.0,20313.0,68120.0,17756.0,116665.0,18843.0,49734.0,3476.0,25086.0,30168.0,11001.0,18277.0,21403.0,81262.0,10127.0,39196.0,86446.0,14096.0,18759.0,108387.0,6146.0,72566.0,20560.0,26660.0,5714.0,21461.0,19023.0,9592.0,3957.0,40074.0,20274.0,53612.0,16613.0,13084.0,48639.0,47523.0,24100.0,18762.0,111060.0,28617.0,20959.0,9289.0,28845.0,30960.0,9056.0,14016.0,16755.0,14984.0,39246.0,115521.0,60075.0,98534.0,87575.0
2023-12-01,19934.0,35877.0,52398.0,8538.0,12646.0,25789.0,48670.0,22829.0,10072.0,18712.0,42785.0,18386.0,95186.0,13638.0,31517.0,2852.0,25158.0,29178.0,8239.0,12430.0,18092.0,58928.0,8300.0,35017.0,92745.0,14411.0,14378.0,109007.0,7382.0,75088.0,21264.0,34356.0,6522.0,26238.0,20146.0,8045.0,3731.0,44827.0,19908.0,55860.0,16539.0,18798.0,63422.0,53647.0,23663.0,14725.0,106322.0,28654.0,15488.0,6325.0,30148.0,30554.0,6131.0,13560.0,13624.0,12012.0,37257.0,102113.0,46344.0,96640.0,87762.0
2023-12-04,18121.0,32821.0,46411.0,8789.0,11773.0,23191.0,42541.0,22956.0,10653.0,17076.0,48326.0,14972.0,85313.0,13810.0,38525.0,2607.0,23138.0,27884.0,9247.0,13728.0,18244.0,62190.0,8433.0,34799.0,77310.0,434.0,15220.0,85308.0,6349.0,64388.0,19264.0,29520.0,4539.0,21264.0,17120.0,8382.0,3437.0,40527.0,17289.0,46532.0,15695.0,13603.0,39438.0,42541.0,21788.0,16402.0,95545.0,28628.0,17161.0,7628.0,23610.0,24062.0,7315.0,11865.0,10221.0,12186.0,32836.0,87608.0,46995.0,78711.0,78871.0
2023-12-05,22417.0,37022.0,48799.0,10313.0,13255.0,30294.0,46316.0,26842.0,11746.0,19921.0,64695.0,16015.0,93664.0,18840.0,48624.0,3183.0,21866.0,30242.0,9920.0,16760.0,20734.0,77206.0,10196.0,41374.0,87036.0,429.0,17846.0,97196.0,6463.0,70201.0,20337.0,28104.0,4875.0,21081.0,18472.0,9230.0,3985.0,41837.0,18334.0,52173.0,16858.0,13744.0,45500.0,45635.0,23696.0,18667.0,104979.0,30999.0,20419.0,9775.0,27568.0,29061.0,9443.0,13458.0,16493.0,14717.0,37116.0,106703.0,56679.0,93319.0,79346.0
2023-12-06,20985.0,34214.0,45637.0,10142.0,13044.0,29355.0,47938.0,24137.0,11969.0,18448.0,54793.0,17185.0,103762.0,18696.0,44879.0,3462.0,24986.0,30479.0,9595.0,16402.0,20860.0,74508.0,8213.0,40884.0,83210.0,4647.0,18041.0,105593.0,6283.0,73628.0,20469.0,28326.0,5317.0,22819.0,18986.0,9750.0,3429.0,40989.0,21116.0,53334.0,16440.0,15476.0,45327.0,47487.0,25094.0,18815.0,71217.0,32982.0,29157.0,6816.0,21374.0,31638.0,9329.0,13123.0,14210.0,14402.0,26494.0,71524.0,55479.0,85938.0,81251.0
2023-12-07,23784.0,39915.0,57885.0,11362.0,16114.0,34736.0,42111.0,29063.0,13601.0,21627.0,70146.0,16559.0,118102.0,20432.0,50477.0,3748.0,28043.0,30050.0,11848.0,18466.0,22683.0,84559.0,11296.0,45380.0,87204.0,20355.0,104246.0,,6837.0,76881.0,22433.0,32611.0,5711.0,21611.0,20577.0,10085.0,4285.0,47159.0,24554.0,59825.0,17416.0,15223.0,52922.0,25740.0,19981.0,117927.0,,,23563.0,10093.0,32692.0,34663.0,10453.0,14030.0,18299.0,16329.0,40226.0,117661.0,62286.0,104134.0,86670.0
2023-12-08,21532.0,36902.0,52831.0,8872.0,13147.0,27698.0,46371.0,23475.0,18915.0,28691.0,,,,,,,,,363.0,,,,,,,,,,9096.0,76294.0,22318.0,37013.0,5123.0,26895.0,23534.0,6499.0,3703.0,46253.0,60498.0,32922.0,,,,,,,,,16857.0,7006.0,33509.0,35419.0,7067.0,12588.0,14157.0,13074.0,39397.0,101621.0,48752.0,102025.0,86353.0
2023-12-11,16239.0,32346.0,44204.0,8823.0,12922.0,22975.0,40539.0,22898.0,10809.0,16961.0,49718.0,15168.0,84195.0,14629.0,36284.0,2986.0,24144.0,28878.0,7885.0,12982.0,17640.0,62110.0,8013.0,28900.0,76311.0,10900.0,14953.0,89140.0,6139.0,68041.0,18798.0,29037.0,4488.0,22451.0,17647.0,8851.0,3354.0,38917.0,19753.0,47100.0,15723.0,15550.0,41430.0,43399.0,22042.0,15955.0,91384.0,29317.0,,,,,,,,,,,48899.0,80545.0,78687.0
2023-12-12,20711.0,35818.0,51841.0,10897.0,14978.0,29504.0,46389.0,26984.0,12747.0,18693.0,66185.0,16100.0,104458.0,18023.0,47436.0,2983.0,24414.0,30151.0,9532.0,17009.0,20925.0,78043.0,10063.0,35345.0,72767.0,12445.0,18451.0,104358.0,6304.0,77196.0,19486.0,26974.0,4263.0,20293.0,18113.0,9352.0,3970.0,41221.0,20909.0,53079.0,15831.0,12657.0,43697.0,47215.0,23631.0,18401.0,103373.0,29797.0,20219.0,9398.0,27112.0,30001.0,9208.0,12565.0,15805.0,12440.0,36655.0,108658.0,55138.0,92918.0,81157.0
2023-12-13,21127.0,35406.0,53040.0,10944.0,15426.0,30463.0,47290.0,26786.0,12830.0,18525.0,65604.0,16784.0,107227.0,18008.0,47172.0,3028.0,23453.0,29789.0,9528.0,16358.0,20895.0,78878.0,9975.0,36035.0,78501.0,12368.0,17563.0,107032.0,78041.0,20068.0,4328.0,18300.0,9750.0,42357.0,,,,,21899.0,56722.0,16422.0,13458.0,46765.0,50619.0,24350.0,19821.0,106270.0,30047.0,19694.0,9200.0,29172.0,29359.0,8837.0,13048.0,15994.0,11995.0,36632.0,112218.0,56507.0,95875.0,82024.0
2023-12-14,22011.0,37577.0,54745.0,10992.0,16006.0,32030.0,48525.0,26847.0,13378.0,19274.0,67055.0,17391.0,114635.0,18552.0,45708.0,3211.0,26137.0,30699.0,9871.0,17116.0,21137.0,82662.0,9830.0,37041.0,93105.0,12432.0,18645.0,109703.0,6483.0,75698.0,27211.0,21331.0,18870.0,3995.0,,,,,22367.0,55140.0,16838.0,13799.0,49133.0,48986.0,23896.0,18293.0,112558.0,28227.0,20450.0,9310.0,30329.0,32239.0,8929.0,13269.0,16594.0,11856.0,39660.0,118009.0,55911.0,101525.0,97413.0
2023-12-15,19121.0,32391.0,49059.0,8156.0,14362.0,24382.0,44768.0,22218.0,9801.0,17055.0,43156.0,17557.0,95503.0,14439.0,28677.0,2996.0,24494.0,28521.0,7155.0,11600.0,16995.0,58827.0,8149.0,30378.0,92383.0,12724.0,14230.0,104695.0,6207.0,19387.0,31200.0,5172.0,25195.0,10276.0,3514.0,38982.0,,,24656.0,54789.0,15219.0,18301.0,58313.0,53479.0,23298.0,13345.0,102224.0,24478.0,14331.0,5854.0,29150.0,29510.0,5705.0,11926.0,13331.0,8981.0,37287.0,99408.0,46053.0,86216.0,85366.0
2023-12-18,14061.0,26855.0,40012.0,7057.0,12322.0,20234.0,37851.0,18422.0,9258.0,14871.0,42049.0,14148.0,77184.0,12815.0,30122.0,2564.0,22817.0,26736.0,7000.0,10786.0,12663.0,53420.0,6297.0,25157.0,86531.0,8722.0,13010.0,89218.0,5699.0,73666.0,15846.0,27467.0,3917.0,23716.0,16026.0,8301.0,3083.0,35629.0,17935.0,48200.0,14055.0,15319.0,45011.0,44136.0,21644.0,13824.0,88491.0,26206.0,14506.0,6182.0,24041.0,26244.0,6051.0,10284.0,11905.0,7912.0,30594.0,84996.0,41588.0,78194.0,76101.0
2023-12-19,16798.0,28753.0,41368.0,8086.0,13886.0,24195.0,40263.0,20427.0,10631.0,16244.0,52017.0,14983.0,88943.0,14919.0,36647.0,2385.0,23119.0,26971.0,7391.0,13262.0,13169.0,60522.0,7361.0,28634.0,89812.0,10341.0,15586.0,94142.0,5511.0,71644.0,16018.0,29074.0,3867.0,21224.0,15692.0,8163.0,3259.0,38173.0,20971.0,48898.0,15060.0,13219.0,47316.0,46344.0,21913.0,14961.0,98871.0,24455.0,15726.0,7870.0,26835.0,28271.0,7127.0,11239.0,14253.0,8477.0,32481.0,99366.0,44599.0,87282.0,76496.0
2023-12-20,16264.0,27932.0,39211.0,7149.0,13018.0,22122.0,36915.0,18496.0,9845.0,15357.0,45837.0,15500.0,86823.0,13588.0,32307.0,2503.0,23097.0,26917.0,7207.0,11630.0,12169.0,56092.0,6594.0,27433.0,94155.0,9595.0,14121.0,94183.0,5546.0,74388.0,15470.0,28744.0,3923.0,23434.0,15932.0,8057.0,3064.0,34673.0,23216.0,49919.0,14169.0,16322.0,50236.0,48115.0,21802.0,14124.0,91125.0,25169.0,14510.0,6334.0,27176.0,28194.0,5985.0,10253.0,12162.0,7902.0,32173.0,91076.0,43092.0,82238.0,81214.0
2023-12-21,16075.0,26610.0,34225.0,6538.0,13009.0,19641.0,34422.0,16823.0,9368.0,12832.0,41584.0,14786.0,83760.0,12114.0,27109.0,2233.0,22032.0,24982.0,6245.0,10154.0,11945.0,49866.0,6050.0,25920.0,91892.0,8995.0,13353.0,95080.0,4787.0,75387.0,14633.0,30556.0,3724.0,22781.0,15005.0,8316.0,2828.0,35841.0,24211.0,46378.0,13785.0,17320.0,52217.0,48878.0,20225.0,10710.0,86891.0,21277.0,13092.0,5578.0,26172.0,27051.0,5054.0,9287.0,11003.0,6663.0,29734.0,86597.0,39908.0,82437.0,83279.0
2023-12-22,13234.0,23023.0,34885.0,4951.0,10234.0,15489.0,32300.0,13736.0,6700.0,12373.0,25905.0,13889.0,69197.0,9140.0,17216.0,1905.0,20940.0,23814.0,4567.0,7016.0,9203.0,36177.0,4690.0,21736.0,90206.0,8318.0,10504.0,93267.0,5232.0,73736.0,14254.0,32531.0,3621.0,23438.0,14091.0,8068.0,2324.0,35699.0,22750.0,43510.0,13230.0,18301.0,57462.0,49232.0,18795.0,9093.0,76794.0,20732.0,9785.0,3773.0,25548.0,24997.0,3465.0,7938.0,8245.0,4959.0,27388.0,74718.0,35105.0,75003.0,84554.0
2024-01-02,10631.0,23560.0,35780.0,5446.0,10907.0,15765.0,34612.0,14948.0,,,,,,,,,,,9737.0,,,,,,,,,,3444.0,11188.0,7771.0,34414.0,,,,,,,4695.0,41104.0,38545.0,27164.0,,,,,,,6133.0,74615.0,,,,,,,,,40703.0,65499.0,78477.0
2024-01-03,13049.0,25630.0,36563.0,6308.0,9949.0,18803.0,33125.0,16794.0,9314.0,14266.0,41404.0,12878.0,70403.0,14052.0,30639.0,2403.0,27007.0,23377.0,5936.0,10035.0,11639.0,47847.0,6101.0,22672.0,69670.0,13040.0,78355.0,,5903.0,51488.0,14022.0,23852.0,14569.0,2551.0,,,,,17543.0,36060.0,12917.0,40350.0,15724.0,14343.0,76058.0,,,,14767.0,22752.0,23150.0,6095.0,8648.0,11462.0,6870.0,25126.0,,,40147.0,66350.0,66887.0
2024-01-04,14052.0,27885.0,36399.0,7430.0,12458.0,22221.0,34925.0,18470.0,10401.0,16321.0,49103.0,12987.0,78387.0,15698.0,35760.0,2328.0,24179.0,23621.0,7823.0,12751.0,12427.0,55875.0,7619.0,26229.0,71123.0,10647.0,14937.0,81721.0,5682.0,54222.0,15009.0,24862.0,3394.0,12154.0,14378.0,8221.0,2964.0,36328.0,18522.0,35744.0,13677.0,4967.0,42169.0,41568.0,16757.0,15073.0,81128.0,27353.0,17214.0,6711.0,24780.0,22469.0,7383.0,9680.0,13241.0,8098.0,26821.0,79452.0,43779.0,78648.0,68401.0
2024-01-05,13064.0,25473.0,33924.0,5763.0,9820.0,17915.0,30578.0,15814.0,7788.0,13915.0,31627.0,13398.0,67311.0,10751.0,22767.0,2251.0,21345.0,23471.0,5827.0,8742.0,10439.0,42562.0,5488.0,21613.0,66327.0,9934.0,11413.0,79595.0,5286.0,51043.0,14513.0,23506.0,3415.0,11606.0,15297.0,8394.0,2535.0,34599.0,17226.0,35444.0,12595.0,4831.0,45924.0,38898.0,14496.0,10393.0,73605.0,24627.0,11370.0,4668.0,21322.0,21271.0,4632.0,8786.0,10460.0,5768.0,27684.0,69426.0,36269.0,69493.0,67484.0
2024-01-08,11101.0,20586.0,27316.0,5824.0,7210.0,15920.0,24526.0,17221.0,7049.0,10541.0,34924.0,10562.0,58685.0,8932.0,25936.0,2087.0,13251.0,22683.0,5974.0,9283.0,12567.0,47474.0,6036.0,18777.0,47365.0,7888.0,9508.0,54473.0,3528.0,39152.0,11960.0,13562.0,2343.0,8439.0,11463.0,5268.0,2225.0,27396.0,8288.0,29193.0,10071.0,3216.0,22193.0,21573.0,13929.0,10389.0,59190.0,16729.0,11651.0,5184.0,13326.0,14213.0,4751.0,8358.0,8413.0,6329.0,23019.0,55425.0,34417.0,50205.0,59034.0
2024-01-09,16415.0,32063.0,39123.0,8729.0,4657.0,23981.0,30417.0,23597.0,10708.0,13964.0,53343.0,13072.0,80408.0,13248.0,42489.0,2436.0,17348.0,26737.0,8018.0,13524.0,17763.0,63568.0,7646.0,26462.0,60269.0,9960.0,13256.0,69683.0,3583.0,48999.0,14456.0,15403.0,2934.0,10320.0,14113.0,6066.0,1799.0,30766.0,11458.0,36643.0,12026.0,3985.0,29191.0,25070.0,17086.0,14741.0,77139.0,22585.0,16502.0,8233.0,15609.0,18897.0,7205.0,10967.0,13417.0,8495.0,30029.0,77225.0,50172.0,70578.0,68914.0
2024-01-10,17284.0,28199.0,38133.0,8480.0,11316.0,24070.0,34054.0,23176.0,11045.0,14857.0,54414.0,13574.0,83857.0,14248.0,42862.0,2873.0,19045.0,27092.0,8213.0,13933.0,17104.0,66097.0,7550.0,27009.0,64558.0,10221.0,14114.0,73497.0,4147.0,50555.0,15038.0,16306.0,3037.0,10619.0,14174.0,6282.0,3111.0,33598.0,12204.0,37128.0,13029.0,4157.0,32024.0,29788.0,18786.0,15589.0,81326.0,24361.0,17018.0,8126.0,19287.0,20964.0,7566.0,10889.0,13539.0,9189.0,31218.0,80835.0,40513.0,72002.0,69133.0
2024-01-11,17296.0,30304.0,39496.0,9099.0,11520.0,26729.0,36207.0,24245.0,11842.0,16244.0,58717.0,13898.0,90405.0,15017.0,45148.0,2742.0,19948.0,27423.0,9577.0,14687.0,18514.0,72904.0,8457.0,29551.0,68059.0,10747.0,14372.0,80235.0,4367.0,53345.0,15553.0,16653.0,3106.0,11071.0,14692.0,6736.0,3012.0,34990.0,13319.0,39988.0,13851.0,4354.0,34466.0,31132.0,19440.0,15921.0,85722.0,23125.0,18211.0,8142.0,20768.0,22880.0,8243.0,11868.0,14946.0,9741.0,32866.0,86041.0,52200.0,78381.0,71963.0
2024-01-12,15863.0,27270.0,36916.0,7059.0,9226.0,21148.0,34134.0,19969.0,8366.0,14426.0,35120.0,14518.0,70693.0,10378.0,28007.0,2304.0,18490.0,26606.0,7063.0,10349.0,15066.0,51363.0,7001.0,24470.0,62033.0,10617.0,11368.0,75605.0,5070.0,48403.0,16127.0,17981.0,3597.0,11097.0,14996.0,7476.0,2980.0,38114.0,14071.0,35513.0,13475.0,4453.0,40042.0,32789.0,19470.0,11838.0,77681.0,19789.0,12673.0,5515.0,19637.0,21002.0,4966.0,11035.0,10999.0,7988.0,29898.0,68948.0,39567.0,68579.0,70183.0
2024-01-15,14536.0,26215.0,37181.0,8013.0,8386.0,21978.0,36043.0,21924.0,9960.0,14142.0,45331.0,13034.0,74278.0,12692.0,36196.0,2303.0,19466.0,27035.0,7814.0,12624.0,17435.0,58583.0,7734.0,26602.0,53384.0,10451.0,12571.0,66885.0,4683.0,49613.0,15712.0,16181.0,3164.0,10393.0,14171.0,6850.0,3023.0,33452.0,11109.0,35046.0,12747.0,4073.0,29375.0,27803.0,18362.0,13794.0,74981.0,22664.0,15437.0,6859.0,18472.0,20174.0,6704.0,10533.0,12329.0,11311.0,28672.0,73618.0,44508.0,67297.0,70643.0
2024-01-16,19780.0,32001.0,42051.0,10014.0,12245.0,28241.0,40384.0,26238.0,12905.0,16656.0,61414.0,14339.0,94266.0,16422.0,47907.0,3537.0,21858.0,28880.0,9472.0,15998.0,20985.0,73761.0,9090.0,32993.0,68040.0,11290.0,15724.0,81096.0,4754.0,55204.0,16674.0,16700.0,3500.0,11983.0,15321.0,7095.0,3330.0,36665.0,12891.0,40626.0,14005.0,4562.0,33946.0,30321.0,20021.0,16937.0,88074.0,26650.0,19232.0,9120.0,21883.0,24404.0,8829.0,12291.0,15865.0,13562.0,34982.0,89589.0,57355.0,83355.0,75415.0
2024-01-17,19556.0,31751.0,42010.0,9677.0,12871.0,28168.0,39588.0,25850.0,12386.0,17026.0,60389.0,14815.0,94349.0,15935.0,47824.0,4096.0,22355.0,28601.0,9176.0,15670.0,19730.0,73106.0,8954.0,33556.0,69088.0,11681.0,15196.0,82260.0,4904.0,54869.0,18726.0,17208.0,3466.0,11862.0,15260.0,7583.0,3568.0,34509.0,10434.0,42873.0,14248.0,4804.0,38349.0,32952.0,21949.0,17526.0,89009.0,25973.0,18662.0,9003.0,22712.0,24369.0,8468.0,11769.0,15368.0,12796.0,33836.0,94234.0,57733.0,84001.0,74822.0
2024-01-18,21107.0,33432.0,44049.0,10159.0,14508.0,31011.0,41042.0,26313.0,13029.0,17991.0,65271.0,15420.0,101539.0,16980.0,48814.0,4143.0,21914.0,28416.0,9861.0,16148.0,19982.0,79286.0,9737.0,34100.0,73540.0,11915.0,15695.0,88208.0,4940.0,57502.0,20213.0,17847.0,3613.0,12343.0,15991.0,7832.0,3716.0,33729.0,14623.0,42855.0,14306.0,4697.0,38822.0,33813.0,21870.0,17369.0,94318.0,25581.0,19656.0,8909.0,24231.0,25520.0,8793.0,12572.0,15799.0,13841.0,36005.0,99447.0,59155.0,89762.0,76141.0
2024-01-19,19219.0,28720.0,40002.0,7299.0,11133.0,22990.0,37052.0,21501.0,9490.0,15075.0,38922.0,14979.0,76684.0,11854.0,29457.0,2553.0,19963.0,27720.0,7495.0,10514.0,15622.0,54448.0,7893.0,27174.0,64302.0,11297.0,12530.0,80893.0,5202.0,49823.0,20296.0,18961.0,3921.0,11911.0,15347.0,8457.0,3028.0,36683.0,14977.0,38565.0,13560.0,4966.0,43754.0,34961.0,20011.0,11711.0,83274.0,21715.0,12537.0,5288.0,22540.0,22534.0,4971.0,11303.0,11692.0,9331.0,32157.0,75907.0,44506.0,75872.0,74332.0
2024-01-22,14431.0,30082.0,34626.0,7948.0,10544.0,22186.0,46185.0,21849.0,8836.0,14427.0,44276.0,13390.0,73021.0,12338.0,35670.0,2673.0,18584.0,26107.0,8241.0,12867.0,16676.0,53759.0,7681.0,27305.0,58208.0,10775.0,12680.0,62456.0,4825.0,45261.0,16404.0,16138.0,4278.0,10525.0,14157.0,7144.0,2972.0,32580.0,11043.0,34435.0,12141.0,4225.0,29176.0,27714.0,18718.0,13600.0,77400.0,22887.0,14339.0,6984.0,18402.0,19500.0,6433.0,10710.0,12623.0,10907.0,29152.0,72712.0,52770.0,72155.0,71615.0
2024-01-23,17578.0,34259.0,44965.0,10104.0,13449.0,28291.0,42600.0,26448.0,12174.0,17302.0,61322.0,14914.0,94528.0,16408.0,48894.0,2882.0,21560.0,28675.0,9832.0,16316.0,21202.0,73921.0,9271.0,33780.0,67550.0,11916.0,15942.0,80010.0,5096.0,54183.0,17687.0,16603.0,3526.0,11718.0,15802.0,7534.0,3518.0,38529.0,12466.0,41440.0,14197.0,4117.0,32319.0,30996.0,20492.0,17476.0,92903.0,25884.0,19163.0,9373.0,21714.0,23672.0,8762.0,12681.0,16043.0,13811.0,35531.0,93544.0,58405.0,83768.0,72953.0
2024-01-24,17895.0,34124.0,45518.0,10018.0,12640.0,28592.0,42348.0,26041.0,12006.0,17837.0,60795.0,14997.0,95870.0,16412.0,47442.0,3502.0,22145.0,29794.0,9905.0,15492.0,21272.0,77825.0,12749.0,33453.0,73118.0,11233.0,15379.0,85484.0,5437.0,57204.0,18135.0,16877.0,3544.0,11906.0,15917.0,7775.0,3576.0,36516.0,13240.0,43254.0,14759.0,4457.0,38058.0,33487.0,21419.0,17585.0,93787.0,26561.0,18859.0,8918.0,22554.0,26015.0,8646.0,12125.0,15651.0,12881.0,35604.0,95444.0,61528.0,83756.0,75972.0
2024-01-25,18738.0,36327.0,46646.0,10458.0,13620.0,31718.0,43405.0,26645.0,13005.0,18485.0,65837.0,15912.0,104038.0,17300.0,50001.0,3875.0,22914.0,29770.0,10390.0,16230.0,21422.0,81168.0,9614.0,34673.0,77214.0,11746.0,16461.0,91892.0,5100.0,59079.0,18398.0,17960.0,3816.0,12421.0,16182.0,8057.0,3583.0,38997.0,14427.0,43687.0,14887.0,4821.0,37501.0,35258.0,21577.0,17626.0,95919.0,25424.0,19612.0,9348.0,24253.0,26995.0,8534.0,12641.0,16200.0,14613.0,36599.0,101344.0,62396.0,90391.0,77548.0
2024-01-26,17701.0,32544.0,45840.0,7726.0,11616.0,23789.0,41181.0,21718.0,9540.0,16830.0,38077.0,15607.0,83510.0,12427.0,30426.0,3183.0,22591.0,28864.0,7990.0,10490.0,17283.0,55755.0,7903.0,29830.0,11877.0,12724.0,,,5935.0,53707.0,18899.0,3024.0,43196.0,,,,,,13690.0,39606.0,15156.0,5020.0,47265.0,36823.0,20969.0,13105.0,89285.0,23409.0,15240.0,6144.0,5826.0,11516.0,13181.0,10810.0,35001.0,82249.0,,,53263.0,82740.0,77405.0
2024-01-29,15078.0,31072.0,36497.0,8007.0,9910.0,21613.0,33805.0,21614.0,44822.0,,,,,,,,,,8514.0,12349.0,17338.0,58729.0,7643.0,26881.0,58176.0,10451.0,12546.0,64546.0,4668.0,48649.0,16153.0,16432.0,2859.0,10663.0,14582.0,7252.0,2768.0,33826.0,10960.0,4392.0,29081.0,80328.0,,,,,,,15370.0,6974.0,18047.0,19654.0,6607.0,10726.0,12452.0,11259.0,29481.0,72511.0,48020.0,67521.0,70910.0
2024-01-30,17325.0,30004.0,38526.0,9563.0,9854.0,23910.0,38459.0,22722.0,10586.0,15730.0,13796.0,85592.0,15498.0,41152.0,3062.0,19374.0,28984.0,,9763.0,12340.0,19629.0,62976.0,7935.0,28118.0,47774.0,11257.0,13524.0,79497.0,4485.0,53870.0,16253.0,15798.0,3147.0,10421.0,14772.0,6688.0,2800.0,33550.0,38056.0,12989.0,29391.0,19133.0,15148.0,24708.0,,,,,13995.0,6553.0,15428.0,20422.0,8702.0,11849.0,13047.0,13525.0,21639.0,52001.0,52085.0,58012.0,71709.0
2024-01-31,18371.0,33822.0,44482.0,10218.0,11732.0,27681.0,40229.0,25951.0,12205.0,17528.0,60040.0,14513.0,97928.0,16312.0,47531.0,2931.0,20391.0,29426.0,9277.0,15171.0,19911.0,74803.0,9110.0,33322.0,69673.0,11384.0,14911.0,84505.0,5143.0,57574.0,17160.0,17010.0,3517.0,11585.0,15812.0,7225.0,3436.0,37552.0,13178.0,43330.0,14411.0,4685.0,36487.0,31228.0,20445.0,17231.0,96535.0,25926.0,18111.0,8875.0,22952.0,25155.0,8372.0,12140.0,15815.0,13113.0,36046.0,93442.0,55491.0,82199.0,76092.0
2024-02-01,19042.0,35957.0,46983.0,10741.0,11876.0,30667.0,40502.0,26466.0,13075.0,18771.0,63376.0,15041.0,102915.0,17653.0,48489.0,3144.0,21931.0,29763.0,10242.0,15708.0,21015.0,79172.0,9222.0,34697.0,74546.0,11942.0,15430.0,89588.0,5250.0,59499.0,17536.0,17501.0,3666.0,11830.0,15924.0,7475.0,3157.0,39490.0,14081.0,42048.0,15012.0,4870.0,39103.0,34607.0,20692.0,17119.0,96772.0,25327.0,19289.0,9598.0,22878.0,26951.0,8581.0,12296.0,16388.0,14043.0,35770.0,98238.0,56035.0,88062.0,92343.0
2024-02-02,18653.0,30619.0,41735.0,7180.0,9454.0,23193.0,35210.0,21133.0,7789.0,16201.0,35606.0,15201.0,70032.0,12103.0,28865.0,2456.0,17742.0,28130.0,7420.0,10027.0,16022.0,53476.0,7435.0,27076.0,65121.0,11767.0,11052.0,80773.0,5405.0,50283.0,17772.0,18470.0,4014.0,11845.0,16179.0,7922.0,2685.0,40018.0,14489.0,37988.0,14769.0,5032.0,43557.0,35232.0,19705.0,12354.0,84355.0,22154.0,12882.0,5783.0,20526.0,22681.0,5450.0,10795.0,11297.0,10259.0,31169.0,72745.0,41713.0,73000.0,74846.0
2024-02-05,15138.0,29028.0,39086.0,8265.0,4282.0,21271.0,26261.0,21831.0,9501.0,15064.0,44436.0,13360.0,74079.0,11962.0,35907.0,2954.0,19519.0,27669.0,8410.0,12025.0,16754.0,59002.0,7719.0,27584.0,59763.0,11238.0,12796.0,65855.0,5194.0,48447.0,16833.0,16837.0,3355.0,11277.0,14611.0,6903.0,2857.0,33848.0,11691.0,35934.0,12844.0,4942.0,31256.0,28066.0,17286.0,14050.0,79277.0,23801.0,15412.0,6963.0,17539.0,20022.0,7005.0,10482.0,12381.0,11025.0,29714.0,74958.0,46501.0,66339.0,70576.0
2024-02-06,19398.0,34788.0,44164.0,10697.0,11935.0,27906.0,41310.0,26422.0,12572.0,17939.0,61136.0,14711.0,96922.0,16761.0,48995.0,5422.0,22017.0,30164.0,10480.0,15984.0,21504.0,75692.0,9466.0,34863.0,70584.0,12327.0,15882.0,83434.0,5140.0,56617.0,17738.0,17002.0,4248.0,12740.0,15603.0,7099.0,3693.0,36633.0,13005.0,42259.0,15205.0,5346.0,35058.0,33307.0,20295.0,18567.0,91119.0,26886.0,18882.0,9404.0,22257.0,23635.0,8818.0,12303.0,16003.0,13888.0,32652.0,93802.0,56401.0,83928.0,76575.0
2024-02-07,22000.0,34654.0,46839.0,10307.0,13352.0,28181.0,41918.0,25567.0,12767.0,17708.0,61837.0,15360.0,96809.0,16247.0,47899.0,5661.0,21537.0,30045.0,10174.0,15517.0,20209.0,78828.0,9331.0,34245.0,72263.0,12245.0,15619.0,87074.0,5394.0,58284.0,18306.0,18214.0,4001.0,12602.0,16040.0,7333.0,3567.0,39691.0,14195.0,43660.0,15382.0,5563.0,36669.0,34924.0,20960.0,18333.0,94765.0,26358.0,19098.0,9083.0,23059.0,25145.0,8659.0,12160.0,15794.0,12744.0,35436.0,96517.0,56550.0,85137.0,77919.0
2024-02-08,21338.0,38441.0,48715.0,11217.0,17495.0,31925.0,43950.0,27192.0,12795.0,19804.0,65810.0,15551.0,103916.0,17588.0,49988.0,4708.0,22529.0,28664.0,11159.0,17453.0,21713.0,80443.0,10332.0,36878.0,72740.0,14140.0,16518.0,92130.0,5683.0,59080.0,18899.0,18727.0,4205.0,13338.0,15980.0,7416.0,3821.0,41813.0,15798.0,44519.0,15113.0,6164.0,40335.0,37708.0,21216.0,18180.0,99494.0,24906.0,20941.0,9532.0,26135.0,25533.0,8930.0,13229.0,16496.0,14844.0,37052.0,105080.0,55392.0,88873.0,76344.0
2024-02-09,18263.0,31931.0,44013.0,7741.0,9977.0,23524.0,40825.0,21440.0,8939.0,17394.0,36431.0,15907.0,79178.0,11728.0,29125.0,2618.0,20595.0,27985.0,7984.0,10952.0,16876.0,55194.0,7801.0,29801.0,67737.0,12361.0,11886.0,83939.0,51917.0,18284.0,19510.0,4514.0,12703.0,16242.0,8260.0,3165.0,42543.0,,15703.0,39444.0,14057.0,5968.0,47519.0,37793.0,18358.0,12429.0,90048.0,22051.0,13875.0,5646.0,22625.0,23464.0,5087.0,12570.0,12062.0,10812.0,34057.0,81597.0,42427.0,76785.0,75815.0
2024-02-12,14313.0,34232.0,38254.0,8093.0,13274.0,21904.0,43139.0,20119.0,10064.0,17677.0,43519.0,14145.0,79108.0,15788.0,34297.0,2972.0,26084.0,28281.0,7696.0,11562.0,15224.0,60412.0,7178.0,28108.0,68101.0,10561.0,13501.0,81538.0,5899.0,55179.0,17439.0,21383.0,4290.0,12708.0,15314.0,8495.0,3139.0,41107.0,16506.0,38922.0,13895.0,5854.0,42703.0,37542.0,17372.0,14703.0,86363.0,32345.0,16170.0,6552.0,25024.0,26091.0,6814.0,10332.0,13344.0,11182.0,30766.0,86290.0,47314.0,78187.0,77212.0
2024-02-13,17946.0,38702.0,43840.0,7961.0,15194.0,27873.0,49493.0,25689.0,8684.0,21540.0,61311.0,14947.0,98709.0,18669.0,46211.0,3040.0,26840.0,28994.0,7411.0,16127.0,14691.0,76104.0,9126.0,33575.0,78271.0,11806.0,16576.0,99606.0,5605.0,62637.0,19392.0,21713.0,4504.0,13718.0,16790.0,9193.0,4009.0,43921.0,16623.0,43213.0,14456.0,5376.0,43821.0,40553.0,20237.0,16955.0,98634.0,29213.0,19866.0,8555.0,26909.0,27253.0,8656.0,11866.0,16474.0,13827.0,35295.0,100294.0,55559.0,92291.0,83685.0
2024-02-14,17350.0,34907.0,43977.0,8965.0,13630.0,26535.0,46619.0,22934.0,12577.0,19816.0,57409.0,15752.0,96351.0,18210.0,42655.0,3267.0,26626.0,28616.0,9133.0,14268.0,17490.0,72814.0,8715.0,34034.0,76313.0,11727.0,15385.0,104189.0,6346.0,63713.0,19118.0,21798.0,4445.0,13565.0,16840.0,8852.0,3485.0,45692.0,19163.0,44789.0,15836.0,5300.0,49265.0,44267.0,19673.0,16760.0,99569.0,29251.0,18944.0,8312.0,28547.0,29132.0,7894.0,11479.0,15700.0,12826.0,35115.0,101894.0,55405.0,91315.0,83237.0
2024-02-15,18823.0,38090.0,47271.0,10132.0,14793.0,29700.0,47933.0,23927.0,13122.0,20589.0,61048.0,15904.0,102147.0,19580.0,45422.0,3441.0,27630.0,29697.0,10162.0,14441.0,18862.0,80385.0,8833.0,34409.0,76963.0,10720.0,15765.0,104173.0,6166.0,62890.0,20068.0,20824.0,4701.0,12969.0,16579.0,9061.0,3554.0,44325.0,18835.0,45408.0,14929.0,5531.0,48107.0,44094.0,20603.0,16977.0,104368.0,28852.0,20114.0,8657.0,29366.0,31561.0,8755.0,11790.0,16067.0,14440.0,35642.0,105778.0,53510.0,94337.0,80396.0
2024-02-16,17865.0,34252.0,45560.0,7299.0,13145.0,23747.0,43567.0,19478.0,8770.0,18893.0,37864.0,16234.0,83003.0,14198.0,27758.0,2881.0,26149.0,28242.0,7700.0,10235.0,15030.0,55040.0,7390.0,29163.0,73297.0,11725.0,13015.0,96784.0,6232.0,57614.0,19733.0,22433.0,4809.0,14012.0,17640.0,9682.0,3356.0,47103.0,19750.0,40586.0,15082.0,6560.0,53129.0,44896.0,20022.0,13565.0,95279.0,26553.0,14658.0,5582.0,27364.0,28387.0,5731.0,10391.0,12207.0,10839.0,32899.0,85825.0,41200.0,83815.0,78483.0
2024-02-19,15417.0,32147.0,40716.0,8156.0,10870.0,20889.0,36221.0,21465.0,9578.0,15049.0,43975.0,14017.0,80466.0,13090.0,34805.0,2384.0,20724.0,27275.0,8066.0,12094.0,17454.0,56797.0,7376.0,24982.0,59743.0,11473.0,12783.0,70557.0,5186.0,49437.0,17083.0,17227.0,3682.0,11653.0,14248.0,7220.0,3209.0,37265.0,12198.0,35546.0,13027.0,4501.0,31412.0,29761.0,18113.0,14985.0,78863.0,25029.0,15898.0,6558.0,19798.0,21487.0,6642.0,10761.0,13106.0,8449.0,29095.0,68199.0,42848.0,67870.0,71103.0
2024-02-20,19415.0,37116.0,47317.0,10529.0,13226.0,27428.0,41503.0,26376.0,12352.0,17991.0,61723.0,14943.0,99352.0,16991.0,47106.0,3021.0,24230.0,29572.0,9635.0,15120.0,21422.0,74189.0,9442.0,32291.0,61921.0,12377.0,15879.0,89372.0,5217.0,59107.0,18156.0,17972.0,4215.0,12876.0,16422.0,7594.0,3932.0,39071.0,14617.0,43123.0,14530.0,4818.0,35951.0,34956.0,20216.0,18174.0,92887.0,28667.0,19378.0,8653.0,23963.0,25294.0,8688.0,12665.0,16661.0,11876.0,34391.0,94132.0,55746.0,86451.0,78733.0
2024-02-21,19121.0,35010.0,49360.0,10224.0,14235.0,28518.0,43939.0,26256.0,12868.0,18762.0,61781.0,16061.0,101750.0,17249.0,47504.0,2983.0,24594.0,28940.0,10376.0,16203.0,20711.0,76464.0,9518.0,34321.0,73019.0,13533.0,16321.0,92200.0,5759.0,56842.0,18861.0,19977.0,4162.0,13676.0,16453.0,8330.0,3946.0,43777.0,16830.0,44922.0,15571.0,4870.0,39648.0,37661.0,20721.0,18887.0,98512.0,31706.0,20619.0,8950.0,26743.0,26837.0,8518.0,13087.0,16595.0,12038.0,35834.0,99538.0,53424.0,86064.0,76198.0
2024-02-22,20342.0,38393.0,51410.0,10664.0,14864.0,31209.0,44661.0,26978.0,13613.0,20679.0,66438.0,16242.0,108926.0,19520.0,49634.0,2781.0,25923.0,28820.0,11000.0,17181.0,21229.0,81076.0,10866.0,36730.0,78252.0,14833.0,17997.0,99840.0,5874.0,59101.0,20527.0,21554.0,4705.0,17089.0,8310.0,3861.0,,,19130.0,45741.0,15560.0,5113.0,42299.0,41364.0,21194.0,19703.0,104586.0,29147.0,22311.0,9436.0,9277.0,13884.0,18045.0,12470.0,36961.0,104053.0,,,54158.0,94650.0,79261.0
2024-02-23,19038.0,34214.0,48638.0,7925.0,11812.0,23804.0,40923.0,21848.0,9814.0,18128.0,38632.0,16634.0,85395.0,13704.0,30004.0,2558.0,25664.0,28260.0,70473.0,93753.0,,,,,,,,,6482.0,13806.0,48587.0,,,,,,,,19173.0,41404.0,15128.0,5563.0,50433.0,42349.0,20182.0,15125.0,91401.0,28373.0,26340.0,25076.0,,,,,,,,,42062.0,84311.0,78520.0
2024-02-26,15176.0,31241.0,39876.0,8123.0,11582.0,21538.0,37265.0,21915.0,9982.0,16096.0,45870.0,13528.0,78978.0,12457.0,37011.0,2528.0,19858.0,27192.0,8220.0,13159.0,17601.0,59884.0,7939.0,27337.0,58569.0,11633.0,13471.0,71744.0,5052.0,48370.0,16902.0,17655.0,4051.0,12216.0,14883.0,7492.0,2933.0,36674.0,11920.0,37878.0,13210.0,4402.0,30728.0,29738.0,17789.0,14515.0,78232.0,24540.0,16132.0,6866.0,18062.0,20187.0,6838.0,11304.0,13217.0,11077.0,30292.0,79622.0,45598.0,69776.0,85320.0
2024-02-27,19619.0,36117.0,45688.0,10209.0,12845.0,27451.0,41363.0,24749.0,61829.0,16917.0,29703.0,,,,,,,,9983.0,16169.0,21300.0,75745.0,9484.0,34455.0,69701.0,12524.0,16012.0,87692.0,4959.0,55699.0,17850.0,18103.0,4830.0,13141.0,16259.0,7854.0,3607.0,38359.0,14746.0,,,,,,,,,,19371.0,9759.0,22269.0,28060.0,8692.0,13008.0,16188.0,14043.0,34991.0,95609.0,53575.0,86152.0,75917.0
2024-02-28,20358.0,34273.0,45345.0,10088.0,12436.0,27710.0,43057.0,26279.0,12598.0,18791.0,15368.0,101249.0,47599.0,3295.0,23939.0,,,,10360.0,16108.0,21872.0,79335.0,9320.0,34381.0,71194.0,12558.0,15926.0,91092.0,5761.0,57633.0,18510.0,18592.0,4675.0,13474.0,16832.0,8040.0,3728.0,40412.0,45092.0,15389.0,5505.0,37238.0,37208.0,21577.0,18547.0,93838.0,29188.0,,20480.0,9478.0,21863.0,28446.0,8462.0,12766.0,15577.0,13545.0,34700.0,96022.0,52385.0,83436.0,75824.0
2024-02-29,20119.0,36631.0,49496.0,11152.0,12935.0,31182.0,43947.0,26942.0,13076.0,20064.0,67021.0,15659.0,107068.0,18083.0,49612.0,3148.0,24495.0,29667.0,11155.0,18005.0,21722.0,83185.0,10105.0,38129.0,75377.0,13588.0,17659.0,98284.0,5699.0,59001.0,19019.0,20106.0,4869.0,13574.0,16750.0,8325.0,3847.0,43980.0,17060.0,45409.0,15303.0,5151.0,40123.0,39080.0,21139.0,18922.0,101488.0,27732.0,21518.0,9521.0,25975.0,33219.0,8828.0,13736.0,17955.0,15793.0,36731.0,108249.0,54759.0,95150.0,79040.0
2024-03-01,18422.0,31567.0,46624.0,7965.0,10788.0,23484.0,39183.0,21902.0,8953.0,17474.0,37296.0,15737.0,84021.0,12024.0,29540.0,2428.0,22579.0,28260.0,7741.0,10906.0,17026.0,55287.0,8117.0,28505.0,63247.0,12442.0,12459.0,93559.0,6071.0,53722.0,19160.0,19493.0,5185.0,13389.0,17690.0,8791.0,3118.0,44437.0,15304.0,40274.0,14403.0,4881.0,47203.0,38395.0,20096.0,13950.0,89875.0,24574.0,14820.0,6088.0,21598.0,24416.0,5818.0,12333.0,12401.0,11150.0,33734.0,82103.0,40848.0,78436.0,77874.0
2024-03-04,14432.0,31361.0,38783.0,8440.0,9680.0,21165.0,38734.0,22306.0,9863.0,16104.0,42725.0,13401.0,76722.0,12527.0,37223.0,2552.0,20722.0,28495.0,8238.0,12543.0,17368.0,59592.0,7762.0,26991.0,59026.0,10589.0,13026.0,71622.0,4917.0,48831.0,17050.0,16987.0,3790.0,11839.0,15341.0,7482.0,3117.0,37137.0,11580.0,36146.0,13294.0,4456.0,30448.0,28963.0,18133.0,15092.0,80489.0,25773.0,15639.0,6841.0,19813.0,21344.0,6886.0,11654.0,12826.0,11087.0,30424.0,67918.0,46035.0,69466.0,71914.0
2024-03-05,17866.0,35212.0,45034.0,10634.0,12389.0,26927.0,41149.0,26061.0,12515.0,18849.0,61494.0,14911.0,97953.0,16461.0,47843.0,3089.0,23540.0,30768.0,9584.0,16370.0,21164.0,75738.0,9402.0,34770.0,60240.0,12194.0,16149.0,87931.0,5038.0,58462.0,18157.0,17817.0,4102.0,12567.0,16048.0,7729.0,3696.0,39226.0,14122.0,43856.0,14492.0,4848.0,35762.0,34892.0,20787.0,17998.0,91588.0,28352.0,19464.0,8803.0,23593.0,25248.0,8787.0,13053.0,15903.0,13769.0,35604.0,94180.0,54585.0,83855.0,76892.0
2024-03-06,18307.0,34864.0,47297.0,10306.0,13317.0,27632.0,42345.0,26154.0,12519.0,18910.0,61910.0,15381.0,101284.0,16744.0,47102.0,3341.0,23657.0,31138.0,9647.0,16109.0,20421.0,77599.0,9055.0,34534.0,71193.0,12479.0,16335.0,90118.0,5177.0,57656.0,18229.0,17788.0,4448.0,13146.0,17067.0,8187.0,3814.0,41263.0,14599.0,44828.0,15087.0,5645.0,37960.0,35595.0,21616.0,18369.0,94463.0,28909.0,20799.0,8764.0,25308.0,26425.0,8564.0,12760.0,16331.0,12975.0,36482.0,98973.0,55633.0,86347.0,79748.0
2024-03-07,19648.0,37135.0,48191.0,10925.0,13577.0,31372.0,43477.0,26701.0,12998.0,21056.0,66095.0,15902.0,108099.0,17994.0,49149.0,3343.0,24839.0,30111.0,10426.0,16870.0,21721.0,81782.0,9804.0,36450.0,77480.0,12901.0,16800.0,95459.0,5582.0,59969.0,19204.0,18473.0,4838.0,13929.0,17398.0,8640.0,3869.0,41806.0,16192.0,44919.0,15451.0,5344.0,39504.0,38803.0,22187.0,18797.0,100045.0,27606.0,20934.0,9165.0,26657.0,28035.0,8870.0,13150.0,16601.0,14593.0,36014.0,105022.0,55821.0,91676.0,78637.0
2024-03-08,17734.0,32917.0,46370.0,8184.0,11647.0,23876.0,41468.0,22092.0,9818.0,18811.0,38870.0,16381.0,84332.0,13181.0,29791.0,2606.0,23523.0,29295.0,7806.0,11259.0,17047.0,56278.0,7971.0,29217.0,69141.0,13145.0,12950.0,91712.0,6377.0,54212.0,19281.0,20442.0,5114.0,13424.0,18442.0,9281.0,3467.0,45619.0,16449.0,42144.0,14784.0,5727.0,48462.0,41120.0,21223.0,15505.0,92532.0,26724.0,15353.0,6145.0,25014.0,25301.0,5947.0,12388.0,12964.0,11216.0,34624.0,83888.0,44411.0,83924.0,78897.0
2024-03-11,14535.0,31266.0,41064.0,8361.0,11409.0,21144.0,39112.0,21956.0,9803.0,15784.0,45493.0,13155.0,77586.0,13271.0,36373.0,2508.0,22062.0,26445.0,8151.0,12917.0,17712.0,59268.0,7535.0,27485.0,57797.0,11466.0,13800.0,70470.0,5010.0,47035.0,17185.0,16464.0,4154.0,11246.0,15296.0,7487.0,3222.0,36567.0,12368.0,36880.0,13056.0,4501.0,30961.0,29862.0,18577.0,16223.0,81351.0,27198.0,16633.0,6910.0,20185.0,21207.0,6977.0,11571.0,12757.0,11000.0,30541.0,77685.0,44052.0,68517.0,67034.0
2024-03-12,19903.0,35318.0,50827.0,10455.0,13719.0,27544.0,44011.0,26985.0,12687.0,18383.0,61709.0,14986.0,97041.0,16400.0,48193.0,3121.0,23565.0,28109.0,10375.0,18252.0,20912.0,74891.0,9584.0,27504.0,69291.0,12062.0,16502.0,87375.0,5863.0,53363.0,18207.0,14971.0,4961.0,13063.0,15983.0,7049.0,3862.0,40634.0,11661.0,43497.0,14778.0,4093.0,34469.0,32898.0,20856.0,18570.0,95691.0,28767.0,20516.0,9197.0,25206.0,25516.0,8626.0,13245.0,16747.0,14478.0,36426.0,100082.0,53223.0,86824.0,72894.0
2024-03-13,18648.0,34461.0,46986.0,10185.0,13196.0,27519.0,43240.0,25548.0,12618.0,18511.0,60117.0,15362.0,97809.0,16066.0,46727.0,3491.0,24116.0,29210.0,9652.0,15985.0,20140.0,74649.0,9053.0,34228.0,69505.0,12328.0,16155.0,88479.0,5738.0,55563.0,18139.0,17989.0,5016.0,13175.0,16944.0,8250.0,3918.0,38761.0,14351.0,44486.0,15063.0,5126.0,36838.0,35730.0,21482.0,18999.0,93534.0,29744.0,19707.0,8799.0,25104.0,26915.0,8589.0,12925.0,16049.0,13107.0,35794.0,98623.0,54120.0,85788.0,73697.0
2024-03-14,18259.0,36886.0,48326.0,10983.0,13620.0,29816.0,44171.0,25881.0,12381.0,20189.0,63279.0,15922.0,105296.0,17938.0,48077.0,3652.0,26131.0,29291.0,10490.0,16656.0,21088.0,80588.0,9503.0,36123.0,74439.0,12701.0,16613.0,94628.0,5545.0,57649.0,19219.0,17921.0,4951.0,13809.0,17116.0,8750.0,4078.0,36151.0,15749.0,45048.0,15727.0,5279.0,38810.0,36859.0,21983.0,18739.0,102067.0,29364.0,20364.0,8857.0,25599.0,28125.0,8866.0,13109.0,16772.0,14195.0,38343.0,103220.0,53999.0,90364.0,91057.0
2024-03-15,19134.0,32211.0,47012.0,7970.0,11969.0,23648.0,40841.0,21481.0,9004.0,17933.0,36941.0,16575.0,83742.0,12869.0,30204.0,2577.0,23346.0,28422.0,7985.0,11176.0,16895.0,56756.0,7853.0,28531.0,66041.0,12830.0,13012.0,91191.0,6001.0,50842.0,19321.0,19414.0,5200.0,13494.0,17587.0,8846.0,3436.0,43881.0,16284.0,40222.0,14654.0,5453.0,45047.0,38747.0,21374.0,15006.0,88454.0,25954.0,15857.0,6159.0,24592.0,24832.0,5768.0,11983.0,12951.0,10563.0,33744.0,82995.0,42671.0,82448.0,74752.0
2024-03-18,14948.0,31302.0,40645.0,8371.0,10949.0,21029.0,36725.0,22030.0,9896.0,16018.0,44971.0,13271.0,77625.0,13034.0,36754.0,2718.0,21274.0,27731.0,8396.0,12797.0,18170.0,60427.0,7457.0,26684.0,59585.0,11482.0,13183.0,73049.0,5149.0,48730.0,17186.0,17189.0,4146.0,11820.0,15116.0,7483.0,3219.0,36198.0,11857.0,37912.0,13635.0,4529.0,30613.0,29649.0,18814.0,15670.0,79622.0,27082.0,16061.0,6663.0,19883.0,21273.0,6852.0,11109.0,12843.0,10982.0,30644.0,78224.0,46579.0,69414.0,68696.0
2024-03-19,18259.0,35792.0,46815.0,9969.0,12908.0,27053.0,41894.0,25328.0,12902.0,18275.0,61796.0,14391.0,97394.0,17014.0,47863.0,3340.0,24506.0,29551.0,10067.0,16274.0,20652.0,77462.0,9103.0,34311.0,70106.0,11587.0,16720.0,87210.0,5052.0,56120.0,18348.0,17060.0,4612.0,12811.0,16388.0,7863.0,3683.0,38928.0,13639.0,43832.0,14533.0,4745.0,34457.0,33322.0,20710.0,18059.0,90354.0,28505.0,19977.0,8846.0,24296.0,25985.0,8447.0,12428.0,16024.0,13452.0,35483.0,96453.0,55931.0,86188.0,73655.0
2024-03-20,18897.0,34663.0,46235.0,10350.0,13084.0,27236.0,42296.0,26735.0,12171.0,18764.0,59515.0,14843.0,99674.0,16449.0,47286.0,3240.0,23218.0,29544.0,21411.0,12150.0,,,,,,,,,5264.0,18103.0,17451.0,16578.0,8045.0,4022.0,38954.0,,,,14780.0,44513.0,14828.0,5141.0,37482.0,35583.0,21741.0,18891.0,96662.0,29065.0,24221.0,,,,,,,,,,54157.0,85039.0,71882.0
2024-03-21,21828.0,37158.0,49514.0,10854.0,13614.0,29924.0,43427.0,26009.0,12579.0,19576.0,62006.0,15020.0,107099.0,17088.0,49001.0,3424.0,24711.0,29916.0,10598.0,16780.0,82095.0,9249.0,36598.0,72882.0,17078.0,95963.0,,,59920.0,19321.0,4831.0,13791.0,,,,,,,15451.0,45205.0,14861.0,5252.0,39685.0,37648.0,21911.0,18283.0,98608.0,27871.0,20506.0,9680.0,25670.0,28314.0,9314.0,12719.0,16468.0,14333.0,37104.0,103615.0,55783.0,92479.0,74141.0
2024-03-22,20310.0,32120.0,46751.0,8161.0,11400.0,22943.0,40768.0,20963.0,9457.0,17767.0,37506.0,16242.0,84924.0,12304.0,30419.0,2599.0,22502.0,28428.0,8535.0,11179.0,16851.0,57867.0,7622.0,28819.0,64177.0,12733.0,12821.0,89677.0,5857.0,52399.0,19351.0,4635.0,13024.0,17304.0,8646.0,3488.0,42609.0,,16291.0,39356.0,14344.0,5017.0,44778.0,38112.0,20323.0,13958.0,87817.0,24340.0,14534.0,5844.0,24027.0,5628.0,11441.0,12540.0,10637.0,32330.0,84109.0,,42067.0,80976.0,89919.0
2024-03-25,14703.0,32923.0,40446.0,8128.0,12162.0,21175.0,38916.0,20183.0,9791.0,16941.0,45062.0,13245.0,78252.0,14000.0,35302.0,2667.0,24609.0,26755.0,7867.0,12308.0,14387.0,58560.0,6497.0,26860.0,62239.0,10629.0,13756.0,75019.0,5773.0,49923.0,16839.0,18998.0,4479.0,12434.0,15518.0,7566.0,3320.0,36500.0,13799.0,38141.0,13657.0,5043.0,34445.0,33759.0,17378.0,16083.0,80802.0,29088.0,16573.0,6876.0,21158.0,22428.0,6962.0,10920.0,13089.0,11020.0,29595.0,79596.0,45462.0,70105.0,65442.0
2024-03-26,18747.0,37571.0,46136.0,10850.0,14165.0,27847.0,45556.0,23777.0,13369.0,19678.0,60924.0,14558.0,98663.0,19006.0,46687.0,27546.0,28420.0,,9940.0,16824.0,18101.0,74704.0,8911.0,35051.0,74353.0,12201.0,17179.0,88292.0,5703.0,57951.0,17841.0,20571.0,4595.0,14154.0,16214.0,7958.0,3785.0,40717.0,15896.0,39690.0,20006.0,18979.0,93454.0,30967.0,,,,,20774.0,8859.0,27342.0,25611.0,8999.0,12585.0,17143.0,14428.0,34752.0,97585.0,52405.0,90159.0,70937.0
2024-03-27,18657.0,34734.0,46258.0,9872.0,13460.0,27214.0,45833.0,22907.0,19067.0,96031.0,3021.0,,,,,,,,9258.0,15258.0,17153.0,71903.0,7957.0,33438.0,75041.0,11448.0,16023.0,89745.0,6149.0,55661.0,17919.0,20118.0,5306.0,13719.0,16376.0,8476.0,3723.0,37758.0,16985.0,43675.0,5388.0,39056.0,,,,,,,19312.0,8251.0,26316.0,26955.0,8122.0,12353.0,15959.0,12816.0,35624.0,94977.0,51197.0,86549.0,72232.0
2024-03-28,19198.0,34057.0,45214.0,9062.0,13473.0,27935.0,41757.0,20650.0,11101.0,50878.0,15703.0,16692.0,37383.0,2713.0,26328.0,27586.0,,,8731.0,13745.0,14681.0,67976.0,7400.0,31839.0,74797.0,11152.0,15501.0,92898.0,5831.0,54202.0,17323.0,21090.0,4425.0,13566.0,16182.0,8143.0,3482.0,39744.0,18854.0,38275.0,15082.0,4898.0,44449.0,40621.0,19222.0,15195.0,96042.0,26325.0,18269.0,7331.0,27119.0,24801.0,7116.0,11967.0,15101.0,11941.0,35211.0,92766.0,45011.0,87952.0,77465.0
2024-04-02,14814.0,31269.0,39856.0,8338.0,12574.0,21118.0,40641.0,19022.0,10316.0,16849.0,46443.0,13159.0,81672.0,16374.0,35020.0,2653.0,25944.0,27140.0,7618.0,12366.0,16235.0,58854.0,6191.0,25422.0,67119.0,9064.0,13266.0,77949.0,5012.0,50491.0,15415.0,19427.0,4506.0,13154.0,14330.0,7353.0,3311.0,34327.0,15851.0,36036.0,13756.0,4657.0,37834.0,35411.0,16709.0,14295.0,83147.0,26243.0,17059.0,6863.0,22985.0,22716.0,7124.0,10043.0,13405.0,8022.0,28884.0,80965.0,44891.0,73836.0,89206.0
2024-04-03,16721.0,32606.0,33897.0,8503.0,13362.0,23852.0,40460.0,19857.0,10866.0,18025.0,50566.0,14826.0,89081.0,16650.0,38518.0,2885.0,27577.0,27391.0,7957.0,13057.0,13105.0,64928.0,6506.0,27183.0,72555.0,10984.0,14384.0,85543.0,5528.0,54079.0,16606.0,20557.0,4504.0,13339.0,14927.0,8421.0,3279.0,37477.0,16410.0,41427.0,14945.0,5480.0,42564.0,39331.0,17738.0,15941.0,91487.0,29288.0,18365.0,7389.0,25191.0,26462.0,7533.0,10724.0,13974.0,8927.0,31970.0,86994.0,47931.0,81811.0,71176.0
2024-04-04,16906.0,34338.0,44438.0,9300.0,11614.0,26276.0,41738.0,21735.0,11596.0,18956.0,54742.0,14981.0,94042.0,18320.0,40232.0,3113.0,28526.0,28300.0,8867.0,14057.0,15926.0,69597.0,7133.0,29838.0,68772.0,11124.0,15471.0,93493.0,5857.0,58277.0,17571.0,21125.0,4706.0,13834.0,15758.0,8423.0,3500.0,40111.0,19146.0,40488.0,15431.0,5237.0,43745.0,42645.0,19255.0,15674.0,98211.0,28931.0,19201.0,8098.0,26301.0,28385.0,8461.0,11584.0,15067.0,9574.0,32279.0,87609.0,48573.0,86587.0,73227.0
2024-04-05,15569.0,32176.0,13159.0,7669.0,11372.0,20453.0,38357.0,17872.0,8656.0,17066.0,33916.0,14220.0,79402.0,12848.0,25344.0,2810.0,25513.0,28202.0,6582.0,9445.0,9794.0,50960.0,5911.0,24182.0,65682.0,11072.0,11640.0,86688.0,5867.0,51051.0,17026.0,20389.0,4978.0,13482.0,16119.0,8706.0,2262.0,39161.0,18448.0,37971.0,14222.0,5574.0,44876.0,39380.0,18127.0,12748.0,85001.0,28252.0,14162.0,5393.0,24091.0,25009.0,5869.0,11591.0,11892.0,7449.0,28518.0,77757.0,40909.0,79297.0,73816.0
2024-04-08,11647.0,24606.0,31230.0,6626.0,7304.0,16680.0,31639.0,15928.0,7193.0,14417.0,32621.0,11746.0,61055.0,11720.0,26894.0,2661.0,17220.0,27249.0,6152.0,10036.0,11908.0,44946.0,5112.0,21049.0,52367.0,8789.0,11219.0,65325.0,4687.0,44351.0,13987.0,16676.0,3303.0,10400.0,12445.0,6471.0,2522.0,30362.0,12945.0,31428.0,11737.0,4337.0,31483.0,28676.0,15444.0,12037.0,55165.0,22007.0,10558.0,4213.0,16745.0,19200.0,6409.0,9125.0,10358.0,7095.0,17381.0,41976.0,37867.0,48342.0,63128.0
2024-04-09,16048.0,33434.0,42098.0,9222.0,11197.0,25156.0,40811.0,22436.0,11638.0,17831.0,58054.0,13802.0,92048.0,17068.0,43227.0,3123.0,24606.0,28408.0,8914.0,14181.0,15574.0,69416.0,6933.0,29231.0,70933.0,10856.0,14956.0,84291.0,5165.0,54658.0,16155.0,19052.0,3887.0,12307.0,14569.0,6970.0,3232.0,38640.0,17375.0,40526.0,14168.0,4904.0,38056.0,36029.0,18851.0,15482.0,95971.0,27122.0,18637.0,8479.0,24011.0,25122.0,8482.0,11471.0,15116.0,10051.0,32098.0,88191.0,49854.0,82675.0,75373.0
2024-04-10,15475.0,37448.0,45081.0,9966.0,12869.0,24778.0,41811.0,22681.0,11865.0,18478.0,58219.0,14044.0,97031.0,17133.0,41937.0,3274.0,25698.0,29068.0,8733.0,13947.0,17300.0,69941.0,7519.0,34008.0,74378.0,112.0,15094.0,90439.0,5701.0,57672.0,16819.0,19995.0,4105.0,13681.0,15399.0,8328.0,1274.0,41249.0,18263.0,43020.0,15061.0,4923.0,42311.0,39903.0,19542.0,16222.0,102308.0,28967.0,19133.0,8215.0,26353.0,27667.0,8527.0,4192.0,14572.0,10301.0,36584.0,98550.0,52483.0,86107.0,76897.0
2024-04-11,16815.0,35576.0,46117.0,9749.0,13260.0,27330.0,42973.0,22433.0,12827.0,19442.0,62970.0,14739.0,105597.0,19166.0,44282.0,3487.0,25669.0,27884.0,8836.0,14689.0,17103.0,74612.0,7481.0,32501.0,77419.0,10118.0,15860.0,96164.0,5507.0,60067.0,17494.0,19898.0,4913.0,13755.0,15957.0,8802.0,3485.0,40016.0,18869.0,45625.0,14913.0,5326.0,42861.0,40760.0,20353.0,16730.0,98387.0,29341.0,20165.0,8712.0,25954.0,29487.0,8528.0,11039.0,15278.0,10319.0,33757.0,100991.0,54699.0,93071.0,77358.0
2024-04-12,16412.0,32522.0,45311.0,7946.0,11051.0,21631.0,39332.0,19056.0,8978.0,17737.0,37560.0,16472.0,83308.0,13682.0,27618.0,2998.0,25498.0,27278.0,7018.0,10092.0,14427.0,53787.0,6566.0,25724.0,69355.0,10536.0,12475.0,90948.0,5900.0,53523.0,16584.0,20395.0,5226.0,14296.0,17306.0,8962.0,3442.0,37850.0,18207.0,41187.0,14468.0,6391.0,46937.0,39148.0,19826.0,13416.0,90964.0,27295.0,14888.0,6334.0,23991.0,27411.0,5881.0,10337.0,11968.0,7976.0,32050.0,85606.0,44305.0,86200.0,78533.0
2024-04-15,12173.0,27664.0,40119.0,7870.0,10750.0,19009.0,37080.0,19410.0,9954.0,14834.0,44976.0,13625.0,81322.0,12348.0,36745.0,789.0,20068.0,27199.0,,,,,,,,,,,3456.0,,,,,,,,,,11498.0,35313.0,13037.0,4029.0,27699.0,28110.0,17478.0,13972.0,76959.0,23295.0,,,,,,,,,,,13604.0,65134.0,65478.0
2024-04-16,16818.0,33502.0,43457.0,10117.0,12655.0,26401.0,41111.0,23912.0,12614.0,17062.0,61870.0,14322.0,93637.0,16379.0,47083.0,2983.0,22895.0,29146.0,8914.0,15879.0,17895.0,73345.0,7725.0,30576.0,67436.0,10315.0,15721.0,81519.0,4949.0,55683.0,16524.0,17265.0,4241.0,12554.0,15626.0,7136.0,3534.0,32860.0,13829.0,42268.0,14276.0,4599.0,33715.0,32693.0,19784.0,17910.0,89600.0,27938.0,18935.0,8438.0,22680.0,23556.0,8562.0,12348.0,14319.0,9759.0,33575.0,93750.0,53794.0,82060.0,74143.0
2024-04-17,18230.0,32350.0,47894.0,9968.0,13892.0,26871.0,43530.0,23859.0,10391.0,19361.0,63217.0,15234.0,102826.0,16783.0,47168.0,3330.0,24375.0,28860.0,9534.0,16394.0,18251.0,77370.0,8041.0,32355.0,72527.0,10850.0,16840.0,89693.0,5503.0,57960.0,17358.0,18190.0,3897.0,13658.0,16316.0,7989.0,3766.0,34622.0,15564.0,44601.0,15087.0,5369.0,37208.0,36949.0,21142.0,19220.0,94797.0,30421.0,19724.0,8707.0,24738.0,24846.0,9053.0,12370.0,15180.0,10694.0,35544.0,96949.0,54900.0,85939.0,74772.0
2024-04-18,17819.0,36278.0,49514.0,10675.0,13530.0,29595.0,45968.0,24148.0,12954.0,19609.0,67332.0,15567.0,109424.0,17951.0,48371.0,3847.0,26898.0,29715.0,9414.0,16482.0,18801.0,82948.0,8437.0,33166.0,75773.0,11607.0,17774.0,96669.0,6147.0,60918.0,18526.0,18968.0,4364.0,13772.0,17065.0,8051.0,3697.0,35353.0,16294.0,46481.0,15621.0,5794.0,39328.0,38887.0,22561.0,18895.0,100243.0,29039.0,20703.0,8931.0,26272.0,27223.0,9463.0,12642.0,17204.0,11108.0,36225.0,103686.0,56469.0,93400.0,93925.0
2024-04-19,16725.0,32542.0,46538.0,8066.0,11269.0,22310.0,41806.0,20170.0,9200.0,17588.0,39596.0,15870.0,82472.0,12957.0,29253.0,3788.0,25067.0,27448.0,7363.0,11006.0,14730.0,55992.0,6620.0,26491.0,67610.0,11716.0,12693.0,88676.0,6644.0,53356.0,18439.0,21120.0,4573.0,13804.0,17393.0,8423.0,3397.0,37796.0,16064.0,42077.0,15036.0,6137.0,45183.0,40154.0,21557.0,14779.0,89031.0,28123.0,14754.0,5815.0,25235.0,24058.0,6100.0,11757.0,12177.0,8211.0,32469.0,82567.0,43419.0,80498.0,75427.0
2024-04-22,13765.0,30331.0,39466.0,8260.0,10544.0,21302.0,38185.0,20687.0,10310.0,16638.0,45118.0,13174.0,76595.0,12914.0,35852.0,2606.0,23918.0,27541.0,7540.0,12785.0,16043.0,57174.0,7216.0,25006.0,60953.0,11183.0,13465.0,71259.0,5983.0,51452.0,17526.0,18825.0,4249.0,12795.0,15730.0,7544.0,3064.0,35822.0,13012.0,39595.0,14437.0,4439.0,31313.0,32466.0,18775.0,16710.0,82217.0,28424.0,16866.0,6640.0,20670.0,21843.0,7260.0,11385.0,13638.0,8981.0,30195.0,73189.0,45487.0,68847.0,67560.0
2024-04-23,17830.0,35091.0,47536.0,10291.0,13304.0,26572.0,44882.0,25466.0,13018.0,18782.0,65202.0,14730.0,98487.0,17248.0,48223.0,3018.0,25810.0,28967.0,10041.0,15860.0,19164.0,73713.0,8444.0,32042.0,71532.0,12623.0,16868.0,84867.0,5828.0,57089.0,18705.0,19750.0,4945.0,13673.0,16744.0,8276.0,3093.0,38046.0,14624.0,44342.0,15051.0,5159.0,35616.0,36456.0,20681.0,19339.0,94970.0,32147.0,20228.0,8864.0,25078.0,25405.0,9263.0,13103.0,16627.0,11154.0,36557.0,96803.0,54941.0,88060.0,75951.0
2024-04-24,18015.0,34775.0,48557.0,10081.0,13400.0,27820.0,45153.0,24651.0,15115.0,3455.0,25219.0,29548.0,,,,,,,9198.0,16201.0,19455.0,78067.0,8569.0,33508.0,73028.0,12101.0,16735.0,90198.0,6425.0,59276.0,18658.0,19987.0,5043.0,14340.0,17828.0,8779.0,3768.0,38324.0,15877.0,16381.0,5728.0,38496.0,39046.0,,,,,,20003.0,8769.0,25275.0,26069.0,8893.0,12464.0,16447.0,11029.0,35804.0,100480.0,56245.0,89503.0,76264.0
2024-04-25,18170.0,37540.0,50003.0,10709.0,14528.0,30704.0,46927.0,25630.0,13755.0,21478.0,66784.0,109700.0,19534.0,48750.0,28430.0,,,,9452.0,17554.0,19815.0,82538.0,9548.0,35614.0,79123.0,13525.0,18282.0,97655.0,6751.0,61352.0,19364.0,22151.0,5335.0,14541.0,18160.0,9225.0,4022.0,41704.0,17623.0,47660.0,42911.0,22181.0,20186.0,103820.0,32842.0,,,,22712.0,9242.0,28080.0,27576.0,9974.0,13372.0,18138.0,12341.0,37639.0,105319.0,57196.0,96454.0,78268.0
2024-04-26,16792.0,33623.0,43883.0,8436.0,10946.0,22691.0,42760.0,21435.0,9268.0,17800.0,37511.0,16055.0,82890.0,13490.0,29397.0,2908.0,28095.0,,6030.0,10838.0,15681.0,56551.0,6806.0,26582.0,68513.0,11995.0,13664.0,89452.0,6665.0,53966.0,18843.0,21666.0,5264.0,14600.0,19227.0,9131.0,19.0,40983.0,42779.0,14893.0,6699.0,46808.0,21602.0,15502.0,97936.0,30015.0,,,16081.0,5744.0,24667.0,25489.0,6600.0,189.0,11418.0,7688.0,25200.0,86090.0,45011.0,86081.0,80112.0
2024-04-29,13702.0,31191.0,39290.0,8243.0,10520.0,20930.0,38743.0,20488.0,10333.0,16834.0,44541.0,13219.0,77400.0,13765.0,36446.0,3016.0,25161.0,27642.0,7766.0,12371.0,15278.0,58919.0,6521.0,25807.0,61129.0,10774.0,13939.0,72874.0,6059.0,51071.0,17821.0,19626.0,4859.0,12875.0,16650.0,8398.0,3341.0,36622.0,13495.0,38756.0,14330.0,5544.0,33021.0,33449.0,19370.0,16985.0,79065.0,30921.0,16875.0,6786.0,20162.0,21857.0,7447.0,10627.0,13428.0,8700.0,29862.0,75874.0,46321.0,69974.0,70863.0
2024-04-30,16344.0,35253.0,45218.0,10408.0,12475.0,26253.0,44425.0,24302.0,13187.0,19111.0,62058.0,14455.0,97930.0,18388.0,47753.0,3304.0,27383.0,29277.0,9553.0,15340.0,19232.0,74334.0,7940.0,30596.0,71488.0,11667.0,17061.0,88093.0,6023.0,57820.0,18699.0,19979.0,5133.0,14374.0,17560.0,8452.0,3727.0,38974.0,14500.0,44414.0,15653.0,5763.0,35973.0,36026.0,20624.0,19328.0,94293.0,32419.0,20321.0,8869.0,23621.0,26086.0,9503.0,12196.0,16612.0,10848.0,34327.0,97152.0,56657.0,88201.0,77870.0
2024-05-01,16288.0,35074.0,44799.0,10070.0,12726.0,27373.0,44181.0,23810.0,12727.0,18948.0,59759.0,15269.0,99449.0,16861.0,46492.0,3609.0,26087.0,29565.0,9626.0,15360.0,19168.0,75120.0,8225.0,32182.0,72881.0,11322.0,16961.0,90155.0,6271.0,58116.0,18647.0,20033.0,5417.0,13791.0,17536.0,8750.0,3752.0,39373.0,15861.0,46879.0,15576.0,5775.0,39046.0,38913.0,21575.0,19911.0,96025.0,32763.0,19524.0,8684.0,27276.0,27681.0,9294.0,12011.0,16532.0,11218.0,34844.0,100502.0,55869.0,85603.0,76881.0
2024-05-02,17188.0,35667.0,45301.0,10351.0,13203.0,28634.0,46212.0,24438.0,12975.0,20252.0,61824.0,15671.0,103474.0,17789.0,46498.0,3212.0,28597.0,28816.0,9596.0,15631.0,18257.0,76839.0,8463.0,34160.0,77790.0,11254.0,17354.0,92594.0,6464.0,59521.0,19864.0,20902.0,5209.0,14145.0,18017.0,9222.0,3755.0,42061.0,16806.0,44742.0,15799.0,5616.0,41253.0,41860.0,22154.0,18940.0,100180.0,31190.0,21447.0,9075.0,29124.0,28930.0,9578.0,13094.0,16750.0,11463.0,37289.0,102365.0,54929.0,90373.0,76768.0
2024-05-03,16637.0,32728.0,40393.0,7433.0,11431.0,20372.0,41556.0,19550.0,9010.0,18387.0,33934.0,13494.0,77725.0,12068.0,28251.0,2690.0,24893.0,27639.0,7191.0,9981.0,14183.0,54167.0,7281.0,26448.0,67083.0,12648.0,12104.0,86465.0,7354.0,51545.0,19662.0,24126.0,4402.0,13316.0,17508.0,8852.0,3230.0,47004.0,16818.0,40534.0,15004.0,5542.0,45830.0,40838.0,20673.0,15372.0,88717.0,27208.0,14467.0,5513.0,26867.0,23426.0,6163.0,11824.0,12547.0,8076.0,32778.0,80752.0,41176.0,78328.0,76550.0
2024-05-07,13983.0,30422.0,38339.0,7941.0,9471.0,20383.0,37644.0,20128.0,9326.0,16067.0,41140.0,13419.0,71688.0,14386.0,35098.0,3375.0,19263.0,28363.0,7785.0,12849.0,15524.0,56170.0,6531.0,26533.0,55576.0,10208.0,14165.0,74627.0,4386.0,49548.0,14848.0,17672.0,4625.0,12182.0,15925.0,8448.0,2957.0,34522.0,12759.0,37716.0,12471.0,5294.0,32234.0,29702.0,19074.0,14550.0,64217.0,28547.0,11670.0,5135.0,19218.0,21800.0,7662.0,11282.0,12776.0,8899.0,20560.0,51072.0,45056.0,60720.0,66192.0
2024-05-08,16384.0,31334.0,15790.0,9320.0,4550.0,23830.0,30015.0,23341.0,10656.0,17555.0,52392.0,15003.0,89812.0,16297.0,41298.0,3382.0,24049.0,29123.0,7984.0,14298.0,11206.0,67835.0,7654.0,29871.0,67852.0,11103.0,15906.0,84069.0,5465.0,56482.0,17968.0,17946.0,5059.0,13909.0,17102.0,8936.0,3889.0,40301.0,13964.0,47849.0,14642.0,5856.0,35379.0,36399.0,21090.0,18242.0,94746.0,30982.0,17977.0,9353.0,22843.0,26024.0,9102.0,11456.0,15178.0,10189.0,31715.0,89342.0,53004.0,79105.0,72691.0
2024-05-09,17295.0,37411.0,43466.0,10735.0,12268.0,27144.0,45131.0,24119.0,12806.0,19710.0,63205.0,15686.0,103712.0,18975.0,46486.0,3614.0,29019.0,29118.0,9437.0,15573.0,18085.0,78309.0,8213.0,33420.0,76519.0,12212.0,17718.0,94304.0,6086.0,61564.0,19495.0,21244.0,5492.0,14783.0,18416.0,9865.0,4138.0,40669.0,16526.0,48696.0,15959.0,6366.0,40322.0,41325.0,22398.0,19748.0,100718.0,33890.0,20660.0,9121.0,26952.0,29809.0,9838.0,12589.0,17045.0,11302.0,34408.0,101462.0,56790.0,91534.0,77395.0
2024-05-10,16529.0,35198.0,41686.0,8572.0,10017.0,21986.0,41706.0,19933.0,9788.0,18452.0,38028.0,16008.0,80047.0,13503.0,29419.0,3315.0,29754.0,28208.0,7598.0,10613.0,15025.0,56283.0,6984.0,27256.0,69557.0,12313.0,13781.0,88591.0,6655.0,54632.0,19351.0,22883.0,6141.0,15655.0,19169.0,10432.0,3717.0,40942.0,17068.0,46220.0,15559.0,7973.0,45346.0,41717.0,21210.0,16676.0,89288.0,31596.0,15523.0,5798.0,26450.0,26752.0,7408.0,11414.0,13130.0,8428.0,32871.0,86602.0,44989.0,82927.0,77542.0
2024-05-13,13813.0,29389.0,39795.0,8175.0,10852.0,20221.0,38815.0,19911.0,10389.0,16176.0,44337.0,13174.0,81111.0,13059.0,36834.0,2860.0,22359.0,27034.0,7990.0,12637.0,15531.0,59943.0,6318.0,26073.0,10620.0,13166.0,,,5401.0,50438.0,17327.0,4000.0,11245.0,35418.0,,,,,12470.0,40482.0,13715.0,5290.0,30665.0,30700.0,19234.0,16344.0,82554.0,27647.0,17608.0,6710.0,7366.0,10488.0,13404.0,8614.0,81071.0,,,,44759.0,67347.0,70054.0
2024-05-14,17423.0,33802.0,46368.0,10441.0,13854.0,26528.0,45765.0,24878.0,12921.0,18571.0,61541.0,14677.0,101961.0,17212.0,48446.0,3286.0,24881.0,29590.0,9315.0,16104.0,18977.0,77164.0,8217.0,32304.0,70751.0,12134.0,15728.0,86136.0,5798.0,58017.0,17986.0,19136.0,4682.0,12721.0,16409.0,8214.0,3822.0,39721.0,14037.0,45354.0,15549.0,4986.0,34379.0,35048.0,21775.0,18975.0,96481.0,30701.0,19965.0,9042.0,24364.0,24903.0,9284.0,13098.0,16383.0,11605.0,36270.0,100712.0,55790.0,86092.0,76983.0
2024-05-15,17343.0,35554.0,46782.0,10398.0,13610.0,26975.0,46332.0,24289.0,12809.0,18559.0,58702.0,15581.0,101227.0,16923.0,46945.0,3289.0,25198.0,29464.0,9632.0,15648.0,19539.0,78219.0,8055.0,32741.0,74384.0,12055.0,16943.0,89660.0,6017.0,59694.0,18338.0,19498.0,5426.0,14297.0,17031.0,8790.0,4061.0,37918.0,15441.0,47967.0,16448.0,6232.0,36902.0,35820.0,22738.0,19945.0,97965.0,32830.0,20102.0,9065.0,25821.0,28643.0,9551.0,12157.0,15656.0,12085.0,38707.0,116549.0,55630.0,88025.0,76994.0
2024-05-16,18178.0,35934.0,50516.0,10571.0,14185.0,29708.0,44873.0,24498.0,12925.0,19741.0,64132.0,15611.0,104995.0,17352.0,48237.0,3257.0,26095.0,29050.0,10004.0,16626.0,19545.0,80688.0,8652.0,34542.0,75733.0,12156.0,17188.0,91991.0,6151.0,59203.0,19200.0,20158.0,4855.0,13995.0,17334.0,8760.0,3962.0,42437.0,15854.0,46273.0,16350.0,5527.0,38729.0,38897.0,23162.0,19349.0,98642.0,29598.0,20762.0,9077.0,26873.0,27678.0,9040.0,13168.0,16377.0,11848.0,36699.0,104145.0,55027.0,90388.0,75896.0
2024-05-17,16345.0,32024.0,43711.0,8374.0,10927.0,21990.0,38998.0,19966.0,9307.0,16673.0,36449.0,15305.0,79222.0,11755.0,28603.0,3105.0,24156.0,27815.0,7464.0,9653.0,15021.0,56134.0,6509.0,26177.0,64868.0,11238.0,12678.0,84720.0,6384.0,52605.0,18711.0,19806.0,5182.0,14099.0,17890.0,9087.0,3643.0,38163.0,15425.0,41880.0,15653.0,5819.0,41576.0,36267.0,21819.0,15137.0,84784.0,27480.0,14798.0,5465.0,23983.0,24236.0,6350.0,11352.0,12488.0,8063.0,33509.0,83606.0,43431.0,80295.0,75852.0
2024-05-20,13574.0,31218.0,41727.0,8514.0,10753.0,20594.0,40656.0,20699.0,10308.0,16574.0,44245.0,14180.0,79057.0,13798.0,36084.0,3197.0,25328.0,28125.0,7691.0,12042.0,16075.0,59973.0,6472.0,25167.0,62137.0,11208.0,13123.0,71577.0,6234.0,52664.0,18302.0,20182.0,4787.0,13210.0,16263.0,8426.0,3665.0,36760.0,13276.0,40264.0,14774.0,5697.0,31539.0,31581.0,26801.0,16978.0,81650.0,29727.0,16469.0,6988.0,20404.0,22691.0,7790.0,10869.0,13445.0,8586.0,30363.0,79049.0,45278.0,68686.0,71136.0
2024-05-21,17515.0,34283.0,49500.0,10757.0,14389.0,27315.0,48120.0,24692.0,13420.0,20387.0,62707.0,14752.0,99873.0,18106.0,48331.0,3233.0,26936.0,28151.0,9970.0,17990.0,19120.0,81356.0,9441.0,33961.0,69503.0,13715.0,17837.0,85266.0,6242.0,58668.0,19068.0,21341.0,4526.0,14212.0,16982.0,7714.0,3883.0,42615.0,16358.0,46904.0,16154.0,5852.0,36480.0,37699.0,39102.0,21625.0,96411.0,31437.0,21923.0,9403.0,25684.0,25755.0,9494.0,13327.0,17241.0,10765.0,35444.0,101160.0,54881.0,87875.0,75943.0
2024-05-22,18770.0,33831.0,50464.0,10209.0,14350.0,26978.0,48383.0,24646.0,12961.0,19271.0,61808.0,15624.0,100188.0,17384.0,46626.0,3055.0,24999.0,28483.0,10013.0,16494.0,18960.0,83570.0,8841.0,32893.0,70853.0,12702.0,17206.0,90051.0,6523.0,58601.0,19185.0,21048.0,4771.0,14519.0,16970.0,8363.0,3923.0,42646.0,15615.0,45952.0,16569.0,5245.0,37230.0,36980.0,39680.0,20413.0,99078.0,30691.0,22283.0,13565.0,26852.0,26586.0,1703.0,13385.0,16407.0,10913.0,36148.0,102307.0,53212.0,84251.0,74180.0
2024-05-23,18641.0,36272.0,50101.0,10734.0,13988.0,27981.0,48682.0,24478.0,12574.0,20216.0,62000.0,16150.0,105340.0,17305.0,46824.0,3219.0,29383.0,,9849.0,16004.0,19147.0,84333.0,8445.0,32129.0,75102.0,12036.0,16662.0,92062.0,6265.0,60857.0,19544.0,20704.0,5247.0,14508.0,17567.0,8373.0,4046.0,40137.0,15821.0,46791.0,16127.0,5985.0,38302.0,38181.0,47152.0,18982.0,102066.0,30319.0,21037.0,8918.0,25664.0,29506.0,8839.0,13052.0,16334.0,11106.0,37172.0,106125.0,55216.0,91619.0,78322.0
2024-05-24,15565.0,32006.0,48803.0,7528.0,11613.0,20957.0,43600.0,19128.0,2921.0,24411.0,,,,,,,,,7158.0,9918.0,15309.0,54757.0,6422.0,24517.0,64985.0,11401.0,11830.0,83967.0,6207.0,52716.0,19072.0,21985.0,5102.0,14575.0,17046.0,8909.0,3359.0,40800.0,6263.0,,,,,,,,,,15567.0,5515.0,23129.0,24509.0,5772.0,11134.0,11833.0,7559.0,34729.0,84395.0,42328.0,80411.0,77405.0
2024-05-28,14810.0,32713.0,43946.0,9252.0,12694.0,23294.0,43192.0,21514.0,11170.0,18452.0,51885.0,14140.0,85671.0,15578.0,40313.0,3035.0,26124.0,27172.0,7963.0,13665.0,17001.0,64088.0,8005.0,28458.0,55842.0,11353.0,14006.0,89443.0,5608.0,58785.0,18505.0,20529.0,4290.0,13052.0,14895.0,7889.0,3545.0,43396.0,16507.0,39608.0,14678.0,5074.0,39995.0,36981.0,19676.0,15288.0,87092.0,30183.0,18254.0,7574.0,26626.0,25181.0,7874.0,10382.0,14053.0,9049.0,28421.0,92567.0,46544.0,79302.0,76675.0
2024-05-29,17108.0,34976.0,44364.0,9490.0,13073.0,24713.0,42900.0,22310.0,12043.0,18518.0,56497.0,15081.0,94945.0,16795.0,41656.0,3356.0,27986.0,28677.0,7755.0,14244.0,16959.0,70172.0,7743.0,30499.0,73941.0,11369.0,15579.0,94066.0,4436.0,59971.0,18589.0,21033.0,4920.0,14264.0,16069.0,9815.0,4032.0,42412.0,17911.0,45641.0,13564.0,6616.0,43344.0,39161.0,20985.0,17085.0,92895.0,31349.0,18802.0,7828.0,26822.0,27753.0,8145.0,11040.0,14773.0,9453.0,30791.0,100646.0,51744.0,85997.0,78498.0
2024-05-30,17393.0,34348.0,45857.0,9942.0,13528.0,27377.0,45938.0,23297.0,12550.0,20314.0,61365.0,15785.0,99979.0,17288.0,46609.0,3515.0,29368.0,27789.0,8947.0,15934.0,16704.0,72589.0,8286.0,32524.0,82338.0,12314.0,17120.0,96711.0,5975.0,60543.0,19919.0,22607.0,4978.0,14448.0,17022.0,9008.0,3625.0,44894.0,19092.0,45411.0,15812.0,6509.0,46617.0,44299.0,22754.0,17223.0,99104.0,29315.0,20788.0,8280.0,27419.0,29013.0,8845.0,11852.0,15664.0,10547.0,37790.0,101926.0,53816.0,92387.0,76024.0
2024-05-31,15885.0,31757.0,44635.0,7437.0,11859.0,21277.0,42380.0,19236.0,9074.0,18487.0,35774.0,15530.0,78669.0,12236.0,27399.0,2465.0,27292.0,26736.0,6467.0,10431.0,15131.0,52172.0,7051.0,26496.0,77816.0,11532.0,13273.0,94744.0,6348.0,56475.0,18974.0,23000.0,5066.0,14694.0,17574.0,9179.0,3348.0,45743.0,18112.0,41900.0,15142.0,6225.0,51500.0,46557.0,21160.0,14016.0,88424.0,27762.0,15880.0,6779.0,28061.0,26967.0,3970.0,11051.0,12616.0,8168.0,32226.0,83754.0,40365.0,83904.0,76876.0
2024-06-03,12738.0,29158.0,38448.0,7873.0,10231.0,19198.0,39685.0,19496.0,9531.0,14736.0,42757.0,12905.0,74530.0,11892.0,35104.0,2512.0,20486.0,26897.0,7388.0,12114.0,14132.0,54415.0,6289.0,24187.0,58089.0,9165.0,12683.0,69092.0,4977.0,48862.0,16834.0,16919.0,4533.0,12058.0,14421.0,7590.0,3239.0,34148.0,10826.0,36771.0,12981.0,4333.0,28595.0,27202.0,18572.0,14866.0,72955.0,23161.0,16581.0,6561.0,18730.0,20054.0,6358.0,10224.0,12348.0,7654.0,28092.0,70130.0,43645.0,69203.0,66427.0
2024-06-04,16329.0,31296.0,42844.0,9872.0,9121.0,25551.0,43929.0,24316.0,11692.0,17414.0,61291.0,14180.0,93630.0,16581.0,46896.0,3351.0,24193.0,28904.0,8586.0,15787.0,17423.0,72563.0,7855.0,30587.0,69435.0,11166.0,15728.0,81700.0,5289.0,56539.0,18223.0,18296.0,4655.0,13012.0,15853.0,7827.0,3965.0,37108.0,13358.0,42016.0,14786.0,4885.0,33018.0,33223.0,21251.0,17974.0,88954.0,25391.0,19684.0,8563.0,23139.0,24166.0,8584.0,11975.0,14809.0,9862.0,33649.0,93533.0,51152.0,82353.0,74334.0
2024-06-05,17550.0,35845.0,40132.0,10349.0,15132.0,26191.0,45202.0,23659.0,12128.0,17947.0,60152.0,15007.0,97399.0,16181.0,46184.0,3404.0,24578.0,28845.0,8731.0,15773.0,16011.0,73990.0,8140.0,31782.0,71897.0,11100.0,16072.0,88632.0,5698.0,58821.0,18244.0,19327.0,5110.0,13913.0,16551.0,8389.0,4058.0,36432.0,14973.0,44513.0,15054.0,5809.0,36903.0,35556.0,22422.0,18608.0,92596.0,27954.0,19626.0,8690.0,26578.0,27025.0,8491.0,12286.0,15334.0,10584.0,35118.0,97580.0,54133.0,84726.0,74912.0
2024-06-06,17202.0,38750.0,48858.0,10483.0,13695.0,28260.0,45325.0,24593.0,12801.0,18609.0,65147.0,15921.0,105810.0,16917.0,48188.0,3709.0,24461.0,29333.0,9454.0,16729.0,18261.0,78898.0,8350.0,33898.0,75307.0,11811.0,18098.0,92408.0,4748.0,60341.0,18610.0,19904.0,5695.0,14382.0,17421.0,9686.0,4135.0,36821.0,16260.0,46267.0,13825.0,5495.0,37915.0,37876.0,20539.0,16069.0,97914.0,28882.0,17883.0,7815.0,27343.0,27553.0,8272.0,13862.0,16547.0,10079.0,36141.0,107413.0,57775.0,93787.0,79446.0
2024-06-07,15935.0,34411.0,45462.0,8131.0,11632.0,21570.0,45092.0,19711.0,9510.0,16474.0,35485.0,13813.0,83312.0,11450.0,29776.0,2642.0,24856.0,28239.0,7254.0,9249.0,15374.0,56789.0,6423.0,23856.0,64744.0,10897.0,11133.0,,6584.0,52782.0,18819.0,4625.0,3652.0,38340.0,,,,,15799.0,41027.0,15590.0,5565.0,42068.0,36101.0,20677.0,14629.0,86384.0,27112.0,14780.0,5634.0,6278.0,10522.0,11718.0,8040.0,,,,,43595.0,82537.0,77377.0
2024-06-10,13496.0,29697.0,43169.0,8384.0,11278.0,20497.0,40736.0,19823.0,9824.0,15885.0,45999.0,13363.0,78705.0,13686.0,35679.0,2583.0,22847.0,26957.0,7588.0,12964.0,14772.0,57954.0,6668.0,25659.0,61232.0,10397.0,13699.0,72109.0,5640.0,50581.0,17727.0,19247.0,4350.0,12681.0,15489.0,7987.0,3592.0,34860.0,13233.0,38600.0,14425.0,4776.0,32358.0,31943.0,19096.0,16120.0,80843.0,26135.0,16753.0,6660.0,22565.0,21996.0,7287.0,11042.0,12971.0,8357.0,29863.0,81666.0,47020.0,69770.0,69206.0
2024-06-11,16393.0,36543.0,47904.0,10573.0,13216.0,26448.0,45070.0,23983.0,12697.0,17917.0,56866.0,14970.0,96965.0,18044.0,48011.0,3090.0,24927.0,28774.0,9106.0,16160.0,18100.0,73547.0,8220.0,32480.0,71331.0,11749.0,17410.0,86598.0,5693.0,58421.0,19006.0,20020.0,4951.0,13851.0,16785.0,8524.0,4218.0,38531.0,14732.0,45339.0,15602.0,5504.0,35193.0,35434.0,21736.0,18893.0,94048.0,28609.0,19997.0,9990.0,24821.0,26307.0,9681.0,12827.0,15679.0,10472.0,35988.0,101396.0,55378.0,88917.0,75692.0
2024-06-12,17525.0,36816.0,46906.0,10837.0,13425.0,25968.0,46993.0,23691.0,12634.0,17761.0,60182.0,15549.0,106846.0,16871.0,48160.0,3127.0,25392.0,29182.0,9175.0,15495.0,18569.0,74838.0,8466.0,32239.0,71470.0,11605.0,16652.0,90998.0,5867.0,59152.0,19131.0,19946.0,4830.0,14401.0,17218.0,8723.0,4983.0,38421.0,15330.0,46808.0,16078.0,5587.0,37157.0,36964.0,22245.0,18896.0,93768.0,28134.0,20554.0,8721.0,25948.0,26802.0,8799.0,11922.0,15760.0,10167.0,31542.0,103521.0,54422.0,86922.0,76234.0
2024-06-13,17314.0,42024.0,49202.0,11905.0,13704.0,28893.0,47882.0,25284.0,13098.0,19344.0,63258.0,15650.0,103832.0,15988.0,49007.0,3259.0,25981.0,28885.0,10013.0,16482.0,18735.0,77692.0,8233.0,33622.0,61238.0,11912.0,17684.0,96856.0,5838.0,65643.0,19442.0,20986.0,4879.0,14517.0,17561.0,8854.0,5919.0,40374.0,16780.0,47674.0,15741.0,5648.0,39247.0,41140.0,22986.0,18768.0,99874.0,27595.0,20562.0,9404.0,27402.0,27498.0,9326.0,12539.0,16573.0,10701.0,37133.0,105084.0,54914.0,89939.0,75935.0
2024-06-14,16050.0,36280.0,46005.0,8991.0,11331.0,21646.0,43502.0,19780.0,8838.0,15848.0,37309.0,15858.0,78896.0,12070.0,28847.0,2533.0,23721.0,28367.0,7223.0,10537.0,13946.0,53881.0,6449.0,25019.0,65661.0,11057.0,12777.0,84807.0,5963.0,53267.0,19143.0,20638.0,5022.0,14344.0,17960.0,8927.0,5147.0,39792.0,15658.0,41549.0,14534.0,5477.0,42027.0,36335.0,20732.0,14167.0,86735.0,25408.0,14366.0,5324.0,24788.0,23696.0,5968.0,12489.0,12009.0,7364.0,35215.0,86477.0,42925.0,80300.0,75319.0
2024-06-17,12987.0,31563.0,43615.0,7836.0,10853.0,20278.0,41324.0,19128.0,9300.0,14806.0,44915.0,12690.0,77372.0,13271.0,35264.0,2932.0,23433.0,25114.0,7441.0,11700.0,14014.0,55348.0,6257.0,24608.0,62406.0,10159.0,13752.0,72769.0,5067.0,53652.0,17260.0,20728.0,4798.0,13739.0,16121.0,8799.0,3561.0,34631.0,13979.0,40984.0,14556.0,6005.0,31799.0,31144.0,20025.0,15689.0,86543.0,25099.0,16089.0,6286.0,21420.0,22947.0,7235.0,10836.0,12738.0,8114.0,30647.0,83978.0,46096.0,70159.0,69355.0
2024-06-18,15767.0,35537.0,46257.0,9769.0,13087.0,25630.0,45183.0,22860.0,12102.0,18013.0,61901.0,14777.0,98163.0,17370.0,46002.0,3208.0,25727.0,27837.0,9023.0,17318.0,17446.0,73018.0,7512.0,31689.0,72238.0,11176.0,16897.0,86115.0,5227.0,60221.0,18620.0,20856.0,5212.0,14661.0,17063.0,9128.0,4025.0,39084.0,14818.0,45250.0,15271.0,6747.0,34616.0,35162.0,22119.0,18164.0,93905.0,29387.0,20262.0,8483.0,24630.0,26236.0,9033.0,12472.0,15778.0,11053.0,34613.0,101367.0,54720.0,86974.0,74568.0
2024-06-19,16780.0,36068.0,48856.0,10234.0,13711.0,26773.0,57070.0,23371.0,12266.0,18295.0,62834.0,15609.0,102465.0,17213.0,46519.0,3486.0,26076.0,28628.0,9477.0,15825.0,17953.0,73515.0,8208.0,32080.0,73724.0,11487.0,17103.0,92984.0,5974.0,63389.0,19624.0,22057.0,6494.0,15943.0,17944.0,9531.0,4277.0,39823.0,16351.0,49629.0,16150.0,6371.0,38161.0,38905.0,23649.0,19363.0,97033.0,29348.0,20376.0,8660.0,26669.0,28374.0,9078.0,12660.0,16062.0,10481.0,35218.0,104931.0,58422.0,90111.0,76480.0
2024-06-20,16932.0,44133.0,50538.0,10298.0,15283.0,29356.0,48981.0,23334.0,15068.0,15149.0,70281.0,16416.0,108764.0,18197.0,47493.0,3932.0,21405.0,29226.0,9167.0,16246.0,18185.0,82251.0,8213.0,32833.0,78343.0,12057.0,18981.0,95027.0,5623.0,64225.0,20432.0,23594.0,5918.0,17971.0,19078.0,10226.0,4284.0,39597.0,17243.0,50378.0,15406.0,7329.0,40033.0,39530.0,19706.0,13616.0,104816.0,32116.0,15907.0,6939.0,27309.0,29164.0,6795.0,12353.0,16761.0,7341.0,37672.0,117099.0,52983.0,97437.0,109482.0
2024-06-21,15898.0,35826.0,47054.0,8314.0,12412.0,22124.0,47091.0,18743.0,9800.0,17003.0,36155.0,82164.0,12735.0,28559.0,2955.0,26843.0,,,7224.0,10195.0,15873.0,55237.0,6848.0,25386.0,68740.0,12017.0,12745.0,88952.0,6595.0,58273.0,19665.0,23218.0,5935.0,17460.0,18967.0,10076.0,3720.0,41598.0,44963.0,15382.0,22664.0,15740.0,90029.0,,,,,,15064.0,5737.0,26047.0,25798.0,6331.0,11339.0,12643.0,7617.0,35210.0,94246.0,43551.0,84444.0,78655.0
2024-06-24,13120.0,33393.0,40430.0,8361.0,11061.0,20435.0,42930.0,19919.0,10464.0,15178.0,45504.0,13305.0,77554.0,13552.0,37283.0,2912.0,25683.0,27053.0,7924.0,11794.0,14643.0,60243.0,6536.0,24416.0,57269.0,10836.0,14103.0,75682.0,6159.0,56020.0,18262.0,20888.0,4913.0,13674.0,16229.0,8606.0,3541.0,35085.0,14124.0,42156.0,14577.0,6159.0,32995.0,32903.0,20055.0,16629.0,81578.0,28053.0,16882.0,7665.0,20698.0,22264.0,7879.0,10468.0,12837.0,8371.0,30024.0,83350.0,45463.0,72757.0,71828.0
2024-06-25,16352.0,38857.0,46788.0,11217.0,13060.0,25974.0,50195.0,23515.0,12890.0,17193.0,61280.0,14782.0,96526.0,18503.0,48621.0,4282.0,28395.0,28864.0,9474.0,14930.0,18250.0,77677.0,8133.0,30589.0,71506.0,11145.0,16836.0,88443.0,6029.0,59817.0,18692.0,20878.0,5659.0,13847.0,17326.0,8977.0,4203.0,39270.0,15289.0,46035.0,16333.0,6689.0,35281.0,34560.0,22160.0,20301.0,93020.0,29963.0,21319.0,8926.0,25308.0,27943.0,9468.0,12187.0,14049.0,9978.0,34318.0,103160.0,48611.0,87514.0,77079.0
2024-06-26,16852.0,37067.0,47015.0,10207.0,14052.0,25019.0,48226.0,22620.0,12450.0,17205.0,56904.0,14406.0,96348.0,16094.0,46252.0,3570.0,27809.0,28132.0,9278.0,14585.0,18131.0,74140.0,8058.0,29369.0,70313.0,11372.0,16363.0,88043.0,6443.0,60198.0,19204.0,21436.0,5546.0,14898.0,17219.0,9027.0,4231.0,42406.0,15504.0,47749.0,16292.0,6898.0,36423.0,36504.0,23085.0,19454.0,93623.0,29868.0,20915.0,9279.0,25957.0,27705.0,8980.0,11668.0,15233.0,10256.0,34225.0,102064.0,48423.0,87611.0,75908.0
2024-06-27,17541.0,37605.0,50102.0,10095.0,14519.0,26628.0,48708.0,22974.0,12553.0,18512.0,61688.0,14997.0,102000.0,17100.0,46340.0,3546.0,32520.0,27652.0,9526.0,15096.0,17858.0,75198.0,8104.0,32016.0,75144.0,11550.0,16804.0,90732.0,6512.0,61920.0,20285.0,22244.0,5765.0,15583.0,17713.0,9069.0,4375.0,40708.0,16725.0,46895.0,16261.0,6651.0,39840.0,39318.0,24837.0,18515.0,97638.0,29681.0,20998.0,8695.0,26820.0,28932.0,9334.0,11872.0,15856.0,10657.0,35855.0,107167.0,55074.0,91681.0,78759.0
2024-06-28,16572.0,33083.0,47496.0,8092.0,11441.0,21109.0,43667.0,19694.0,9195.0,16542.0,36582.0,14947.0,81862.0,12345.0,29307.0,2859.0,26104.0,26342.0,7320.0,10571.0,15533.0,54500.0,7148.0,25515.0,68737.0,10294.0,13465.0,90594.0,6128.0,56558.0,18952.0,22844.0,5348.0,16534.0,18188.0,9470.0,3802.0,41983.0,17536.0,42877.0,15422.0,7289.0,45501.0,39304.0,22069.0,14620.0,84519.0,27122.0,16029.0,5583.0,25664.0,25356.0,6191.0,11068.0,12220.0,7981.0,32509.0,84789.0,42206.0,81024.0,79310.0
2024-07-01,13038.0,30471.0,42405.0,8091.0,11327.0,19459.0,48616.0,19182.0,9875.0,15109.0,43720.0,13185.0,77819.0,12463.0,36281.0,2857.0,24353.0,26132.0,7549.0,11777.0,14464.0,58096.0,6660.0,23858.0,62215.0,10319.0,13459.0,72500.0,6158.0,54082.0,17632.0,20519.0,4319.0,13435.0,15806.0,8199.0,3425.0,34404.0,13867.0,39198.0,14646.0,5462.0,32255.0,30921.0,20577.0,16391.0,82924.0,27268.0,17030.0,6932.0,20863.0,21590.0,7535.0,11049.0,13067.0,8252.0,30644.0,81082.0,46102.0,67492.0,72518.0
2024-07-02,16580.0,36005.0,47390.0,10086.0,13318.0,25198.0,49212.0,23523.0,12201.0,17250.0,59958.0,14433.0,97779.0,16933.0,46987.0,3259.0,28419.0,28080.0,15681.0,73973.0,8211.0,31031.0,72801.0,11259.0,17308.0,87280.0,,,5815.0,60243.0,18672.0,21957.0,5093.0,14742.0,17596.0,8397.0,3670.0,38581.0,16044.0,43453.0,15748.0,5993.0,36790.0,37478.0,23251.0,19236.0,93529.0,29599.0,21505.0,25760.0,27055.0,9272.0,12519.0,15918.0,10324.0,35239.0,100114.0,,52348.0,87783.0,76446.0
2024-07-03,18499.0,39270.0,50068.0,10536.0,15717.0,26765.0,52782.0,23379.0,13207.0,19518.0,61179.0,13791.0,102965.0,17791.0,48188.0,3208.0,28364.0,28941.0,9453.0,19434.0,77015.0,8457.0,12207.0,,,,,,40718.0,,,,,,,,,,17660.0,44336.0,16169.0,6574.0,39908.0,41556.0,24201.0,19740.0,100165.0,31637.0,21843.0,9123.0,29110.0,9613.0,12706.0,16747.0,37527.0,113704.0,,,57688.0,90261.0,80880.0
2024-07-04,18575.0,38950.0,51468.0,10422.0,14024.0,25762.0,51356.0,23791.0,12232.0,19318.0,58409.0,15813.0,103281.0,17901.0,46842.0,3503.0,31399.0,28400.0,9301.0,15250.0,17088.0,32993.0,77460.0,16650.0,93495.0,,,,6782.0,67722.0,20085.0,24683.0,6080.0,19915.0,19391.0,9347.0,4242.0,,18434.0,51353.0,17251.0,12345.0,40237.0,41565.0,23989.0,18474.0,101386.0,32086.0,8908.0,29134.0,10546.0,,,,,,,,56578.0,95607.0,78680.0
2024-07-05,17733.0,32425.0,50416.0,7907.0,12546.0,22580.0,47953.0,19560.0,8809.0,17620.0,35780.0,15903.0,80229.0,11984.0,28675.0,2833.0,26460.0,26152.0,6991.0,10429.0,14168.0,53538.0,7420.0,25717.0,68433.0,12583.0,13029.0,85471.0,6764.0,55572.0,19451.0,24642.0,5273.0,19155.0,17885.0,9099.0,3276.0,43679.0,18797.0,43061.0,16540.0,10509.0,45103.0,39130.0,21274.0,15512.0,88155.0,29899.0,15477.0,6046.0,27092.0,24841.0,6226.0,12272.0,12867.0,8036.0,36515.0,90780.0,43816.0,84908.0,75532.0
2024-07-08,13125.0,31331.0,43464.0,8075.0,12050.0,21320.0,43926.0,20480.0,10072.0,17437.0,45689.0,13519.0,80137.0,14128.0,37120.0,3039.0,26147.0,26499.0,7902.0,12343.0,15225.0,59916.0,7063.0,25755.0,68072.0,11329.0,13859.0,77235.0,6135.0,55448.0,17425.0,22262.0,4329.0,13611.0,16146.0,7931.0,3385.0,37036.0,16089.0,40090.0,15321.0,5573.0,36842.0,35232.0,19697.0,18341.0,83571.0,26337.0,18040.0,6633.0,23557.0,23815.0,7440.0,10868.0,14118.0,8459.0,30570.0,87930.0,47721.0,72384.0,74091.0
2024-07-09,16802.0,34900.0,47689.0,10194.0,13826.0,26824.0,47222.0,24301.0,12816.0,19030.0,60875.0,15071.0,99017.0,18028.0,47811.0,3140.0,28429.0,28018.0,9032.0,15892.0,17854.0,74808.0,8768.0,31856.0,77354.0,12355.0,17143.0,90632.0,6139.0,58097.0,18426.0,23269.0,4337.0,15029.0,17083.0,8336.0,3931.0,41833.0,16788.0,45448.0,16423.0,5656.0,38038.0,39502.0,21571.0,19714.0,94441.0,31720.0,22230.0,9057.0,27095.0,26392.0,9630.0,12226.0,16346.0,10542.0,35298.0,101361.0,54028.0,90677.0,76207.0
2024-07-10,17079.0,40052.0,48275.0,9866.0,14342.0,27512.0,49466.0,23827.0,12438.0,19334.0,59166.0,14881.0,101291.0,17827.0,46145.0,3503.0,29496.0,29130.0,9263.0,14988.0,17762.0,75095.0,8584.0,30555.0,76164.0,12029.0,15831.0,90588.0,6782.0,61108.0,18992.0,22214.0,5152.0,14472.0,17906.0,8503.0,3918.0,40065.0,17404.0,48103.0,16504.0,6264.0,40937.0,39567.0,22027.0,20750.0,98117.0,35702.0,21728.0,8817.0,28271.0,28647.0,9265.0,12265.0,17041.0,10350.0,36363.0,112035.0,56281.0,95691.0,81916.0
2024-07-11,16020.0,42985.0,53504.0,10729.0,14804.0,28258.0,52419.0,23392.0,12745.0,18950.0,62230.0,15721.0,110181.0,16856.0,45941.0,3648.0,29514.0,28873.0,9667.0,15246.0,19051.0,78828.0,8411.0,33226.0,81483.0,12600.0,17882.0,96731.0,6472.0,63461.0,19137.0,24182.0,5915.0,16649.0,18521.0,9692.0,4357.0,39036.0,20250.0,48839.0,16640.0,8145.0,44949.0,43753.0,20968.0,19752.0,107952.0,34811.0,19648.0,8341.0,29859.0,28606.0,8711.0,12050.0,17080.0,9589.0,39795.0,118051.0,56439.0,97363.0,81915.0
2024-07-12,15490.0,36570.0,50069.0,7728.0,12308.0,22383.0,46910.0,19243.0,9389.0,17855.0,36295.0,15830.0,85656.0,12375.0,28810.0,2790.0,26500.0,26702.0,7114.0,10174.0,15448.0,55027.0,6929.0,25910.0,72942.0,12410.0,12921.0,91631.0,6549.0,63877.0,18388.0,27533.0,6104.0,19218.0,17721.0,9417.0,3434.0,41211.0,18618.0,48222.0,15507.0,13052.0,47968.0,43094.0,21477.0,16396.0,85122.0,29090.0,15465.0,5532.0,27600.0,26668.0,6091.0,10899.0,13014.0,8185.0,31970.0,97069.0,44987.0,83324.0,77891.0
2024-07-15,12224.0,29805.0,38939.0,7681.0,11250.0,19999.0,41348.0,18799.0,9467.0,16332.0,40284.0,13048.0,75855.0,12648.0,33133.0,2483.0,24278.0,26313.0,7196.0,11093.0,14015.0,55958.0,6590.0,23676.0,63386.0,10758.0,12747.0,73204.0,6013.0,51370.0,16349.0,21504.0,4398.0,13024.0,14549.0,8143.0,3203.0,35951.0,15440.0,38126.0,13983.0,5900.0,36029.0,33947.0,17311.0,15928.0,78816.0,27652.0,16020.0,6543.0,22095.0,21337.0,6903.0,9821.0,12953.0,8571.0,29137.0,79517.0,43733.0,66674.0,69262.0
2024-07-16,15887.0,34599.0,44504.0,9527.0,13571.0,25819.0,45720.0,22979.0,12194.0,18367.0,58334.0,14783.0,96413.0,17334.0,46758.0,3217.0,28039.0,28291.0,8966.0,13794.0,17326.0,75206.0,7844.0,30822.0,74641.0,10159.0,15763.0,91638.0,6090.0,59428.0,16641.0,19448.0,4867.0,13837.0,16327.0,8529.0,3731.0,36954.0,14972.0,44246.0,15295.0,5564.0,37480.0,35911.0,20106.0,19029.0,91150.0,31978.0,20851.0,8843.0,26146.0,28346.0,9316.0,11172.0,15001.0,10902.0,34216.0,100615.0,51257.0,85702.0,76543.0
2024-07-17,16305.0,37949.0,46993.0,9721.0,13270.0,26288.0,46428.0,22612.0,12804.0,18147.0,59617.0,15317.0,100384.0,16947.0,44224.0,3298.0,28816.0,29070.0,8942.0,14084.0,17322.0,75003.0,7914.0,31608.0,77877.0,11564.0,16143.0,95111.0,6420.0,63010.0,17503.0,21439.0,5312.0,15485.0,17047.0,8778.0,3930.0,36553.0,17148.0,50188.0,15323.0,6976.0,42568.0,41379.0,20720.0,23001.0,95537.0,38939.0,20538.0,8409.0,28405.0,31319.0,8401.0,11494.0,15460.0,10827.0,34527.0,107350.0,55024.0,90839.0,77090.0
2024-07-18,15217.0,36983.0,47113.0,10367.0,13262.0,26597.0,47954.0,22670.0,13070.0,18913.0,61189.0,15214.0,105058.0,18344.0,47024.0,3462.0,29322.0,28758.0,9578.0,14195.0,17875.0,77998.0,7148.0,32554.0,75715.0,11712.0,17449.0,94827.0,6457.0,61478.0,18374.0,21845.0,5402.0,14241.0,16611.0,8766.0,3909.0,36061.0,17596.0,47186.0,15357.0,6844.0,40042.0,39491.0,20718.0,18792.0,101117.0,33828.0,20367.0,9014.0,25746.0,30751.0,9266.0,11124.0,15818.0,11340.0,38825.0,107660.0,53693.0,92381.0,79463.0
2024-07-19,14018.0,34171.0,42396.0,7780.0,10323.0,20295.0,42328.0,17531.0,8987.0,16409.0,33139.0,14984.0,78889.0,12098.0,27674.0,2956.0,27008.0,26840.0,6771.0,8850.0,13650.0,53616.0,6148.0,23921.0,62778.0,11152.0,11723.0,85293.0,6421.0,52194.0,17321.0,21672.0,4923.0,13682.0,15956.0,8620.0,3530.0,37031.0,15941.0,41429.0,14694.0,7214.0,40640.0,34186.0,18724.0,14489.0,83218.0,29264.0,15370.0,5861.0,22705.0,23451.0,5835.0,9578.0,11476.0,8083.0,30112.0,86299.0,40847.0,80105.0,75431.0
2024-07-22,12073.0,30682.0,41053.0,7748.0,10795.0,20436.0,41121.0,18583.0,10116.0,16270.0,42651.0,13187.0,73312.0,13467.0,34131.0,3041.0,27312.0,,7134.0,10748.0,14107.0,55937.0,6192.0,23446.0,63738.0,10016.0,12162.0,74760.0,5715.0,52954.0,15789.0,20851.0,4187.0,12460.0,14400.0,7992.0,3084.0,34214.0,13352.0,39222.0,13525.0,5922.0,31813.0,15490.0,79338.0,31599.0,,,16904.0,6604.0,20288.0,23183.0,6577.0,9620.0,12339.0,7884.0,27346.0,83062.0,45663.0,70295.0,72739.0
2024-07-23,14765.0,34398.0,44701.0,9419.0,12938.0,26345.0,45474.0,22596.0,12197.0,18380.0,57559.0,14763.0,94049.0,17462.0,47090.0,3398.0,29274.0,27967.0,8517.0,14094.0,17311.0,70933.0,7146.0,29795.0,74026.0,10837.0,16000.0,89865.0,6128.0,59223.0,17057.0,21547.0,4695.0,13446.0,15987.0,8465.0,3484.0,39435.0,16425.0,44541.0,15003.0,6225.0,38243.0,37118.0,19117.0,17822.0,91496.0,33730.0,20801.0,8767.0,24455.0,27809.0,8666.0,10611.0,15686.0,10149.0,38464.0,101220.0,53599.0,89902.0,77225.0
2024-07-24,15232.0,35175.0,45635.0,9606.0,13160.0,26035.0,46648.0,22265.0,12357.0,18371.0,57342.0,14799.0,96132.0,17435.0,45062.0,3362.0,29451.0,27849.0,8794.0,13730.0,17080.0,70776.0,7531.0,29717.0,75801.0,11364.0,15693.0,94225.0,6315.0,59891.0,16891.0,21733.0,4876.0,14074.0,16179.0,8464.0,3722.0,38921.0,17243.0,46497.0,15284.0,6865.0,42571.0,40621.0,19262.0,18686.0,94562.0,34742.0,20632.0,8832.0,26003.0,29433.0,8479.0,10686.0,15253.0,10056.0,32155.0,105730.0,53270.0,91141.0,77436.0
2024-07-25,16038.0,37885.0,49068.0,10021.0,14622.0,28633.0,48892.0,22336.0,13509.0,18506.0,59120.0,15707.0,102719.0,17566.0,46354.0,3237.0,29149.0,27430.0,8851.0,14794.0,18394.0,76212.0,7674.0,31640.0,78341.0,11532.0,16443.0,97550.0,6756.0,62799.0,17828.0,23139.0,4723.0,13819.0,16341.0,7608.0,3532.0,41692.0,18464.0,45013.0,15565.0,6130.0,44469.0,41630.0,19863.0,17626.0,99634.0,31324.0,21595.0,9025.0,27270.0,29395.0,8389.0,10893.0,16566.0,10419.0,34090.0,111818.0,53298.0,97045.0,80535.0
2024-07-26,14399.0,32948.0,45487.0,7580.0,10814.0,21568.0,42364.0,17510.0,9221.0,16556.0,35315.0,15500.0,75980.0,12761.0,27623.0,2897.0,27085.0,26946.0,6531.0,9515.0,13777.0,51771.0,6338.0,25161.0,68680.0,11148.0,12898.0,90492.0,8406.0,55183.0,16433.0,21031.0,7348.0,13804.0,17026.0,2755.0,3202.0,40497.0,16554.0,42505.0,14278.0,6704.0,47163.0,37503.0,18732.0,14115.0,83766.0,30198.0,16192.0,5778.0,24088.0,27426.0,5758.0,9484.0,11513.0,7637.0,31032.0,89466.0,42322.0,85121.0,83272.0
2024-07-29,11770.0,29878.0,40435.0,7531.0,9225.0,18971.0,41303.0,17605.0,9944.0,14898.0,39883.0,12522.0,72849.0,13192.0,33494.0,2953.0,26772.0,26363.0,7221.0,9751.0,14326.0,55997.0,5757.0,22155.0,60701.0,10067.0,12584.0,73274.0,15658.0,22155.0,12439.0,13973.0,7101.0,2966.0,,,,,13623.0,38597.0,13341.0,6649.0,34169.0,31904.0,16434.0,14859.0,80373.0,32165.0,17827.0,6499.0,19092.0,24101.0,6491.0,8767.0,12166.0,7781.0,25895.0,79068.0,43625.0,70780.0,72839.0
2024-07-30,14271.0,35176.0,43406.0,9680.0,10320.0,24066.0,68718.0,21084.0,12851.0,17796.0,55474.0,14038.0,98138.0,17201.0,42068.0,3802.0,28536.0,25349.0,9869.0,14351.0,16542.0,7084.0,28150.0,10824.0,15381.0,,,,5339.0,51672.0,16432.0,8825.0,13812.0,7811.0,38296.0,,,,15536.0,43185.0,14221.0,7037.0,37917.0,35715.0,18048.0,17218.0,90054.0,32219.0,19837.0,9358.0,8288.0,14491.0,9590.0,30928.0,,,,,58634.0,91208.0,77670.0
2024-07-31,15581.0,31848.0,45168.0,8838.0,11668.0,24429.0,43004.0,21098.0,11764.0,17617.0,54615.0,13851.0,89812.0,16724.0,41945.0,3481.0,27174.0,27374.0,70383.0,70669.0,89669.0,,,,,,,,5945.0,59111.0,21841.0,4385.0,15651.0,3518.0,37737.0,,,,16941.0,43562.0,14058.0,6644.0,40238.0,35968.0,16903.0,16906.0,91897.0,32239.0,24361.0,29404.0,9922.0,97906.0,,,,,,,47639.0,85870.0,76935.0
2024-08-01,15922.0,34498.0,43052.0,9243.0,13091.0,26157.0,43197.0,20889.0,11871.0,17456.0,54198.0,14173.0,92797.0,16734.0,42181.0,2851.0,28644.0,26507.0,8395.0,12829.0,15425.0,69082.0,6925.0,28191.0,70838.0,10785.0,14816.0,88912.0,5856.0,58918.0,16724.0,21825.0,4245.0,12794.0,15030.0,7573.0,3391.0,39670.0,17597.0,41150.0,14603.0,5948.0,40587.0,38207.0,18512.0,16284.0,95585.0,29708.0,19334.0,8249.0,23875.0,27938.0,8246.0,9798.0,15060.0,9618.0,29996.0,96657.0,50750.0,88059.0,76159.0
2024-08-02,14068.0,31238.0,41680.0,7043.0,10367.0,19770.0,39055.0,16538.0,8727.0,15358.0,32675.0,14584.0,69610.0,11565.0,25473.0,2867.0,25746.0,25808.0,6102.0,8515.0,12470.0,47831.0,5609.0,22508.0,62826.0,10804.0,11461.0,84312.0,5598.0,51789.0,15551.0,21309.0,4617.0,13119.0,15842.0,8122.0,2928.0,38938.0,15945.0,39585.0,12437.0,6693.0,43029.0,35170.0,15932.0,12366.0,81935.0,28864.0,13445.0,5273.0,21836.0,25180.0,4905.0,8985.0,11116.0,5922.0,30435.0,79740.0,40645.0,78988.0,75771.0
2024-08-05,11276.0,29974.0,38558.0,7354.0,10051.0,18236.0,37478.0,17404.0,9522.0,14933.0,38423.0,11752.0,70279.0,11989.0,30995.0,2984.0,25650.0,27660.0,6428.0,9626.0,13961.0,50522.0,5538.0,21563.0,58509.0,9898.0,11960.0,71371.0,5838.0,50117.0,15162.0,21382.0,4089.0,11889.0,13600.0,7223.0,2686.0,36924.0,14231.0,36060.0,13160.0,5683.0,33479.0,30853.0,15603.0,14314.0,78375.0,29238.0,16223.0,6147.0,19187.0,22324.0,6222.0,8564.0,11546.0,6901.0,25547.0,76046.0,41698.0,66498.0,69128.0
2024-08-06,14131.0,34570.0,43752.0,8375.0,15078.0,23423.0,39534.0,20715.0,10415.0,17261.0,52593.0,13183.0,86439.0,16731.0,39829.0,3040.0,28904.0,26070.0,7211.0,13019.0,16153.0,64949.0,7019.0,26996.0,69067.0,10788.0,14537.0,83892.0,5801.0,56132.0,15769.0,22062.0,4242.0,12747.0,14971.0,7403.0,3168.0,40202.0,16707.0,40047.0,14428.0,5491.0,38562.0,34999.0,17720.0,16808.0,91545.0,30337.0,19968.0,7962.0,23044.0,25814.0,7890.0,9856.0,13548.0,8782.0,29569.0,88843.0,45461.0,81033.0,73352.0
2024-08-07,15414.0,32830.0,40242.0,8358.0,11723.0,22917.0,41490.0,19857.0,11459.0,16259.0,50397.0,13160.0,86568.0,15545.0,39661.0,2943.0,28577.0,24509.0,7534.0,12172.0,15358.0,63309.0,6815.0,26627.0,67622.0,10807.0,14272.0,83052.0,6073.0,55460.0,15874.0,21489.0,4497.0,12765.0,15399.0,7433.0,3218.0,39746.0,16874.0,41549.0,14478.0,6221.0,40216.0,36922.0,17760.0,16769.0,89754.0,31299.0,18520.0,7242.0,23527.0,26797.0,7467.0,9480.0,14054.0,8710.0,30015.0,92831.0,47748.0,82021.0,69285.0
2024-08-08,15677.0,34383.0,40534.0,8746.0,12082.0,25301.0,41861.0,19950.0,11318.0,17238.0,53358.0,13653.0,90597.0,16637.0,40452.0,2872.0,28458.0,24421.0,7996.0,12770.0,15101.0,67004.0,7016.0,27421.0,70890.0,11011.0,15065.0,86605.0,6176.0,56881.0,16811.0,22509.0,4368.0,12718.0,15727.0,7790.0,3025.0,41877.0,17650.0,39998.0,14259.0,5910.0,41085.0,38906.0,17797.0,15782.0,91046.0,30501.0,18858.0,7577.0,24097.0,26954.0,7448.0,9732.0,14678.0,8813.0,32963.0,92933.0,47600.0,85977.0,70768.0
2024-08-09,14123.0,33296.0,46433.0,6343.0,8305.0,19346.0,39627.0,16233.0,7981.0,15589.0,31582.0,14114.0,73392.0,12040.0,24835.0,2936.0,27010.0,23815.0,5498.0,8457.0,13229.0,46298.0,5560.0,22021.0,62032.0,10501.0,11384.0,81657.0,6299.0,50288.0,16028.0,22001.0,4788.0,12893.0,15919.0,8112.0,2888.0,40235.0,16664.0,37635.0,13410.0,6322.0,40714.0,40089.0,16784.0,12848.0,82914.0,28423.0,14235.0,5534.0,21855.0,24930.0,5220.0,8628.0,10460.0,6377.0,28333.0,79490.0,37519.0,78600.0,72631.0
2024-08-12,11216.0,29287.0,37289.0,6999.0,9947.0,17554.0,36660.0,16574.0,8359.0,14617.0,35356.0,10839.0,67626.0,12071.0,30341.0,2716.0,23960.0,23439.0,5822.0,8902.0,12499.0,51293.0,5228.0,20064.0,53719.0,9694.0,11081.0,66636.0,5508.0,48030.0,14624.0,20827.0,3918.0,11064.0,12675.0,6735.0,2705.0,34391.0,12898.0,33768.0,13072.0,6265.0,29363.0,33133.0,14561.0,14142.0,75296.0,28724.0,15854.0,5964.0,17313.0,21550.0,6073.0,7974.0,11020.0,7066.0,22469.0,71486.0,40433.0,63129.0,65200.0
2024-08-13,14512.0,34288.0,39863.0,8822.0,11626.0,22878.0,41491.0,20187.0,12082.0,16685.0,50430.0,12793.0,87861.0,16022.0,40324.0,2898.0,29323.0,25940.0,7483.0,11861.0,15630.0,65786.0,6829.0,25601.0,65958.0,10483.0,13854.0,80848.0,5692.0,55887.0,15752.0,21170.0,4510.0,12739.0,14912.0,7729.0,3372.0,38570.0,16130.0,39248.0,14291.0,6136.0,35253.0,39129.0,17697.0,16613.0,87260.0,31750.0,19470.0,8345.0,22151.0,26730.0,7705.0,9628.0,14069.0,8657.0,29752.0,77937.0,42317.0,83437.0,70252.0
2024-08-14,15027.0,34151.0,44330.0,8755.0,12605.0,24295.0,44981.0,20639.0,12176.0,18036.0,53180.0,13651.0,92431.0,15656.0,36081.0,3055.0,27812.0,26362.0,7961.0,12396.0,15823.0,69853.0,7076.0,26656.0,71119.0,10991.0,14262.0,88057.0,5107.0,56902.0,16601.0,22433.0,4469.0,12998.0,16031.0,8551.0,3585.0,41686.0,17005.0,41631.0,11002.0,6429.0,38945.0,42457.0,17848.0,17299.0,91490.0,31784.0,18874.0,8052.0,24086.0,28166.0,7700.0,10230.0,14825.0,8586.0,31357.0,95119.0,49743.0,86200.0,74028.0
2024-08-15,16783.0,38854.0,47534.0,9621.0,14095.0,24753.0,47541.0,20757.0,13403.0,18193.0,53277.0,14274.0,98844.0,16830.0,40791.0,3206.0,29328.0,26633.0,8420.0,12626.0,18972.0,72885.0,6940.0,28875.0,72427.0,11386.0,15137.0,92407.0,5961.0,59526.0,17334.0,23066.0,4963.0,13578.0,16444.0,8741.0,3355.0,43271.0,18206.0,41537.0,14177.0,41644.0,45163.0,18460.0,16836.0,98069.0,32562.0,,19430.0,7927.0,25564.0,28324.0,7877.0,10763.0,15387.0,8817.0,28710.0,104805.0,49672.0,89801.0,77576.0
2024-08-16,14612.0,35861.0,46879.0,8130.0,10708.0,20095.0,44948.0,17007.0,10285.0,16637.0,32317.0,18713.0,76540.0,12373.0,25827.0,2902.0,28618.0,25647.0,6055.0,8556.0,14669.0,50822.0,5462.0,23030.0,65122.0,11203.0,11610.0,85398.0,6725.0,53668.0,17243.0,23347.0,5368.0,13793.0,17163.0,9290.0,2555.0,45370.0,18339.0,40969.0,13960.0,7219.0,42467.0,42737.0,18184.0,14674.0,88589.0,32390.0,15636.0,5732.0,22550.0,27234.0,5293.0,9160.0,11712.0,6573.0,31500.0,83978.0,39993.0,83758.0,76912.0
2024-08-19,11975.0,31943.0,41611.0,7694.0,11685.0,18956.0,44463.0,17267.0,12569.0,,,,,,,,,,6510.0,9764.0,15489.0,54690.0,5793.0,21655.0,61589.0,10218.0,11704.0,72287.0,5940.0,51693.0,16172.0,22123.0,4136.0,12254.0,15090.0,7804.0,2885.0,40404.0,5111.0,,,,,,,,,,16074.0,6021.0,20126.0,23492.0,6300.0,8958.0,12662.0,6918.0,28584.0,87595.0,42237.0,70099.0,70822.0
2024-08-20,15849.0,37269.0,43541.0,9938.0,14138.0,23668.0,46392.0,19428.0,13079.0,17124.0,51646.0,102158.0,16191.0,41785.0,3336.0,29049.0,26944.0,,8053.0,12191.0,18016.0,69527.0,7093.0,26397.0,70938.0,10917.0,14057.0,87744.0,6181.0,50902.0,16228.0,21452.0,4586.0,13896.0,15812.0,8134.0,3302.0,43463.0,16954.0,39762.0,14838.0,37841.0,40356.0,17817.0,17314.0,88013.0,31766.0,,19282.0,7865.0,23256.0,26306.0,7391.0,8537.0,14980.0,8199.0,21363.0,101696.0,49378.0,87836.0,75366.0
2024-08-21,15481.0,34201.0,44128.0,8834.0,12188.0,24220.0,44529.0,20190.0,12139.0,16898.0,51095.0,13838.0,91163.0,15851.0,40882.0,3065.0,28327.0,26498.0,7674.0,12249.0,15695.0,67258.0,7311.0,26821.0,71763.0,10860.0,13853.0,89197.0,6065.0,57637.0,16446.0,22079.0,4271.0,13094.0,16077.0,7888.0,3312.0,41415.0,17028.0,40241.0,14690.0,5806.0,39872.0,41351.0,18353.0,17438.0,92578.0,31926.0,18601.0,7566.0,24539.0,27881.0,7305.0,10390.0,14295.0,8232.0,30762.0,94940.0,50062.0,85858.0,75410.0
2024-08-22,16804.0,34162.0,45332.0,8865.0,11822.0,25219.0,44579.0,20032.0,11634.0,17767.0,51084.0,13974.0,92874.0,15778.0,40521.0,2962.0,26896.0,25840.0,7555.0,11741.0,15307.0,69187.0,7175.0,27673.0,66679.0,8952.0,13941.0,90483.0,5835.0,56633.0,16951.0,18374.0,3922.0,12448.0,15305.0,7832.0,2996.0,40909.0,15741.0,39544.0,14380.0,4903.0,39346.0,39119.0,18183.0,15436.0,94088.0,27490.0,19545.0,7548.0,23984.0,26761.0,7428.0,10213.0,13713.0,8275.0,31117.0,96252.0,49662.0,86805.0,74812.0
2024-08-23,14823.0,29795.0,42718.0,6593.0,10349.0,18963.0,39945.0,15826.0,8451.0,16036.0,30235.0,16949.0,73248.0,11252.0,24256.0,2661.0,25744.0,25738.0,4969.0,7992.0,13031.0,48872.0,5401.0,21520.0,62520.0,9904.0,11056.0,82123.0,5768.0,50094.0,16126.0,21123.0,4656.0,12401.0,15927.0,8076.0,2865.0,39799.0,16017.0,35413.0,13407.0,5583.0,41543.0,39541.0,17034.0,12545.0,81084.0,27608.0,14049.0,5123.0,21437.0,23876.0,4865.0,8565.0,10200.0,5989.0,28445.0,77752.0,39558.0,76856.0,74929.0
2024-08-27,11796.0,30714.0,42048.0,8333.0,11758.0,17865.0,41078.0,19460.0,10608.0,14787.0,44054.0,13125.0,80691.0,14447.0,37393.0,2852.0,24584.0,26498.0,7730.0,10648.0,15132.0,57883.0,5408.0,23925.0,59608.0,9074.0,12304.0,79235.0,5584.0,52572.0,14953.0,19228.0,3854.0,13796.0,7306.0,3237.0,36853.0,,14365.0,36201.0,13462.0,5176.0,32138.0,35790.0,16633.0,13994.0,78749.0,26812.0,17431.0,6987.0,19775.0,23472.0,6504.0,8965.0,11856.0,7909.0,29645.0,84718.0,45272.0,78629.0,71756.0
2024-08-28,14279.0,32335.0,42747.0,8816.0,12082.0,22447.0,40066.0,19741.0,11531.0,16047.0,49337.0,13633.0,89349.0,15074.0,40002.0,3095.0,26188.0,26584.0,7751.0,11492.0,15102.0,65725.0,6545.0,25299.0,70621.0,9661.0,12990.0,87063.0,5491.0,51366.0,15431.0,20369.0,4159.0,12453.0,14457.0,7018.0,3307.0,41033.0,13824.0,39513.0,14294.0,5914.0,38315.0,37872.0,18300.0,15984.0,88317.0,28296.0,18818.0,7439.0,22961.0,26823.0,7066.0,9796.0,12878.0,8259.0,29466.0,92080.0,49017.0,80140.0,87126.0
2024-08-29,14472.0,38959.0,43705.0,9400.0,13362.0,25010.0,43256.0,20453.0,11328.0,16390.0,52562.0,13952.0,93928.0,15745.0,41302.0,3314.0,25830.0,26328.0,8174.0,12613.0,15660.0,69009.0,6735.0,26947.0,72171.0,9978.0,13988.0,90377.0,5549.0,56249.0,16003.0,20474.0,4339.0,12553.0,15263.0,7558.0,3585.0,39930.0,16708.0,38052.0,14559.0,5551.0,39423.0,39756.0,18599.0,15853.0,91860.0,27430.0,19570.0,7615.0,23777.0,27850.0,7376.0,10061.0,12133.0,8831.0,30942.0,99045.0,45827.0,84074.0,76427.0
2024-08-30,13952.0,34256.0,41837.0,7596.0,10586.0,19527.0,40572.0,16841.0,8113.0,14642.0,32064.0,13958.0,75563.0,11354.0,25145.0,3820.0,23093.0,25813.0,6238.0,8258.0,13003.0,51652.0,5633.0,21921.0,65170.0,9608.0,10390.0,85159.0,5837.0,52602.0,15936.0,20805.0,4066.0,12181.0,15680.0,7598.0,3203.0,41194.0,14899.0,36868.0,14232.0,5365.0,42021.0,38469.0,18073.0,12266.0,83047.0,25373.0,14120.0,5538.0,21830.0,24104.0,5087.0,8945.0,10438.0,6249.0,28906.0,83889.0,40265.0,77295.0,75906.0
2024-09-02,11988.0,26330.0,38566.0,7500.0,10226.0,18747.0,38230.0,18978.0,8897.0,13236.0,40353.0,12608.0,71637.0,11802.0,33687.0,3026.0,19343.0,25747.0,6553.0,10341.0,13597.0,54933.0,3638.0,20896.0,59263.0,8931.0,11368.0,70115.0,4812.0,49614.0,14654.0,17467.0,3006.0,10659.0,13528.0,6584.0,2788.0,35259.0,12377.0,34584.0,13264.0,4265.0,28147.0,30242.0,16392.0,13621.0,76898.0,23839.0,15319.0,6554.0,17274.0,19861.0,5969.0,8758.0,11415.0,6960.0,25463.0,77314.0,42941.0,63143.0,70968.0
2024-09-03,16218.0,31032.0,42046.0,8993.0,12147.0,23428.0,40963.0,21383.0,11347.0,15432.0,55200.0,13765.0,87558.0,15222.0,44516.0,3057.0,21774.0,27441.0,7584.0,13320.0,16191.0,68783.0,6994.0,26050.0,66465.0,9798.0,14140.0,79730.0,5075.0,55582.0,15795.0,17918.0,3711.0,11366.0,14973.0,6859.0,3224.0,34735.0,13243.0,39777.0,14014.0,4526.0,31527.0,33118.0,19079.0,16841.0,85522.0,26930.0,18671.0,8349.0,20834.0,24759.0,7525.0,10374.0,13108.0,8915.0,32695.0,94710.0,52594.0,80770.0,74945.0
2024-09-04,17098.0,31450.0,42937.0,9286.0,12156.0,24584.0,41168.0,22118.0,11588.0,15883.0,56051.0,14499.0,91477.0,14827.0,44692.0,2851.0,22158.0,27327.0,7903.0,13450.0,16496.0,70114.0,7428.0,27192.0,68855.0,10370.0,14671.0,82073.0,5322.0,56976.0,16507.0,18214.0,3821.0,11644.0,15783.0,7117.0,3400.0,36388.0,14779.0,41898.0,14729.0,4718.0,33961.0,35364.0,20371.0,17800.0,88087.0,28334.0,19048.0,8284.0,21985.0,25217.0,7917.0,10882.0,13548.0,9266.0,32061.0,94780.0,52368.0,82256.0,71947.0
2024-09-05,17129.0,32976.0,45671.0,9542.0,13366.0,27440.0,43900.0,23068.0,11947.0,17451.0,61276.0,14443.0,99807.0,15949.0,48009.0,2948.0,22918.0,26986.0,8753.0,15140.0,16176.0,74605.0,7325.0,28940.0,71724.0,11120.0,16111.0,87046.0,5676.0,58861.0,17305.0,18676.0,4096.0,12073.0,16293.0,7516.0,3534.0,37951.0,15571.0,42759.0,14386.0,4784.0,35378.0,37819.0,20550.0,18582.0,95656.0,27932.0,20920.0,8948.0,23759.0,26246.0,8235.0,12145.0,14711.0,9702.0,33284.0,101809.0,54202.0,88542.0,71950.0
2024-09-06,16859.0,29472.0,42078.0,7485.0,10397.0,20340.0,38441.0,18274.0,8612.0,15009.0,34436.0,14848.0,75168.0,10744.0,30039.0,2457.0,20623.0,26151.0,6697.0,9556.0,12892.0,51141.0,5631.0,22380.0,61345.0,10549.0,12094.0,80040.0,5553.0,51216.0,16917.0,18577.0,4104.0,11801.0,16674.0,7369.0,2739.0,38025.0,15101.0,38389.0,13701.0,4834.0,38244.0,36795.0,19372.0,13372.0,82916.0,24032.0,14710.0,5563.0,20031.0,22160.0,5325.0,10191.0,8993.0,6619.0,33703.0,78867.0,42588.0,77914.0,71112.0
2024-09-09,13107.0,28843.0,39547.0,7723.0,10568.0,20065.0,40282.0,19345.0,9894.0,14625.0,41654.0,12909.0,78153.0,12395.0,38226.0,2551.0,21258.0,26898.0,7795.0,12059.0,13947.0,58639.0,5770.0,22786.0,59192.0,9486.0,13095.0,68790.0,5423.0,50374.0,16416.0,17752.0,3752.0,11156.0,16066.0,6670.0,3072.0,33120.0,11752.0,36964.0,13650.0,4736.0,27600.0,31572.0,17986.0,15581.0,79332.0,26251.0,16151.0,7078.0,17739.0,20438.0,6802.0,10434.0,11157.0,7557.0,29670.0,76907.0,46428.0,68908.0,68691.0
2024-09-10,16633.0,35605.0,46062.0,10182.0,13918.0,26353.0,47021.0,23010.0,13467.0,17965.0,59707.0,14152.0,96743.0,16147.0,49767.0,2979.0,24316.0,27985.0,9634.0,14775.0,18157.0,76340.0,7498.0,30083.0,69850.0,10492.0,15250.0,83194.0,5689.0,58488.0,17974.0,19361.0,4115.0,12472.0,17931.0,7301.0,3504.0,38110.0,14394.0,42848.0,15531.0,4704.0,33014.0,37540.0,20700.0,19013.0,92613.0,29503.0,21248.0,8957.0,22249.0,25145.0,8861.0,11851.0,14509.0,10299.0,31716.0,99182.0,55373.0,89368.0,73897.0
2024-09-11,17653.0,34213.0,46701.0,10173.0,13354.0,26667.0,46556.0,23569.0,12974.0,17791.0,60264.0,14634.0,99857.0,16633.0,49228.0,3156.0,24460.0,28722.0,9144.0,15493.0,17876.0,77282.0,7580.0,30018.0,74408.0,10706.0,16483.0,89152.0,6263.0,60711.0,18309.0,19621.0,4633.0,12939.0,18028.0,7568.0,3580.0,39830.0,15196.0,44920.0,16128.0,5076.0,35436.0,39646.0,21433.0,19934.0,95479.0,31558.0,20667.0,8823.0,23827.0,26864.0,8343.0,12184.0,14240.0,10225.0,32768.0,98900.0,56012.0,88791.0,75453.0
2024-09-12,18131.0,36613.0,49301.0,10383.0,13769.0,29065.0,46613.0,23948.0,13154.0,18730.0,66456.0,15424.0,106473.0,13050.0,50239.0,3398.0,26114.0,28426.0,9980.0,16003.0,17753.0,78979.0,7757.0,31089.0,77763.0,10981.0,17598.0,92406.0,6036.0,62582.0,19014.0,19951.0,4697.0,13592.0,18304.0,7907.0,3603.0,40656.0,15483.0,45729.0,16020.0,5674.0,36863.0,41717.0,22142.0,19120.0,100732.0,29298.0,20603.0,11615.0,23902.0,27210.0,8937.0,12548.0,15357.0,10823.0,35115.0,105603.0,56486.0,94786.0,77656.0
2024-09-13,17303.0,31798.0,43956.0,7620.0,11149.0,21646.0,41871.0,18770.0,9502.0,16566.0,37033.0,15012.0,79583.0,11752.0,30753.0,2733.0,23363.0,27659.0,6898.0,9315.0,13605.0,53714.0,6262.0,24507.0,67887.0,10724.0,12268.0,84958.0,6363.0,54224.0,17905.0,20234.0,5082.0,13224.0,17984.0,7958.0,3242.0,38323.0,15198.0,40687.0,15279.0,5325.0,39781.0,39602.0,20047.0,15906.0,86658.0,28448.0,15247.0,6061.0,21316.0,24216.0,5331.0,10866.0,12051.0,8332.0,31699.0,80860.0,43154.0,80311.0,77273.0
2024-09-16,13707.0,32499.0,40174.0,8341.0,11024.0,21064.0,39660.0,19869.0,10915.0,15428.0,44492.0,13088.0,76444.0,13154.0,38768.0,21253.0,28882.0,,7462.0,12061.0,15239.0,59820.0,6396.0,24377.0,60435.0,9439.0,13358.0,72685.0,5713.0,51774.0,17045.0,17658.0,3864.0,11954.0,15586.0,7106.0,3008.0,32171.0,11761.0,37877.0,14194.0,4982.0,29056.0,33263.0,18832.0,16139.0,81279.0,25450.0,16654.0,6900.0,18995.0,21381.0,6724.0,10500.0,13127.0,9906.0,29340.0,81486.0,47953.0,71737.0,73169.0
2024-09-17,18076.0,37757.0,46871.0,10462.0,13479.0,27602.0,45642.0,23580.0,13440.0,60477.0,17847.0,49657.0,1346.0,25479.0,,,,,9469.0,15826.0,18109.0,72931.0,7767.0,30477.0,71198.0,10541.0,16251.0,86305.0,6031.0,58247.0,18018.0,18783.0,4841.0,13034.0,16889.0,7632.0,3812.0,35990.0,14079.0,109102.0,,,,,,,,,22731.0,9779.0,22559.0,27282.0,8745.0,12240.0,15084.0,11480.0,35004.0,84841.0,20088.0,89101.0,73107.0
2024-09-18,19173.0,38250.0,48221.0,10723.0,13329.0,26766.0,45700.0,23860.0,18294.0,15137.0,98362.0,3328.0,30214.0,,,,,,9035.0,15304.0,18455.0,76067.0,7585.0,30762.0,72807.0,10537.0,16637.0,90038.0,6320.0,61234.0,18667.0,18775.0,4723.0,13513.0,17696.0,8193.0,3770.0,36517.0,46603.0,16318.0,5281.0,34931.0,38605.0,22365.0,19376.0,28808.0,,,20809.0,9034.0,23476.0,27829.0,8605.0,12385.0,15001.0,11718.0,34189.0,101641.0,56658.0,91468.0,76795.0
2024-09-19,17975.0,37637.0,49516.0,10957.0,11083.0,28358.0,48959.0,23855.0,13462.0,19407.0,64128.0,15716.0,107100.0,20339.0,51018.0,3359.0,26648.0,30113.0,9786.0,15909.0,18642.0,79890.0,7220.0,31401.0,76598.0,11483.0,17018.0,94811.0,62479.0,19440.0,20435.0,4927.0,18184.0,8151.0,3844.0,37330.0,,,15847.0,45900.0,16878.0,5957.0,36575.0,41566.0,22582.0,19135.0,101254.0,29072.0,21192.0,9346.0,24200.0,29149.0,8913.0,12423.0,15772.0,13073.0,36727.0,108665.0,58299.0,98601.0,79207.0
2024-09-20,17676.0,34429.0,44385.0,8040.0,11437.0,22234.0,44501.0,19414.0,9568.0,17506.0,36441.0,15622.0,80162.0,12379.0,30674.0,2808.0,24383.0,28454.0,88801.0,,,,,,,,,,6658.0,13770.0,,,,,,,,,16013.0,41310.0,15379.0,5898.0,41286.0,41292.0,20860.0,14511.0,89331.0,27837.0,86528.0,,,,,,,,,,45398.0,84349.0,78734.0
2024-09-23,16385.0,33563.0,43395.0,8613.0,10801.0,21815.0,40234.0,21982.0,10168.0,16962.0,44707.0,13570.0,79342.0,11954.0,38857.0,2718.0,22410.0,31206.0,8438.0,12672.0,17976.0,60799.0,7337.0,26781.0,63517.0,11844.0,14030.0,73225.0,5795.0,53436.0,17550.0,18958.0,3933.0,12042.0,15672.0,7191.0,2842.0,33940.0,11433.0,38272.0,13952.0,4818.0,29347.0,32611.0,18644.0,15181.0,81646.0,23907.0,16559.0,6898.0,18963.0,20783.0,6450.0,11051.0,12433.0,12377.0,31209.0,84157.0,47543.0,73424.0,75306.0
2024-09-24,18841.0,38649.0,49982.0,10956.0,13119.0,27603.0,48859.0,25197.0,13142.0,19399.0,60739.0,14667.0,99541.0,16800.0,49801.0,3329.0,26046.0,30898.0,8997.0,16196.0,21113.0,78647.0,8869.0,33325.0,61107.0,12565.0,17248.0,90386.0,5688.0,63352.0,18851.0,19391.0,4466.0,13029.0,17328.0,7891.0,3720.0,37974.0,14464.0,42962.0,15768.0,5011.0,33609.0,39062.0,21043.0,18315.0,96193.0,27307.0,20052.0,9515.0,22916.0,26277.0,8861.0,13112.0,15495.0,14678.0,34731.0,104280.0,58799.0,92994.0,82365.0
2024-09-25,20221.0,37857.0,53654.0,10994.0,13372.0,29502.0,47356.0,26074.0,13929.0,19509.0,62021.0,15340.0,102246.0,16876.0,51259.0,3396.0,25488.0,30569.0,9374.0,16236.0,20992.0,79564.0,8891.0,34177.0,72078.0,12901.0,17103.0,92787.0,6232.0,63318.0,19173.0,20109.0,4444.0,13919.0,17867.0,8152.0,3876.0,39152.0,15375.0,45667.0,16020.0,5404.0,36083.0,41446.0,22208.0,18132.0,99219.0,27351.0,20614.0,9284.0,24133.0,26211.0,8664.0,13106.0,15555.0,13951.0,37660.0,107087.0,56702.0,91160.0,80105.0
2024-09-26,20934.0,41163.0,50177.0,11695.0,14655.0,29193.0,49983.0,26674.0,14387.0,21208.0,66879.0,15993.0,115850.0,18871.0,54520.0,3332.0,26710.0,30083.0,10163.0,17263.0,24511.0,84902.0,9141.0,36045.0,78477.0,13389.0,18156.0,96296.0,6316.0,65464.0,20156.0,21664.0,4801.0,13871.0,18279.0,8562.0,3750.0,39736.0,17138.0,46506.0,15993.0,5751.0,37181.0,44034.0,25020.0,18906.0,106346.0,29356.0,21484.0,9594.0,27223.0,28376.0,8939.0,12783.0,16510.0,15422.0,37997.0,114620.0,58635.0,96029.0,84315.0
2024-09-27,20074.0,39581.0,48200.0,8705.0,11752.0,24311.0,46256.0,21651.0,10473.0,20002.0,37226.0,16599.0,85932.0,12353.0,31353.0,2747.0,24015.0,27344.0,7283.0,11420.0,17038.0,57375.0,6615.0,29343.0,72105.0,13287.0,13124.0,91554.0,6602.0,56900.0,19566.0,22743.0,4988.0,13547.0,18431.0,8802.0,3317.0,44075.0,17336.0,41553.0,15348.0,5745.0,43545.0,45109.0,22713.0,14395.0,96458.0,26057.0,15935.0,6244.0,24135.0,23754.0,5459.0,11678.0,12932.0,12246.0,34400.0,96697.0,44569.0,88899.0,84389.0
2024-09-30,16505.0,32936.0,44900.0,8701.0,11492.0,22318.0,40440.0,23173.0,10526.0,17376.0,45150.0,13576.0,79775.0,12622.0,39192.0,2602.0,21787.0,28468.0,7996.0,13113.0,19226.0,63902.0,8070.0,28915.0,63769.0,12676.0,13633.0,74442.0,5519.0,53778.0,18220.0,18329.0,3994.0,12128.0,15391.0,7145.0,3058.0,38914.0,12854.0,38206.0,14028.0,4362.0,29024.0,34048.0,19384.0,15435.0,82783.0,23284.0,17239.0,7093.0,20139.0,21166.0,6503.0,11722.0,12957.0,13196.0,31540.0,87661.0,48346.0,71688.0,77605.0
2024-10-01,19772.0,38450.0,51260.0,11057.0,14206.0,29790.0,47358.0,27838.0,17394.0,14386.0,64264.0,15806.0,96560.0,16941.0,53307.0,3000.0,25492.0,30468.0,10165.0,17420.0,23316.0,79288.0,10791.0,37184.0,71938.0,15080.0,18699.0,89677.0,5807.0,62176.0,19445.0,20917.0,4161.0,14166.0,16970.0,7502.0,3817.0,46444.0,16628.0,43665.0,15446.0,5253.0,33026.0,40909.0,21512.0,19115.0,97308.0,26942.0,21472.0,9383.0,24601.0,25346.0,8609.0,13685.0,16720.0,16229.0,38240.0,107645.0,58093.0,91038.0,82694.0
2024-10-02,20106.0,36801.0,50734.0,10311.0,13552.0,28298.0,45741.0,25857.0,13196.0,19094.0,63686.0,15378.0,98923.0,16132.0,46861.0,3234.0,24305.0,30967.0,10144.0,16290.0,22169.0,80936.0,8938.0,34447.0,75391.0,13710.0,17116.0,92223.0,5763.0,61927.0,20002.0,19623.0,4531.0,13859.0,17469.0,8392.0,3778.0,41029.0,15405.0,45587.0,15623.0,5018.0,35208.0,41281.0,21979.0,18763.0,95288.0,28828.0,20221.0,8946.0,23914.0,25881.0,8493.0,13168.0,15833.0,14446.0,36690.0,105734.0,57351.0,89582.0,82425.0
2024-10-03,19666.0,39515.0,52006.0,11275.0,14367.0,31276.0,49741.0,26937.0,13812.0,21314.0,64743.0,15933.0,107860.0,19186.0,51434.0,3284.0,28085.0,31319.0,10067.0,16576.0,23043.0,82367.0,9473.0,36182.0,79731.0,14144.0,17684.0,96985.0,6603.0,64589.0,20637.0,20809.0,4867.0,14175.0,18701.0,8627.0,3777.0,41238.0,16745.0,45528.0,16829.0,5237.0,37326.0,44295.0,23107.0,18799.0,103254.0,29986.0,22282.0,9893.0,25154.0,28470.0,8087.0,13488.0,16454.0,15802.0,37755.0,109713.0,58721.0,98679.0,84847.0
2024-10-04,18889.0,35535.0,48402.0,8461.0,11565.0,24195.0,42948.0,22185.0,10238.0,18710.0,38046.0,16195.0,83753.0,12665.0,32377.0,2818.0,25691.0,29359.0,7708.0,10821.0,18197.0,59147.0,7714.0,29001.0,71511.0,13530.0,13860.0,93791.0,6989.0,57951.0,20102.0,22363.0,5421.0,14173.0,19644.0,9522.0,3572.0,42649.0,17105.0,42461.0,15069.0,5603.0,44241.0,46602.0,21392.0,14977.0,93613.0,29019.0,15583.0,6014.0,23302.0,25708.0,5692.0,12230.0,12152.0,11802.0,34796.0,91723.0,48027.0,87985.0,85999.0
2024-10-07,16186.0,34023.0,43199.0,9221.0,11012.0,22442.0,39826.0,22991.0,11028.0,17909.0,45121.0,13871.0,80548.0,12806.0,40102.0,2878.0,23501.0,29482.0,8701.0,13092.0,19305.0,65499.0,8233.0,28411.0,65339.0,13085.0,13783.0,75379.0,5934.0,54758.0,18815.0,20402.0,4457.0,12608.0,16439.0,7433.0,3440.0,39484.0,13810.0,39314.0,14442.0,5069.0,30104.0,35498.0,10852.0,16199.0,85080.0,28576.0,17504.0,7372.0,20504.0,22590.0,6802.0,11447.0,13540.0,13065.0,30818.0,84126.0,48742.0,72473.0,78817.0
2024-10-08,19375.0,39013.0,49966.0,10806.0,14259.0,28118.0,55363.0,27619.0,13755.0,21307.0,56211.0,15355.0,103538.0,16075.0,52489.0,3790.0,25757.0,31153.0,10633.0,18014.0,23806.0,81157.0,10211.0,35941.0,75183.0,14742.0,18016.0,90747.0,6268.0,62342.0,19953.0,20304.0,6080.0,13840.0,17783.0,7586.0,4148.0,43549.0,15932.0,46847.0,16402.0,5112.0,34830.0,40962.0,21862.0,19917.0,96380.0,32282.0,21370.0,11759.0,24506.0,27027.0,9270.0,13925.0,16902.0,16384.0,36018.0,105062.0,60665.0,94040.0,84665.0
2024-10-09,20152.0,37945.0,52300.0,11225.0,13430.0,28185.0,47268.0,28367.0,13572.0,20367.0,61969.0,16072.0,103728.0,17598.0,50513.0,3253.0,25453.0,30867.0,10104.0,16334.0,22818.0,79472.0,5566.0,34835.0,77544.0,14301.0,16846.0,94707.0,6494.0,63505.0,20149.0,20751.0,4993.0,13740.0,18066.0,8192.0,5949.0,42857.0,15819.0,48591.0,16419.0,5507.0,37196.0,43222.0,22370.0,19174.0,97587.0,31021.0,21237.0,9424.0,25332.0,28162.0,8474.0,13343.0,16289.0,14463.0,36576.0,107992.0,58677.0,93916.0,82868.0
2024-10-10,20621.0,42229.0,53741.0,13003.0,15698.0,30682.0,51815.0,28125.0,15431.0,21260.0,66905.0,16765.0,116232.0,19767.0,51916.0,3476.0,27596.0,30795.0,11118.0,18088.0,25361.0,90614.0,9462.0,36047.0,83062.0,14804.0,18497.0,101356.0,6701.0,66651.0,21465.0,21213.0,5090.0,14129.0,19042.0,8462.0,5502.0,44590.0,17329.0,48816.0,16873.0,5354.0,39387.0,47817.0,23918.0,19986.0,104601.0,31007.0,23033.0,9869.0,28008.0,30529.0,9144.0,14830.0,17471.0,16278.0,38307.0,120435.0,60155.0,93914.0,85588.0
2024-10-11,20618.0,35847.0,49280.0,10168.0,12039.0,24235.0,44600.0,23426.0,10329.0,19837.0,38278.0,16852.0,85988.0,13239.0,32275.0,2803.0,24650.0,30438.0,8354.0,11364.0,18915.0,60900.0,7801.0,29457.0,75179.0,14074.0,13525.0,94585.0,6911.0,60104.0,20595.0,22951.0,5136.0,14500.0,19498.0,9191.0,6012.0,44069.0,17854.0,44707.0,15985.0,6016.0,45779.0,48036.0,22584.0,14931.0,91712.0,28121.0,16145.0,6161.0,24741.0,26367.0,6055.0,11931.0,12607.0,12088.0,35060.0,93792.0,46835.0,89089.0,84380.0
2024-10-14,16365.0,35676.0,45372.0,10401.0,12403.0,22188.0,42167.0,23355.0,11305.0,18062.0,46179.0,13899.0,84834.0,13279.0,40879.0,2750.0,22628.0,28664.0,8413.0,13533.0,20478.0,65566.0,7637.0,30256.0,58699.0,14223.0,14190.0,79689.0,5885.0,57378.0,19285.0,21062.0,4589.0,12507.0,16391.0,8117.0,3755.0,42429.0,14479.0,41655.0,14321.0,4730.0,31283.0,38460.0,19466.0,16240.0,84606.0,28312.0,18002.0,7754.0,21097.0,22597.0,7002.0,9963.0,14304.0,12980.0,28518.0,91252.0,49897.0,77349.0,75562.0
2024-10-15,20262.0,40636.0,50089.0,10579.0,14041.0,28747.0,46877.0,28856.0,11818.0,15175.0,102757.0,18001.0,52579.0,3220.0,26529.0,31192.0,,,9027.0,17532.0,21698.0,78175.0,9952.0,34946.0,76776.0,14123.0,17905.0,93350.0,5731.0,63651.0,20516.0,20519.0,4978.0,13686.0,18290.0,8417.0,4625.0,41814.0,15246.0,46398.0,15535.0,5183.0,40797.0,21908.0,94665.0,32154.0,,,21233.0,9674.0,24903.0,27824.0,8919.0,13066.0,16954.0,15121.0,35827.0,109372.0,60024.0,92447.0,82360.0
2024-10-16,18308.0,38638.0,50367.0,12370.0,13394.0,25567.0,46109.0,26588.0,20258.0,61383.0,50788.0,3448.0,25183.0,30559.0,,,,,18106.0,23805.0,28218.0,61129.0,,,,,,,68805.0,20428.0,4959.0,13699.0,17604.0,8484.0,4379.0,43400.0,,,47269.0,5822.0,35457.0,45205.0,19722.0,,,,,,9648.0,29555.0,35113.0,,,,,,,,58106.0,89665.0,83180.0
2024-10-17,20362.0,39910.0,51630.0,11535.0,14148.0,31370.0,48641.0,26867.0,13970.0,21976.0,65899.0,16021.0,111392.0,17450.0,,,,,10359.0,86229.0,9705.0,36154.0,80758.0,14479.0,17577.0,99777.0,,,6513.0,20863.0,14401.0,,,,,,,,17311.0,16303.0,38300.0,23841.0,18907.0,100353.0,29847.0,,,,21500.0,26119.0,9082.0,12984.0,16365.0,15822.0,37893.0,111817.0,,,58418.0,96542.0,84686.0
2024-10-18,17538.0,35350.0,48710.0,9097.0,11980.0,21366.0,45270.0,24935.0,10282.0,18755.0,37124.0,16690.0,85266.0,13237.0,31791.0,2867.0,24323.0,29214.0,8286.0,11220.0,19720.0,61702.0,1222.0,13938.0,13416.0,93783.0,,,6796.0,59231.0,19847.0,22228.0,5104.0,18997.0,8790.0,3573.0,42091.0,,17806.0,43010.0,14944.0,5452.0,36356.0,47187.0,21984.0,14572.0,91418.0,26450.0,15585.0,6248.0,23261.0,26450.0,5636.0,11342.0,12112.0,11917.0,93704.0,,47328.0,85339.0,81893.0
2024-10-21,15449.0,33020.0,44359.0,8852.0,11219.0,22043.0,41261.0,22653.0,10838.0,18052.0,44107.0,13838.0,80492.0,13800.0,37927.0,2765.0,23716.0,28946.0,8515.0,12671.0,19624.0,63323.0,7862.0,28162.0,65627.0,12806.0,13818.0,77971.0,6147.0,54290.0,17843.0,21165.0,4731.0,12720.0,16078.0,7505.0,3149.0,41001.0,15513.0,39633.0,14292.0,4846.0,33245.0,38429.0,18640.0,15503.0,81317.0,29400.0,18179.0,7655.0,20787.0,23178.0,5754.0,10593.0,12800.0,12482.0,31117.0,86346.0,48466.0,74837.0,76633.0
2024-10-22,20398.0,37908.0,47863.0,10901.0,13410.0,28185.0,46353.0,26509.0,13282.0,20446.0,60360.0,15773.0,99710.0,17628.0,50293.0,3385.0,26656.0,32160.0,9528.0,16009.0,22587.0,78228.0,9043.0,34383.0,75644.0,14043.0,16906.0,90535.0,5992.0,60884.0,18897.0,21046.0,4934.0,13399.0,17737.0,8118.0,3708.0,41711.0,17325.0,44628.0,15221.0,5438.0,36722.0,42970.0,21003.0,18165.0,95162.0,31923.0,20700.0,9034.0,24265.0,27718.0,8303.0,12085.0,15899.0,14407.0,37221.0,106368.0,56762.0,91139.0,83080.0
2024-10-23,19761.0,39439.0,50029.0,11027.0,11038.0,28277.0,47191.0,26820.0,13091.0,19942.0,59297.0,15840.0,101240.0,17330.0,48242.0,3181.0,25348.0,30837.0,9807.0,16745.0,22409.0,78046.0,9164.0,31434.0,75650.0,12932.0,16245.0,97779.0,6170.0,64410.0,18745.0,20382.0,4816.0,13726.0,17694.0,8315.0,2760.0,39803.0,16805.0,47158.0,16083.0,5109.0,40578.0,39215.0,21726.0,18509.0,95549.0,31533.0,20762.0,8999.0,24010.0,29897.0,8107.0,11928.0,15514.0,14545.0,35804.0,110328.0,58711.0,93073.0,82302.0
2024-10-24,17805.0,39903.0,53257.0,11626.0,13614.0,25491.0,48240.0,26988.0,15048.0,19070.0,60750.0,16197.0,113992.0,18881.0,49737.0,3769.0,27317.0,32341.0,9808.0,16821.0,22851.0,86124.0,8943.0,36295.0,79985.0,13780.0,17367.0,100924.0,6035.0,66531.0,19388.0,21624.0,5162.0,14306.0,18116.0,8784.0,3531.0,40688.0,17948.0,46587.0,15718.0,5488.0,39888.0,44645.0,21860.0,17814.0,102689.0,30953.0,21101.0,9440.0,25767.0,29372.0,8231.0,12222.0,16527.0,14652.0,39296.0,117012.0,59308.0,96171.0,87010.0
2024-10-25,19353.0,34423.0,50033.0,8574.0,12462.0,23957.0,45865.0,21959.0,10092.0,19036.0,36627.0,16661.0,87721.0,11919.0,31305.0,2790.0,23841.0,29583.0,7901.0,11094.0,19265.0,60657.0,6984.0,29910.0,73420.0,13706.0,13350.0,95495.0,6262.0,58174.0,19183.0,23550.0,5053.0,14221.0,17985.0,8777.0,3206.0,46164.0,18839.0,41841.0,16357.0,4899.0,46435.0,46178.0,20254.0,13891.0,91756.0,25388.0,16568.0,5974.0,23974.0,25441.0,5302.0,10970.0,13119.0,11678.0,33850.0,95864.0,45512.0,88844.0,85262.0
2024-10-28,14997.0,34157.0,45129.0,8435.0,11898.0,23140.0,44742.0,22375.0,10579.0,19044.0,37585.0,14024.0,85289.0,16020.0,40033.0,3212.0,29168.0,28564.0,8579.0,12383.0,19703.0,61902.0,7673.0,28528.0,73157.0,14070.0,14532.0,88429.0,6272.0,59962.0,20657.0,26582.0,4488.0,14242.0,16777.0,7987.0,3126.0,43097.0,18352.0,41596.0,16055.0,5072.0,42604.0,43382.0,19425.0,15932.0,90151.0,33704.0,18780.0,8251.0,24541.0,25539.0,7881.0,10450.0,13587.0,9699.0,23408.0,92421.0,47666.0,77943.0,80978.0
2024-10-29,17427.0,38767.0,48826.0,9899.0,13555.0,28891.0,48157.0,25828.0,12956.0,21341.0,47497.0,15478.0,103567.0,19668.0,51257.0,3597.0,31621.0,30264.0,9512.0,15873.0,21572.0,76327.0,9121.0,32994.0,81754.0,14707.0,17050.0,102724.0,6420.0,66058.0,21029.0,25569.0,4947.0,14668.0,18507.0,8377.0,3546.0,48099.0,19700.0,45555.0,17032.0,5689.0,45267.0,44853.0,21260.0,17882.0,99158.0,35775.0,21729.0,10804.0,26971.0,30405.0,10035.0,11907.0,16304.0,11968.0,32618.0,105067.0,56950.0,98157.0,85438.0
2024-10-30,18389.0,38063.0,50676.0,10301.0,14385.0,29374.0,50182.0,25855.0,12631.0,21617.0,56785.0,15607.0,107315.0,19358.0,49519.0,3503.0,30322.0,29748.0,9325.0,15284.0,21224.0,76798.0,8933.0,33620.0,78839.0,14515.0,16276.0,105622.0,6473.0,69446.0,20796.0,26086.0,4892.0,15026.0,18828.0,9040.0,3628.0,47119.0,20714.0,48938.0,17871.0,5996.0,48307.0,47641.0,22635.0,18982.0,104536.0,36181.0,21811.0,8894.0,28752.0,31167.0,8588.0,11981.0,16283.0,11680.0,37219.0,106660.0,56803.0,97773.0,87381.0
2024-10-31,19460.0,36883.0,50364.0,9492.0,13477.0,30605.0,48310.0,25398.0,12529.0,22323.0,57371.0,16067.0,104988.0,18999.0,47469.0,3345.0,29497.0,29389.0,9012.0,15888.0,20232.0,78005.0,9143.0,34194.0,82158.0,14309.0,16118.0,107637.0,6492.0,65931.0,21114.0,25357.0,5262.0,14218.0,19896.0,9135.0,3596.0,49437.0,20374.0,45074.0,18375.0,5577.0,48117.0,47719.0,22518.0,17189.0,106234.0,33279.0,21895.0,8737.0,27064.0,30212.0,8588.0,12296.0,15472.0,12247.0,36301.0,106117.0,54780.0,97613.0,85462.0
2024-11-01,19207.0,34447.0,52586.0,7098.0,13010.0,24787.0,47417.0,21179.0,9442.0,20094.0,35606.0,17432.0,87034.0,13321.0,32569.0,2888.0,28626.0,28063.0,7104.0,10968.0,17439.0,56892.0,7317.0,29127.0,79318.0,14169.0,13052.0,101826.0,6768.0,62499.0,20766.0,27920.0,5208.0,15355.0,19877.0,9038.0,3191.0,48292.0,20686.0,46681.0,17075.0,5888.0,52043.0,47400.0,21589.0,13659.0,95262.0,29869.0,16568.0,5962.0,26521.0,28934.0,5996.0,10697.0,12592.0,7524.0,35871.0,98345.0,45472.0,89888.0,86589.0
2024-11-04,14953.0,31816.0,42063.0,8231.0,11535.0,22050.0,39759.0,20718.0,10173.0,16180.0,45313.0,13932.0,79876.0,11899.0,42005.0,2594.0,18612.0,28306.0,8454.0,12759.0,15049.0,61864.0,6742.0,26244.0,63181.0,10587.0,13221.0,73395.0,4212.0,55095.0,16889.0,18581.0,3850.0,11850.0,15084.0,7074.0,2996.0,37990.0,13371.0,37832.0,13415.0,4280.0,29923.0,28846.0,18859.0,13386.0,78833.0,24357.0,15817.0,7032.0,19823.0,21105.0,6311.0,10910.0,12517.0,11475.0,31352.0,85047.0,49265.0,71883.0,78667.0
2024-11-05,17755.0,35561.0,44745.0,10100.0,11870.0,25675.0,43105.0,23513.0,11863.0,18325.0,59797.0,14830.0,95210.0,15546.0,51453.0,3838.0,20633.0,30131.0,9635.0,16266.0,17989.0,77389.0,7815.0,31206.0,71911.0,11635.0,15603.0,87698.0,4652.0,62236.0,17677.0,18068.0,3876.0,12988.0,16148.0,6922.0,3536.0,37454.0,13827.0,42584.0,15421.0,4359.0,30970.0,32096.0,21099.0,17596.0,85883.0,26305.0,19409.0,8923.0,22245.0,24190.0,8146.0,13039.0,15701.0,13142.0,34610.0,99258.0,56132.0,83991.0,78626.0
2024-11-06,19075.0,35981.0,50238.0,8863.0,12094.0,27840.0,41728.0,25531.0,9921.0,18633.0,62656.0,15315.0,100900.0,16287.0,52852.0,3777.0,20738.0,30475.0,8682.0,17052.0,15594.0,79571.0,8156.0,32577.0,74722.0,11221.0,16125.0,93216.0,4072.0,65458.0,18277.0,18879.0,4191.0,13672.0,17650.0,8381.0,3563.0,37255.0,14626.0,46336.0,14308.0,5056.0,34936.0,35928.0,21531.0,17293.0,93829.0,26944.0,19979.0,8714.0,23891.0,25501.0,8117.0,12922.0,16172.0,13325.0,35651.0,103330.0,57042.0,92432.0,78917.0
2024-11-07,18315.0,34271.0,45166.0,9544.0,11985.0,28001.0,44198.0,22702.0,11718.0,18954.0,58082.0,15346.0,99545.0,15851.0,49451.0,3330.0,21371.0,28637.0,9358.0,15806.0,16070.0,77996.0,7597.0,30938.0,76043.0,11109.0,15073.0,92417.0,5093.0,63855.0,18266.0,19876.0,4084.0,13522.0,17235.0,7732.0,3480.0,38262.0,14939.0,46707.0,15153.0,4784.0,36234.0,38131.0,21664.0,17132.0,89900.0,24193.0,19463.0,8389.0,23623.0,25964.0,7916.0,11852.0,15076.0,13704.0,34183.0,96841.0,51831.0,87333.0,77212.0
2024-11-08,19629.0,33445.0,49321.0,7616.0,12367.0,24143.0,44108.0,20553.0,10300.0,17506.0,38462.0,16493.0,86767.0,12234.0,35435.0,2632.0,20996.0,28842.0,7281.0,11363.0,14494.0,58585.0,6365.0,27441.0,76764.0,12144.0,12658.0,94180.0,4978.0,61729.0,18884.0,24314.0,4728.0,14512.0,18763.0,8805.0,3431.0,40817.0,17324.0,44436.0,15396.0,5428.0,44793.0,42519.0,21398.0,13281.0,91225.0,25846.0,13889.0,5866.0,24257.0,24861.0,5250.0,11390.0,12029.0,10522.0,36713.0,91395.0,45241.0,86340.0,82893.0
2024-11-11,16562.0,33959.0,44275.0,9036.0,11583.0,22677.0,40898.0,22591.0,10430.0,18159.0,45593.0,13788.0,82703.0,13333.0,43440.0,2446.0,22443.0,28713.0,8902.0,12652.0,18382.0,66235.0,7732.0,28492.0,68387.0,12803.0,13551.0,77952.0,5741.0,58084.0,18659.0,22310.0,4120.0,12768.0,16834.0,7330.0,3217.0,39325.0,14414.0,41396.0,15117.0,5000.0,32155.0,34136.0,19840.0,16418.0,82538.0,29871.0,16947.0,7702.0,21451.0,23441.0,7015.0,11391.0,13227.0,12414.0,30990.0,87556.0,49979.0,75511.0,78584.0
2024-11-12,19431.0,37105.0,48692.0,10816.0,15081.0,28683.0,43439.0,24053.0,12627.0,19035.0,63011.0,15470.0,102041.0,17294.0,53258.0,2888.0,22343.0,30666.0,9687.0,79669.0,10147.0,34970.0,77450.0,13569.0,92268.0,,,,5229.0,64051.0,18695.0,14191.0,7846.0,41681.0,,,,,17068.0,47108.0,15404.0,5585.0,36356.0,38018.0,22371.0,18345.0,91387.0,29169.0,20436.0,9134.0,25787.0,26359.0,8572.0,12662.0,16215.0,14213.0,105323.0,,58388.0,91603.0,82045.0
2024-11-13,20701.0,38007.0,53667.0,10807.0,14712.0,29114.0,46263.0,22062.0,16093.0,,,,,,,,,,16722.0,21481.0,16690.0,,,,,,,,21416.0,4241.0,17488.0,3838.0,,,,,,,17455.0,16158.0,5476.0,40791.0,40232.0,19074.0,30206.0,,,,31998.0,,,,,,,,,,59256.0,94426.0,83025.0
2024-11-14,21615.0,39992.0,53803.0,11585.0,15349.0,32151.0,48425.0,25103.0,13328.0,21127.0,68557.0,115247.0,19208.0,56627.0,3171.0,24376.0,31198.0,,10317.0,18052.0,22070.0,88751.0,9774.0,37480.0,86910.0,13851.0,17840.0,104985.0,5689.0,71522.0,20514.0,22558.0,4615.0,15061.0,18721.0,8372.0,3885.0,43689.0,51493.0,16698.0,23062.0,102748.0,,,,,,,21769.0,9830.0,30334.0,31807.0,9193.0,13364.0,16847.0,15174.0,38401.0,116743.0,60386.0,105050.0,84901.0
2024-11-15,21201.0,34588.0,50820.0,8667.0,13286.0,24708.0,44037.0,21732.0,10288.0,18567.0,39371.0,17085.0,92244.0,12936.0,36701.0,2709.0,22585.0,29384.0,7838.0,11686.0,17149.0,63458.0,7788.0,31292.0,82461.0,13884.0,13130.0,101280.0,5882.0,66069.0,19714.0,25898.0,4650.0,15413.0,19666.0,9169.0,3389.0,44351.0,21207.0,47742.0,6227.0,51466.0,47102.0,22287.0,14066.0,92745.0,26357.0,,15244.0,5922.0,28667.0,27090.0,5616.0,11579.0,12339.0,11727.0,36327.0,96867.0,47388.0,91971.0,85677.0
2024-11-18,7150.0,32462.0,43796.0,8942.0,12296.0,24212.0,42399.0,22929.0,10756.0,18032.0,39396.0,14053.0,85288.0,12175.0,44232.0,2901.0,20592.0,28094.0,8865.0,13541.0,18979.0,66279.0,8345.0,30634.0,68796.0,13716.0,15149.0,79735.0,5365.0,58304.0,17615.0,22975.0,4046.0,13464.0,16321.0,7672.0,3116.0,39105.0,16774.0,41082.0,14601.0,4862.0,34561.0,36184.0,19878.0,15635.0,80473.0,25529.0,17467.0,9201.0,23112.0,21933.0,7697.0,11277.0,13272.0,13661.0,31307.0,86305.0,49628.0,76075.0,78124.0
2024-11-19,19467.0,37248.0,50811.0,11067.0,15842.0,29291.0,48661.0,27150.0,12977.0,20325.0,64165.0,15511.0,106183.0,18042.0,55149.0,2714.0,21941.0,29535.0,10256.0,17731.0,21890.0,83356.0,9722.0,36878.0,78377.0,14925.0,16988.0,96108.0,5648.0,65787.0,18790.0,22773.0,4159.0,14540.0,17420.0,7926.0,3887.0,41237.0,17757.0,46502.0,15790.0,5481.0,38991.0,40067.0,21728.0,19965.0,97790.0,35397.0,21845.0,9847.0,29985.0,28902.0,8589.0,14457.0,16039.0,15521.0,36343.0,110535.0,55311.0,93301.0,81661.0
2024-11-20,21807.0,36457.0,52423.0,10529.0,14968.0,29584.0,42850.0,26288.0,12587.0,19853.0,65689.0,16225.0,109541.0,17794.0,53931.0,2836.0,23083.0,30039.0,9750.0,17380.0,20544.0,82771.0,8809.0,36999.0,82291.0,13809.0,17491.0,99926.0,5936.0,70635.0,19439.0,23621.0,4591.0,16365.0,18377.0,8514.0,3740.0,39633.0,18349.0,51129.0,16374.0,6151.0,40755.0,41795.0,23317.0,18730.0,98055.0,30766.0,21352.0,9351.0,27817.0,28615.0,8567.0,12853.0,16604.0,14788.0,37983.0,114096.0,52075.0,94343.0,85718.0
2024-11-21,22024.0,39203.0,54594.0,11289.0,15945.0,32989.0,50598.0,27196.0,13131.0,21427.0,68115.0,16774.0,118007.0,19149.0,57254.0,2900.0,24088.0,29488.0,10469.0,18416.0,22564.0,87712.0,10050.0,40022.0,89174.0,15596.0,18623.0,107075.0,5677.0,73937.0,20125.0,25696.0,4782.0,20769.0,18779.0,9379.0,3758.0,40114.0,20889.0,51562.0,17054.0,11006.0,43963.0,45849.0,24499.0,18872.0,106243.0,29331.0,21769.0,9693.0,29397.0,30022.0,9167.0,13682.0,17129.0,15407.0,41100.0,116682.0,57283.0,101529.0,87585.0
2024-11-22,20548.0,34975.0,53315.0,8953.0,13904.0,25520.0,48980.0,22180.0,9750.0,19525.0,40703.0,17534.0,101121.0,14603.0,37013.0,2624.0,24272.0,29379.0,7816.0,12405.0,17766.0,61418.0,8173.0,31781.0,87415.0,15434.0,13863.0,103494.0,6397.0,71474.0,20336.0,29958.0,5451.0,24649.0,20776.0,9263.0,3509.0,42768.0,23046.0,49631.0,16793.0,15185.0,52831.0,48880.0,23155.0,14720.0,95553.0,26841.0,16410.0,6239.0,28937.0,27996.0,5776.0,12390.0,10408.0,12170.0,36911.0,100733.0,41331.0,91332.0,87504.0
2024-11-25,15994.0,33293.0,38877.0,8946.0,12112.0,22679.0,39974.0,22677.0,10233.0,18043.0,45980.0,14136.0,82102.0,13584.0,40946.0,2701.0,22064.0,29155.0,8257.0,13404.0,17703.0,64762.0,7862.0,28932.0,72561.0,12848.0,13966.0,80677.0,5848.0,64726.0,19185.0,24470.0,4311.0,20039.0,17573.0,7915.0,3070.0,38461.0,16468.0,43141.0,15223.0,11047.0,34815.0,36091.0,20629.0,15914.0,84648.0,28045.0,16724.0,7608.0,22617.0,23519.0,6791.0,11648.0,13052.0,12449.0,32539.0,86326.0,49219.0,77713.0,79591.0
2024-11-26,19455.0,39320.0,47237.0,11581.0,14679.0,29352.0,97448.0,27032.0,13041.0,21438.0,69791.0,15947.0,113644.0,18763.0,53938.0,4130.0,24874.0,26991.0,14110.0,21232.0,22106.0,70572.0,9967.0,38131.0,95057.0,14999.0,19262.0,74178.0,5773.0,58563.0,20074.0,25661.0,8232.0,21826.0,19473.0,8726.0,3902.0,42945.0,19086.0,52458.0,16482.0,10699.0,40007.0,44629.0,23704.0,19517.0,99488.0,31857.0,22680.0,11744.0,27431.0,29681.0,8578.0,13816.0,16620.0,14949.0,37010.0,105836.0,70500.0,104187.0,89440.0
2024-11-27,22362.0,40458.0,49257.0,10926.0,14795.0,30593.0,55083.0,27131.0,13634.0,20840.0,68555.0,17504.0,114339.0,18265.0,53317.0,3377.0,22813.0,27990.0,10826.0,20382.0,21678.0,70025.0,9652.0,37891.0,86543.0,15674.0,19089.0,94593.0,5023.0,69719.0,20159.0,25935.0,9878.0,21365.0,19638.0,10504.0,3817.0,42413.0,18665.0,55285.0,15274.0,9474.0,41732.0,43488.0,24467.0,18763.0,113355.0,30734.0,20262.0,10460.0,29217.0,29556.0,8686.0,13677.0,17059.0,14579.0,38402.0,115781.0,62013.0,104257.0,87531.0
2024-11-28,23080.0,41541.0,55441.0,11921.0,17093.0,33410.0,52982.0,28520.0,13711.0,22335.0,67989.0,16991.0,123929.0,19976.0,57002.0,3062.0,25653.0,30578.0,10424.0,18961.0,21972.0,87040.0,10420.0,38628.0,96839.0,15331.0,19359.0,113368.0,6578.0,80479.0,21842.0,28560.0,5455.0,23703.0,20671.0,9536.0,3882.0,43726.0,21435.0,59497.0,18332.0,12511.0,47722.0,49534.0,25576.0,20263.0,111087.0,31863.0,21861.0,10266.0,33252.0,33692.0,9750.0,14227.0,17538.0,16156.0,39526.0,119143.0,60935.0,110509.0,92485.0
2024-11-29,19929.0,37812.0,54399.0,9026.0,15741.0,26969.0,51259.0,23414.0,10814.0,19641.0,42222.0,18589.0,101100.0,14837.0,37328.0,2558.0,25740.0,29392.0,7656.0,12839.0,18256.0,63495.0,8356.0,35367.0,100882.0,15459.0,15358.0,118612.0,7070.0,90309.0,22431.0,35083.0,5805.0,27744.0,21891.0,10200.0,3629.0,48431.0,25044.0,62796.0,18541.0,16171.0,58744.0,58657.0,26101.0,16197.0,103500.0,32479.0,17554.0,6536.0,31623.0,31734.0,6229.0,13293.0,13919.0,12403.0,38615.0,107639.0,50628.0,103720.0,102431.0
2024-12-02,16475.0,34160.0,45917.0,9089.0,12656.0,23798.0,44533.0,23267.0,11096.0,18588.0,48429.0,14902.0,90603.0,14165.0,44209.0,2597.0,22768.0,28939.0,9501.0,13734.0,18706.0,66362.0,8265.0,30407.0,80061.0,13668.0,14364.0,85388.0,6018.0,69097.0,19329.0,29405.0,4002.0,21002.0,18382.0,8410.0,3338.0,40223.0,19078.0,47534.0,15371.0,11401.0,37967.0,40532.0,22412.0,16347.0,89153.0,29635.0,17758.0,7708.0,24560.0,24914.0,7255.0,11592.0,13903.0,12731.0,32808.0,89958.0,51167.0,82821.0,82898.0
2024-12-03,20779.0,39111.0,52177.0,10893.0,15325.0,30452.0,49761.0,27032.0,13426.0,20765.0,68138.0,16044.0,112188.0,19073.0,56005.0,2911.0,24917.0,31053.0,10497.0,18439.0,21904.0,83804.0,10080.0,37429.0,85005.0,14579.0,18463.0,102360.0,5978.0,75935.0,20582.0,27264.0,4697.0,21655.0,19936.0,8710.0,3789.0,42673.0,19473.0,53812.0,16966.0,11378.0,41679.0,44505.0,24660.0,19233.0,103295.0,31407.0,21804.0,10506.0,28687.0,29980.0,9306.0,13407.0,16652.0,15110.0,37896.0,111644.0,61137.0,99739.0,88668.0
2024-12-04,22975.0,38434.0,56655.0,11128.0,15936.0,29651.0,52916.0,27490.0,13357.0,20734.0,68667.0,16850.0,117289.0,19536.0,57439.0,3014.0,25022.0,30973.0,10165.0,18865.0,21558.0,86682.0,9778.0,37590.0,91308.0,15018.0,19465.0,108264.0,6510.0,78090.0,20592.0,28539.0,5396.0,23447.0,20344.0,9245.0,4122.0,44645.0,21608.0,56776.0,17230.0,12672.0,46077.0,48678.0,25645.0,19560.0,110510.0,31979.0,21899.0,9926.0,30909.0,32323.0,9799.0,13385.0,16890.0,15464.0,39459.0,116617.0,60385.0,103300.0,86736.0
2024-12-05,24421.0,41048.0,61299.0,11915.0,17636.0,35511.0,57171.0,28403.0,14120.0,23268.0,72293.0,17573.0,127680.0,21993.0,58453.0,3316.0,27264.0,30684.0,10711.0,20741.0,22579.0,89701.0,10762.0,41887.0,90941.0,15685.0,20819.0,114544.0,6679.0,81160.0,22597.0,30215.0,5450.0,24661.0,21385.0,9543.0,4024.0,47626.0,21900.0,57955.0,18402.0,12528.0,49262.0,52099.0,26483.0,20300.0,117916.0,30085.0,23915.0,10490.0,35066.0,34217.0,10038.0,14077.0,17788.0,16309.0,42056.0,127996.0,61968.0,111803.0,89432.0
2024-12-06,22451.0,36096.0,58571.0,9651.0,14253.0,27572.0,52540.0,22929.0,10348.0,21472.0,45783.0,19609.0,108494.0,15051.0,37718.0,2816.0,26992.0,29477.0,8332.0,13738.0,18066.0,65456.0,8503.0,36580.0,94331.0,15410.0,15739.0,114504.0,7094.0,83156.0,21868.0,35771.0,6367.0,29355.0,23218.0,10169.0,3710.0,48249.0,25819.0,58431.0,18318.0,17312.0,61574.0,57771.0,25830.0,15474.0,107776.0,31529.0,17640.0,6961.0,33444.0,32809.0,6349.0,14010.0,12350.0,13267.0,39940.0,109833.0,50837.0,106280.0,93409.0
2024-12-09,17950.0,33059.0,45890.0,8995.0,13096.0,24004.0,44242.0,23121.0,10777.0,19379.0,50986.0,15421.0,89185.0,15578.0,42047.0,2720.0,23570.0,29044.0,8573.0,14379.0,17793.0,66876.0,8273.0,30968.0,82515.0,14303.0,15681.0,91601.0,69919.0,19371.0,29120.0,4657.0,19572.0,8607.0,3251.0,43770.0,,,19142.0,50038.0,15899.0,11049.0,39852.0,41030.0,22713.0,16555.0,93381.0,30929.0,18002.0,7736.0,25867.0,26173.0,7478.0,11637.0,14528.0,10983.0,33375.0,91590.0,52555.0,86929.0,96272.0
2024-12-10,23132.0,37412.0,54498.0,10806.0,15792.0,31203.0,49600.0,27667.0,13383.0,20025.0,67697.0,16377.0,111092.0,19417.0,54000.0,3009.0,24842.0,31144.0,10098.0,21559.0,9056.0,37373.0,94189.0,19096.0,,,,,6067.0,20468.0,21735.0,,,,,,,,19176.0,56923.0,17099.0,10752.0,44339.0,46618.0,25488.0,18951.0,105890.0,32011.0,21953.0,10156.0,9333.0,17125.0,,,,,,,60566.0,102026.0,86342.0
2024-12-11,22705.0,37685.0,57453.0,10857.0,16422.0,31976.0,53718.0,27650.0,13063.0,20181.0,66700.0,17300.0,115034.0,19237.0,53412.0,2971.0,23997.0,31409.0,19002.0,84726.0,14709.0,114802.0,,,,,,,6705.0,81912.0,26162.0,5589.0,22813.0,20483.0,9136.0,3951.0,42036.0,,18902.0,60879.0,17347.0,10934.0,46829.0,47884.0,26168.0,20454.0,113921.0,33565.0,32053.0,33711.0,14258.0,13616.0,40503.0,121230.0,,,,,60139.0,104776.0,86646.0
2024-12-12,22777.0,35351.0,58965.0,11653.0,10744.0,34167.0,54002.0,28035.0,13946.0,21952.0,61272.0,17326.0,125830.0,20523.0,55733.0,3272.0,31004.0,,10475.0,19463.0,22358.0,91398.0,9998.0,39635.0,97807.0,15178.0,23075.0,118120.0,6677.0,81368.0,21131.0,28554.0,5150.0,22978.0,20831.0,9620.0,3968.0,43824.0,21000.0,57524.0,17775.0,11988.0,50728.0,19256.0,114983.0,,,,22515.0,10918.0,34084.0,33904.0,10114.0,13980.0,17745.0,13966.0,42192.0,125913.0,60505.0,108145.0,90617.0
2024-12-13,21343.0,33630.0,57895.0,8899.0,14582.0,26657.0,50177.0,22906.0,19480.0,19033.0,2512.0,23830.0,,,,,,,7972.0,13173.0,17061.0,65240.0,8034.0,34381.0,96063.0,14839.0,14929.0,111553.0,7012.0,78027.0,20720.0,31230.0,5624.0,26161.0,21907.0,9840.0,3478.0,42959.0,22729.0,53495.0,24944.0,104620.0,27168.0,,,,,,16409.0,6498.0,33294.0,30577.0,5967.0,12021.0,11942.0,10563.0,39115.0,104205.0,47323.0,99496.0,87527.0
2024-12-16,15439.0,29036.0,43486.0,7897.0,12398.0,22248.0,40535.0,20041.0,9815.0,16881.0,46383.0,14655.0,84551.0,13862.0,37985.0,2354.0,21509.0,28060.0,7432.0,12932.0,13610.0,61058.0,6626.0,26670.0,81979.0,10998.0,13970.0,89555.0,5689.0,75513.0,16559.0,27154.0,3888.0,21821.0,17923.0,7943.0,2966.0,36298.0,18870.0,48615.0,14972.0,11758.0,40319.0,41274.0,22247.0,14312.0,86352.0,27115.0,16201.0,7171.0,24919.0,26206.0,6373.0,10464.0,12737.0,9115.0,31614.0,84103.0,45180.0,80761.0,78056.0
2024-12-17,18699.0,32685.0,47948.0,8748.0,15271.0,26750.0,44244.0,23376.0,12340.0,15896.0,61950.0,15766.0,101937.0,17212.0,47010.0,2688.0,22196.0,30322.0,7743.0,16555.0,15085.0,76093.0,7915.0,30438.0,94310.0,11425.0,17320.0,104018.0,5535.0,80351.0,16462.0,26360.0,4108.0,21794.0,19112.0,8125.0,3484.0,36423.0,20048.0,52532.0,15855.0,10768.0,44254.0,45283.0,23637.0,16298.0,99085.0,28295.0,17966.0,8679.0,29255.0,29425.0,7743.0,11852.0,14895.0,9743.0,36013.0,102224.0,51118.0,93426.0,81789.0
2024-12-18,20751.0,32624.0,47673.0,8891.0,14579.0,26447.0,44363.0,22200.0,11081.0,17487.0,56450.0,15999.0,100620.0,16051.0,44567.0,2486.0,21577.0,28750.0,8459.0,14951.0,15224.0,72190.0,7493.0,30815.0,86011.0,11769.0,15869.0,104142.0,5633.0,79909.0,16351.0,25905.0,4021.0,20245.0,18481.0,7986.0,3378.0,37862.0,20642.0,53237.0,16363.0,10416.0,45688.0,45686.0,24521.0,16291.0,103092.0,27446.0,17901.0,8341.0,29859.0,29825.0,7592.0,11903.0,14710.0,9635.0,37155.0,104379.0,49971.0,95008.0,83649.0
2024-12-19,19843.0,31203.0,47207.0,9172.0,14629.0,26327.0,45745.0,21541.0,10908.0,17595.0,54234.0,15932.0,105792.0,16470.0,42950.0,2491.0,22923.0,28049.0,8111.0,14880.0,14305.0,70118.0,7472.0,31083.0,86675.0,10912.0,15700.0,107719.0,5809.0,82229.0,16552.0,25284.0,3933.0,20538.0,18315.0,8258.0,3337.0,35909.0,17850.0,54495.0,16252.0,8424.0,49218.0,45731.0,24905.0,14711.0,103128.0,25440.0,17607.0,7734.0,31087.0,31620.0,7092.0,11012.0,14212.0,9670.0,37309.0,105227.0,48701.0,96982.0,85064.0
2024-12-20,16517.0,27149.0,43886.0,6871.0,12744.0,20438.0,39979.0,17285.0,7882.0,15619.0,33258.0,15895.0,85374.0,11582.0,26960.0,2065.0,20681.0,26725.0,5866.0,9698.0,11099.0,52094.0,5905.0,25805.0,88285.0,10496.0,11983.0,102797.0,5581.0,79172.0,15568.0,29290.0,2500.0,23140.0,17972.0,8418.0,2802.0,35870.0,22280.0,49875.0,15453.0,13370.0,53508.0,50043.0,22162.0,10861.0,91610.0,24291.0,12844.0,5141.0,29207.0,27429.0,4463.0,9711.0,10577.0,7230.0,32872.0,88425.0,41157.0,87839.0,87232.0
2024-12-23,11047.0,22607.0,38631.0,4864.0,10342.0,13257.0,36850.0,13295.0,6852.0,13195.0,23358.0,11484.0,62762.0,11392.0,19299.0,3456.0,24716.0,22845.0,4595.0,6487.0,9555.0,33363.0,4253.0,19417.0,90130.0,9049.0,11062.0,91011.0,5479.0,85226.0,13809.0,34834.0,3562.0,12873.0,15026.0,7336.0,2017.0,34634.0,23732.0,43159.0,13202.0,16245.0,51287.0,49343.0,18505.0,9183.0,78921.0,26565.0,9362.0,3861.0,27183.0,25693.0,3879.0,6573.0,8461.0,4645.0,23033.0,65001.0,34081.0,76805.0,82745.0
2025-01-02,12291.0,25095.0,29952.0,5341.0,10362.0,15199.0,37661.0,14082.0,7516.0,28889.0,59221.0,14273.0,21302.0,2399.0,28221.0,,,,5028.0,7329.0,9397.0,38568.0,4806.0,72602.0,11300.0,,,,6077.0,28639.0,3710.0,22152.0,,,,,,,12815.0,46506.0,32753.0,,,,,,,,12701.0,4310.0,25065.0,5040.0,5796.0,66791.0,,,,,32573.0,67145.0,70459.0
2025-01-03,12838.0,25813.0,36385.0,5238.0,11825.0,15602.0,36082.0,14426.0,15287.0,12373.0,21737.0,,,,,,,,21663.0,10678.0,85588.0,,,,,,,,57118.0,14315.0,17643.0,7893.0,2399.0,36683.0,,,,,20152.0,37866.0,13460.0,49605.0,16161.0,12264.0,74780.0,,,,25819.0,7509.0,8777.0,22899.0,,,,,,,32630.0,68170.0,70567.0
2025-01-06,13391.0,23172.0,33012.0,6866.0,10059.0,18874.0,31391.0,18575.0,8209.0,12946.0,40450.0,12396.0,70147.0,10438.0,36241.0,1887.0,14604.0,25167.0,6828.0,11775.0,12052.0,54298.0,6400.0,21719.0,55877.0,8760.0,11019.0,65512.0,4354.0,47658.0,13922.0,17236.0,2769.0,10120.0,13107.0,6164.0,2570.0,32878.0,10264.0,32399.0,12244.0,3224.0,26217.0,25255.0,15365.0,11871.0,70652.0,21142.0,14554.0,6427.0,18566.0,18457.0,5691.0,9007.0,10822.0,7408.0,26881.0,67959.0,41657.0,60999.0,66682.0
2025-01-07,17222.0,27912.0,38585.0,8605.0,12158.0,23969.0,35893.0,22591.0,10666.0,15070.0,55567.0,13794.0,85460.0,13957.0,47357.0,2291.0,16666.0,27315.0,7692.0,15065.0,14642.0,67751.0,7437.0,24652.0,61934.0,9741.0,13551.0,77729.0,3988.0,53914.0,14785.0,17158.0,2936.0,10781.0,14455.0,5839.0,3023.0,32014.0,12150.0,37028.0,13048.0,3564.0,30157.0,29161.0,18138.0,15084.0,82739.0,23450.0,17471.0,8109.0,22281.0,22411.0,7302.0,7824.0,13916.0,9225.0,32269.0,83577.0,49868.0,74240.0,71357.0
2025-01-08,16390.0,28133.0,38852.0,8991.0,12386.0,24702.0,36869.0,22302.0,10923.0,14678.0,55424.0,13498.0,89058.0,13961.0,46925.0,2301.0,17401.0,26738.0,8520.0,14719.0,14750.0,68857.0,7412.0,26739.0,65149.0,9494.0,13818.0,79586.0,4083.0,54139.0,15156.0,16791.0,3082.0,10933.0,14695.0,5992.0,2927.0,33413.0,12338.0,39311.0,13667.0,3448.0,30970.0,30225.0,18396.0,15660.0,89879.0,23790.0,17127.0,7887.0,23006.0,23231.0,7215.0,53.0,14125.0,9255.0,34928.0,84891.0,50111.0,74579.0,68569.0
2025-01-09,18179.0,29861.0,39348.0,9550.0,12778.0,26876.0,37847.0,22708.0,11030.0,16166.0,60772.0,14124.0,92045.0,15418.0,50119.0,2611.0,19389.0,27231.0,9466.0,16015.0,15032.0,73672.0,7770.0,29034.0,69794.0,10186.0,14833.0,86010.0,4474.0,57303.0,15868.0,17221.0,3234.0,11266.0,12913.0,7153.0,3231.0,33882.0,13519.0,40145.0,14296.0,3798.0,33990.0,33111.0,19293.0,16364.0,91965.0,24049.0,19060.0,8559.0,24032.0,25317.0,8005.0,1304.0,14865.0,10476.0,34335.0,89529.0,51392.0,80350.0,70701.0
2025-01-10,16890.0,25963.0,34600.0,6701.0,10774.0,20231.0,33699.0,18529.0,7506.0,13821.0,34299.0,14236.0,70382.0,9719.0,29765.0,2074.0,16207.0,25139.0,6459.0,10905.0,11447.0,50204.0,6243.0,23365.0,60305.0,10112.0,11135.0,77033.0,4566.0,49897.0,15571.0,17662.0,3256.0,11071.0,15366.0,6567.0,2842.0,33024.0,13212.0,35564.0,13474.0,3552.0,35833.0,34649.0,18014.0,11522.0,75533.0,18603.0,12945.0,5686.0,20210.0,19499.0,5049.0,8951.0,10066.0,7439.0,29173.0,70144.0,40292.0,69169.0,68268.0
2025-01-13,14941.0,28417.0,38160.0,8146.0,10527.0,21834.0,34243.0,22315.0,9648.0,14658.0,46330.0,13251.0,76209.0,12407.0,41516.0,2387.0,16934.0,27175.0,7972.0,13664.0,16837.0,62374.0,7642.0,25244.0,57887.0,11333.0,12867.0,69999.0,4287.0,49744.0,15748.0,15848.0,2903.0,10134.0,14693.0,6189.0,2773.0,32295.0,10636.0,35007.0,13114.0,3499.0,26689.0,26006.0,17594.0,14041.0,75020.0,22019.0,16396.0,7388.0,18516.0,20026.0,6257.0,10440.0,11981.0,11352.0,30035.0,75620.0,45673.0,69170.0,71436.0
2025-01-14,19203.0,32547.0,44997.0,10104.0,12877.0,27936.0,42652.0,26246.0,11997.0,17643.0,63342.0,14586.0,93619.0,16348.0,51883.0,2744.0,19211.0,29262.0,9201.0,16683.0,20244.0,76587.0,8896.0,30620.0,61514.0,12185.0,14925.0,84747.0,4438.0,59125.0,17068.0,16968.0,3403.0,11103.0,16195.0,6392.0,3320.0,36555.0,12297.0,41734.0,14616.0,4147.0,31025.0,31251.0,20123.0,17644.0,89590.0,25952.0,19965.0,9483.0,23445.0,25578.0,8476.0,11780.0,15495.0,13150.0,35366.0,97600.0,56056.0,84400.0,91422.0
2025-01-15,21119.0,32513.0,44771.0,10266.0,13714.0,27798.0,42909.0,24599.0,12654.0,17457.0,62019.0,15241.0,96022.0,15424.0,52192.0,2791.0,19908.0,28269.0,9696.0,16751.0,19650.0,77375.0,8950.0,31573.0,70058.0,11590.0,15357.0,87676.0,4790.0,58563.0,16960.0,16805.0,3432.0,11523.0,16168.0,6676.0,3538.0,35745.0,12742.0,43164.0,14972.0,4139.0,32851.0,32376.0,20628.0,17264.0,95198.0,25958.0,19269.0,9120.0,24290.0,26050.0,8029.0,12051.0,15242.0,12606.0,36813.0,98456.0,55968.0,86196.0,76795.0
2025-01-16,20223.0,33922.0,47564.0,10589.0,13836.0,30373.0,42311.0,26467.0,12678.0,18355.0,65883.0,15208.0,103166.0,17026.0,54185.0,2685.0,20766.0,28826.0,10077.0,17461.0,20111.0,82030.0,9348.0,33290.0,71390.0,12438.0,16234.0,93693.0,4933.0,61484.0,17713.0,17410.0,3303.0,11937.0,16667.0,6902.0,3479.0,38154.0,14601.0,42681.0,15037.0,4045.0,36232.0,34662.0,21057.0,17294.0,95087.0,25258.0,20389.0,9485.0,25220.0,27282.0,8350.0,12200.0,15780.0,13638.0,37109.0,99915.0,55901.0,90774.0,76060.0
2025-01-17,17821.0,28790.0,42151.0,8003.0,11251.0,22982.0,37561.0,21618.0,8504.0,16838.0,37170.0,15264.0,78630.0,11379.0,32861.0,2071.0,18216.0,27352.0,7322.0,11645.0,15673.0,54741.0,6857.0,26231.0,63212.0,12069.0,11972.0,87131.0,5271.0,53972.0,17862.0,18658.0,3904.0,11630.0,17090.0,7250.0,3104.0,38524.0,14456.0,38749.0,14147.0,3946.0,41082.0,34554.0,20488.0,13146.0,82478.0,22097.0,14119.0,5915.0,23465.0,23317.0,5529.0,10613.0,10753.0,10749.0,31760.0,76821.0,42858.0,76492.0,75088.0
2025-01-20,15288.0,30912.0,40940.0,8802.0,11184.0,22697.0,38115.0,23050.0,10505.0,15056.0,48132.0,13620.0,79960.0,13251.0,42686.0,2176.0,18729.0,27903.0,8206.0,13936.0,17436.0,63278.0,8027.0,26931.0,60103.0,11967.0,13199.0,74275.0,4874.0,51817.0,16963.0,16754.0,2098.0,11035.0,15406.0,6704.0,2611.0,34744.0,11281.0,37003.0,13872.0,3651.0,27885.0,27823.0,18464.0,14570.0,77331.0,24387.0,17607.0,7477.0,18392.0,20986.0,6738.0,10914.0,12620.0,12124.0,30585.0,78468.0,48432.0,71759.0,71436.0
2025-01-21,21243.0,36085.0,47313.0,10940.0,13339.0,29022.0,42710.0,26832.0,13016.0,18132.0,63630.0,14744.0,97651.0,16496.0,53582.0,2709.0,21042.0,29868.0,10186.0,17393.0,20741.0,78033.0,9302.0,33497.0,68743.0,12249.0,15738.0,88775.0,5111.0,59307.0,18032.0,17575.0,3655.0,12031.0,16801.0,5641.0,3275.0,38129.0,12826.0,42061.0,15056.0,3985.0,31603.0,31995.0,21407.0,17662.0,89583.0,27071.0,20342.0,9397.0,22402.0,24374.0,8656.0,12286.0,15877.0,14222.0,36392.0,97915.0,59541.0,89969.0,76391.0
2025-01-22,22287.0,33983.0,49832.0,10673.0,13878.0,28528.0,44590.0,26169.0,13265.0,18352.0,63553.0,14992.0,100501.0,16574.0,53496.0,3486.0,21185.0,30186.0,9773.0,17180.0,19738.0,80183.0,9163.0,33883.0,69916.0,12723.0,15971.0,94061.0,5123.0,60769.0,18112.0,17561.0,3478.0,12193.0,16501.0,7501.0,3627.0,38064.0,13989.0,44439.0,15357.0,4344.0,34760.0,34417.0,21806.0,17901.0,93046.0,26741.0,20666.0,9104.0,22977.0,25916.0,8234.0,12341.0,16112.0,13195.0,35857.0,101655.0,59865.0,90161.0,77343.0
2025-01-23,21929.0,36370.0,50854.0,11580.0,14785.0,31167.0,44735.0,27581.0,13391.0,19408.0,67658.0,15737.0,106961.0,17353.0,54378.0,3601.0,21954.0,29249.0,10252.0,18579.0,20660.0,83949.0,8800.0,35447.0,75678.0,13753.0,16815.0,100111.0,5449.0,61794.0,18770.0,18390.0,3494.0,12836.0,16937.0,7413.0,3614.0,40470.0,14942.0,44892.0,15673.0,4204.0,35550.0,37123.0,22035.0,17544.0,96547.0,26135.0,21199.0,9461.0,24164.0,26894.0,8642.0,16753.0,15045.0,37576.0,105661.0,,60530.0,94086.0,78529.0
2025-01-24,19418.0,31319.0,41977.0,8538.0,11781.0,23497.0,40263.0,22132.0,8790.0,17461.0,37249.0,15763.0,81447.0,12015.0,31855.0,2944.0,19767.0,28151.0,7545.0,11668.0,15627.0,56614.0,7352.0,27337.0,67331.0,12402.0,12137.0,89972.0,5582.0,52673.0,18162.0,19435.0,3896.0,12540.0,17419.0,7961.0,2787.0,41942.0,14035.0,38703.0,14506.0,4295.0,39306.0,34794.0,20558.0,12935.0,83153.0,23379.0,14237.0,6160.0,22387.0,23066.0,5318.0,10974.0,11128.0,10759.0,33085.0,82550.0,35432.0,82893.0,77107.0
2025-01-27,16222.0,32095.0,41596.0,8882.0,11481.0,23400.0,44677.0,23176.0,9754.0,16611.0,48292.0,13707.0,81343.0,13364.0,41770.0,2647.0,18704.0,27088.0,10117.0,15654.0,17763.0,57360.0,8303.0,29327.0,62954.0,12547.0,14417.0,70425.0,5316.0,48146.0,17005.0,16867.0,3989.0,11419.0,15144.0,6717.0,2865.0,36526.0,12123.0,36850.0,13723.0,3776.0,30167.0,29659.0,18127.0,14644.0,79122.0,24800.0,17171.0,7375.0,19174.0,20351.0,6806.0,10959.0,13806.0,12265.0,31047.0,78353.0,52935.0,72709.0,73320.0
2025-01-28,19905.0,37323.0,48716.0,10501.0,14651.0,29967.0,47319.0,26770.0,12084.0,19624.0,66386.0,15053.0,99319.0,17099.0,52194.0,2799.0,21049.0,28799.0,10137.0,18785.0,20381.0,76753.0,9667.0,35050.0,70211.0,13626.0,16839.0,88808.0,5141.0,56383.0,18190.0,17601.0,4136.0,12432.0,16585.0,6813.0,3539.0,39453.0,13912.0,42807.0,14854.0,3871.0,34498.0,33701.0,20418.0,18266.0,89940.0,27157.0,21376.0,9926.0,23352.0,24199.0,8726.0,12397.0,16889.0,14559.0,36438.0,98773.0,60160.0,89669.0,80807.0
2025-01-29,19299.0,35022.0,48869.0,10684.0,14348.0,28826.0,53198.0,25847.0,12234.0,18977.0,65735.0,15702.0,103522.0,17436.0,51935.0,3162.0,21360.0,28551.0,11290.0,18987.0,20242.0,73357.0,8800.0,35237.0,74099.0,12833.0,17418.0,87981.0,5228.0,57825.0,17982.0,17755.0,4441.0,12527.0,16947.0,7541.0,3588.0,38379.0,13445.0,44449.0,14942.0,4160.0,38669.0,37209.0,20649.0,18230.0,96556.0,27706.0,21133.0,9228.0,23942.0,26217.0,8398.0,9171.0,16564.0,13514.0,22161.0,107042.0,67564.0,90655.0,79521.0
2025-01-30,19540.0,40815.0,52803.0,11806.0,13421.0,32305.0,46349.0,27981.0,13438.0,19705.0,68053.0,16180.0,118733.0,18158.0,56012.0,3041.0,22498.0,29473.0,10224.0,18397.0,21018.0,86621.0,8854.0,36465.0,68895.0,13371.0,17331.0,102524.0,5250.0,65081.0,19190.0,18284.0,4349.0,13180.0,17951.0,7768.0,3398.0,39830.0,15286.0,46279.0,16439.0,4194.0,38441.0,37686.0,21824.0,18505.0,98873.0,28037.0,21575.0,9547.0,25422.0,28229.0,8971.0,12485.0,16916.0,15354.0,38022.0,105009.0,63338.0,97344.0,82579.0
2025-01-31,19922.0,32096.0,45486.0,8262.0,12428.0,25409.0,39960.0,22345.0,8630.0,18194.0,38456.0,16323.0,87546.0,11748.0,33430.0,2418.0,19662.0,28052.0,7505.0,12452.0,15704.0,59342.0,6884.0,29813.0,66773.0,13134.0,12315.0,93749.0,5903.0,54852.0,18327.0,19888.0,3939.0,12787.0,17614.0,8060.0,3064.0,42555.0,15354.0,40105.0,15616.0,4037.0,42714.0,37415.0,20110.0,13071.0,87117.0,22462.0,15305.0,6055.0,22454.0,23475.0,5373.0,11432.0,12411.0,11210.0,34094.0,83837.0,50451.0,83748.0,79255.0
2025-02-03,16646.0,32102.0,42364.0,8878.0,11300.0,22732.0,38731.0,22704.0,10059.0,16637.0,46512.0,13357.0,80411.0,12504.0,41828.0,2288.0,19291.0,28219.0,8487.0,13801.0,17668.0,67829.0,7875.0,28261.0,60013.0,12633.0,13643.0,74692.0,5297.0,51240.0,17203.0,17010.0,3214.0,11076.0,15754.0,6874.0,2946.0,36330.0,11529.0,36587.0,13717.0,3651.0,29147.0,28896.0,18548.0,14710.0,79961.0,24846.0,17717.0,7226.0,18902.0,20116.0,7382.0,10971.0,13035.0,12308.0,31091.0,78939.0,48369.0,72891.0,73246.0
2025-02-04,20625.0,36585.0,47375.0,10879.0,13232.0,28622.0,44552.0,26300.0,12718.0,18851.0,62919.0,14319.0,99806.0,16824.0,53785.0,2991.0,20174.0,29824.0,9881.0,16298.0,20712.0,86889.0,9400.0,33610.0,69475.0,13411.0,15116.0,90159.0,5861.0,59198.0,17629.0,17429.0,2908.0,10670.0,17144.0,5443.0,3513.0,37914.0,12356.0,42334.0,14951.0,4113.0,32076.0,32273.0,20124.0,17897.0,89271.0,27951.0,21165.0,9418.0,23033.0,24252.0,8741.0,12351.0,15912.0,14364.0,35639.0,98207.0,56304.0,88584.0,80391.0
2025-02-05,21582.0,34998.0,48797.0,10386.0,13558.0,28598.0,42640.0,25627.0,12786.0,17840.0,64437.0,15535.0,100673.0,16344.0,52104.0,3069.0,20872.0,29767.0,9717.0,17824.0,19941.0,84185.0,8980.0,34521.0,70555.0,12217.0,16619.0,93641.0,5062.0,59785.0,17772.0,17466.0,3806.0,12299.0,17274.0,7302.0,3431.0,38022.0,13674.0,44114.0,15847.0,4414.0,35109.0,34574.0,20323.0,17676.0,93427.0,27532.0,20552.0,9122.0,23593.0,25121.0,8534.0,12110.0,15876.0,13049.0,35792.0,98105.0,57017.0,89482.0,79046.0
2025-02-06,21512.0,37264.0,49963.0,11376.0,14300.0,31248.0,45062.0,27026.0,13388.0,19104.0,68122.0,15852.0,109203.0,18396.0,53354.0,3066.0,22559.0,29898.0,10143.0,18174.0,20909.0,89620.0,9673.0,35865.0,76143.0,13291.0,17204.0,99259.0,5415.0,63529.0,18564.0,18684.0,4048.0,12879.0,18394.0,7654.0,3487.0,40693.0,14372.0,41915.0,16108.0,4666.0,37965.0,37790.0,21114.0,18138.0,98774.0,28011.0,21612.0,9638.0,25532.0,26418.0,8799.0,12820.0,16532.0,14650.0,38101.0,102152.0,57060.0,94899.0,79853.0
2025-02-07,19431.0,32139.0,47428.0,8407.0,12669.0,23658.0,40487.0,21944.0,9208.0,17926.0,38393.0,16305.0,85694.0,12071.0,33036.0,2203.0,19429.0,27373.0,7841.0,12872.0,16797.0,59826.0,8199.0,30241.0,66334.0,14014.0,12567.0,89279.0,5930.0,53381.0,18226.0,21196.0,3739.0,13364.0,17889.0,7936.0,3175.0,44178.0,16338.0,40050.0,16072.0,4241.0,42881.0,39276.0,20023.0,13769.0,88524.0,23765.0,15404.0,6236.0,24049.0,22415.0,5517.0,11395.0,11934.0,11468.0,35828.0,85137.0,42524.0,83160.0,79406.0
2025-02-10,16151.0,32245.0,43085.0,8962.0,11655.0,23161.0,37841.0,22735.0,,,,,,,,,,,,,,,,,,,,,18199.0,,,,,,,,,,13376.0,38182.0,14192.0,3820.0,30000.0,30807.0,18069.0,16226.0,79999.0,27634.0,17923.0,7364.0,21684.0,21438.0,6998.0,11312.0,12770.0,12991.0,30957.0,79987.0,47072.0,72048.0,72878.0
2025-02-11,19501.0,37054.0,47981.0,10738.0,13146.0,28154.0,42905.0,26530.0,12807.0,19019.0,64432.0,15682.0,99129.0,16355.0,52370.0,2826.0,21448.0,29828.0,10006.0,17131.0,20670.0,82496.0,9500.0,34911.0,70296.0,13007.0,16387.0,88564.0,4886.0,59119.0,18159.0,3847.0,12277.0,17168.0,6818.0,3326.0,39440.0,,14022.0,44150.0,16117.0,3982.0,32617.0,32843.0,21075.0,18412.0,91729.0,28709.0,20834.0,9333.0,23030.0,24719.0,8538.0,12503.0,16063.0,14508.0,36680.0,97215.0,56926.0,89908.0,78805.0
2025-02-12,19126.0,34515.0,49532.0,11009.0,13653.0,29175.0,43518.0,24958.0,12744.0,18986.0,63621.0,15678.0,100563.0,16144.0,52131.0,3070.0,20827.0,29786.0,10004.0,17132.0,20337.0,80346.0,9459.0,35190.0,62449.0,12958.0,16586.0,95999.0,5149.0,63671.0,17751.0,18183.0,3729.0,12718.0,16790.0,6989.0,3441.0,38474.0,14908.0,45562.0,15813.0,4310.0,36089.0,36632.0,21354.0,18726.0,93893.0,27546.0,20439.0,9148.0,24512.0,25795.0,8293.0,12378.0,15492.0,13693.0,33285.0,92709.0,54924.0,88744.0,78457.0
2025-02-13,20259.0,37238.0,50442.0,11394.0,14509.0,31341.0,45844.0,27174.0,13019.0,19678.0,67406.0,16185.0,111709.0,17570.0,53807.0,2700.0,21728.0,29855.0,10242.0,18115.0,21309.0,86033.0,9554.0,35903.0,77318.0,11978.0,17157.0,98987.0,4855.0,63131.0,18549.0,17548.0,3973.0,12973.0,17422.0,7208.0,3487.0,39034.0,14697.0,45400.0,15745.0,3900.0,38273.0,36719.0,21952.0,18060.0,99654.0,25313.0,22989.0,9301.0,26442.0,27616.0,8844.0,12872.0,16429.0,14948.0,38123.0,104247.0,56027.0,95097.0,82483.0
2025-02-14,19129.0,33588.0,45657.0,7983.0,11529.0,24086.0,43318.0,21294.0,9072.0,17705.0,37898.0,15935.0,88434.0,12693.0,32169.0,2479.0,19912.0,28185.0,7669.0,11430.0,16056.0,56916.0,7829.0,29156.0,71143.0,13280.0,12692.0,99057.0,5706.0,59250.0,18322.0,21671.0,3942.0,13323.0,18547.0,7967.0,3010.0,43903.0,18327.0,41830.0,16147.0,4440.0,50865.0,40793.0,21939.0,12845.0,94337.0,24476.0,14852.0,6139.0,23858.0,25362.0,5542.0,11066.0,12281.0,10698.0,34131.0,82460.0,46104.0,87970.0,86904.0
2025-02-17,15634.0,33717.0,45818.0,8341.0,11955.0,23090.0,42444.0,20485.0,10106.0,17685.0,46308.0,14307.0,85663.0,14583.0,38078.0,2602.0,23673.0,27582.0,7974.0,13215.0,15889.0,63262.0,7279.0,29010.0,70440.0,12731.0,14042.0,83566.0,5654.0,55994.0,19232.0,22296.0,3934.0,13534.0,16221.0,7979.0,3015.0,42821.0,39000.0,4492.0,15133.0,85168.0,29901.0,,,,,,17823.0,7018.0,6827.0,13399.0,9653.0,84304.0,,,,,47770.0,79051.0,78932.0
2025-02-18,19281.0,37412.0,49738.0,9931.0,14031.0,28230.0,46933.0,24114.0,12402.0,19941.0,61219.0,15311.0,100663.0,19585.0,47984.0,3204.0,26613.0,29595.0,8951.0,15755.0,18372.0,78453.0,8859.0,34582.0,75340.0,12800.0,15918.0,98984.0,6030.0,63278.0,20278.0,22312.0,4180.0,14076.0,18558.0,8450.0,3404.0,44554.0,19082.0,44256.0,16258.0,4884.0,45676.0,40781.0,20638.0,17722.0,94742.0,31026.0,21295.0,9179.0,26204.0,28363.0,8578.0,11929.0,15876.0,11961.0,35318.0,100967.0,56949.0,91431.0,83730.0
2025-02-19,19053.0,35993.0,49364.0,9549.0,14457.0,28202.0,46358.0,23841.0,13789.0,16281.0,59526.0,16079.0,101062.0,17467.0,47031.0,3081.0,26217.0,29085.0,9330.0,15798.0,17766.0,76439.0,8580.0,34612.0,78933.0,13273.0,16263.0,100249.0,6142.0,62683.0,20682.0,22434.0,4294.0,14160.0,18337.0,8418.0,3428.0,46994.0,19345.0,44957.0,16626.0,5259.0,46706.0,42280.0,22231.0,18658.0,99168.0,32423.0,20489.0,8843.0,27544.0,29698.0,8281.0,12901.0,15361.0,11591.0,35868.0,100484.0,54297.0,94047.0,82676.0
2025-02-20,19601.0,38731.0,52616.0,8682.0,11196.0,31048.0,50572.0,25344.0,9850.0,20724.0,64157.0,17635.0,102405.0,19030.0,48767.0,3024.0,25170.0,28830.0,7366.0,17491.0,17205.0,79250.0,8765.0,36053.0,80011.0,12960.0,17539.0,106457.0,5774.0,63914.0,21744.0,23191.0,4459.0,14660.0,18330.0,8908.0,3928.0,45859.0,20039.0,44994.0,16357.0,5016.0,48878.0,42806.0,21199.0,17355.0,103728.0,29603.0,21571.0,9013.0,28384.0,30007.0,8464.0,13024.0,16142.0,12530.0,36682.0,106907.0,55480.0,99233.0,84044.0
2025-02-21,18563.0,33951.0,50254.0,7874.0,13371.0,24034.0,46241.0,20155.0,9369.0,18797.0,38388.0,16881.0,88041.0,14174.0,29942.0,2788.0,24690.0,28461.0,7259.0,11545.0,14977.0,57927.0,6692.0,30772.0,75128.0,11620.0,13015.0,101948.0,6610.0,59106.0,21575.0,24706.0,4561.0,14792.0,19184.0,9210.0,3104.0,45739.0,18473.0,43017.0,16806.0,5085.0,52736.0,41511.0,22051.0,13903.0,91558.0,27765.0,15548.0,6272.0,27048.0,28516.0,5684.0,10612.0,12116.0,10574.0,33713.0,90616.0,45616.0,90274.0,81376.0
2025-02-24,15588.0,29451.0,43101.0,8673.0,11780.0,22356.0,38424.0,22189.0,10181.0,16343.0,47929.0,13868.0,85790.0,12807.0,41302.0,2325.0,19039.0,28102.0,8641.0,13760.0,17515.0,64292.0,7570.0,27125.0,59240.0,11938.0,13603.0,72115.0,4676.0,50968.0,17283.0,16891.0,3360.0,11060.0,14824.0,6869.0,2935.0,34968.0,12550.0,37855.0,13805.0,3789.0,30270.0,28727.0,18415.0,14962.0,80708.0,24505.0,16842.0,7321.0,23109.0,21856.0,6831.0,11632.0,13118.0,11699.0,32127.0,79141.0,47153.0,71573.0,72069.0
2025-02-25,18878.0,35939.0,50013.0,11161.0,14020.0,28226.0,47152.0,25861.0,13206.0,19304.0,65350.0,15587.0,106330.0,17491.0,52369.0,2870.0,22525.0,30480.0,11281.0,18361.0,21821.0,76042.0,9866.0,32537.0,57691.0,13229.0,17280.0,92625.0,5301.0,64293.0,19087.0,17952.0,4235.0,12376.0,17245.0,7283.0,3555.0,37680.0,14284.0,46641.0,15954.0,4826.0,33452.0,36387.0,21807.0,19576.0,97383.0,29948.0,21474.0,9477.0,24291.0,27134.0,9243.0,12172.0,16442.0,13954.0,36081.0,101126.0,56915.0,91257.0,79268.0
2025-02-26,20989.0,35718.0,52650.0,10915.0,14913.0,29757.0,48155.0,26687.0,13608.0,19624.0,65211.0,15889.0,108832.0,17651.0,51988.0,2807.0,22612.0,29358.0,10123.0,17622.0,21045.0,82977.0,9583.0,34284.0,73063.0,14428.0,17065.0,94333.0,6068.0,61993.0,19521.0,19858.0,4629.0,13006.0,17494.0,8018.0,3527.0,41080.0,16067.0,48882.0,15902.0,5047.0,36619.0,38644.0,21412.0,20666.0,100928.0,30903.0,21024.0,9531.0,26055.0,26288.0,8710.0,12915.0,16642.0,13496.0,37777.0,104564.0,53618.0,84940.0,79081.0
2025-02-27,22519.0,37711.0,54190.0,11216.0,14684.0,31692.0,48360.0,27248.0,13731.0,21396.0,70285.0,17250.0,113478.0,18914.0,53109.0,3009.0,24691.0,30185.0,10388.0,18799.0,22139.0,86275.0,9711.0,35648.0,79490.0,14077.0,19432.0,99767.0,6154.0,64061.0,20238.0,19518.0,4865.0,13849.0,18595.0,8396.0,3633.0,40647.0,16666.0,47388.0,16709.0,4957.0,40745.0,39808.0,23264.0,19079.0,103320.0,29717.0,21649.0,10122.0,26757.0,28926.0,9371.0,13261.0,16984.0,14674.0,38225.0,107934.0,58761.0,101226.0,97243.0
2025-02-28,19055.0,33000.0,47804.0,8249.0,12106.0,24118.0,43438.0,21477.0,9933.0,18286.0,40148.0,16485.0,88570.0,13620.0,33106.0,2617.0,22137.0,30788.0,7907.0,12223.0,16439.0,60591.0,7619.0,27974.0,70476.0,13487.0,14069.0,94523.0,6732.0,56910.0,19670.0,20877.0,5081.0,13666.0,20979.0,8496.0,3132.0,44084.0,17129.0,42936.0,15816.0,4835.0,46265.0,40546.0,22421.0,15463.0,89336.0,27799.0,15779.0,6353.0,24673.0,25765.0,6157.0,11212.0,13169.0,11032.0,34885.0,84717.0,44665.0,86469.0,81234.0
2025-03-03,14839.0,32928.0,41124.0,8976.0,11067.0,22543.0,39357.0,22297.0,10359.0,16931.0,47120.0,13273.0,81970.0,13219.0,40897.0,2449.0,21519.0,26534.0,8251.0,13761.0,17025.0,63112.0,7827.0,27924.0,60962.0,12862.0,13907.0,73868.0,5595.0,51213.0,17738.0,18210.0,3799.0,11778.0,16839.0,7527.0,3189.0,37176.0,12810.0,37334.0,14592.0,4405.0,30487.0,30801.0,19365.0,16169.0,79888.0,27612.0,16945.0,7191.0,20125.0,21578.0,7066.0,11000.0,13648.0,11960.0,30840.0,80960.0,48780.0,75038.0,70849.0
2025-03-04,18861.0,37230.0,47373.0,10596.0,13179.0,28220.0,44517.0,26208.0,13029.0,19030.0,63714.0,14441.0,100045.0,17758.0,51491.0,3039.0,23509.0,29000.0,9326.0,17023.0,20296.0,79359.0,9256.0,33307.0,67218.0,13445.0,16425.0,88097.0,5542.0,58796.0,18691.0,17941.0,4039.0,12255.0,17852.0,7432.0,3570.0,39320.0,14745.0,43022.0,15927.0,4824.0,33066.0,33635.0,21278.0,19432.0,91878.0,30846.0,20475.0,9572.0,24099.0,26302.0,8802.0,12289.0,14516.0,14586.0,35932.0,99651.0,54208.0,91547.0,78059.0
2025-03-05,18785.0,35839.0,46181.0,10585.0,14008.0,28065.0,43020.0,25793.0,12718.0,18845.0,63236.0,15875.0,100302.0,17060.0,50312.0,3007.0,22913.0,29563.0,9851.0,17471.0,20059.0,80397.0,9066.0,33609.0,71596.0,12875.0,16722.0,92191.0,5842.0,59662.0,18782.0,17507.0,4178.0,13130.0,18197.0,7987.0,3497.0,40763.0,13422.0,45120.0,16612.0,4868.0,34516.0,33585.0,22166.0,19272.0,94468.0,30092.0,20271.0,9195.0,24439.0,27684.0,8544.0,12687.0,16014.0,13726.0,36878.0,102013.0,56081.0,89396.0,77825.0
2025-03-06,20233.0,38364.0,50824.0,11532.0,14238.0,30519.0,47464.0,26139.0,13047.0,20086.0,67700.0,15448.0,111960.0,18567.0,52345.0,2901.0,23550.0,29696.0,10091.0,17700.0,20448.0,85240.0,9753.0,34857.0,64495.0,13567.0,17607.0,100810.0,5772.0,65990.0,19846.0,18678.0,4374.0,13410.0,18822.0,8213.0,3723.0,42372.0,15552.0,47080.0,16352.0,4994.0,38734.0,38133.0,22465.0,19139.0,99872.0,29328.0,20861.0,9713.0,26143.0,28544.0,9039.0,12520.0,17149.0,14670.0,37956.0,106712.0,57720.0,98355.0,80004.0
2025-03-07,17721.0,34071.0,46890.0,8648.0,10941.0,23505.0,42016.0,21756.0,9541.0,18031.0,38296.0,15947.0,85891.0,12715.0,33276.0,2435.0,21902.0,28763.0,7894.0,11635.0,16446.0,58525.0,7503.0,28114.0,65940.0,12911.0,12666.0,91513.0,6205.0,55294.0,19540.0,19691.0,4243.0,13114.0,18962.0,8597.0,2914.0,41370.0,16244.0,42009.0,15870.0,4952.0,43415.0,37075.0,21710.0,15450.0,88281.0,26613.0,14517.0,6111.0,23646.0,25622.0,5960.0,10786.0,11567.0,11173.0,34821.0,83961.0,44404.0,84262.0,77405.0
2025-03-10,15960.0,32575.0,42891.0,9041.0,11573.0,22448.0,39102.0,22390.0,10548.0,17565.0,47670.0,13576.0,82971.0,13764.0,40593.0,2436.0,21265.0,28444.0,7934.0,13778.0,17790.0,65808.0,7669.0,28651.0,59452.0,12674.0,13987.0,74611.0,5456.0,51740.0,18025.0,17207.0,3806.0,11691.0,16069.0,7465.0,3099.0,38442.0,12996.0,37573.0,14468.0,3938.0,29760.0,28779.0,19074.0,17411.0,82122.0,26210.0,17290.0,7557.0,20323.0,21655.0,6871.0,10910.0,13450.0,11982.0,31111.0,81594.0,49013.0,75668.0,88398.0
2025-03-11,17919.0,36880.0,50958.0,10694.0,14108.0,26517.0,44955.0,27405.0,12767.0,19717.0,62100.0,14799.0,101811.0,17462.0,51780.0,2873.0,22656.0,29961.0,9507.0,17456.0,20712.0,80873.0,9352.0,34407.0,68625.0,13616.0,16723.0,88402.0,5261.0,58151.0,18448.0,17269.0,4328.0,12160.0,17313.0,7203.0,3538.0,39866.0,14207.0,42994.0,15895.0,4290.0,32964.0,32520.0,20805.0,19154.0,93108.0,28724.0,19666.0,9708.0,23526.0,25774.0,8729.0,12220.0,16546.0,14367.0,35638.0,99511.0,57725.0,88758.0,78828.0
2025-03-12,19289.0,35676.0,51745.0,10925.0,13975.0,28590.0,46255.0,25823.0,12690.0,18779.0,62734.0,15225.0,103547.0,16783.0,52163.0,3072.0,22262.0,29380.0,9959.0,18156.0,20366.0,83793.0,9012.0,32656.0,70212.0,13884.0,17075.0,93231.0,5935.0,59910.0,18424.0,17231.0,4073.0,12654.0,17654.0,7924.0,3521.0,40039.0,14599.0,44785.0,16405.0,4210.0,37177.0,33591.0,22719.0,19399.0,95856.0,29012.0,20251.0,9272.0,24808.0,27246.0,8637.0,12619.0,16493.0,13981.0,36509.0,100593.0,56248.0,90564.0,77595.0
2025-03-13,20326.0,37500.0,52305.0,10971.0,15161.0,31168.0,48661.0,26473.0,12776.0,20623.0,66351.0,15941.0,113856.0,18147.0,52894.0,2802.0,24592.0,29357.0,10633.0,18178.0,20333.0,84205.0,9585.0,36009.0,75344.0,13576.0,17578.0,97785.0,5977.0,61088.0,19734.0,18132.0,4201.0,13535.0,18093.0,8090.0,3576.0,41768.0,16163.0,44455.0,16875.0,4540.0,38787.0,36021.0,22748.0,19487.0,105867.0,28415.0,21682.0,10002.0,26777.0,28790.0,9219.0,13004.0,16565.0,15227.0,38456.0,107046.0,55641.0,95011.0,78552.0
2025-03-14,19375.0,32403.0,47303.0,8200.0,11981.0,23387.0,42945.0,21239.0,9066.0,18422.0,37548.0,16335.0,84770.0,12998.0,32194.0,2326.0,21789.0,28733.0,7545.0,11741.0,16429.0,58591.0,7774.0,29488.0,65588.0,12653.0,12996.0,90256.0,6222.0,54200.0,19455.0,19436.0,4297.0,13188.0,18506.0,8255.0,3167.0,42714.0,16699.0,39841.0,15567.0,4489.0,43683.0,37385.0,22995.0,14836.0,90260.0,25599.0,14473.0,6223.0,23789.0,24035.0,5887.0,11142.0,12416.0,11500.0,33906.0,83057.0,45092.0,84895.0,77746.0
2025-03-17,15780.0,32531.0,42798.0,8925.0,10936.0,23185.0,40371.0,22415.0,10453.0,17462.0,47290.0,11947.0,80544.0,13898.0,41777.0,2306.0,21805.0,29417.0,8251.0,12469.0,17610.0,66479.0,7750.0,27532.0,58494.0,12813.0,12881.0,79632.0,6009.0,54038.0,18426.0,18070.0,3484.0,10486.0,16322.0,7120.0,2862.0,38378.0,13932.0,38004.0,14471.0,3763.0,32316.0,30989.0,19787.0,17163.0,80710.0,26830.0,17132.0,7729.0,20382.0,21909.0,7254.0,11153.0,13772.0,12400.0,31110.0,80879.0,48624.0,73220.0,73283.0
2025-03-18,18436.0,36796.0,48796.0,10794.0,13287.0,27440.0,44474.0,25943.0,13210.0,18398.0,63253.0,14808.0,101486.0,17706.0,53159.0,3033.0,23397.0,30363.0,12536.0,19851.0,21070.0,69467.0,9162.0,34401.0,69271.0,13214.0,18012.0,89144.0,5465.0,59467.0,18770.0,18136.0,4156.0,12495.0,17320.0,6917.0,3656.0,39260.0,14522.0,44511.0,15660.0,4596.0,33429.0,33295.0,21480.0,18783.0,94228.0,30339.0,23887.0,9369.0,23325.0,26100.0,8983.0,12288.0,16568.0,14208.0,35805.0,97482.0,57133.0,91771.0,78964.0
2025-03-19,19401.0,35663.0,50721.0,10723.0,13940.0,28010.0,44664.0,25414.0,12844.0,18216.0,63871.0,15553.0,103529.0,17606.0,50875.0,3035.0,23273.0,29922.0,9576.0,16857.0,20484.0,81509.0,7774.0,33895.0,70535.0,12428.0,16643.0,92029.0,5665.0,60530.0,19092.0,17318.0,4445.0,12784.0,17694.0,7806.0,3769.0,39490.0,14079.0,45907.0,16253.0,4523.0,34306.0,33265.0,22034.0,18578.0,94809.0,28889.0,20026.0,9443.0,24084.0,28135.0,8598.0,12499.0,15510.0,14120.0,35757.0,102207.0,55664.0,92210.0,78752.0
2025-03-20,22259.0,39434.0,51303.0,11676.0,14122.0,31096.0,47219.0,25768.0,13117.0,20071.0,67804.0,114003.0,19166.0,52093.0,3185.0,26301.0,30483.0,,10167.0,17466.0,20595.0,85099.0,9166.0,35461.0,69478.0,12971.0,17489.0,100899.0,5739.0,65488.0,19973.0,17949.0,4704.0,14096.0,18472.0,3963.0,38455.0,,15258.0,46481.0,16650.0,5131.0,38881.0,37036.0,23426.0,18951.0,99499.0,29272.0,21072.0,9669.0,25818.0,30855.0,9272.0,12511.0,16910.0,15207.0,37628.0,109769.0,59047.0,102227.0,80325.0
2025-03-21,21519.0,35321.0,46786.0,9118.0,12393.0,23308.0,41073.0,20858.0,16167.0,12626.0,2521.0,21853.0,,,,,,,63943.0,88240.0,,,,,,,,,6178.0,4663.0,13050.0,8374.0,41005.0,,,,,,16082.0,40543.0,15482.0,4645.0,43672.0,37003.0,21205.0,14655.0,89200.0,25569.0,14980.0,6131.0,23638.0,25516.0,5954.0,10863.0,11625.0,11363.0,33899.0,86198.0,44475.0,87554.0,75908.0
2025-03-24,15296.0,33996.0,43284.0,9346.0,12326.0,22373.0,40867.0,21707.0,10968.0,15932.0,47370.0,13548.0,84983.0,13786.0,40863.0,2387.0,20784.0,28523.0,8731.0,13445.0,17357.0,66242.0,7084.0,27790.0,59319.0,11810.0,13746.0,74602.0,5565.0,51272.0,17049.0,17332.0,3776.0,11011.0,16287.0,7057.0,3144.0,35609.0,12950.0,38263.0,14510.0,4219.0,30064.0,29082.0,19599.0,15900.0,82034.0,26444.0,17317.0,7247.0,20146.0,22687.0,6908.0,10546.0,11973.0,11937.0,31072.0,82480.0,48927.0,75466.0,72927.0
2025-03-25,18762.0,36309.0,48657.0,10463.0,12709.0,27918.0,44367.0,25081.0,12784.0,18198.0,64006.0,14956.0,101820.0,16838.0,51643.0,2913.0,23416.0,30429.0,9964.0,17181.0,20135.0,81102.0,8490.0,34438.0,69469.0,12178.0,17332.0,89385.0,5129.0,60505.0,18200.0,17457.0,4041.0,12662.0,17300.0,7449.0,3494.0,37315.0,14160.0,43334.0,15033.0,4573.0,35135.0,33102.0,21829.0,19029.0,94267.0,29584.0,20079.0,9422.0,23414.0,25614.0,9045.0,12348.0,16335.0,14327.0,35811.0,100003.0,57343.0,90968.0,78677.0
2025-03-26,19473.0,35948.0,49618.0,10589.0,12658.0,28164.0,45752.0,25279.0,12631.0,18601.0,63688.0,15614.0,104082.0,17135.0,50351.0,3013.0,22121.0,30214.0,10007.0,16765.0,19555.0,79990.0,8534.0,33836.0,72613.0,12937.0,16881.0,93098.0,5719.0,61779.0,17845.0,17981.0,4348.0,13310.0,17992.0,8216.0,3620.0,37539.0,14480.0,46090.0,16157.0,4858.0,36287.0,34706.0,22330.0,19705.0,95079.0,30080.0,20047.0,9364.0,24356.0,27709.0,8843.0,12317.0,15854.0,13345.0,36368.0,100192.0,55884.0,90754.0,78915.0
2025-03-27,18805.0,38546.0,50609.0,11370.0,13724.0,29019.0,48219.0,25181.0,13363.0,19885.0,66685.0,15670.0,112793.0,18846.0,52239.0,3014.0,24518.0,30680.0,10682.0,17094.0,20994.0,84677.0,8506.0,36105.0,74663.0,12888.0,17473.0,100772.0,5884.0,64958.0,18751.0,18464.0,3507.0,13300.0,18386.0,8296.0,3550.0,38287.0,16258.0,46058.0,16276.0,5099.0,40151.0,37849.0,22835.0,19556.0,102192.0,29010.0,20783.0,9599.0,25664.0,29960.0,9170.0,12207.0,17498.0,15071.0,39668.0,104551.0,55956.0,95028.0,82596.0
2025-03-28,17951.0,32816.0,46339.0,8483.0,11795.0,22964.0,42279.0,20577.0,9142.0,17567.0,38710.0,16438.0,85892.0,12908.0,32547.0,2508.0,21698.0,29913.0,8241.0,11499.0,15493.0,58148.0,6892.0,28944.0,70201.0,13273.0,13378.0,91333.0,5935.0,55980.0,18007.0,21271.0,4400.0,13101.0,18620.0,8705.0,3035.0,43626.0,17061.0,39963.0,15949.0,4651.0,44006.0,37623.0,21801.0,14557.0,89668.0,24745.0,15048.0,6220.0,23912.0,25374.0,6370.0,10721.0,12426.0,10880.0,34518.0,85486.0,43636.0,84462.0,80554.0
2025-03-31,13903.0,32354.0,43170.0,8514.0,10818.0,21469.0,39919.0,19620.0,9458.0,15507.0,45431.0,12736.0,80218.0,13091.0,36408.0,2505.0,20325.0,25701.0,7700.0,12041.0,14282.0,60538.0,6278.0,25244.0,60340.0,10226.0,13055.0,74061.0,5128.0,52600.0,15903.0,17588.0,3076.0,12226.0,15376.0,7567.0,3103.0,33476.0,13221.0,37504.0,13946.0,4396.0,31860.0,29567.0,19158.0,15176.0,79043.0,26676.0,16198.0,6663.0,19148.0,22442.0,6498.0,9830.0,12370.0,8846.0,28873.0,78143.0,48838.0,71099.0,74233.0
2025-04-01,19274.0,36716.0,48051.0,10434.0,13269.0,26390.0,43906.0,24432.0,12500.0,17954.0,61905.0,14754.0,98715.0,17143.0,50537.0,3230.0,22159.0,29403.0,9269.0,16000.0,17256.0,78193.0,7826.0,30748.0,69808.0,11277.0,16512.0,88247.0,5205.0,59542.0,16427.0,17744.0,4187.0,12763.0,16496.0,7503.0,3578.0,35805.0,13553.0,42733.0,15190.0,4540.0,32618.0,21122.0,28596.0,,,,22457.0,26016.0,11828.0,15333.0,95240.0,,,,,,56908.0,88831.0,78154.0
2025-04-02,17984.0,35589.0,48691.0,10349.0,13694.0,27156.0,45008.0,23904.0,12503.0,17825.0,63018.0,15270.0,103563.0,17417.0,48986.0,3765.0,22312.0,29846.0,9208.0,16084.0,17769.0,80984.0,7831.0,32976.0,71950.0,11396.0,15921.0,91539.0,4960.0,61350.0,17061.0,18091.0,4249.0,12704.0,17064.0,7923.0,3717.0,36679.0,34399.0,19038.0,93200.0,,,,,,,,19335.0,9191.0,23509.0,7914.0,12022.0,35498.0,,,,,54437.0,87584.0,77973.0
2025-04-03,18071.0,36348.0,50327.0,11447.0,14080.0,27336.0,47021.0,23765.0,12025.0,18684.0,65537.0,15751.0,112136.0,17623.0,51562.0,3730.0,22208.0,29596.0,10362.0,15874.0,18975.0,84743.0,6693.0,34389.0,67650.0,11425.0,16442.0,98366.0,5330.0,63706.0,17726.0,18240.0,4163.0,12887.0,17203.0,7807.0,3841.0,36078.0,15701.0,45128.0,16099.0,5183.0,35242.0,36895.0,22587.0,19223.0,98329.0,27767.0,20911.0,9955.0,30274.0,8890.0,11435.0,16751.0,12617.0,39691.0,103453.0,,57208.0,94480.0,79069.0
2025-04-04,17498.0,32426.0,45766.0,8368.0,11205.0,22094.0,40765.0,18828.0,8237.0,17008.0,36740.0,16135.0,82953.0,12056.0,30262.0,3046.0,20277.0,28366.0,7222.0,10816.0,13932.0,58165.0,6251.0,26587.0,64974.0,10831.0,12025.0,87786.0,5663.0,54209.0,16384.0,19472.0,4406.0,12804.0,17449.0,8151.0,3269.0,33409.0,15032.0,39545.0,15053.0,5198.0,41505.0,34231.0,20481.0,13416.0,83490.0,23191.0,13913.0,5944.0,21596.0,24518.0,5475.0,9791.0,11294.0,8807.0,33058.0,81821.0,44931.0,84014.0,78200.0
2025-04-07,15717.0,31354.0,42761.0,8893.0,10960.0,21347.0,39288.0,19580.0,9943.0,16129.0,44082.0,12980.0,79695.0,12835.0,37732.0,2694.0,21861.0,27073.0,7317.0,11986.0,14684.0,61823.0,6484.0,24439.0,63568.0,10283.0,12725.0,76014.0,5610.0,53843.0,16247.0,19067.0,3815.0,12112.0,15089.0,7369.0,3229.0,33873.0,13714.0,38004.0,14038.0,4844.0,33445.0,31416.0,19259.0,14892.0,80731.0,26634.0,16118.0,6982.0,20119.0,22843.0,6473.0,9435.0,12560.0,8479.0,29873.0,78717.0,47454.0,74091.0,74414.0
2025-04-08,20292.0,35609.0,48530.0,10666.0,12806.0,25436.0,45128.0,22783.0,12271.0,18072.0,59381.0,14579.0,97750.0,16802.0,48685.0,3079.0,24644.0,29225.0,8988.0,15483.0,17258.0,76955.0,7573.0,30396.0,74266.0,11662.0,15612.0,91216.0,5628.0,60026.0,17271.0,20594.0,4306.0,13285.0,16520.0,7992.0,3688.0,37128.0,16115.0,43370.0,15392.0,5277.0,38893.0,36386.0,21175.0,17808.0,92737.0,28648.0,19315.0,8749.0,23512.0,26861.0,8260.0,10890.0,15022.0,10537.0,34949.0,97460.0,56051.0,91170.0,81049.0
2025-04-09,20728.0,34311.0,48750.0,10120.0,13047.0,26301.0,44934.0,22329.0,11801.0,18423.0,58966.0,14816.0,98321.0,16381.0,46445.0,2943.0,25079.0,28841.0,8806.0,15325.0,16806.0,75932.0,7648.0,31099.0,74775.0,11844.0,15712.0,95354.0,5828.0,61661.0,17323.0,20585.0,4561.0,13417.0,16970.0,8149.0,3745.0,39181.0,17142.0,45050.0,16334.0,5039.0,39742.0,37785.0,21633.0,18458.0,94410.0,27811.0,19675.0,8870.0,24351.0,27672.0,8357.0,10893.0,14525.0,10953.0,34141.0,98597.0,55191.0,93857.0,78688.0
2025-04-10,20291.0,36089.0,48740.0,10710.0,13808.0,28455.0,46869.0,23541.0,12151.0,19524.0,63142.0,14987.0,109573.0,18333.0,48346.0,3138.0,25560.0,29636.0,9055.0,15267.0,17430.0,80097.0,6685.0,30767.0,66996.0,12122.0,16267.0,100861.0,6053.0,65903.0,18038.0,21152.0,4725.0,13720.0,17254.0,8413.0,3705.0,38617.0,17228.0,45051.0,15729.0,5281.0,41346.0,39399.0,22466.0,17875.0,97986.0,28168.0,19863.0,9246.0,25021.0,30057.0,8696.0,11044.0,15631.0,10884.0,35751.0,103675.0,54491.0,97660.0,82196.0
2025-04-11,17513.0,33440.0,46304.0,8162.0,11222.0,22360.0,42261.0,18689.0,9110.0,16664.0,37310.0,15513.0,84049.0,12697.0,30093.0,2704.0,23194.0,28120.0,6758.0,10140.0,13699.0,57431.0,6341.0,24855.0,66425.0,11508.0,12636.0,90025.0,5984.0,55781.0,16981.0,22196.0,4916.0,14338.0,18341.0,9223.0,3593.0,37307.0,17251.0,41756.0,14687.0,6554.0,45194.0,37231.0,20998.0,13897.0,88074.0,28280.0,14072.0,5960.0,23160.0,27353.0,5479.0,9438.0,11826.0,7773.0,28766.0,86464.0,46132.0,88056.0,78813.0
2025-04-14,13338.0,29679.0,41689.0,7826.0,11107.0,21247.0,40396.0,19405.0,9952.0,16268.0,45052.0,12440.0,79706.0,14514.0,35620.0,2712.0,24909.0,26877.0,7469.0,11566.0,14530.0,57816.0,5752.0,23797.0,65938.0,11382.0,13250.0,78581.0,6087.0,54219.0,17187.0,21225.0,3806.0,12308.0,16828.0,7941.0,3252.0,38659.0,15788.0,38389.0,14903.0,5032.0,37799.0,35415.0,18964.0,15975.0,80938.0,30062.0,16697.0,6822.0,21673.0,24517.0,6986.0,9657.0,12788.0,8362.0,28783.0,80225.0,45861.0,73170.0,72054.0
2025-04-15,17054.0,34379.0,45586.0,9416.0,13295.0,26197.0,44415.0,22628.0,11992.0,19021.0,60060.0,14505.0,97013.0,18263.0,44869.0,2958.0,27001.0,27752.0,8480.0,15188.0,16104.0,72323.0,7151.0,29537.0,71870.0,12359.0,16196.0,91718.0,6256.0,60568.0,19443.0,23022.0,4155.0,13151.0,17423.0,8372.0,3476.0,42441.0,17791.0,43673.0,16014.0,4885.0,41655.0,40553.0,20727.0,17507.0,93362.0,29495.0,20288.0,9031.0,24936.0,27893.0,8840.0,11505.0,15315.0,10545.0,32471.0,97687.0,52148.0,91646.0,75617.0
2025-04-16,17883.0,34093.0,46114.0,9227.0,13098.0,26517.0,45265.0,21594.0,11393.0,19326.0,58173.0,14951.0,99967.0,18246.0,42663.0,2979.0,28332.0,28807.0,8385.0,14380.0,16220.0,72209.0,7238.0,29300.0,76978.0,12362.0,16440.0,95269.0,6477.0,62620.0,18903.0,22709.0,4827.0,14486.0,19053.0,8675.0,3486.0,41985.0,18441.0,46191.0,16655.0,6096.0,45522.0,42208.0,21739.0,18465.0,97385.0,34131.0,20444.0,8380.0,23685.0,30800.0,8453.0,11184.0,15544.0,10385.0,33718.0,97583.0,53493.0,94046.0,80464.0
2025-04-17,17104.0,34206.0,45303.0,9206.0,13091.0,25653.0,46414.0,19536.0,10490.0,19349.0,50567.0,15172.0,98612.0,17407.0,37292.0,3171.0,28480.0,27646.0,7953.0,12844.0,14238.0,67280.0,6406.0,27677.0,75128.0,10662.0,15484.0,95050.0,6540.0,60981.0,18778.0,23411.0,4986.0,14442.0,18989.0,9101.0,3526.0,38601.0,18366.0,42167.0,16848.0,6205.0,47898.0,42599.0,21090.0,16559.0,98146.0,32268.0,18179.0,7584.0,23566.0,31007.0,7770.0,10504.0,13922.0,9538.0,33655.0,94550.0,49307.0,94286.0,80867.0
2025-04-22,14578.0,31238.0,47328.0,8535.0,12331.0,22631.0,43985.0,19845.0,10459.0,16146.0,52215.0,14051.0,84008.0,15738.0,41098.0,2502.0,22342.0,26724.0,7822.0,12746.0,15811.0,63668.0,6290.0,24928.0,63147.0,10051.0,13602.0,75851.0,5211.0,52328.0,15868.0,18519.0,3886.0,11817.0,15878.0,6893.0,3259.0,33846.0,12703.0,38292.0,14036.0,4613.0,32423.0,32570.0,18624.0,16170.0,85043.0,27841.0,17492.0,7619.0,19208.0,23954.0,7435.0,9994.0,13562.0,9341.0,30855.0,87474.0,49220.0,79019.0,71246.0
2025-04-23,18913.0,34181.0,48879.0,9394.0,15168.0,27332.0,46103.0,22720.0,11893.0,18059.0,64141.0,14397.0,105550.0,17146.0,40451.0,2997.0,23530.0,27884.0,9175.0,15199.0,17052.0,79473.0,7330.0,29421.0,68837.0,12402.0,16014.0,86782.0,5773.0,58254.0,17834.0,20326.0,4082.0,12403.0,16894.0,7387.0,3407.0,40362.0,14523.0,44394.0,15633.0,4759.0,36604.0,36328.0,20645.0,19613.0,96470.0,32597.0,20459.0,9209.0,22634.0,27376.0,8494.0,12470.0,15669.0,10529.0,34484.0,101281.0,53936.0,87929.0,73578.0
2025-04-24,18123.0,36827.0,49445.0,10445.0,14219.0,29273.0,48761.0,24247.0,12437.0,19511.0,67643.0,15336.0,110505.0,19346.0,50101.0,3660.0,26661.0,28533.0,9265.0,16328.0,18184.0,81596.0,7164.0,32084.0,78703.0,12475.0,17451.0,98565.0,6274.0,63881.0,18912.0,21110.0,4854.0,13672.0,18929.0,8485.0,3779.0,40207.0,16499.0,47811.0,16210.0,5575.0,40105.0,39859.0,22706.0,20204.0,99138.0,32577.0,21130.0,9096.0,24148.0,30788.0,9160.0,12661.0,16502.0,11658.0,35944.0,106230.0,57706.0,98511.0,77615.0
2025-04-25,17147.0,33136.0,45609.0,8529.0,11661.0,22706.0,43415.0,19165.0,8791.0,17753.0,39350.0,16114.0,85566.0,14158.0,32076.0,3514.0,25082.0,27350.0,7228.0,11045.0,14223.0,57859.0,6174.0,26272.0,71094.0,12655.0,13658.0,91255.0,6978.0,57438.0,19337.0,23098.0,4931.0,13655.0,19849.0,9271.0,3425.0,42852.0,16745.0,45061.0,15660.0,6109.0,45958.0,42362.0,21908.0,16047.0,88633.0,29501.0,15738.0,6307.0,22267.0,28123.0,6324.0,11252.0,12363.0,9183.0,34217.0,84024.0,45524.0,86464.0,75993.0
2025-04-28,14273.0,31419.0,43371.0,9163.0,10866.0,22090.0,41116.0,20594.0,10671.0,16997.0,47175.0,13049.0,83199.0,14400.0,40682.0,2784.0,23082.0,28290.0,7900.0,11384.0,16168.0,65723.0,6506.0,24339.0,62849.0,11364.0,12810.0,74852.0,54639.0,17809.0,3823.0,11502.0,16339.0,7425.0,3241.0,37239.0,,,12617.0,41468.0,14962.0,5160.0,31548.0,30748.0,19641.0,17935.0,83595.0,29588.0,17329.0,7771.0,18275.0,25070.0,7658.0,11085.0,13303.0,9667.0,31144.0,81331.0,49202.0,73228.0,73280.0
2025-04-29,18730.0,36075.0,48961.0,10792.0,13166.0,27042.0,47302.0,24349.0,65264.0,18640.0,52254.0,24372.0,,,,,,,9251.0,19415.0,12700.0,16822.0,,,,,,,5926.0,18829.0,5210.0,,,,,,,,13576.0,46171.0,16027.0,5438.0,33763.0,34044.0,22244.0,19818.0,94737.0,30346.0,20942.0,9444.0,21302.0,28922.0,9123.0,12188.0,15676.0,11820.0,35879.0,101137.0,57261.0,92401.0,79723.0
2025-04-30,17745.0,36025.0,49233.0,10821.0,13210.0,27771.0,46445.0,24366.0,13034.0,19032.0,15416.0,107626.0,3545.0,30059.0,,,,,15932.0,83226.0,7928.0,31621.0,73849.0,94028.0,,,,,6585.0,62130.0,18946.0,19838.0,14156.0,18799.0,8561.0,3832.0,38653.0,,14344.0,48073.0,16492.0,5941.0,36567.0,36163.0,22820.0,21033.0,97842.0,32014.0,21367.0,9749.0,22532.0,30085.0,9060.0,12287.0,15547.0,12024.0,36533.0,103397.0,59310.0,93928.0,82194.0
2025-05-01,19204.0,38910.0,50500.0,10240.0,15227.0,29125.0,47791.0,25639.0,11058.0,20606.0,67015.0,15789.0,115210.0,19564.0,51313.0,3385.0,27432.0,29770.0,7979.0,15916.0,16741.0,82654.0,8051.0,32563.0,78968.0,12674.0,17716.0,99038.0,6509.0,65042.0,19978.0,21125.0,5581.0,15410.0,20682.0,9909.0,4383.0,41710.0,15733.0,48970.0,16001.0,6460.0,39683.0,40200.0,23300.0,20713.0,102700.0,33615.0,22862.0,9440.0,24056.0,31382.0,9658.0,12349.0,15844.0,12518.0,38337.0,105906.0,58179.0,100041.0,80778.0
2025-05-02,17606.0,35384.0,43084.0,7927.0,13080.0,21722.0,42620.0,19829.0,8078.0,18376.0,37078.0,15804.0,80634.0,14447.0,30508.0,3032.0,27562.0,28187.0,7275.0,9844.0,13823.0,56461.0,5670.0,26058.0,72372.0,12071.0,13976.0,93040.0,7360.0,55187.0,19312.0,23377.0,5604.0,15509.0,21145.0,9671.0,3682.0,44077.0,16512.0,41131.0,15800.0,6926.0,46075.0,41968.0,22444.0,17808.0,86608.0,33186.0,15893.0,6148.0,23515.0,29937.0,6376.0,11122.0,10938.0,9664.0,32847.0,84904.0,45023.0,85908.0,78699.0
2025-05-06,16578.0,33123.0,48566.0,8871.0,13188.0,25263.0,44371.0,24302.0,10481.0,17875.0,59723.0,14378.0,93682.0,16006.0,47675.0,2819.0,22491.0,29188.0,8548.0,15371.0,16960.0,74294.0,7194.0,29478.0,67804.0,11135.0,15246.0,81560.0,4774.0,56500.0,17184.0,17688.0,4324.0,11910.0,17060.0,7513.0,3689.0,37330.0,12473.0,41196.0,14178.0,4275.0,31235.0,30814.0,20150.0,18221.0,88660.0,27637.0,19031.0,8431.0,20006.0,24764.0,7860.0,11810.0,14983.0,10795.0,33882.0,93280.0,54841.0,84465.0,75898.0
2025-05-07,17984.0,33486.0,48365.0,10245.0,13521.0,27139.0,45200.0,24106.0,12232.0,17951.0,63458.0,15168.0,102392.0,17071.0,50692.0,3125.0,24246.0,29573.0,9683.0,15942.0,18441.0,79561.0,7783.0,31517.0,69760.0,11697.0,16643.0,88222.0,5435.0,61523.0,18350.0,18685.0,4417.0,13329.0,17539.0,7931.0,3701.0,38068.0,13808.0,46447.0,16043.0,5132.0,35680.0,35160.0,21603.0,21001.0,95135.0,30649.0,20377.0,9117.0,21202.0,27822.0,8660.0,12405.0,15800.0,11634.0,35167.0,100172.0,58598.0,90629.0,77510.0
2025-05-08,18602.0,35953.0,50554.0,9130.0,14400.0,29890.0,51287.0,26056.0,10248.0,19850.0,67928.0,15774.0,111786.0,18892.0,52178.0,2967.0,27757.0,29506.0,7750.0,18288.0,16521.0,81729.0,8059.0,32799.0,79293.0,11490.0,18290.0,95786.0,5758.0,62751.0,19483.0,18017.0,4875.0,13583.0,18820.0,8752.0,4172.0,40154.0,13577.0,47999.0,16044.0,4926.0,39067.0,37168.0,22444.0,22315.0,101254.0,33634.0,22237.0,9711.0,26330.0,33425.0,9390.0,13123.0,16524.0,12534.0,37314.0,106390.0,57789.0,97078.0,78523.0
2025-05-09,15719.0,31533.0,46379.0,8258.0,11552.0,21964.0,41532.0,19921.0,9223.0,17129.0,38717.0,15042.0,81556.0,13718.0,32336.0,2724.0,24528.0,28310.0,7499.0,10667.0,15552.0,59180.0,6442.0,25384.0,67992.0,11179.0,12886.0,86710.0,6468.0,55994.0,19039.0,18988.0,4808.0,12860.0,19689.0,8628.0,3351.0,39615.0,13829.0,44877.0,15541.0,5191.0,41761.0,35866.0,21153.0,16471.0,83831.0,28780.0,17108.0,6109.0,20814.0,27826.0,5970.0,10670.0,12609.0,8964.0,34338.0,84937.0,45406.0,87777.0,79740.0
2025-05-12,14439.0,31973.0,45751.0,9692.0,6640.0,21596.0,40501.0,22337.0,10600.0,15568.0,48818.0,13980.0,86014.0,14035.0,41895.0,3378.0,20700.0,28034.0,8464.0,13810.0,17598.0,66301.0,6142.0,26592.0,58207.0,10633.0,14398.0,69677.0,5695.0,49080.0,25633.0,17346.0,4661.0,10171.0,15836.0,6577.0,957.0,10461.0,10220.0,42868.0,13866.0,4819.0,25116.0,11869.0,18976.0,15714.0,81681.0,26964.0,16664.0,7156.0,16362.0,22677.0,6591.0,10526.0,9628.0,10064.0,31439.0,70216.0,43002.0,70530.0,72760.0
2025-05-13,18381.0,35021.0,48367.0,10315.0,13181.0,26148.0,45402.0,24390.0,12679.0,17546.0,64657.0,14839.0,102028.0,17647.0,51404.0,3358.0,23879.0,30185.0,9793.0,15956.0,18898.0,81498.0,7861.0,31013.0,70255.0,11425.0,16108.0,88145.0,5811.0,61268.0,18530.0,18275.0,4312.0,12656.0,17380.0,7388.0,3633.0,38025.0,13315.0,44678.0,15997.0,4981.0,32624.0,31415.0,21405.0,20189.0,91932.0,31256.0,20719.0,9271.0,19982.0,28635.0,8725.0,11986.0,15942.0,10635.0,35267.0,100538.0,59110.0,91851.0,79478.0
2025-05-14,18892.0,35777.0,49319.0,10698.0,13503.0,27143.0,47396.0,23464.0,12593.0,18229.0,63602.0,15652.0,105695.0,17489.0,50711.0,3379.0,23307.0,30169.0,8964.0,16019.0,19382.0,83965.0,7880.0,31389.0,61094.0,12311.0,16634.0,94740.0,5892.0,65955.0,18948.0,19259.0,4884.0,13490.0,17466.0,7721.0,3750.0,38813.0,13992.0,48660.0,16130.0,5926.0,36760.0,34976.0,22902.0,20030.0,95594.0,32924.0,20312.0,9207.0,21970.0,30412.0,8644.0,11879.0,16231.0,12082.0,35517.0,102228.0,59968.0,92963.0,79302.0
2025-05-15,19176.0,36193.0,50943.0,10770.0,14113.0,29091.0,48898.0,24422.0,12951.0,19995.0,67300.0,15719.0,112078.0,17828.0,51461.0,3076.0,24383.0,29439.0,9323.0,17193.0,19824.0,85921.0,8188.0,34161.0,77265.0,12690.0,17656.0,96439.0,7122.0,63831.0,19781.0,20070.0,5163.0,13672.0,18783.0,5420.0,3552.0,41389.0,15523.0,46546.0,16071.0,4673.0,39581.0,37181.0,23466.0,20609.0,99497.0,29916.0,21989.0,9536.0,23240.0,30445.0,9051.0,12781.0,16943.0,12297.0,37398.0,110626.0,59374.0,97831.0,80392.0
2025-05-16,17912.0,32498.0,43870.0,8030.0,11250.0,20777.0,43196.0,19491.0,9226.0,17162.0,38073.0,15836.0,83335.0,12981.0,31201.0,2851.0,23094.0,27862.0,6822.0,10792.0,15164.0,59517.0,5974.0,25623.0,66215.0,11991.0,12821.0,87307.0,6644.0,54677.0,18872.0,20222.0,4891.0,13410.0,19236.0,8114.0,3312.0,38876.0,14656.0,41898.0,16012.0,4999.0,33428.0,22883.0,16117.0,88695.0,,,16296.0,5806.0,11174.0,11589.0,9019.0,34428.0,,,,,47114.0,85047.0,79119.0
2025-05-19,14264.0,30490.0,43872.0,8315.0,11384.0,21405.0,40677.0,21649.0,10002.0,15416.0,47328.0,13517.0,81842.0,13638.0,40357.0,2685.0,21687.0,28179.0,7689.0,12705.0,15859.0,63599.0,4902.0,24982.0,62886.0,10387.0,13391.0,74885.0,5721.0,48467.0,17695.0,18165.0,4331.0,11987.0,16261.0,7036.0,3038.0,35686.0,11408.0,39545.0,14522.0,4443.0,29599.0,27179.0,27875.0,16196.0,82286.0,27423.0,17101.0,7447.0,17295.0,23621.0,7384.0,10506.0,12819.0,9037.0,30813.0,80604.0,50141.0,73429.0,72906.0
2025-05-20,17521.0,35395.0,51489.0,9923.0,14550.0,26532.0,46174.0,24877.0,11634.0,18035.0,62678.0,14554.0,102041.0,17609.0,50212.0,3058.0,23768.0,29802.0,8895.0,16102.0,17995.0,82915.0,7716.0,30697.0,69607.0,11915.0,16806.0,88082.0,5557.0,60471.0,19065.0,19322.0,4970.0,13229.0,17700.0,7753.0,3705.0,38512.0,12767.0,46524.0,15697.0,5407.0,33332.0,32233.0,43300.0,19710.0,95779.0,29381.0,21068.0,9377.0,20725.0,28654.0,8774.0,12255.0,15352.0,11102.0,35326.0,102018.0,57360.0,90041.0,78674.0
2025-05-21,19279.0,34294.0,52483.0,10279.0,14254.0,28088.0,48013.0,24022.0,12422.0,18328.0,62849.0,15689.0,105859.0,15993.0,50021.0,3054.0,23055.0,29044.0,10115.0,15941.0,18584.0,84895.0,7934.0,31498.0,72262.0,12000.0,16367.0,90489.0,6061.0,60240.0,18838.0,19407.0,4807.0,12877.0,17863.0,7363.0,3447.0,39447.0,14081.0,45884.0,16859.0,4814.0,36400.0,33300.0,40964.0,19788.0,100161.0,29448.0,21105.0,9770.0,21255.0,29486.0,8703.0,12914.0,16278.0,11401.0,38220.0,104689.0,56445.0,93790.0,78057.0
2025-05-22,18901.0,35487.0,52196.0,10278.0,14250.0,29108.0,50201.0,24355.0,13488.0,18421.0,64737.0,15719.0,109121.0,16719.0,50128.0,3314.0,26260.0,29105.0,10016.0,16489.0,18666.0,86463.0,8021.0,32661.0,76305.0,12320.0,17001.0,95159.0,6467.0,62245.0,19684.0,20928.0,4687.0,13543.0,18473.0,7550.0,3509.0,39824.0,14587.0,46094.0,16918.0,5481.0,38824.0,35043.0,42245.0,18619.0,103565.0,28615.0,21088.0,9587.0,22121.0,29587.0,7801.0,12689.0,15750.0,11051.0,37721.0,106761.0,56491.0,93845.0,79952.0
2025-05-23,16762.0,30631.0,49163.0,7736.0,11528.0,21431.0,43830.0,18847.0,8712.0,16496.0,35246.0,15596.0,81964.0,12089.0,30180.0,2502.0,22410.0,27917.0,7117.0,10055.0,14538.0,56177.0,6106.0,24980.0,65151.0,12162.0,12024.0,84459.0,6363.0,54103.0,19089.0,21386.0,2525.0,13253.0,18461.0,8567.0,3073.0,40285.0,14330.0,38873.0,16401.0,5158.0,45493.0,33671.0,45048.0,14014.0,92925.0,26069.0,15536.0,6102.0,21127.0,28292.0,5490.0,10602.0,10607.0,8412.0,35183.0,84462.0,43343.0,84724.0,78851.0
2025-05-27,15764.0,31502.0,47013.0,9161.0,13007.0,24131.0,48635.0,22005.0,11922.0,15420.0,54617.0,13834.0,89934.0,15789.0,43895.0,2973.0,25226.0,27383.0,9578.0,15545.0,17121.0,65210.0,8011.0,30254.0,68307.0,10965.0,15185.0,84508.0,5380.0,56882.0,18454.0,20325.0,4394.0,12790.0,15267.0,7559.0,3035.0,45271.0,15151.0,40714.0,14753.0,4388.0,38415.0,33931.0,19690.0,15228.0,89213.0,24694.0,19516.0,8109.0,20869.0,24432.0,7489.0,9998.0,13958.0,9580.0,31334.0,92630.0,53701.0,85777.0,79993.0
2025-05-28,17059.0,33733.0,45320.0,9703.0,13368.0,26172.0,43774.0,22627.0,11857.0,17928.0,58333.0,14984.0,98818.0,17488.0,45863.0,3196.0,27030.0,28282.0,8671.0,14405.0,17039.0,73973.0,7493.0,30594.0,73122.0,10844.0,16230.0,93972.0,5949.0,62154.0,18736.0,19866.0,4529.0,13215.0,16822.0,8285.0,3025.0,40852.0,15834.0,45686.0,15512.0,5176.0,42183.0,36809.0,21042.0,18142.0,97729.0,26555.0,21478.0,8912.0,22552.0,30217.0,8103.0,10935.0,14516.0,10694.0,33944.0,97713.0,53689.0,94104.0,80228.0
2025-05-29,16838.0,37286.0,45229.0,10212.0,14053.0,26601.0,46636.0,23287.0,12408.0,18538.0,62397.0,15177.0,105735.0,18215.0,48550.0,3276.0,28736.0,28630.0,9398.0,15592.0,17514.0,77357.0,7518.0,32291.0,79300.0,11561.0,17106.0,102299.0,6261.0,64636.0,19871.0,20883.0,4923.0,14141.0,17761.0,8947.0,3608.0,43210.0,15170.0,46643.0,16564.0,5884.0,42150.0,38564.0,22456.0,18125.0,100502.0,31103.0,20539.0,9048.0,24211.0,32281.0,8753.0,11099.0,15421.0,11052.0,35958.0,105125.0,56176.0,97486.0,82047.0
2025-05-30,16134.0,33667.0,43881.0,8364.0,12488.0,20668.0,42999.0,19129.0,10847.0,15849.0,37440.0,15639.0,85315.0,13359.0,30670.0,3199.0,28891.0,28565.0,6990.0,10260.0,14513.0,57914.0,6109.0,26004.0,72594.0,11628.0,13082.0,94173.0,6299.0,58493.0,19249.0,22495.0,5227.0,14490.0,19026.0,9636.0,3481.0,44205.0,17011.0,42708.0,15601.0,5971.0,47814.0,37841.0,21289.0,15101.0,88525.0,30098.0,15685.0,6060.0,21356.0,28687.0,5634.0,9871.0,11575.0,7287.0,33250.0,91661.0,44475.0,86961.0,85808.0
2025-06-02,13795.0,29548.0,41916.0,7869.0,10945.0,21077.0,38356.0,20349.0,8471.0,15660.0,45724.0,13073.0,80743.0,12368.0,39551.0,2672.0,20629.0,27713.0,6756.0,12379.0,14384.0,60907.0,5743.0,24535.0,60137.0,10001.0,13182.0,73004.0,4760.0,52784.0,17182.0,16933.0,4151.0,12157.0,15430.0,7921.0,3217.0,35281.0,9899.0,38387.0,12980.0,3231.0,28833.0,26130.0,19150.0,15025.0,75878.0,25628.0,17078.0,7516.0,17204.0,22715.0,6435.0,9927.0,12192.0,8288.0,29811.0,80268.0,48690.0,72567.0,73464.0
2025-06-03,17537.0,33617.0,47655.0,10182.0,13723.0,27327.0,44664.0,23777.0,11991.0,17703.0,63189.0,14848.0,100232.0,16701.0,51400.0,2850.0,23035.0,29359.0,9210.0,16195.0,17832.0,76353.0,7889.0,30186.0,74716.0,12045.0,16506.0,88723.0,5345.0,48221.0,18338.0,18491.0,4311.0,13581.0,16535.0,7904.0,3354.0,41654.0,12974.0,43550.0,15189.0,4147.0,31982.0,30908.0,21455.0,18947.0,92675.0,28750.0,20831.0,9630.0,19077.0,24849.0,8354.0,12115.0,14754.0,10645.0,38439.0,99794.0,57186.0,90014.0,77898.0
2025-06-04,17819.0,34768.0,51078.0,10375.0,13663.0,28019.0,45391.0,23772.0,12437.0,18009.0,63274.0,15404.0,106495.0,17739.0,50932.0,3318.0,23684.0,30274.0,9458.0,15895.0,18341.0,77798.0,7317.0,30022.0,71471.0,11817.0,16558.0,92508.0,5964.0,62441.0,18691.0,19187.0,4318.0,13194.0,17262.0,8138.0,3658.0,38967.0,13871.0,46003.0,15248.0,4849.0,36096.0,34296.0,21670.0,19356.0,94283.0,32969.0,21368.0,9568.0,21329.0,27737.0,8546.0,11954.0,15044.0,11127.0,35557.0,102406.0,57368.0,92365.0,80200.0
2025-06-05,18580.0,35747.0,54836.0,10564.0,15297.0,30920.0,47946.0,24327.0,12508.0,19055.0,61250.0,15985.0,116555.0,18139.0,53694.0,3183.0,24666.0,29207.0,9975.0,17978.0,18782.0,80953.0,8015.0,32218.0,76713.0,12533.0,17521.0,96861.0,5717.0,62363.0,19485.0,19651.0,4831.0,13815.0,18006.0,8880.0,3491.0,43068.0,15376.0,45573.0,15962.0,4592.0,38085.0,36263.0,22706.0,19200.0,103570.0,29919.0,22811.0,11053.0,23992.0,30705.0,9363.0,12697.0,19301.0,11770.0,39965.0,88592.0,55803.0,97143.0,80119.0
2025-06-06,16752.0,34285.0,51308.0,7730.0,12668.0,21749.0,44267.0,19075.0,8623.0,16903.0,38996.0,17968.0,86830.0,13387.0,32648.0,2805.0,28282.0,,7242.0,10563.0,14897.0,58722.0,5362.0,24856.0,11917.0,12858.0,,,6303.0,55647.0,19234.0,5226.0,9020.0,3092.0,,,,,16490.0,41394.0,15087.0,5141.0,44413.0,36001.0,20454.0,14711.0,91274.0,27006.0,15943.0,6132.0,20133.0,26198.0,5528.0,10656.0,11126.0,7611.0,35678.0,91181.0,43196.0,87448.0,109281.0
2025-06-09,13515.0,31815.0,44076.0,9279.0,11590.0,21192.0,42645.0,19738.0,10020.0,15633.0,47355.0,13508.0,83197.0,14300.0,40200.0,2799.0,24157.0,27052.0,8457.0,12916.0,15840.0,60633.0,6312.0,25357.0,63137.0,10151.0,14052.0,78543.0,6125.0,55279.0,18197.0,18241.0,4563.0,12952.0,17163.0,8348.0,3261.0,37696.0,11061.0,41343.0,15188.0,4172.0,31791.0,30984.0,19963.0,17113.0,84062.0,31522.0,18298.0,7442.0,18238.0,25045.0,7072.0,10679.0,12616.0,8736.0,28838.0,84843.0,50784.0,74602.0,72535.0
2025-06-10,17081.0,36048.0,54140.0,9804.0,14348.0,25784.0,44488.0,24363.0,11691.0,17562.0,63576.0,15016.0,107174.0,16799.0,50352.0,3117.0,25189.0,29564.0,8470.0,16279.0,16159.0,76416.0,7765.0,32079.0,72039.0,10212.0,17506.0,92019.0,5123.0,63455.0,19365.0,20909.0,5555.0,13979.0,18928.0,10081.0,3757.0,40255.0,14354.0,46625.0,15248.0,5542.0,35525.0,34498.0,21987.0,18625.0,96996.0,32005.0,21002.0,9121.0,20673.0,28747.0,8719.0,12464.0,15405.0,10505.0,37249.0,102871.0,57730.0,93760.0,80004.0
2025-06-11,17229.0,38959.0,52026.0,10780.0,13185.0,26264.0,48094.0,23438.0,12358.0,18395.0,62064.0,16211.0,106293.0,17676.0,50173.0,3452.0,26192.0,29715.0,9680.0,15859.0,18985.0,80625.0,7161.0,31216.0,73591.0,12065.0,16707.0,96682.0,6681.0,64750.0,19171.0,21804.0,5415.0,14992.0,18609.0,8828.0,3962.0,38636.0,15128.0,49851.0,16311.0,5266.0,36723.0,36954.0,23111.0,21064.0,98940.0,32418.0,20763.0,9481.0,21975.0,31337.0,8580.0,12756.0,15359.0,10760.0,36867.0,105368.0,58703.0,94315.0,79431.0
2025-06-12,18821.0,41986.0,53706.0,11086.0,14554.0,28755.0,49020.0,23475.0,12592.0,18546.0,65652.0,16090.0,115819.0,18592.0,52408.0,3395.0,26862.0,29143.0,10435.0,16247.0,19154.0,82607.0,7720.0,31737.0,77999.0,11852.0,17534.0,99654.0,6103.0,64851.0,20149.0,20690.0,5433.0,14322.0,18594.0,9041.0,3743.0,40927.0,14118.0,49335.0,16857.0,5594.0,38168.0,36403.0,23734.0,19996.0,103473.0,32027.0,21509.0,9627.0,22932.0,31257.0,8941.0,13438.0,15606.0,10863.0,41332.0,109621.0,57581.0,101668.0,80400.0
2025-06-13,15754.0,36824.0,47053.0,8089.0,11661.0,20915.0,43925.0,18646.0,10060.0,15383.0,37880.0,17490.0,84697.0,12901.0,32152.0,2945.0,23696.0,28833.0,6987.0,10233.0,14257.0,56870.0,6133.0,24492.0,66401.0,11295.0,12598.0,88769.0,6713.0,56962.0,19209.0,20404.0,5041.0,14011.0,18850.0,9400.0,3371.0,38261.0,15668.0,43836.0,15381.0,6530.0,43110.0,35488.0,21513.0,15116.0,91358.0,28575.0,14854.0,5962.0,19602.0,26535.0,5354.0,10744.0,10798.0,7478.0,34064.0,89214.0,45441.0,88254.0,79525.0
2025-06-16,12686.0,30907.0,48763.0,8702.0,11361.0,19804.0,42193.0,20397.0,9674.0,15162.0,47135.0,14334.0,88824.0,13752.0,40095.0,2612.0,23663.0,27564.0,7990.0,12431.0,16991.0,62528.0,6022.0,24467.0,63196.0,10601.0,13989.0,76122.0,5993.0,55353.0,17920.0,19697.0,4596.0,12490.0,16671.0,8310.0,3122.0,35159.0,12925.0,41273.0,14813.0,4937.0,29968.0,29853.0,19909.0,17097.0,89588.0,29253.0,17421.0,7307.0,17590.0,25279.0,7258.0,10655.0,12293.0,8534.0,32938.0,84505.0,48825.0,72271.0,74590.0
2025-06-17,17793.0,35569.0,50537.0,10772.0,13023.0,26294.0,46158.0,23621.0,12625.0,17330.0,62817.0,15300.0,103716.0,16901.0,49862.0,3254.0,25927.0,29281.0,9364.0,17767.0,18555.0,77424.0,7468.0,30913.0,72622.0,11622.0,17078.0,90750.0,6474.0,63298.0,19290.0,20555.0,5120.0,14093.0,18359.0,8641.0,3835.0,38587.0,14251.0,46366.0,16092.0,6074.0,33877.0,33487.0,22538.0,20020.0,96472.0,33284.0,21063.0,9432.0,20074.0,29372.0,8790.0,11911.0,14766.0,11519.0,35186.0,102354.0,57304.0,93081.0,80359.0
2025-06-18,17055.0,38326.0,52187.0,11344.0,13715.0,26378.0,47472.0,23472.0,12236.0,17533.0,62443.0,15969.0,105084.0,17816.0,50396.0,3200.0,25649.0,28790.0,9597.0,15245.0,18902.0,79537.0,7651.0,30153.0,75109.0,12001.0,16725.0,94426.0,6529.0,65694.0,19444.0,20707.0,5233.0,14204.0,18431.0,8560.0,4554.0,40351.0,14805.0,48463.0,16726.0,5928.0,36334.0,34128.0,23394.0,20476.0,98014.0,33847.0,21183.0,8822.0,21379.0,30715.0,8889.0,12207.0,15154.0,11027.0,38233.0,107341.0,58947.0,94909.0,81141.0
2025-06-19,17502.0,45816.0,50542.0,13101.0,14359.0,26807.0,50246.0,23766.0,13631.0,17750.0,63016.0,16175.0,116190.0,18179.0,51922.0,3342.0,27832.0,29336.0,10154.0,14762.0,19912.0,83961.0,7505.0,30723.0,70924.0,12074.0,16547.0,100393.0,6741.0,71511.0,20414.0,22069.0,5687.0,9122.0,18313.0,8867.0,5473.0,42086.0,13714.0,48235.0,17140.0,6840.0,37743.0,37169.0,23760.0,19886.0,101456.0,33098.0,21468.0,10251.0,22528.0,31463.0,9083.0,11864.0,15489.0,11328.0,37086.0,112418.0,58387.0,98682.0,83211.0
2025-06-20,16388.0,38478.0,46973.0,10049.0,12965.0,21424.0,47148.0,19173.0,9813.0,16256.0,36834.0,15383.0,86931.0,11750.0,32048.0,2854.0,25207.0,27484.0,7373.0,9809.0,16293.0,58651.0,5810.0,23774.0,67642.0,11072.0,12427.0,90306.0,6861.0,58806.0,19652.0,21332.0,5691.0,13915.0,18567.0,8991.0,4941.0,40485.0,14698.0,43794.0,15888.0,6283.0,40177.0,35158.0,22514.0,16361.0,88237.0,31377.0,15141.0,5944.0,20464.0,27157.0,5968.0,10633.0,11484.0,8021.0,36643.0,93209.0,47547.0,90366.0,80799.0
2025-06-23,13270.0,31301.0,43217.0,8505.0,11502.0,20811.0,41961.0,19913.0,10675.0,15027.0,48258.0,13603.0,83740.0,14053.0,41120.0,2716.0,23016.0,27481.0,7806.0,12471.0,15523.0,62289.0,6367.0,24440.0,67487.0,11221.0,14317.0,79892.0,5297.0,57678.0,18098.0,19760.0,4636.0,12504.0,16976.0,8445.0,3161.0,36869.0,13758.0,40778.0,14429.0,5366.0,33563.0,31467.0,20172.0,16142.0,84150.0,30003.0,16560.0,7268.0,19109.0,25063.0,7165.0,10479.0,12660.0,8741.0,30653.0,83040.0,48900.0,73721.0,73691.0
2025-06-24,17291.0,37889.0,50336.0,10584.0,14144.0,25709.0,48834.0,23474.0,12823.0,17913.0,64306.0,15340.0,106630.0,17845.0,51799.0,3278.0,25914.0,29163.0,9863.0,15657.0,18660.0,80398.0,7711.0,30181.0,76679.0,11611.0,17382.0,93050.0,5891.0,65566.0,19373.0,20558.0,4409.0,13637.0,17620.0,8883.0,3742.0,39474.0,13689.0,47925.0,16504.0,5252.0,35189.0,33841.0,22455.0,19538.0,96500.0,33055.0,21195.0,9413.0,21960.0,29543.0,9206.0,12114.0,15333.0,11510.0,36162.0,103926.0,58952.0,94438.0,80783.0
2025-06-25,17116.0,35788.0,51350.0,10631.0,13519.0,25498.0,47802.0,22865.0,12217.0,17332.0,62357.0,15867.0,105259.0,17573.0,51262.0,3185.0,26786.0,28986.0,9674.0,15536.0,19254.0,79421.0,7670.0,30408.0,75526.0,12053.0,17154.0,94648.0,6371.0,66723.0,19937.0,21418.0,4872.0,14036.0,18537.0,9004.0,3484.0,43013.0,15786.0,49611.0,16920.0,6328.0,37503.0,35853.0,23552.0,20531.0,99753.0,34678.0,20753.0,9674.0,22091.0,30825.0,9421.0,12310.0,15103.0,10905.0,36270.0,102974.0,57358.0,91742.0,80337.0
2025-06-26,17931.0,38399.0,51134.0,11158.0,15605.0,27964.0,51793.0,22604.0,13178.0,17926.0,64994.0,15812.0,114805.0,17863.0,52393.0,3175.0,27276.0,28646.0,9778.0,15781.0,21160.0,84963.0,7886.0,31881.0,74402.0,12037.0,17697.0,101600.0,6659.0,70113.0,20792.0,21916.0,5297.0,14569.0,18719.0,9209.0,3676.0,44565.0,15843.0,48255.0,17111.0,6626.0,40019.0,39759.0,24814.0,20012.0,105486.0,32262.0,21724.0,9524.0,23526.0,31631.0,9247.0,9723.0,15914.0,11567.0,28893.0,112526.0,56517.0,99825.0,83289.0
2025-06-27,16315.0,35197.0,48344.0,7511.0,13263.0,21312.0,46702.0,19815.0,6609.0,16888.0,38248.0,15858.0,87427.0,13258.0,32377.0,2876.0,25779.0,27861.0,6718.0,10694.0,15069.0,56137.0,6495.0,24518.0,73803.0,13428.0,14031.0,94519.0,6488.0,68319.0,19486.0,26851.0,6820.0,20160.0,20055.0,10100.0,3479.0,43101.0,15617.0,48858.0,16487.0,11676.0,45890.0,40488.0,23093.0,15301.0,94725.0,28868.0,15678.0,6172.0,21018.0,27471.0,6322.0,5200.0,12036.0,8256.0,34869.0,89743.0,46454.0,89087.0,81449.0
2025-06-30,12705.0,30970.0,41843.0,8553.0,11016.0,19438.0,47800.0,19130.0,9956.0,15247.0,46172.0,11959.0,82532.0,14368.0,40478.0,2843.0,24573.0,27147.0,7868.0,11463.0,15459.0,63382.0,6171.0,22907.0,63662.0,10591.0,13087.0,77265.0,6762.0,57056.0,17909.0,20276.0,4336.0,13114.0,15969.0,7857.0,2976.0,37320.0,12638.0,38881.0,15575.0,5225.0,31119.0,28468.0,20744.0,16623.0,87065.0,30693.0,18289.0,7599.0,17592.0,25543.0,7267.0,7831.0,12036.0,8840.0,31021.0,81608.0,41386.0,70915.0,73980.0
2025-07-01,15289.0,34723.0,47939.0,10344.0,11083.0,23982.0,49740.0,22676.0,12993.0,17218.0,59681.0,13892.0,101013.0,17552.0,49944.0,3253.0,25441.0,28429.0,8861.0,14130.0,19021.0,77038.0,7246.0,27716.0,69527.0,11435.0,15230.0,90015.0,6032.0,64673.0,18683.0,20645.0,2715.0,13347.0,16886.0,8180.0,3294.0,38590.0,,,,,,,,,,,21268.0,9222.0,8403.0,10723.0,,,,,,,53674.0,88110.0,78082.0
2025-07-02,18019.0,37781.0,52493.0,10398.0,15654.0,27090.0,53800.0,24589.0,15476.0,11781.0,66725.0,15842.0,110470.0,16926.0,52497.0,4401.0,25624.0,30596.0,9426.0,16124.0,18710.0,80243.0,8454.0,31736.0,77260.0,13001.0,17905.0,95634.0,6595.0,70785.0,19789.0,23550.0,3201.0,15125.0,19284.0,9627.0,3789.0,40916.0,16259.0,51024.0,17261.0,7115.0,42728.0,40237.0,23303.0,18723.0,100932.0,36806.0,27587.0,30622.0,12275.0,15605.0,37003.0,110456.0,,,,,58726.0,97932.0,81844.0
2025-07-03,18558.0,41401.0,57156.0,11301.0,16990.0,28733.0,58152.0,25291.0,15901.0,10591.0,69166.0,16955.0,120334.0,16794.0,56412.0,4298.0,27504.0,30813.0,14733.0,19543.0,21570.0,62123.0,8062.0,33758.0,85199.0,13111.0,19943.0,105601.0,6712.0,72434.0,20793.0,24227.0,5225.0,16804.0,20195.0,10159.0,4002.0,40717.0,17683.0,52677.0,17472.0,7940.0,41088.0,41385.0,24130.0,17752.0,108549.0,35030.0,20785.0,8423.0,26815.0,30637.0,8442.0,12249.0,17030.0,10038.0,40626.0,119517.0,59798.0,105673.0,86510.0
2025-07-04,17141.0,38226.0,58053.0,8449.0,14453.0,22331.0,53411.0,20282.0,9723.0,17507.0,38800.0,17110.0,93834.0,13581.0,32961.0,2828.0,26667.0,28304.0,6991.0,10519.0,17335.0,60015.0,6388.0,26238.0,78456.0,12884.0,13924.0,93585.0,7024.0,71260.0,20957.0,27321.0,6473.0,21329.0,22533.0,10562.0,3613.0,42629.0,17704.0,51790.0,17281.0,12114.0,44056.0,40596.0,23241.0,15787.0,99322.0,31518.0,15698.0,6137.0,22357.0,29027.0,5957.0,10575.0,12821.0,8605.0,39900.0,98041.0,48168.0,95723.0,83891.0
2025-07-07,14115.0,33289.0,46873.0,8901.0,11140.0,21720.0,44917.0,20703.0,10526.0,16232.0,49124.0,14397.0,86795.0,13967.0,39418.0,2837.0,26481.0,27939.0,7871.0,12444.0,16822.0,63734.0,7144.0,26992.0,66658.0,12183.0,14390.0,81999.0,6272.0,61157.0,18294.0,22243.0,4295.0,14400.0,18128.0,8975.0,2927.0,37054.0,14221.0,41549.0,15002.0,5966.0,36613.0,34148.0,20617.0,17460.0,88971.0,33209.0,18132.0,7649.0,19128.0,26055.0,7118.0,9582.0,13309.0,9075.0,25250.0,93786.0,49654.0,76534.0,77082.0
2025-07-08,17255.0,37529.0,51764.0,10573.0,14067.0,26403.0,50858.0,24440.0,13891.0,16594.0,64890.0,16250.0,106360.0,18356.0,50845.0,3253.0,28191.0,32908.0,9240.0,15417.0,18885.0,79497.0,8091.0,31642.0,78096.0,12767.0,17450.0,96262.0,6358.0,69495.0,19435.0,23370.0,354.0,16807.0,19065.0,10003.0,3812.0,38241.0,16699.0,48692.0,16259.0,7322.0,38971.0,38585.0,21828.0,19952.0,99793.0,34280.0,21176.0,9226.0,22270.0,31443.0,8873.0,11898.0,15510.0,11232.0,34843.0,108045.0,58547.0,96655.0,84164.0
2025-07-09,18269.0,37261.0,52350.0,10592.0,13985.0,26535.0,51866.0,23284.0,12522.0,18037.0,63083.0,14830.0,108396.0,19390.0,50873.0,3333.0,29125.0,29823.0,10004.0,13982.0,19834.0,81450.0,7712.0,30009.0,78566.0,12397.0,16096.0,93985.0,7379.0,68089.0,19607.0,22704.0,4398.0,14867.0,19121.0,8413.0,3663.0,40148.0,15839.0,50022.0,16768.0,6513.0,39460.0,38402.0,23268.0,21223.0,101715.0,37779.0,21904.0,9524.0,22789.0,32595.0,9263.0,10536.0,15703.0,11395.0,33847.0,106827.0,58716.0,97362.0,83530.0
2025-07-10,18366.0,44420.0,54685.0,11337.0,14775.0,27360.0,54241.0,23811.0,13435.0,18393.0,63636.0,15314.0,118042.0,18669.0,51848.0,3417.0,28833.0,30032.0,9735.0,13848.0,21124.0,85009.0,7790.0,34260.0,75157.0,12557.0,16320.0,105375.0,7364.0,73172.0,19916.0,23199.0,4690.0,15319.0,19701.0,8832.0,3706.0,38996.0,9227.0,49977.0,16532.0,8198.0,45839.0,39890.0,23454.0,19216.0,109873.0,35505.0,22266.0,9692.0,24370.0,33759.0,9738.0,10936.0,16397.0,12477.0,35891.0,117494.0,59195.0,104594.0,84789.0
2025-07-11,16623.0,39220.0,52914.0,8384.0,13120.0,21945.0,48057.0,19257.0,9376.0,16622.0,38459.0,15387.0,89032.0,12407.0,32498.0,2712.0,25659.0,27980.0,7269.0,8895.0,16677.0,59761.0,5965.0,25702.0,68962.0,12299.0,12805.0,92406.0,6944.0,65609.0,18704.0,22323.0,5399.0,19529.0,19127.0,9493.0,3191.0,32287.0,13795.0,48967.0,14527.0,11488.0,44001.0,36851.0,20059.0,13264.0,96301.0,30207.0,15276.0,5797.0,20495.0,28023.0,5409.0,9921.0,12682.0,8108.0,37588.0,96495.0,48079.0,91789.0,80214.0
2025-07-14,13132.0,36215.0,43009.0,8802.0,12054.0,20394.0,44646.0,20158.0,10724.0,16811.0,40518.0,12987.0,85994.0,13309.0,39906.0,3181.0,25570.0,27828.0,7778.0,11186.0,16383.0,64566.0,5888.0,24932.0,66538.0,12118.0,13936.0,80290.0,6460.0,58272.0,17656.0,21456.0,3601.0,13254.0,16861.0,8148.0,3310.0,35462.0,14790.0,40559.0,14429.0,5691.0,34865.0,33421.0,19549.0,16267.0,86934.0,32105.0,18354.0,9169.0,19127.0,27007.0,7426.0,9837.0,13189.0,8948.0,31472.0,88515.0,50255.0,76732.0,75725.0
2025-07-15,16368.0,35170.0,49030.0,10367.0,13468.0,26077.0,48274.0,23665.0,12811.0,18593.0,14235.0,104384.0,49946.0,3005.0,27126.0,,,,15289.0,30149.0,78088.0,15962.0,93785.0,,,,,,6021.0,65522.0,22302.0,3734.0,13455.0,17658.0,8281.0,3509.0,39190.0,,15496.0,45976.0,15517.0,6169.0,39779.0,39703.0,21346.0,19148.0,95543.0,34242.0,21156.0,9329.0,22548.0,28975.0,8528.0,11384.0,15133.0,10882.0,34921.0,102587.0,55994.0,93025.0,81460.0
2025-07-16,16776.0,41222.0,54816.0,9835.0,14572.0,26012.0,49483.0,23402.0,11328.0,18868.0,62206.0,15322.0,17771.0,49336.0,3442.0,28447.0,29689.0,,9289.0,14882.0,19060.0,77205.0,7589.0,12512.0,16959.0,,,,18384.0,14293.0,17958.0,3718.0,38175.0,,,,,,16660.0,48734.0,15635.0,6248.0,39670.0,39423.0,21215.0,19750.0,101141.0,36071.0,20495.0,9019.0,23254.0,31542.0,8439.0,11519.0,15383.0,10939.0,36195.0,109156.0,58882.0,95724.0,81545.0
2025-07-17,16560.0,37097.0,52094.0,10595.0,13799.0,27662.0,49649.0,23485.0,63820.0,111701.0,18182.0,28826.0,,,,,,,9704.0,19379.0,80928.0,7855.0,31745.0,81541.0,12654.0,101241.0,,,6396.0,66604.0,18480.0,21281.0,4264.0,9001.0,,,,,17366.0,46822.0,15468.0,5930.0,41506.0,40845.0,21244.0,18726.0,101108.0,33649.0,20727.0,9159.0,23836.0,31572.0,8543.0,11637.0,15925.0,11370.0,36761.0,109637.0,57998.0,97427.0,82524.0
2025-07-18,14803.0,32372.0,48656.0,7549.0,11425.0,20220.0,44408.0,18842.0,8289.0,16533.0,36273.0,15200.0,88174.0,12863.0,31212.0,2758.0,25288.0,27520.0,6569.0,9940.0,14074.0,57819.0,5862.0,23595.0,68767.0,12366.0,12147.0,91597.0,6363.0,58348.0,18006.0,21352.0,3435.0,13443.0,18126.0,9801.0,3581.0,38761.0,15974.0,42636.0,13808.0,6191.0,43338.0,36088.0,19310.0,14218.0,87028.0,29558.0,14996.0,5772.0,20669.0,28085.0,5449.0,9740.0,11791.0,8041.0,32799.0,89280.0,45861.0,83964.0,79442.0
2025-07-21,12745.0,30508.0,45673.0,7919.0,11647.0,20198.0,44767.0,19223.0,9520.0,15717.0,41223.0,11686.0,82903.0,12941.0,37847.0,2210.0,24513.0,28311.0,7281.0,10989.0,16167.0,59015.0,6062.0,24469.0,65929.0,9656.0,13924.0,79510.0,5653.0,55703.0,16971.0,19254.0,3841.0,12165.0,15388.0,7904.0,2956.0,35811.0,12569.0,38451.0,13145.0,4537.0,34226.0,30926.0,17965.0,15290.0,86646.0,30453.0,17348.0,7353.0,19262.0,25097.0,7038.0,9198.0,12423.0,8843.0,24872.0,57627.0,38589.0,72150.0,69943.0
2025-07-22,15051.0,34418.0,48570.0,9951.0,13581.0,25202.0,45970.0,23132.0,12041.0,18233.0,61259.0,13942.0,106455.0,17733.0,49712.0,2851.0,26957.0,28131.0,8789.0,14095.0,19015.0,75013.0,6924.0,29419.0,70708.0,11268.0,16369.0,93715.0,6168.0,64963.0,17709.0,20337.0,4059.0,13029.0,16504.0,8170.0,3439.0,38554.0,14751.0,45306.0,15211.0,4747.0,36912.0,36898.0,19670.0,18096.0,98941.0,33058.0,20491.0,8640.0,18670.0,29630.0,8861.0,10607.0,15129.0,10603.0,37045.0,100826.0,55042.0,92129.0,79059.0
2025-07-23,15494.0,34417.0,50072.0,9921.0,13420.0,24614.0,47444.0,23142.0,11894.0,18182.0,59965.0,14865.0,106347.0,17340.0,46425.0,3028.0,26714.0,28224.0,8599.0,14419.0,18516.0,75885.0,7309.0,30254.0,77408.0,11862.0,16156.0,97595.0,6395.0,65756.0,18074.0,21483.0,4526.0,13491.0,17509.0,8818.0,3258.0,39344.0,16207.0,45439.0,15134.0,5462.0,40386.0,39006.0,20297.0,17971.0,99937.0,32488.0,20046.0,9019.0,22304.0,30493.0,8287.0,10830.0,14864.0,10690.0,36343.0,104718.0,56170.0,91018.0,80530.0
2025-07-24,15305.0,36606.0,49033.0,10686.0,14118.0,26217.0,48590.0,23526.0,12638.0,19365.0,64318.0,14902.0,109846.0,19190.0,49186.0,3056.0,28541.0,27534.0,9398.0,15203.0,19872.0,79720.0,7210.0,32478.0,81246.0,12734.0,16871.0,102638.0,6202.0,67867.0,18341.0,21423.0,4149.0,13402.0,17636.0,8861.0,3480.0,42419.0,19002.0,46182.0,15658.0,6015.0,43157.0,42518.0,20523.0,17221.0,100729.0,30447.0,21075.0,9242.0,24223.0,30911.0,9067.0,10860.0,15941.0,11330.0,35926.0,107321.0,54829.0,97384.0,81006.0
2025-07-25,15062.0,37417.0,51516.0,8849.0,12510.0,20457.0,46352.0,18618.0,9756.0,15789.0,38670.0,15434.0,93378.0,13245.0,31001.0,3010.0,26344.0,26745.0,7204.0,9754.0,17049.0,57164.0,5991.0,25442.0,73560.0,12157.0,13064.0,92249.0,6859.0,61278.0,17324.0,18838.0,4486.0,13999.0,17972.0,9578.0,3454.0,41540.0,17551.0,42834.0,15011.0,7760.0,46970.0,40585.0,19223.0,14042.0,93038.0,32543.0,15286.0,6124.0,22612.0,29291.0,5862.0,9424.0,12244.0,8166.0,33808.0,96400.0,46315.0,91363.0,85454.0
2025-07-28,12937.0,31205.0,43375.0,8121.0,10706.0,19509.0,41450.0,18577.0,9721.0,15895.0,44734.0,12486.0,80036.0,13586.0,37284.0,2850.0,25435.0,26145.0,7366.0,10893.0,15398.0,60397.0,5977.0,23039.0,67910.0,10985.0,13310.0,78367.0,5703.0,57328.0,16622.0,20998.0,4147.0,13168.0,15254.0,7932.0,3181.0,35991.0,13763.0,38448.0,13751.0,5569.0,36602.0,33683.0,17527.0,14544.0,81894.0,28919.0,17226.0,6627.0,19854.0,25272.0,6379.0,8902.0,12146.0,8272.0,28013.0,81494.0,47295.0,74111.0,72782.0
2025-07-29,15338.0,34973.0,48333.0,9813.0,13123.0,24404.0,46724.0,22266.0,12045.0,18531.0,60450.0,13605.0,99733.0,17695.0,47815.0,3086.0,27541.0,27642.0,8854.0,14398.0,17567.0,74330.0,7330.0,28943.0,79860.0,11527.0,15647.0,93304.0,5982.0,65688.0,17984.0,21379.0,4359.0,13684.0,16331.0,8549.0,3413.0,38898.0,16204.0,49413.0,14941.0,6006.0,42113.0,41938.0,19805.0,19939.0,96369.0,31527.0,20922.0,8558.0,23737.0,31107.0,8282.0,10672.0,15202.0,8306.0,33467.0,99977.0,55237.0,91224.0,77916.0
2025-07-30,15613.0,38636.0,43689.0,10058.0,15389.0,24940.0,48071.0,21114.0,12826.0,17868.0,59357.0,14485.0,104248.0,17320.0,46832.0,3187.0,27176.0,27625.0,8452.0,13812.0,19282.0,76348.0,7191.0,28135.0,77242.0,11743.0,15293.0,95051.0,6430.0,66357.0,17481.0,21758.0,4771.0,13405.0,16630.0,8641.0,3403.0,38450.0,16111.0,45459.0,15225.0,5583.0,40941.0,39664.0,19408.0,18917.0,97248.0,32035.0,19955.0,8234.0,23243.0,30059.0,8052.0,10352.0,14514.0,9981.0,31356.0,105194.0,54026.0,91605.0,77811.0
2025-07-31,15826.0,34873.0,48670.0,9704.0,14310.0,27096.0,47954.0,21760.0,11924.0,18673.0,61130.0,14697.0,107765.0,17427.0,47749.0,3240.0,27261.0,26909.0,8877.0,14668.0,17256.0,77411.0,7127.0,29865.0,79387.0,11971.0,15731.0,101423.0,5975.0,66252.0,18204.0,21960.0,4378.0,13571.0,16638.0,8783.0,3261.0,41616.0,18455.0,43690.0,14759.0,5176.0,39481.0,41058.0,19603.0,16726.0,99399.0,28431.0,20635.0,8660.0,23935.0,30913.0,8271.0,10782.0,16176.0,10292.0,38656.0,114972.0,54117.0,95310.0,78472.0
2025-08-01,14930.0,29911.0,45588.0,7038.0,11244.0,19753.0,42314.0,17367.0,8318.0,16384.0,34903.0,14689.0,80934.0,12541.0,28959.0,2887.0,24916.0,25874.0,6434.0,8802.0,13550.0,53085.0,5635.0,23944.0,72183.0,11650.0,12428.0,91416.0,6287.0,59341.0,16652.0,22714.0,4512.0,13473.0,17306.0,8859.0,2851.0,40032.0,15991.0,41084.0,14341.0,3820.0,44553.0,39107.0,18350.0,13059.0,85419.0,28011.0,14282.0,5623.0,21307.0,25721.0,5231.0,9337.0,11918.0,7247.0,34145.0,88167.0,43822.0,86170.0,76592.0
2025-08-04,12233.0,29203.0,40032.0,7571.0,10609.0,19760.0,41090.0,18480.0,10401.0,14390.0,42550.0,12346.0,80513.0,12503.0,35877.0,2689.0,25093.0,25941.0,6635.0,14528.0,60072.0,5772.0,27870.0,65841.0,10487.0,13710.0,77333.0,,5852.0,56280.0,15796.0,21528.0,3821.0,12303.0,14841.0,7696.0,2854.0,37839.0,14219.0,36804.0,12776.0,3940.0,35675.0,33508.0,16643.0,14232.0,81750.0,28375.0,16224.0,5998.0,18903.0,23882.0,5929.0,8989.0,12506.0,7373.0,29823.0,77005.0,44853.0,71293.0,71030.0
2025-08-05,15036.0,39201.0,46880.0,9537.0,12563.0,23340.0,45141.0,21771.0,12658.0,16385.0,57018.0,13874.0,93869.0,17268.0,47321.0,3318.0,28733.0,28100.0,8107.0,12625.0,17825.0,72912.0,6798.0,27159.0,72570.0,11111.0,15264.0,90550.0,6252.0,62886.0,16701.0,21836.0,4294.0,12996.0,16582.0,8437.0,3366.0,39550.0,15509.0,42525.0,14531.0,5137.0,39423.0,37749.0,19121.0,17214.0,94309.0,31654.0,19937.0,8212.0,21108.0,28632.0,7913.0,10212.0,14933.0,8654.0,32228.0,97460.0,54438.0,91281.0,77927.0
2025-08-06,16414.0,34944.0,46715.0,9328.0,12339.0,23788.0,44713.0,21287.0,11813.0,17536.0,55643.0,13597.0,97481.0,16723.0,44442.0,3302.0,29725.0,28020.0,8133.0,4356.0,17180.0,75641.0,6890.0,31608.0,75950.0,11721.0,15717.0,95090.0,6576.0,62565.0,16724.0,22384.0,4345.0,13376.0,16281.0,8336.0,3449.0,39922.0,16972.0,44526.0,14744.0,5504.0,42587.0,40246.0,18904.0,17675.0,95667.0,32585.0,19082.0,7868.0,22747.0,29903.0,7599.0,10316.0,14882.0,8980.0,32953.0,100146.0,54131.0,89399.0,77619.0
2025-08-07,15678.0,35463.0,46956.0,8255.0,13488.0,25585.0,38158.0,22224.0,11154.0,19476.0,58450.0,14004.0,102313.0,17096.0,45172.0,3150.0,27397.0,27624.0,6957.0,12882.0,14728.0,74376.0,6784.0,29071.0,79916.0,11553.0,15659.0,99752.0,2048.0,63147.0,16811.0,22285.0,4776.0,13566.0,17850.0,11023.0,3993.0,40107.0,17369.0,42609.0,9624.0,5669.0,43082.0,40821.0,18290.0,15919.0,96849.0,30394.0,19561.0,7949.0,23885.0,29818.0,8080.0,10046.0,14681.0,9158.0,33013.0,99783.0,51907.0,91640.0,76767.0
2025-08-08,14200.0,31487.0,43518.0,7193.0,10076.0,18430.0,42661.0,16628.0,8294.0,15638.0,35559.0,14114.0,80041.0,14005.0,28452.0,2961.0,26727.0,25946.0,6222.0,8319.0,14237.0,52142.0,5309.0,22770.0,67768.0,11680.0,12247.0,87967.0,6093.0,54947.0,15895.0,21702.0,4599.0,12826.0,16871.0,8533.0,3117.0,39252.0,15784.0,39310.0,13733.0,6028.0,43393.0,37495.0,19144.0,13529.0,89496.0,29487.0,14530.0,6160.0,20589.0,27333.0,5336.0,8592.0,11308.0,7023.0,30680.0,80671.0,43486.0,74516.0,75448.0
2025-08-11,11929.0,29836.0,37137.0,7493.0,10243.0,18507.0,40560.0,17199.0,9662.0,14851.0,40544.0,11053.0,76500.0,13098.0,34500.0,2997.0,25589.0,25809.0,6225.0,9569.0,13623.0,58868.0,5391.0,20463.0,61027.0,10338.0,11772.0,73423.0,5890.0,52673.0,15115.0,20988.0,3920.0,11441.0,14263.0,7357.0,2854.0,36075.0,13709.0,35211.0,12745.0,5324.0,33621.0,31967.0,16274.0,14154.0,82750.0,28718.0,16335.0,6449.0,17878.0,24312.0,6032.0,8405.0,11472.0,7051.0,26943.0,79537.0,44048.0,70495.0,70101.0
2025-08-12,14252.0,34189.0,44302.0,9595.0,11390.0,23287.0,43260.0,20315.0,11412.0,18140.0,53768.0,12602.0,94217.0,16616.0,44351.0,3215.0,29921.0,27920.0,7783.0,11322.0,16485.0,73227.0,6429.0,25231.0,67740.0,11094.0,13766.0,88171.0,6396.0,59471.0,15760.0,21544.0,4172.0,12115.0,15203.0,7463.0,3191.0,39047.0,14508.0,40122.0,13828.0,5810.0,36742.0,35160.0,17771.0,17066.0,96488.0,31510.0,20634.0,8084.0,20254.0,28036.0,7892.0,9327.0,13914.0,9404.0,31729.0,93054.0,50447.0,92538.0,74132.0
2025-08-13,15207.0,33422.0,44252.0,9357.0,11252.0,23433.0,44232.0,19973.0,11290.0,17908.0,54073.0,13256.0,99168.0,16900.0,44477.0,3023.0,28577.0,26981.0,8061.0,12094.0,17153.0,72583.0,6926.0,26468.0,63554.0,11549.0,14313.0,91763.0,6479.0,62381.0,15690.0,21871.0,4016.0,12517.0,15530.0,7774.0,3224.0,39106.0,15922.0,41309.0,14314.0,5562.0,40292.0,38241.0,18274.0,17817.0,95062.0,32669.0,19282.0,8203.0,21422.0,29690.0,7710.0,9720.0,14290.0,8894.0,28767.0,96588.0,50747.0,87690.0,74013.0
2025-08-14,16247.0,39983.0,45722.0,9528.0,12233.0,23085.0,45721.0,20458.0,11543.0,18383.0,55568.0,12570.0,101497.0,17374.0,44359.0,3163.0,29043.0,27180.0,8474.0,11245.0,17046.0,75031.0,6557.0,28356.0,73856.0,11266.0,14827.0,94128.0,6474.0,61275.0,16418.0,21579.0,4317.0,12702.0,15858.0,8248.0,3231.0,39481.0,14245.0,40755.0,14583.0,5601.0,44846.0,18928.0,16599.0,96807.0,32020.0,,19507.0,8235.0,22884.0,30291.0,7910.0,9932.0,14859.0,9113.0,98413.0,,50746.0,92081.0,75894.0
2025-08-15,14237.0,32787.0,44444.0,7464.0,10957.0,18746.0,42855.0,16313.0,9136.0,16270.0,32585.0,15038.0,79185.0,12737.0,27678.0,2719.0,26984.0,26273.0,6133.0,7377.0,15214.0,57159.0,5410.0,21562.0,63701.0,11600.0,11330.0,87613.0,6511.0,54780.0,15665.0,21430.0,4476.0,12409.0,16264.0,8926.0,2964.0,38652.0,37555.0,,,,,,,,,,20373.0,29431.0,82433.0,,,,,,,,42051.0,82765.0,74426.0
2025-08-18,11906.0,29434.0,42009.0,7262.0,9993.0,18358.0,39479.0,17618.0,9779.0,14273.0,40779.0,11742.0,75499.0,12781.0,34199.0,2791.0,24954.0,25483.0,6297.0,9141.0,13995.0,55914.0,5384.0,21052.0,61990.0,9992.0,11604.0,73518.0,5205.0,52008.0,14498.0,20302.0,3494.0,11361.0,14556.0,7717.0,2778.0,35328.0,12136.0,34703.0,12404.0,4822.0,36330.0,31961.0,15882.0,13825.0,78926.0,27076.0,15121.0,5966.0,17650.0,23160.0,5649.0,8463.0,11420.0,6855.0,27741.0,79054.0,42836.0,68640.0,69216.0
2025-08-19,13951.0,33086.0,43465.0,8948.0,11864.0,22979.0,43106.0,20766.0,11425.0,16957.0,54554.0,12933.0,91296.0,16235.0,43307.0,3072.0,27192.0,27383.0,7589.0,9959.0,16456.0,71017.0,6393.0,26463.0,70589.0,10602.0,14916.0,85744.0,5602.0,58206.0,15387.0,21501.0,3671.0,12382.0,15922.0,8015.0,3167.0,37805.0,14146.0,40393.0,13864.0,1015.0,38056.0,35970.0,18227.0,16084.0,88470.0,29272.0,18337.0,8002.0,20408.0,27234.0,7267.0,10194.0,14138.0,8621.0,31073.0,91294.0,50168.0,85365.0,73806.0
2025-08-20,15464.0,37769.0,45098.0,8713.0,12579.0,23488.0,44281.0,20010.0,11414.0,17018.0,53462.0,13727.0,93470.0,16133.0,42811.0,3180.0,27668.0,27064.0,8024.0,11676.0,16580.0,68585.0,6575.0,25765.0,72560.0,10928.0,14516.0,89880.0,5817.0,59997.0,15343.0,20544.0,3766.0,12631.0,15589.0,7524.0,3316.0,38397.0,16424.0,40254.0,14068.0,4957.0,40418.0,36466.0,18471.0,17101.0,94006.0,30077.0,17870.0,7650.0,21497.0,28007.0,7179.0,10041.0,14370.0,8822.0,32910.0,96185.0,50226.0,88459.0,74748.0
2025-08-21,16422.0,34052.0,46005.0,9145.0,12436.0,24233.0,44220.0,20046.0,11419.0,17552.0,55093.0,13343.0,97783.0,16463.0,43499.0,3026.0,27412.0,26437.0,8217.0,12017.0,16250.0,70116.0,6321.0,26325.0,76146.0,10720.0,14605.0,94431.0,5714.0,59886.0,15761.0,20353.0,4169.0,12529.0,15868.0,8034.0,3326.0,37926.0,17361.0,38691.0,14179.0,5010.0,42014.0,38737.0,18546.0,16244.0,95642.0,28605.0,18087.0,7789.0,22524.0,28561.0,7484.0,10101.0,14061.0,8727.0,35053.0,94516.0,49189.0,89798.0,75176.0
2025-08-22,13763.0,32534.0,46638.0,6574.0,11920.0,18216.0,43636.0,16560.0,9401.0,16295.0,32006.0,17050.0,80381.0,12014.0,27189.0,2760.0,25307.0,26353.0,6173.0,7636.0,14338.0,52739.0,5080.0,21872.0,67550.0,10485.0,11765.0,86591.0,5217.0,56417.0,15850.0,20837.0,5276.0,12889.0,16875.0,9537.0,2984.0,37285.0,16558.0,38139.0,12906.0,5135.0,43570.0,36629.0,17463.0,13123.0,85924.0,27763.0,13498.0,5050.0,20487.0,25131.0,4716.0,8728.0,11751.0,6531.0,29663.0,83791.0,41902.0,82488.0,95530.0
2025-08-26,13537.0,33613.0,47133.0,9171.0,11929.0,21271.0,45627.0,18720.0,11627.0,16078.0,47140.0,12420.0,87573.0,15312.0,39727.0,2862.0,25392.0,26341.0,7527.0,11020.0,18222.0,64722.0,6248.0,23763.0,62156.0,10982.0,12844.0,82750.0,5989.0,58029.0,15328.0,19738.0,3903.0,11976.0,14455.0,7879.0,3177.0,36819.0,13520.0,37864.0,13791.0,4811.0,38765.0,36253.0,17361.0,15180.0,87117.0,28740.0,17108.0,7092.0,20250.0,25757.0,6710.0,7641.0,13205.0,8354.0,21142.0,92106.0,45099.0,81478.0,72252.0
2025-08-27,15015.0,34506.0,46476.0,9311.0,14400.0,23128.0,46664.0,20745.0,13174.0,16517.0,52784.0,13252.0,93642.0,16951.0,43721.0,3505.0,26286.0,27124.0,8095.0,12220.0,17836.0,71188.0,6581.0,25287.0,74064.0,11601.0,13990.0,90912.0,5856.0,60121.0,15707.0,21369.0,3820.0,11723.0,15571.0,7887.0,3419.0,40031.0,15991.0,40706.0,14559.0,4995.0,40814.0,38341.0,18756.0,16658.0,91315.0,25106.0,18371.0,7801.0,22727.0,28340.0,7391.0,10239.0,12640.0,8694.0,29741.0,93932.0,44711.0,78861.0,74097.0
2025-08-28,16061.0,34504.0,47241.0,9243.0,12927.0,25370.0,45223.0,21148.0,11971.0,17753.0,55894.0,13687.0,98622.0,17870.0,45773.0,3227.0,27153.0,27060.0,8778.0,12939.0,16159.0,74976.0,6903.0,27909.0,79762.0,11205.0,14988.0,96855.0,5268.0,62804.0,16372.0,21403.0,4065.0,12602.0,16519.0,7991.0,3304.0,40806.0,19180.0,40300.0,14080.0,4992.0,44362.0,39375.0,19559.0,16022.0,95809.0,28581.0,22689.0,8757.0,22734.0,30245.0,8254.0,10250.0,16036.0,9925.0,31518.0,93273.0,50316.0,90924.0,77506.0
2025-08-29,15139.0,29530.0,44327.0,7513.0,10760.0,19254.0,41574.0,16753.0,8433.0,16107.0,33682.0,14319.0,76823.0,12178.0,28799.0,2083.0,24172.0,25265.0,6500.0,8901.0,13578.0,51356.0,5507.0,22584.0,69605.0,10737.0,11457.0,87166.0,4036.0,55740.0,16263.0,21415.0,4423.0,13143.0,17792.0,9498.0,3041.0,43180.0,16180.0,36892.0,14603.0,4725.0,45126.0,37263.0,19115.0,12679.0,83414.0,24836.0,14201.0,5725.0,19777.0,25351.0,5097.0,8833.0,11571.0,7143.0,28600.0,73790.0,32272.0,77796.0,72569.0
2025-09-01,12272.0,28882.0,40852.0,8286.0,10766.0,19269.0,39711.0,18495.0,9810.0,14131.0,43359.0,12191.0,78195.0,12559.0,38084.0,2771.0,21410.0,26250.0,6749.0,10572.0,14436.0,60846.0,5913.0,22666.0,64795.0,9489.0,12312.0,75025.0,5261.0,53975.0,15240.0,18939.0,3431.0,11879.0,14628.0,6942.0,3203.0,36295.0,8736.0,36164.0,13971.0,4380.0,36051.0,29814.0,18198.0,14560.0,73735.0,24546.0,16280.0,6882.0,18095.0,22642.0,6295.0,8948.0,10147.0,7627.0,27649.0,77959.0,38320.0,65032.0,70812.0
2025-09-02,15130.0,31400.0,43645.0,9469.0,12585.0,23450.0,42841.0,22049.0,11794.0,16457.0,60760.0,13600.0,93295.0,17328.0,48254.0,3173.0,24031.0,27879.0,8117.0,13662.0,16634.0,74281.0,6958.0,26183.0,71895.0,9952.0,15285.0,86973.0,5151.0,59086.0,15645.0,17921.0,3370.0,11874.0,15473.0,6790.0,3174.0,34242.0,12605.0,38738.0,13776.0,4182.0,35535.0,32693.0,19900.0,17364.0,88242.0,26872.0,19760.0,8863.0,20174.0,25313.0,7906.0,10446.0,11088.0,9899.0,32216.0,89385.0,43791.0,76412.0,76856.0
2025-09-03,17659.0,33724.0,47166.0,10239.0,14821.0,25102.0,46967.0,22421.0,12536.0,16852.0,58394.0,14123.0,102122.0,16770.0,49535.0,2780.0,23236.0,27680.0,9135.0,13832.0,18495.0,74202.0,7406.0,25835.0,72365.0,11812.0,15404.0,89725.0,5787.0,61284.0,17033.0,18621.0,3761.0,12132.0,16417.0,7543.0,3323.0,39054.0,13870.0,43050.0,15220.0,4392.0,36807.0,34839.0,20555.0,18460.0,95896.0,28280.0,20938.0,9319.0,22736.0,26510.0,8209.0,11587.0,14963.0,9963.0,35600.0,89367.0,49616.0,87351.0,72862.0
2025-09-04,17255.0,42441.0,48406.0,10729.0,15273.0,27293.0,48983.0,22792.0,13338.0,17958.0,63377.0,15101.0,111186.0,18051.0,52232.0,2914.0,24502.0,27585.0,10387.0,14560.0,20090.0,81077.0,7174.0,30008.0,79610.0,11837.0,16667.0,93789.0,6267.0,64531.0,18334.0,20237.0,4082.0,12749.0,17715.0,8355.0,3390.0,38176.0,14675.0,45512.0,15461.0,5049.0,40374.0,38063.0,22366.0,18320.0,102573.0,29775.0,21232.0,9361.0,23660.0,28647.0,8833.0,10247.0,16383.0,10405.0,35523.0,106669.0,55952.0,94162.0,75604.0
2025-09-05,16039.0,30959.0,42583.0,8109.0,10789.0,19775.0,47410.0,17833.0,8720.0,15510.0,36700.0,14387.0,86071.0,12333.0,31622.0,2835.0,23382.0,26359.0,7626.0,9663.0,14127.0,54728.0,5534.0,23049.0,67123.0,11370.0,12340.0,85200.0,6439.0,54980.0,17559.0,19243.0,4292.0,12710.0,17652.0,8049.0,3166.0,37421.0,14441.0,40788.0,14653.0,5106.0,42810.0,35903.0,20715.0,14629.0,83565.0,26455.0,15069.0,6094.0,19740.0,25966.0,5642.0,10362.0,10474.0,7276.0,32249.0,79098.0,44739.0,80718.0,74097.0
2025-09-08,47.0,1.0,7.0,,,,,,20.0,53559.0,5155.0,24427.0,4728.0,4.0,29037.0,,,,53915.0,6.0,68755.0,,,,,,,,50826.0,,,,,,,,,,21.0,1.0,,23.0,5.0,,,,,,42.0,,,,,,,,,,3.0,62742.0,
2025-09-09,1.0,33.0,10430.0,3226.0,31.0,3025.0,,,2076.0,65220.0,1.0,33993.0,5.0,33374.0,,,,,62479.0,1639.0,3.0,1.0,86478.0,,,,,,1.0,61429.0,5.0,,,,,,,,97.0,11.0,3046.0,1.0,,,,,,,2547.0,2083.0,25.0,6163.0,,,,,,,130.0,6100.0,65583.0
2025-09-10,4.0,18.0,2.0,1154.0,,,,,2.0,57826.0,5675.0,32114.0,6654.0,1.0,32682.0,,,,56525.0,83117.0,,,,,,,,,60926.0,1.0,,,,,,,,,2.0,,,,,,,,,,1.0,31.0,,,,,,,,,67224.0,,
2025-09-11,402.0,4.0,5.0,7.0,,,,,3.0,71214.0,5.0,33691.0,36238.0,,,,,,63086.0,8.0,98009.0,,,,,,,,2.0,67895.0,1.0,4.0,,,,,,,7.0,5.0,2.0,3.0,,,,,,,1.0,11.0,13.0,82.0,,,,,,,9.0,66845.0,
2025-09-12,13483.0,27477.0,41671.0,6643.0,9310.0,16484.0,35619.0,15694.0,6832.0,12001.0,31105.0,10327.0,82223.0,10900.0,28563.0,3125.0,17796.0,29425.0,6052.0,4989.0,13009.0,56658.0,5489.0,20957.0,56570.0,9164.0,10049.0,87401.0,5103.0,57570.0,14917.0,17552.0,3374.0,9833.0,14541.0,6670.0,2317.0,34493.0,12577.0,34399.0,11722.0,4523.0,40366.0,32050.0,16064.0,12331.0,68393.0,25730.0,11875.0,4723.0,16948.0,21122.0,4823.0,7967.0,7650.0,5901.0,24110.0,69323.0,31068.0,65082.0,78092.0
2025-09-15,14091.0,31568.0,42497.0,8312.0,10398.0,20610.0,41453.0,20024.0,10056.0,14864.0,49043.0,12726.0,84612.0,14149.0,43155.0,2671.0,22075.0,29739.0,8037.0,12080.0,15389.0,62068.0,6353.0,23728.0,64536.0,10190.0,13197.0,77897.0,5550.0,57662.0,17137.0,17804.0,2545.0,11234.0,15259.0,7047.0,2947.0,33167.0,12102.0,38695.0,13759.0,4349.0,31309.0,29490.0,19438.0,17141.0,82020.0,28679.0,17131.0,7282.0,17546.0,22743.0,7120.0,10504.0,12740.0,8772.0,29572.0,70879.0,44446.0,70757.0,70240.0
2025-09-16,17513.0,38516.0,49851.0,10333.0,13639.0,26660.0,47231.0,23436.0,12156.0,17130.0,64849.0,13845.0,107699.0,17731.0,53504.0,3283.0,24145.0,31409.0,9560.0,15455.0,18426.0,79814.0,7754.0,29731.0,75981.0,10980.0,16415.0,89580.0,5918.0,65891.0,18206.0,18101.0,3409.0,12529.0,16474.0,7477.0,3506.0,35198.0,13563.0,43501.0,15068.0,4580.0,35235.0,34328.0,21599.0,19347.0,93068.0,30620.0,20662.0,9345.0,19861.0,27344.0,8880.0,11810.0,15081.0,10816.0,36854.0,101960.0,57214.0,89205.0,80291.0
2025-09-17,18535.0,37617.0,50452.0,10573.0,13671.0,26656.0,47481.0,23238.0,12233.0,17472.0,64585.0,14728.0,106391.0,16869.0,53236.0,3205.0,23423.0,30492.0,10009.0,15039.0,18437.0,79541.0,7545.0,30601.0,78179.0,10917.0,16443.0,95870.0,5994.0,66042.0,18503.0,19107.0,3493.0,13222.0,16945.0,8307.0,3529.0,37147.0,14191.0,45579.0,16044.0,5106.0,37552.0,36499.0,21809.0,20914.0,96503.0,31203.0,20630.0,9111.0,22858.0,29473.0,8668.0,12781.0,14954.0,11018.0,36089.0,98234.0,54919.0,90288.0,79377.0
2025-09-18,18652.0,39556.0,48685.0,11342.0,13894.0,28701.0,59705.0,24092.0,12992.0,18803.0,69474.0,15156.0,114005.0,19215.0,54694.0,3583.0,25259.0,29911.0,10989.0,16008.0,21082.0,83914.0,7886.0,32146.0,63066.0,11581.0,17325.0,101636.0,6357.0,71318.0,18616.0,18853.0,5876.0,13529.0,17570.0,7780.0,3610.0,38170.0,15303.0,47287.0,15317.0,5650.0,41018.0,39933.0,22229.0,19669.0,100160.0,29369.0,20707.0,9338.0,23528.0,29832.0,9177.0,8662.0,15853.0,11946.0,30173.0,108975.0,61362.0,96114.0,80824.0
2025-09-19,14206.0,35253.0,48258.0,8258.0,10782.0,21410.0,45770.0,18873.0,9576.0,15023.0,37971.0,14846.0,85877.0,12617.0,33124.0,3194.0,23628.0,29335.0,8310.0,9454.0,15392.0,59836.0,5798.0,25188.0,71864.0,11457.0,12189.0,90688.0,6939.0,59646.0,18114.0,20868.0,1992.0,13326.0,17600.0,7716.0,3163.0,37922.0,16017.0,42005.0,15238.0,5776.0,44376.0,36017.0,21000.0,14713.0,86079.0,27865.0,14509.0,6027.0,19866.0,26166.0,5564.0,10212.0,11395.0,8618.0,33836.0,86009.0,45961.0,83823.0,81414.0
2025-09-22,15561.0,33233.0,43781.0,9348.0,11041.0,20815.0,41268.0,21563.0,9894.0,16073.0,49232.0,12676.0,84694.0,17034.0,42252.0,2928.0,22839.0,29759.0,8402.0,12112.0,18070.0,67955.0,7173.0,25556.0,62768.0,11581.0,13461.0,80839.0,5946.0,58498.0,17036.0,18138.0,3668.0,11886.0,15267.0,8071.0,3116.0,34131.0,11959.0,38042.0,13702.0,4469.0,31850.0,31069.0,19241.0,15837.0,78961.0,23442.0,17048.0,7001.0,17641.0,23180.0,6697.0,10289.0,12118.0,11773.0,31005.0,83406.0,45152.0,73269.0,76592.0
2025-09-23,18980.0,38294.0,50367.0,10752.0,13244.0,25315.0,46999.0,24343.0,12759.0,18375.0,64410.0,14050.0,103642.0,16925.0,52343.0,3106.0,24452.0,31760.0,9982.0,15332.0,21487.0,81975.0,8048.0,30714.0,77054.0,12481.0,16362.0,93557.0,5725.0,64770.0,18150.0,18848.0,3881.0,12563.0,16201.0,7618.0,3449.0,37376.0,13687.0,44477.0,14854.0,4430.0,34721.0,33715.0,20864.0,18203.0,91177.0,27146.0,19884.0,8904.0,20349.0,26691.0,8361.0,11864.0,15050.0,12476.0,35398.0,102150.0,56815.0,89450.0,84200.0
2025-09-24,18883.0,38047.0,54237.0,10537.0,13424.0,26243.0,48231.0,24325.0,12472.0,19154.0,64627.0,14582.0,108602.0,17693.0,52093.0,3272.0,24601.0,31116.0,9908.0,15110.0,21636.0,84058.0,8283.0,31589.0,77497.0,13372.0,16699.0,97476.0,6178.0,67917.0,18721.0,18593.0,4223.0,13359.0,17074.0,8095.0,3529.0,38772.0,14746.0,43946.0,15966.0,4859.0,38008.0,35481.0,22212.0,19193.0,94672.0,27501.0,19837.0,9005.0,21689.0,27929.0,8452.0,12284.0,13864.0,12408.0,37514.0,105983.0,58581.0,91977.0,85142.0
2025-09-25,19859.0,41551.0,55254.0,11098.0,13824.0,29386.0,51889.0,25493.0,12650.0,20290.0,68300.0,14741.0,116123.0,19580.0,55183.0,3501.0,26847.0,31797.0,10567.0,15623.0,21640.0,90366.0,8469.0,32802.0,83032.0,13074.0,16973.0,107972.0,6555.0,69746.0,19387.0,19744.0,3727.0,12919.0,17662.0,8173.0,3611.0,38500.0,15186.0,46579.0,15945.0,5235.0,40432.0,38724.0,25305.0,19290.0,99381.0,29035.0,21363.0,9726.0,22840.0,29713.0,9156.0,10830.0,15651.0,13367.0,37736.0,108746.0,59142.0,98675.0,96288.0
2025-09-26,18219.0,35827.0,52565.0,8795.0,11811.0,21811.0,46671.0,19949.0,8957.0,17222.0,39068.0,16065.0,98303.0,12904.0,34623.0,3022.0,24561.0,29972.0,7332.0,10545.0,17738.0,61749.0,7327.0,26174.0,58042.0,13445.0,12987.0,100394.0,6425.0,66758.0,19035.0,21069.0,4181.0,13387.0,18288.0,8518.0,3218.0,41200.0,15281.0,42864.0,15473.0,5276.0,46823.0,41061.0,23377.0,15088.0,90161.0,27059.0,15928.0,5922.0,20610.0,26380.0,5553.0,8365.0,12121.0,9447.0,25861.0,93409.0,46534.0,87741.0,84680.0
2025-09-29,16390.0,35629.0,47281.0,9086.0,11262.0,21726.0,42035.0,22483.0,10915.0,16833.0,49393.0,13016.0,84687.0,13624.0,43352.0,2797.0,22477.0,29889.0,8529.0,12387.0,20879.0,70738.0,7757.0,27176.0,67515.0,12345.0,14156.0,81214.0,5701.0,58063.0,18224.0,18425.0,3927.0,11746.0,15461.0,7789.0,3122.0,38414.0,12939.0,4235.0,,,,,,,,,,,,,,,,,,,51684.0,79619.0,78997.0
2025-09-30,19219.0,39290.0,55705.0,11178.0,12201.0,26296.0,47644.0,26121.0,13368.0,19426.0,63813.0,14296.0,105146.0,17194.0,53709.0,3293.0,24954.0,32281.0,9999.0,15391.0,24091.0,85112.0,9206.0,32488.0,75205.0,13660.0,16315.0,94153.0,5838.0,65390.0,19547.0,18216.0,4428.0,12398.0,16528.0,7623.0,3174.0,41458.0,13805.0,44161.0,15703.0,4581.0,35017.0,32626.0,21820.0,19092.0,93890.0,26665.0,20806.0,9435.0,20419.0,27457.0,8686.0,12774.0,15516.0,14854.0,36517.0,104154.0,59118.0,93014.0,88911.0
2025-10-01,20016.0,36629.0,55099.0,10921.0,13336.0,26653.0,47490.0,24701.0,12668.0,14675.0,23933.0,31345.0,,,,,,,13608.0,,,,,,,,,,19197.0,18380.0,4043.0,12724.0,16594.0,42241.0,,,,,14594.0,45580.0,15995.0,4340.0,36799.0,35276.0,21477.0,18470.0,95084.0,26619.0,19659.0,8812.0,21326.0,26976.0,8377.0,12360.0,15534.0,14247.0,37937.0,92127.0,52908.0,91368.0,80734.0
2025-10-02,19523.0,39514.0,51419.0,11293.0,13293.0,28057.0,49391.0,26197.0,19529.0,66250.0,110895.0,18184.0,54136.0,3201.0,25393.0,,,,10416.0,15727.0,25363.0,86600.0,9178.0,33326.0,79794.0,16302.0,101906.0,,6133.0,67307.0,8053.0,3636.0,,,,,,,14820.0,45725.0,15723.0,4803.0,38528.0,37456.0,22187.0,19381.0,99245.0,27240.0,20880.0,9368.0,23208.0,30944.0,8968.0,13004.0,15805.0,15143.0,38023.0,109321.0,58907.0,97485.0,85343.0
2025-10-03,19439.0,35658.0,50599.0,8594.0,12747.0,23160.0,52485.0,21349.0,9361.0,18555.0,40315.0,15741.0,93036.0,13796.0,35333.0,2785.0,28153.0,,9304.0,11967.0,19222.0,60978.0,7994.0,28675.0,74465.0,14071.0,10906.0,93487.0,6698.0,56342.0,19894.0,22169.0,5408.0,13361.0,17758.0,8950.0,3254.0,44372.0,16335.0,41791.0,15511.0,4472.0,47238.0,40112.0,20967.0,14721.0,90833.0,26343.0,16341.0,6643.0,21437.0,26247.0,6273.0,12166.0,12561.0,12729.0,35941.0,92230.0,48805.0,89075.0,84133.0
2025-10-06,16716.0,35124.0,44550.0,9745.0,10682.0,21533.0,42389.0,21879.0,10437.0,17722.0,47141.0,12922.0,92328.0,13272.0,43893.0,2875.0,23431.0,30588.0,8680.0,12221.0,20666.0,69098.0,7951.0,27776.0,58737.0,13550.0,13227.0,82329.0,5533.0,60078.0,19060.0,18615.0,4040.0,11899.0,15338.0,7620.0,3205.0,40114.0,12472.0,38938.0,13728.0,4555.0,33523.0,32207.0,19054.0,16707.0,78838.0,26454.0,17214.0,7383.0,18407.0,24015.0,6691.0,10853.0,13064.0,13102.0,27674.0,88675.0,50729.0,74777.0,78627.0
2025-10-07,19687.0,38386.0,51460.0,11102.0,12754.0,26073.0,45740.0,25843.0,12774.0,19570.0,63773.0,14178.0,106655.0,18027.0,54553.0,3181.0,25178.0,31931.0,10180.0,15621.0,23924.0,84977.0,9207.0,32869.0,74334.0,14132.0,16302.0,93678.0,5747.0,64827.0,19445.0,18479.0,4254.0,12786.0,16649.0,8492.0,3486.0,42782.0,13598.0,44530.0,14768.0,4339.0,35920.0,34034.0,21117.0,18711.0,92340.0,26818.0,20813.0,9492.0,21457.0,27011.0,8402.0,13087.0,15619.0,15908.0,35046.0,103035.0,58190.0,92804.0,85406.0
2025-10-08,19429.0,36382.0,53435.0,10599.0,13535.0,26678.0,46095.0,25231.0,11514.0,17792.0,63151.0,14671.0,106710.0,16476.0,53170.0,3251.0,23870.0,31964.0,9579.0,14992.0,21740.0,85209.0,8908.0,31961.0,76771.0,14197.0,16004.0,97664.0,5543.0,67168.0,20190.0,19777.0,4332.0,12748.0,16943.0,8503.0,3451.0,44325.0,14832.0,47378.0,15481.0,4667.0,38505.0,36912.0,21405.0,18069.0,94165.0,27181.0,19124.0,8816.0,22221.0,28732.0,8036.0,13085.0,15414.0,13954.0,36684.0,105527.0,57245.0,91776.0,85013.0
2025-10-09,20798.0,44195.0,55823.0,12078.0,15796.0,29515.0,52181.0,26507.0,13747.0,20436.0,68054.0,15626.0,119749.0,19315.0,56104.0,3130.0,26092.0,31853.0,10866.0,16000.0,25928.0,91144.0,9609.0,33491.0,82547.0,14856.0,17559.0,103630.0,6249.0,70141.0,21137.0,20378.0,4523.0,13584.0,17853.0,8747.0,3391.0,43521.0,14932.0,48116.0,16676.0,4989.0,40493.0,40169.0,23284.0,18968.0,99750.0,29289.0,21345.0,9511.0,24385.0,30993.0,8811.0,13403.0,16915.0,15490.0,37912.0,118359.0,60635.0,101816.0,87381.0
2025-10-10,19422.0,34941.0,50843.0,9172.0,11341.0,22069.0,45748.0,21571.0,9103.0,18266.0,40127.0,15489.0,87847.0,13246.0,35133.0,2586.0,24738.0,30190.0,7896.0,11085.0,19153.0,64391.0,7113.0,28145.0,73946.0,14388.0,13127.0,95779.0,6721.0,61647.0,19833.0,21513.0,4768.0,13175.0,18318.0,8567.0,3226.0,45516.0,15828.0,44486.0,14766.0,4761.0,44125.0,38461.0,21425.0,14915.0,88497.0,26901.0,15277.0,6225.0,21297.0,27050.0,5756.0,11662.0,12348.0,11920.0,36611.0,91481.0,48100.0,88775.0,84317.0
2025-10-13,15641.0,34453.0,47084.0,9392.0,11361.0,21834.0,42919.0,22586.0,10502.0,17648.0,47478.0,13286.0,87075.0,14851.0,44026.0,2651.0,24688.0,29522.0,8602.0,12216.0,20766.0,70592.0,7972.0,28120.0,68837.0,13044.0,13957.0,81449.0,6337.0,59289.0,18679.0,19809.0,4152.0,12039.0,16157.0,7692.0,3230.0,39855.0,12099.0,42165.0,14185.0,4364.0,33359.0,33409.0,19886.0,17361.0,82928.0,28657.0,18716.0,8015.0,19143.0,26597.0,7203.0,11957.0,13607.0,14209.0,33071.0,99620.0,49993.0,77718.0,77609.0
2025-10-14,19230.0,38919.0,53089.0,11202.0,13345.0,27087.0,49020.0,26743.0,13051.0,20974.0,65842.0,14511.0,103478.0,18433.0,54971.0,3358.0,26880.0,31726.0,10304.0,15391.0,23853.0,85482.0,9776.0,33694.0,79372.0,14446.0,16774.0,94950.0,6195.0,68043.0,19950.0,20641.0,4026.0,13395.0,17171.0,8184.0,3966.0,42842.0,14543.0,48491.0,15364.0,5147.0,36321.0,37298.0,22014.0,20567.0,95209.0,32355.0,21211.0,9556.0,21944.0,28756.0,8693.0,13675.0,16230.0,16169.0,36366.0,109334.0,58975.0,96113.0,83786.0
2025-10-15,19071.0,37574.0,54021.0,11706.0,13822.0,27563.0,49206.0,25865.0,12577.0,19989.0,64580.0,15189.0,109571.0,18542.0,54474.0,3415.0,26238.0,31365.0,10926.0,15819.0,23096.0,86143.0,9103.0,33770.0,79853.0,14092.0,17317.0,98289.0,6726.0,68593.0,20070.0,21011.0,4187.0,13580.0,17564.0,8707.0,5613.0,44306.0,15539.0,49335.0,16058.0,5045.0,39370.0,38869.0,23353.0,20277.0,98723.0,32503.0,21060.0,9753.0,22872.0,29783.0,8649.0,13384.0,16084.0,14618.0,37784.0,110101.0,59445.0,94077.0,84361.0
2025-10-16,19899.0,40664.0,55934.0,12714.0,14126.0,28931.0,52653.0,26621.0,13327.0,20594.0,66974.0,15088.0,115990.0,19671.0,57262.0,3515.0,26843.0,31990.0,11166.0,14763.0,24287.0,94210.0,9464.0,31298.0,82385.0,14319.0,14460.0,105666.0,7030.0,72071.0,20803.0,20618.0,3255.0,11965.0,18143.0,8190.0,5620.0,45335.0,15404.0,48951.0,16445.0,4943.0,41199.0,40765.0,24761.0,19172.0,100073.0,30547.0,22147.0,10132.0,24542.0,31922.0,10124.0,13932.0,16329.0,17060.0,38860.0,115714.0,59302.0,98692.0,85370.0
2025-10-17,18888.0,36134.0,51498.0,10366.0,12184.0,23056.0,48919.0,22097.0,9231.0,18983.0,39433.0,16220.0,88604.0,13399.0,35491.0,2984.0,24452.0,29159.0,8255.0,10889.0,17211.0,62199.0,7731.0,27790.0,76219.0,11628.0,12896.0,95575.0,6742.0,61016.0,19923.0,14388.0,4928.0,13569.0,18823.0,8831.0,5523.0,47108.0,11661.0,46864.0,15625.0,3756.0,45136.0,37470.0,23387.0,14660.0,90400.0,26540.0,16014.0,6454.0,20981.0,28845.0,5594.0,12697.0,12796.0,12552.0,34854.0,95020.0,48306.0,92332.0,82722.0
2025-10-20,14728.0,33254.0,47743.0,9066.0,11431.0,19896.0,42850.0,21974.0,10494.0,18196.0,48948.0,11566.0,84348.0,17716.0,41707.0,2890.0,24633.0,29844.0,9012.0,12312.0,21180.0,70879.0,7640.0,27526.0,67261.0,14754.0,13377.0,79330.0,6551.0,57528.0,18599.0,22223.0,3946.0,12144.0,15662.0,7634.0,3069.0,45127.0,13874.0,39224.0,14400.0,4070.0,32199.0,34121.0,18692.0,16466.0,83143.0,29859.0,18076.0,7762.0,18995.0,23815.0,6663.0,11737.0,13734.0,13384.0,34125.0,90902.0,48567.0,74514.0,91775.0
2025-10-21,15026.0,38707.0,51568.0,11351.0,12661.0,20901.0,47035.0,26830.0,12624.0,19916.0,62032.0,13251.0,105419.0,21067.0,50517.0,3176.0,26921.0,32513.0,10756.0,14872.0,24967.0,86168.0,7846.0,32729.0,76756.0,14124.0,15676.0,92398.0,6435.0,65219.0,19395.0,19250.0,4410.0,12727.0,17670.0,8200.0,3690.0,43109.0,14787.0,44588.0,15421.0,4570.0,34496.0,37397.0,21423.0,18211.0,96372.0,32303.0,21029.0,9777.0,20350.0,27461.0,8488.0,12644.0,15901.0,15146.0,41933.0,106794.0,57643.0,88088.0,85020.0
2025-10-22,15446.0,36580.0,49953.0,11034.0,13554.0,21060.0,55366.0,25564.0,12353.0,19833.0,61394.0,14808.0,106225.0,21384.0,48453.0,3274.0,26108.0,31005.0,10637.0,15246.0,24440.0,81390.0,7544.0,32804.0,79396.0,14315.0,16396.0,94517.0,6836.0,64823.0,19152.0,20263.0,5137.0,13072.0,17385.0,8383.0,3671.0,43058.0,16972.0,45745.0,16099.0,4849.0,39477.0,40341.0,22025.0,18892.0,100470.0,31221.0,21399.0,10143.0,21524.0,29356.0,8900.0,12396.0,15650.0,14447.0,39412.0,94038.0,53930.0,85727.0,81417.0
2025-10-23,17943.0,39490.0,51998.0,11275.0,14336.0,25980.0,49806.0,26193.0,12621.0,20666.0,66135.0,15527.0,113118.0,20347.0,52186.0,3183.0,25088.0,30502.0,11053.0,15847.0,24297.0,86099.0,8972.0,34446.0,83813.0,15044.0,16180.0,95975.0,6454.0,67468.0,20200.0,21578.0,4318.0,12986.0,16881.0,8313.0,3559.0,47427.0,17455.0,44470.0,15833.0,4143.0,41196.0,42923.0,22182.0,18018.0,96843.0,28842.0,22131.0,9786.0,23431.0,28854.0,8539.0,12954.0,16448.0,15759.0,40752.0,113279.0,55130.0,92864.0,84568.0
2025-10-24,18877.0,34909.0,50800.0,8547.0,11690.0,21940.0,46054.0,20806.0,9056.0,18357.0,40092.0,15684.0,88015.0,15707.0,33960.0,2921.0,25491.0,30171.0,7966.0,10425.0,19225.0,63329.0,7317.0,27788.0,76497.0,13530.0,12570.0,98105.0,6530.0,62599.0,19442.0,21294.0,4725.0,13666.0,18430.0,8729.0,3557.0,47023.0,17068.0,41589.0,15691.0,4975.0,48362.0,41535.0,21438.0,13645.0,81959.0,26836.0,15400.0,6460.0,21333.0,26212.0,5439.0,11268.0,12213.0,11705.0,35563.0,95069.0,46911.0,88941.0,85825.0
2025-10-27,14489.0,34120.0,49419.0,8337.0,11793.0,21580.0,44990.0,21524.0,10189.0,17876.0,49409.0,13305.0,86634.0,17073.0,40249.0,3131.0,28091.0,28523.0,8070.0,11739.0,20576.0,65880.0,7744.0,27680.0,74115.0,13721.0,13498.0,87184.0,5737.0,62181.0,19804.0,25075.0,4294.0,13025.0,16879.0,8168.0,3177.0,46016.0,16179.0,42094.0,15061.0,4705.0,41543.0,39194.0,19361.0,15507.0,87926.0,32447.0,17720.0,7099.0,20911.0,25516.0,6530.0,11345.0,12463.0,12984.0,32314.0,91211.0,50178.0,79388.0,84440.0
2025-10-28,18906.0,39084.0,53533.0,10409.0,13638.0,26494.0,47646.0,25691.0,12693.0,20469.0,64494.0,13470.0,104815.0,21714.0,50777.0,3690.0,30727.0,32047.0,9351.0,14099.0,22392.0,82099.0,9377.0,33887.0,65821.0,14725.0,15762.0,105738.0,6271.0,73918.0,20559.0,24913.0,4411.0,13716.0,18324.0,8293.0,3952.0,47660.0,18135.0,46966.0,16216.0,5189.0,45346.0,44725.0,21853.0,17518.0,98049.0,33963.0,20774.0,9265.0,23232.0,29617.0,8122.0,12199.0,14176.0,14978.0,36046.0,112004.0,55542.0,96282.0,89070.0
2025-10-29,19180.0,37905.0,56554.0,8344.0,15349.0,28376.0,49698.0,26229.0,9015.0,21762.0,65194.0,14560.0,109295.0,21600.0,52475.0,3222.0,28047.0,29870.0,9066.0,15412.0,18483.0,78423.0,9475.0,35232.0,85568.0,15379.0,17547.0,104523.0,5882.0,69546.0,22144.0,27120.0,4746.0,14363.0,17640.0,9296.0,3744.0,47986.0,20115.0,48449.0,15969.0,5040.0,48092.0,45105.0,22063.0,18206.0,103312.0,33498.0,21159.0,9132.0,25399.0,30014.0,8314.0,12521.0,16155.0,14502.0,36958.0,116904.0,56143.0,98124.0,91476.0
2025-10-30,19167.0,39674.0,58250.0,8734.0,15707.0,29270.0,50246.0,26688.0,9224.0,22085.0,69231.0,15146.0,112089.0,21973.0,51749.0,3350.0,30506.0,30511.0,9346.0,15181.0,11271.0,82902.0,9335.0,35563.0,90504.0,14594.0,17431.0,112914.0,5862.0,73339.0,21543.0,25292.0,3949.0,14971.0,19130.0,8841.0,3813.0,47888.0,19925.0,47636.0,16477.0,5206.0,49948.0,45635.0,23148.0,17343.0,98591.0,32303.0,22757.0,9293.0,25246.0,32045.0,8819.0,12752.0,16425.0,15514.0,37970.0,115163.0,58243.0,107398.0,90882.0
2025-10-31,18111.0,31800.0,53775.0,5671.0,13724.0,23233.0,45484.0,22159.0,6920.0,19318.0,41468.0,16794.0,87182.0,15328.0,33031.0,2408.0,25277.0,28888.0,6545.0,11135.0,13981.0,56771.0,7510.0,29161.0,78316.0,14355.0,13140.0,101171.0,5919.0,61286.0,19883.0,24242.0,4351.0,13472.0,19643.0,8973.0,3356.0,50597.0,17743.0,43444.0,17089.0,4759.0,52690.0,43349.0,20515.0,12821.0,89111.0,25149.0,15134.0,6173.0,23279.0,25261.0,5072.0,11879.0,12803.0,11300.0,37642.0,93547.0,47045.0,89048.0,88417.0
2025-11-03,14358.0,32950.0,43875.0,7984.0,11924.0,21141.0,40957.0,20906.0,8057.0,15952.0,50692.0,12390.0,85272.0,13796.0,43878.0,2394.0,20232.0,28377.0,7926.0,12293.0,14994.0,62474.0,6929.0,25233.0,67434.0,10664.0,13368.0,75747.0,4940.0,58656.0,17499.0,17526.0,3052.0,11381.0,14426.0,6341.0,3062.0,40514.0,12164.0,38368.0,13577.0,3969.0,30942.0,28915.0,19680.0,14613.0,79178.0,23945.0,17200.0,7656.0,17375.0,22141.0,6783.0,11138.0,12615.0,9417.0,30801.0,74018.0,46546.0,72946.0,73039.0
2025-11-04,17421.0,37772.0,50375.0,9808.0,13957.0,26930.0,47161.0,24870.0,9586.0,19137.0,68819.0,14552.0,109238.0,18301.0,53962.0,4169.0,22930.0,31158.0,9842.0,16184.0,17774.0,82370.0,8500.0,31351.0,76714.0,11379.0,16694.0,93331.0,4932.0,66833.0,18951.0,17817.0,3842.0,12723.0,16320.0,7312.0,3688.0,41160.0,12985.0,44721.0,15458.0,4516.0,34974.0,33054.0,22055.0,18594.0,91197.0,27924.0,20630.0,9770.0,20618.0,26188.0,8462.0,12482.0,16012.0,11786.0,36743.0,103748.0,59775.0,90499.0,84646.0
2025-11-05,18761.0,35914.0,53225.0,9314.0,14486.0,27065.0,57100.0,23976.0,9006.0,18881.0,69084.0,14884.0,103738.0,18251.0,52413.0,3838.0,23211.0,30824.0,9056.0,16726.0,17836.0,76532.0,8321.0,32590.0,78195.0,12695.0,17124.0,92279.0,5507.0,67123.0,19332.0,18150.0,6025.0,13392.0,16501.0,7970.0,3446.0,39355.0,13460.0,46420.0,15456.0,4778.0,36679.0,35613.0,22396.0,18914.0,93443.0,29328.0,20156.0,9679.0,21337.0,27678.0,8473.0,11971.0,15569.0,11714.0,36319.0,91250.0,54898.0,92941.0,81393.0
2025-11-06,19125.0,39167.0,51983.0,10031.0,15393.0,29301.0,49003.0,25585.0,9573.0,19261.0,72058.0,15285.0,114670.0,19780.0,55290.0,3806.0,24945.0,30990.0,9663.0,16274.0,19295.0,86412.0,8313.0,33058.0,85892.0,12140.0,17289.0,101285.0,5589.0,72291.0,19906.0,19372.0,3970.0,13505.0,17757.0,8185.0,3811.0,41850.0,14167.0,48721.0,15421.0,4759.0,39087.0,41456.0,24093.0,19094.0,94260.0,26839.0,21923.0,9403.0,23250.0,29907.0,9176.0,13048.0,16324.0,12334.0,39132.0,109316.0,59072.0,96495.0,83018.0
2025-11-07,18394.0,34761.0,50279.0,7608.0,12782.0,22833.0,45062.0,20088.0,6652.0,17598.0,41585.0,15356.0,88208.0,13943.0,35422.0,2731.0,23570.0,29644.0,7204.0,11058.0,14603.0,58080.0,6849.0,26038.0,76272.0,11899.0,12663.0,92717.0,6418.0,64401.0,19389.0,23286.0,2919.0,13672.0,17743.0,8647.0,3345.0,43913.0,15785.0,44355.0,15016.0,4722.0,46519.0,42066.0,22374.0,14299.0,86519.0,25619.0,15248.0,6435.0,21471.0,25344.0,5487.0,12475.0,12035.0,8762.0,35424.0,87149.0,47248.0,83832.0,80568.0
2025-11-10,15017.0,33553.0,45762.0,9004.0,11944.0,22331.0,42554.0,23340.0,10193.0,17433.0,51788.0,13141.0,87366.0,15611.0,44936.0,2581.0,22913.0,28919.0,9628.0,13150.0,19700.0,69170.0,7885.0,29777.0,70453.0,11679.0,14326.0,78611.0,5914.0,59957.0,18993.0,20977.0,3842.0,12347.0,16200.0,7412.0,3241.0,42476.0,14510.0,40363.0,14246.0,4278.0,34574.0,34057.0,19926.0,16538.0,84014.0,26651.0,18182.0,7797.0,20351.0,24492.0,7051.0,12114.0,13515.0,13502.0,32839.0,86230.0,50195.0,74816.0,77180.0
2025-11-11,19121.0,39332.0,53913.0,11148.0,13067.0,27785.0,45671.0,26752.0,14807.0,106399.0,2981.0,31537.0,,,,,,,10340.0,16041.0,85777.0,75890.0,16942.0,93524.0,,,,,5789.0,70321.0,13798.0,7586.0,3340.0,,,,,,15209.0,46964.0,15926.0,4871.0,37351.0,36119.0,22381.0,18341.0,93122.0,29649.0,20949.0,9743.0,22741.0,28243.0,8533.0,13032.0,16088.0,15588.0,37070.0,105202.0,59170.0,93079.0,85221.0
2025-11-12,19157.0,37355.0,53883.0,10956.0,14293.0,27265.0,47190.0,25654.0,12040.0,18600.0,67834.0,18309.0,56104.0,22540.0,,,,,21821.0,8937.0,34027.0,13091.0,,,,,,,5499.0,19314.0,19193.0,4214.0,17544.0,3786.0,39938.0,,,,17257.0,15729.0,4896.0,39664.0,37891.0,29098.0,,,,,,,,,,,,,,,59880.0,93129.0,85513.0
2025-11-13,21074.0,42516.0,57101.0,11946.0,15744.0,31248.0,53303.0,26775.0,13506.0,20294.0,72905.0,15722.0,120428.0,20292.0,58495.0,3185.0,25002.0,30635.0,11207.0,17391.0,24532.0,94442.0,10048.0,36550.0,84778.0,13940.0,17838.0,103609.0,73354.0,20310.0,20704.0,4735.0,15267.0,18840.0,8285.0,44084.0,,,19086.0,49788.0,16659.0,24216.0,18691.0,102248.0,,,,,22520.0,10427.0,26394.0,31239.0,8895.0,13529.0,16992.0,16699.0,39275.0,116285.0,58906.0,100996.0,85725.0
2025-11-14,20496.0,34423.0,49498.0,8458.0,10829.0,21232.0,48105.0,20884.0,8710.0,17793.0,42297.0,16769.0,93552.0,14008.0,38171.0,2580.0,21912.0,28559.0,8221.0,11603.0,18745.0,62728.0,7670.0,28968.0,74191.0,14235.0,12988.0,92570.0,6492.0,66026.0,20540.0,25062.0,4351.0,18693.0,16979.0,8937.0,3431.0,48860.0,45652.0,8312.0,45519.0,41993.0,22699.0,13865.0,93572.0,23611.0,,,15516.0,6572.0,23249.0,26573.0,5628.0,12285.0,12736.0,12082.0,36205.0,94172.0,48155.0,88293.0,83581.0
2025-11-17,3.0,34130.0,47829.0,8846.0,11749.0,24727.0,42527.0,22770.0,9953.0,16693.0,52352.0,13597.0,89169.0,14967.0,44408.0,2759.0,21496.0,28668.0,8877.0,12914.0,20624.0,70225.0,8069.0,28294.0,70861.0,13249.0,13561.0,81292.0,5568.0,62953.0,18363.0,21367.0,3773.0,16621.0,16746.0,7510.0,3251.0,38435.0,15087.0,41316.0,14397.0,7471.0,35027.0,33487.0,22655.0,15387.0,85242.0,27381.0,17339.0,7591.0,20324.0,24480.0,6693.0,11690.0,13538.0,13790.0,32551.0,88731.0,52231.0,77419.0,80270.0
2025-11-18,38257.0,52603.0,11351.0,14121.0,29810.0,47667.0,25258.0,,12436.0,19566.0,69360.0,14713.0,106721.0,18555.0,57060.0,3169.0,22459.0,30742.0,10477.0,16401.0,23480.0,86747.0,10404.0,35056.0,76801.0,14050.0,16969.0,95634.0,5572.0,71319.0,19183.0,20685.0,4361.0,14264.0,17655.0,7762.0,3775.0,41363.0,14438.0,47005.0,15565.0,5151.0,40276.0,38158.0,24464.0,18573.0,96126.0,29523.0,20663.0,9874.0,24412.0,28630.0,8583.0,13519.0,16101.0,16218.0,37000.0,108018.0,60015.0,92093.0,84124.0
2025-11-19,63.0,35948.0,56099.0,10813.0,14702.0,31599.0,50036.0,26238.0,12158.0,19425.0,69987.0,15317.0,111224.0,18331.0,55142.0,2843.0,22161.0,30125.0,10707.0,17048.0,22008.0,83758.0,9532.0,35467.0,82260.0,13505.0,17327.0,97238.0,6099.0,69993.0,19893.0,21992.0,4156.0,18120.0,17660.0,8234.0,3667.0,42503.0,16661.0,50243.0,16664.0,8005.0,40131.0,39145.0,25480.0,18568.0,99961.0,28627.0,21527.0,9997.0,24673.0,28022.0,8522.0,14054.0,16300.0,15628.0,38470.0,108561.0,57851.0,93138.0,82590.0
2025-11-20,3.0,40182.0,57684.0,11399.0,15536.0,33849.0,52214.0,27978.0,12520.0,21000.0,77418.0,16065.0,121701.0,21147.0,59392.0,3371.0,24646.0,30826.0,10801.0,17965.0,22808.0,92540.0,10086.0,36665.0,93214.0,14158.0,17976.0,109002.0,6347.0,74966.0,20585.0,22870.0,4227.0,18955.0,18977.0,8833.0,4000.0,43106.0,18463.0,50991.0,17368.0,8357.0,45476.0,43240.0,26927.0,18938.0,108318.0,28991.0,22555.0,10557.0,26807.0,31196.0,9117.0,13980.0,16926.0,16505.0,40171.0,115201.0,59594.0,100755.0,85323.0
2025-11-21,14893.0,34939.0,51927.0,8656.0,13333.0,24879.0,49484.0,22508.0,8805.0,18928.0,43468.0,16248.0,94203.0,15357.0,37097.0,2837.0,24520.0,29484.0,8307.0,11711.0,19325.0,63265.0,7902.0,29754.0,87915.0,14564.0,13456.0,100736.0,6825.0,72889.0,20358.0,28418.0,4796.0,22229.0,20713.0,9436.0,3307.0,44783.0,19260.0,49734.0,17121.0,11522.0,56185.0,48279.0,25897.0,14357.0,97728.0,27974.0,15395.0,6646.0,25714.0,29559.0,5657.0,12350.0,13054.0,12198.0,37400.0,96912.0,50709.0,93987.0,87628.0
2025-11-24,15249.0,34162.0,48003.0,8953.0,12184.0,22838.0,51947.0,23202.0,10355.0,17639.0,54318.0,13953.0,92788.0,14653.0,44705.0,2601.0,21415.0,27351.0,9209.0,13486.0,19504.0,66330.0,8243.0,30815.0,75441.0,13721.0,14513.0,82658.0,4782.0,63137.0,18578.0,24148.0,4955.0,14058.0,17532.0,9074.0,3226.0,41154.0,16566.0,44597.0,14641.0,5073.0,37963.0,36275.0,22011.0,14701.0,84600.0,28468.0,16415.0,7507.0,21305.0,24359.0,6709.0,12280.0,14115.0,12889.0,33859.0,90224.0,52928.0,80532.0,81261.0
2025-11-25,18525.0,40436.0,53986.0,11772.0,14691.0,28846.0,51740.0,26917.0,12614.0,20276.0,70450.0,15326.0,111445.0,20217.0,56538.0,3118.0,25714.0,31152.0,10277.0,16948.0,25041.0,84239.0,10635.0,34541.0,72031.0,15000.0,17269.0,103797.0,6462.0,80952.0,20258.0,23558.0,4302.0,15893.0,19017.0,8613.0,3868.0,43099.0,18477.0,39865.0,16529.0,6997.0,43407.0,46012.0,26694.0,20614.0,100572.0,33990.0,22157.0,10304.0,25099.0,31558.0,8958.0,11445.0,16251.0,16408.0,33031.0,111997.0,61498.0,99228.0,86933.0
2025-11-26,22498.0,38886.0,59689.0,11019.0,15705.0,29795.0,54211.0,27014.0,12400.0,20560.0,70409.0,15661.0,112670.0,19692.0,57623.0,3078.0,25376.0,31015.0,10422.0,18176.0,22288.0,86849.0,9847.0,36113.0,89865.0,14056.0,17902.0,109152.0,6700.0,79305.0,20797.0,23626.0,4880.0,15803.0,18930.0,9298.0,3841.0,43368.0,18562.0,56015.0,17739.0,10326.0,47198.0,43820.0,28639.0,20604.0,106309.0,31649.0,21840.0,9899.0,28533.0,34042.0,9221.0,14032.0,16075.0,16975.0,40625.0,113830.0,57926.0,99804.0,87152.0
2025-11-27,20691.0,38506.0,60606.0,11294.0,11914.0,30670.0,54715.0,27487.0,12670.0,21306.0,73876.0,16157.0,122285.0,21061.0,57724.0,3429.0,26452.0,30873.0,10492.0,17987.0,23097.0,90617.0,10381.0,38102.0,92868.0,14619.0,18574.0,114299.0,6856.0,83544.0,21664.0,26731.0,4494.0,20945.0,20106.0,9666.0,3874.0,44566.0,20645.0,55633.0,17891.0,9842.0,47211.0,47335.0,28793.0,19594.0,107538.0,30129.0,22610.0,10242.0,27249.0,33938.0,9451.0,14435.0,16318.0,16698.0,40911.0,117819.0,57250.0,101554.0,89475.0
2025-11-28,19046.0,37327.0,58862.0,8816.0,14411.0,25567.0,51266.0,22977.0,9160.0,19757.0,44360.0,17173.0,100653.0,15858.0,37197.0,2661.0,27243.0,30283.0,8270.0,12518.0,18767.0,65144.0,8589.0,35200.0,102939.0,15902.0,14476.0,118311.0,7151.0,90084.0,21812.0,33867.0,5158.0,25778.0,22220.0,10552.0,3499.0,48351.0,13101.0,57489.0,18094.0,14100.0,68063.0,57011.0,29839.0,15892.0,98542.0,31749.0,16693.0,6568.0,28442.0,34191.0,5717.0,13120.0,13646.0,12737.0,39857.0,102224.0,50903.0,100082.0,102455.0
2025-12-01,16358.0,34009.0,48458.0,9193.0,12628.0,22837.0,44340.0,23210.0,10305.0,17732.0,53379.0,13812.0,89854.0,14851.0,46374.0,2771.0,23515.0,28848.0,9302.0,13690.0,18801.0,70693.0,8263.0,31007.0,78770.0,13950.0,14529.0,87201.0,6363.0,68650.0,20181.0,26778.0,4486.0,18584.0,17352.0,8382.0,3282.0,41940.0,9929.0,46290.0,15724.0,8218.0,43883.0,38090.0,23984.0,16303.0,83142.0,27568.0,18860.0,7986.0,22217.0,25286.0,6950.0,12947.0,14550.0,13958.0,33475.0,92734.0,51903.0,83119.0,82912.0
2025-12-02,20557.0,39348.0,55256.0,11076.0,14482.0,29122.0,50245.0,26760.0,12943.0,20029.0,71691.0,15127.0,111549.0,19675.0,57687.0,3324.0,25643.0,31084.0,10750.0,17941.0,23368.0,85242.0,10011.0,35761.0,88000.0,15202.0,18143.0,101936.0,6234.0,76038.0,20619.0,24655.0,4334.0,19998.0,18902.0,8313.0,3727.0,42004.0,19339.0,51943.0,17424.0,9218.0,43206.0,43131.0,26695.0,18989.0,106312.0,30705.0,21216.0,10614.0,24901.0,30190.0,9242.0,14029.0,16329.0,16320.0,38555.0,113075.0,61575.0,99149.0,86716.0
2025-12-03,21494.0,38410.0,58294.0,10767.0,14737.0,29800.0,52270.0,26231.0,12849.0,19859.0,69808.0,16319.0,116875.0,20005.0,58338.0,3120.0,25439.0,31303.0,10265.0,17125.0,22685.0,87728.0,9560.0,36948.0,90144.0,15041.0,18970.0,107699.0,6787.0,79009.0,20412.0,26989.0,4524.0,21441.0,19706.0,9054.0,3969.0,42547.0,20413.0,56684.0,17488.0,10536.0,47202.0,46498.0,27692.0,20069.0,108989.0,32716.0,21486.0,10897.0,26831.0,32562.0,9602.0,14596.0,16662.0,15363.0,41309.0,117399.0,63434.0,104711.0,88928.0
2025-12-04,22737.0,40845.0,64389.0,11570.0,17137.0,34119.0,56148.0,27474.0,13619.0,21655.0,78607.0,17012.0,119366.0,21461.0,63929.0,3396.0,28250.0,30765.0,11013.0,19740.0,23641.0,94122.0,10877.0,41728.0,98074.0,16620.0,20901.0,116334.0,7080.0,80089.0,21985.0,28889.0,4712.0,22352.0,20596.0,9900.0,4097.0,48018.0,23656.0,57079.0,18556.0,11250.0,51755.0,50517.0,28552.0,19998.0,114892.0,31090.0,25522.0,11369.0,30617.0,34504.0,9642.0,15016.0,18335.0,17646.0,42622.0,127120.0,62550.0,112173.0,88599.0
2025-12-05,20788.0,36911.0,60736.0,8914.0,14097.0,25907.0,52181.0,22062.0,9897.0,20038.0,48560.0,17700.0,105734.0,16404.0,38409.0,3078.0,27621.0,30254.0,8555.0,13232.0,18765.0,68777.0,8585.0,34682.0,96544.0,16438.0,15371.0,111071.0,7561.0,81109.0,22164.0,33684.0,5612.0,25473.0,22461.0,10111.0,3594.0,48336.0,26060.0,58567.0,18438.0,14359.0,65154.0,49393.0,29028.0,15872.0,100169.0,30530.0,16794.0,7464.0,29138.0,32722.0,5686.0,13347.0,13757.0,13498.0,40599.0,109263.0,52624.0,105048.0,91586.0
2025-12-08,18472.0,33738.0,49282.0,9130.0,12287.0,23755.0,46044.0,22994.0,10400.0,19015.0,54833.0,13948.0,91992.0,16796.0,47259.0,2717.0,25867.0,28807.0,9079.0,14215.0,18963.0,69387.0,8315.0,30453.0,81083.0,14799.0,15530.0,88727.0,6677.0,72743.0,19920.0,28806.0,4017.0,19965.0,19625.0,8483.0,3220.0,43149.0,20070.0,48911.0,17024.0,10059.0,42421.0,42436.0,24778.0,17835.0,88990.0,31039.0,19540.0,8244.0,23084.0,28692.0,7920.0,12750.0,14414.0,14007.0,33273.0,96889.0,52652.0,89990.0,82782.0
2025-12-09,21333.0,38360.0,57349.0,10761.0,14555.0,29280.0,50203.0,27179.0,12447.0,20117.0,73615.0,15600.0,116019.0,19841.0,56354.0,3036.0,26266.0,31552.0,9882.0,18182.0,23290.0,89299.0,9997.0,37081.0,90639.0,15357.0,18954.0,105114.0,6696.0,77613.0,20531.0,25655.0,4378.0,19302.0,19772.0,8777.0,3765.0,44387.0,20295.0,54104.0,17320.0,9171.0,44559.0,44703.0,27259.0,19426.0,98478.0,30938.0,22136.0,10574.0,25797.0,30756.0,9365.0,14174.0,16816.0,15771.0,40688.0,115080.0,61732.0,102779.0,87687.0
2025-12-10,20051.0,36896.0,58626.0,10788.0,15000.0,30250.0,56979.0,25819.0,12376.0,20448.0,75343.0,16809.0,122111.0,19936.0,55805.0,3353.0,26080.0,30745.0,9890.0,17962.0,21974.0,87748.0,9582.0,36858.0,95184.0,14972.0,18460.0,109269.0,7125.0,81369.0,20688.0,25827.0,5538.0,21762.0,19974.0,9020.0,3912.0,43116.0,21115.0,57205.0,17775.0,10582.0,49406.0,47350.0,29404.0,19387.0,106725.0,32004.0,21491.0,11925.0,26211.0,34614.0,9070.0,13888.0,16308.0,14964.0,40787.0,119709.0,60486.0,109394.0,93112.0
2025-12-11,22021.0,38975.0,61102.0,11408.0,15591.0,32698.0,54629.0,26932.0,12798.0,20995.0,76488.0,16588.0,127030.0,20694.0,58129.0,3330.0,27267.0,31271.0,10452.0,17886.0,22555.0,94245.0,9985.0,38711.0,98833.0,15352.0,18975.0,114872.0,6788.0,83547.0,21545.0,26501.0,5003.0,21698.0,20714.0,9503.0,3708.0,42902.0,22925.0,57725.0,18329.0,10834.0,51471.0,49165.0,29291.0,18172.0,112647.0,29487.0,23721.0,10913.0,31077.0,35850.0,9708.0,14354.0,17778.0,15997.0,42557.0,126449.0,61996.0,113408.0,90993.0
2025-12-12,19984.0,34136.0,58912.0,8870.0,14026.0,25454.0,50289.0,21888.0,9243.0,18649.0,47962.0,17310.0,106648.0,15694.0,37687.0,2884.0,26781.0,29496.0,7818.0,12808.0,17940.0,66468.0,8056.0,32455.0,95284.0,15402.0,14944.0,111188.0,7323.0,81907.0,21002.0,30336.0,5385.0,24319.0,21553.0,10086.0,3440.0,43853.0,24724.0,56382.0,17008.0,13733.0,60724.0,54007.0,28387.0,13739.0,100944.0,26823.0,16007.0,6893.0,30702.0,32627.0,6191.0,12934.0,13637.0,12321.0,39534.0,104535.0,51401.0,103245.0,89869.0
2025-12-15,14568.0,29328.0,46625.0,8106.0,11692.0,21618.0,42116.0,19907.0,9472.0,16557.0,51367.0,13682.0,86786.0,14838.0,41307.0,2372.0,23503.0,27982.0,8011.0,12890.0,14484.0,63698.0,6906.0,26124.0,81260.0,12154.0,13564.0,88165.0,6114.0,72320.0,16820.0,26264.0,3890.0,19776.0,17559.0,7589.0,2762.0,37772.0,19408.0,48339.0,15716.0,10545.0,42535.0,39723.0,25131.0,15065.0,86804.0,28271.0,16843.0,7474.0,22449.0,27083.0,6547.0,11414.0,13180.0,10136.0,32377.0,89018.0,48829.0,81914.0,79066.0
2025-12-16,17614.0,32767.0,50919.0,9748.0,14326.0,25590.0,45615.0,23422.0,11295.0,18754.0,68548.0,14971.0,106984.0,18161.0,49858.0,2735.0,24888.0,29875.0,8851.0,16219.0,16968.0,79019.0,7962.0,31258.0,91913.0,12127.0,16612.0,100985.0,5663.0,75856.0,16655.0,24455.0,3841.0,19143.0,17970.0,7604.0,3163.0,37812.0,20100.0,52316.0,16791.0,9290.0,46590.0,43931.0,26315.0,17867.0,97837.0,28346.0,19899.0,9625.0,26671.0,30695.0,8389.0,13072.0,15708.0,11782.0,36593.0,106907.0,55683.0,95126.0,82676.0
2025-12-17,18788.0,31904.0,50957.0,8495.0,14205.0,25868.0,45067.0,22661.0,9278.0,18001.0,66119.0,15990.0,106359.0,17390.0,49379.0,2686.0,23230.0,29276.0,8104.0,15219.0,15230.0,76908.0,7595.0,30949.0,92153.0,11517.0,16045.0,104348.0,5331.0,78043.0,16563.0,23808.0,3949.0,19225.0,18053.0,8080.0,3203.0,36420.0,20247.0,52853.0,15919.0,9888.0,48036.0,44239.0,26198.0,17426.0,98605.0,28588.0,18621.0,9298.0,27490.0,31527.0,7644.0,12648.0,15037.0,10779.0,37266.0,108474.0,54859.0,98762.0,84059.0
2025-12-18,18503.0,31349.0,51517.0,9546.0,15052.0,27515.0,45560.0,22127.0,10870.0,18094.0,64222.0,15097.0,108534.0,17823.0,47372.0,2540.0,22783.0,27057.0,9012.0,15795.0,15196.0,76988.0,8284.0,31599.0,90051.0,12448.0,15915.0,101808.0,5888.0,74630.0,16285.0,26823.0,4064.0,17346.0,16502.0,8015.0,3209.0,41233.0,22982.0,51056.0,16160.0,8837.0,49908.0,46384.0,24960.0,16426.0,100771.0,23689.0,19694.0,9140.0,27964.0,30015.0,7526.0,12830.0,15406.0,11311.0,36652.0,110769.0,50607.0,99487.0,81974.0
2025-12-19,13798.0,28974.0,49115.0,6936.0,12079.0,21550.0,41490.0,17992.0,7723.0,16450.0,39847.0,15886.0,90630.0,13240.0,30400.0,2480.0,24365.0,27556.0,6612.0,10629.0,12356.0,55490.0,6009.0,25583.0,88842.0,11158.0,12886.0,104162.0,6228.0,80315.0,16006.0,28734.0,4087.0,22745.0,18056.0,8576.0,2748.0,36136.0,23146.0,52938.0,15948.0,13323.0,60361.0,52032.0,26103.0,11671.0,92042.0,25822.0,13676.0,6004.0,26464.0,29780.0,5153.0,10412.0,11107.0,8250.0,35069.0,93857.0,45722.0,95844.0,88344.0
2025-12-22,8681.0,26355.0,40703.0,6131.0,11384.0,15582.0,37513.0,15208.0,7426.0,15016.0,35419.0,13972.0,24823.0,2065.0,27243.0,23616.0,,,5483.0,8290.0,10641.0,42621.0,5257.0,97912.0,10925.0,11656.0,,,6285.0,85828.0,15009.0,2636.0,37646.0,,,,,,24701.0,50510.0,14913.0,16309.0,60211.0,46075.0,23009.0,11742.0,81806.0,28213.0,13039.0,4882.0,27731.0,30549.0,4406.0,8101.0,9691.0,5977.0,27083.0,79770.0,36601.0,81902.0,82101.0
2025-12-23,12583.0,23408.0,37234.0,5230.0,10492.0,13433.0,34363.0,13771.0,6225.0,13321.0,29258.0,11293.0,64352.0,11872.0,20908.0,1811.0,24008.0,22510.0,4998.0,6693.0,9543.0,38529.0,4337.0,20544.0,87343.0,9185.0,10475.0,90770.0,5831.0,75174.0,13841.0,32240.0,3136.0,23826.0,14940.0,7387.0,2156.0,35996.0,23669.0,41860.0,13708.0,14174.0,57068.0,46922.0,20989.0,9405.0,77874.0,24403.0,10828.0,4204.0,25814.0,26344.0,3853.0,7590.0,8344.0,5243.0,25201.0,72470.0,35676.0,76919.0,80821.0
